id,fen,solution_ucis,category,sub_level,difficulty,title,theme,prompt,rating,rating_label,tags,explanation,active,source,lichess_id,nb_plays,popularity,opening_tags
lc_RfuzQ,2r3k1/5ppp/q3p3/8/1b1P4/4PN1P/Q4PP1/R1N3K1 b - - 0 28,"{""c8c1"",""a1c1"",""a6a2""}",knight,1,beginner,Knight 1 · Deflection,deflection,Black to move.,1027,Casual,"{""advantage"",""deflection"",""middlegame"",""short""}",A deflection — lure a defending piece away from the square it was guarding.,true,lichess,RfuzQ,15766,90,{}
lc_dxkZ9,r3k1r1/pp3p1p/2pp2q1/2b1n3/4PR2/1BPP3P/PP5P/R1B2Q1K b q - 0 18,"{""g6g1"",""f1g1"",""g8g1""}",knight,1,beginner,Knight 1 · Mate In2,mateIn2,Black to move.,1038,Casual,"{""kingsideAttack"",""mate"",""mateIn2"",""middlegame"",""operaMate"",""short""}",Checkmate in two — a forced sequence that delivers checkmate on move two.,true,lichess,dxkZ9,14591,96,"{""Kings_Gambit_Accepted"",""Kings_Gambit_Accepted_Muzio_Gambit""}"
lc_SBM6z,4r1k1/4B1p1/p5N1/1b1pP2P/1bnP2Q1/8/5RK1/8 b - - 4 42,"{""c4e3"",""g2f3"",""e3g4"",""e7b4"",""g4f2""}",knight,1,beginner,Knight 1 · Fork,fork,Black to move.,1040,Casual,"{""advantage"",""fork"",""long"",""master"",""middlegame""}","A fork — one piece attacks two enemy pieces at once, forcing a material win.",true,lichess,SBM6z,16165,97,{}
lc_MhSgK,r4r1k/p6p/2pR1pqp/1p2N3/1P2P1b1/PQ4N1/5KPP/R7 b - - 0 23,"{""f6e5"",""f2g1"",""g6d6""}",knight,1,beginner,Knight 1 · Discovered Attack,discoveredAttack,Black to move.,1041,Casual,"{""crushing"",""discoveredAttack"",""discoveredCheck"",""hangingPiece"",""middlegame"",""short""}",A discovered attack — moving one piece uncovers a deadly attack from another.,true,lichess,MhSgK,11268,96,{}
lc_Lk3a9,1r4k1/1p1q1p2/p2p2P1/2pP3p/2Pb4/4r2P/PPQ1B1P1/R4R1K b - - 0 25,"{""e3h3"",""g2h3"",""d7h3""}",knight,1,beginner,Knight 1 · Mate In2,mateIn2,Black to move.,1044,Casual,"{""kingsideAttack"",""mate"",""mateIn2"",""middlegame"",""sacrifice"",""short""}",Checkmate in two — a forced sequence that delivers checkmate on move two.,true,lichess,Lk3a9,12431,95,{}
lc_ndZzB,r1bk1bnr/1p1p2pp/p2P1p2/5P2/4N2B/8/PqP3PP/R2QKB1R b KQ - 1 16,"{""b2b4"",""e1f2"",""b4e4""}",knight,1,beginner,Knight 1 · Fork,fork,Black to move.,1046,Casual,"{""advantage"",""fork"",""opening"",""short""}","A fork — one piece attacks two enemy pieces at once, forcing a material win.",true,lichess,ndZzB,13441,96,"{""Four_Knights_Game"",""Four_Knights_Game_Halloween_Gambit""}"
lc_W3bdm,8/5p2/5k1P/8/K4P2/1p6/4n3/1B6 b - - 0 44,"{""e2c3"",""a4b3"",""c3b1"",""b3b2"",""b1d2"",""h6h7"",""f6g7"",""h7h8q"",""g7h8""}",knight,1,beginner,Knight 1 · Fork,fork,Black to move.,1047,Casual,"{""crushing"",""endgame"",""fork"",""master"",""quietMove"",""veryLong""}","A fork — one piece attacks two enemy pieces at once, forcing a material win.",true,lichess,W3bdm,15934,96,{}
lc_l2f5u,6k1/1p4bp/3p4/1N1Pp3/1R2Pr2/5P2/4KP2/2Q3Rq b - - 0 33,"{""h1f3"",""e2e1"",""f3f2"",""e1d1"",""f2g1""}",knight,1,beginner,Knight 1 · Fork,fork,Black to move.,1049,Casual,"{""attackingF2F7"",""crushing"",""fork"",""long"",""middlegame""}","A fork — one piece attacks two enemy pieces at once, forcing a material win.",true,lichess,l2f5u,17714,97,{}
lc_leSjk,r1bqk2r/pp3ppp/2np1n2/1B6/8/4P3/PPP2PPP/R1BQK1NR b KQkq - 2 8,"{""d8a5"",""c1d2"",""a5b5""}",knight,1,beginner,Knight 1 · Fork,fork,Black to move.,1049,Casual,"{""advantage"",""fork"",""opening"",""short""}","A fork — one piece attacks two enemy pieces at once, forcing a material win.",true,lichess,leSjk,14760,95,"{""Englund_Gambit"",""Englund_Gambit_Other_variations""}"
lc_iZZSL,r2q1rk1/2p1bppp/p2p1n2/1p1N4/4PPb1/1P4N1/1PPB2PP/R2Q1RK1 w - - 1 16,"{""d5f6"",""e7f6"",""d1g4""}",knight,1,beginner,Knight 1 · Crushing,crushing,White to move.,1052,Casual,"{""crushing"",""kingsideAttack"",""middlegame"",""short""}",Find the strongest continuation and seize the advantage.,true,lichess,iZZSL,14075,95,"{""Ruy_Lopez"",""Ruy_Lopez_Steinitz_Defense""}"
lc_ITYZx,1q6/pb1Q2b1/1p4k1/1Pp1p2p/2P1p1n1/6N1/P5PP/2K2B2 w - - 0 34,"{""d7f5"",""g6h6"",""f5h5""}",knight,1,beginner,Knight 1 · Mate In2,mateIn2,White to move.,1055,Casual,"{""mate"",""mateIn2"",""middlegame"",""short""}",Checkmate in two — a forced sequence that delivers checkmate on move two.,true,lichess,ITYZx,14957,96,{}
lc_tbzaD,8/5ppp/4p3/p2n4/P1k2P2/1r2P1P1/2K4P/R2N4 w - - 17 39,"{""d1b2"",""c4b4"",""b2d3"",""b3d3"",""c2d3""}",knight,1,beginner,Knight 1 · Endgame,endgame,White to move.,1056,Casual,"{""crushing"",""endgame"",""long""}",An endgame technique — precise play with few pieces where every tempo counts.,true,lichess,tbzaD,20234,96,{}
lc_NKv2U,r6r/pp1k1p2/4pRp1/2p1p3/2BbP3/2NP2P1/PPP3PN/R6K b - - 0 19,"{""h8h2"",""h1h2"",""a8h8""}",knight,1,beginner,Knight 1 · Mate In2,mateIn2,Black to move.,1056,Casual,"{""attraction"",""kingsideAttack"",""mate"",""mateIn2"",""middlegame"",""pillsburysMate"",""sacrifice"",""short""}",Checkmate in two — a forced sequence that delivers checkmate on move two.,true,lichess,NKv2U,11694,98,"{""Sicilian_Defense"",""Sicilian_Defense_Bowdler_Attack""}"
lc_zXiac,r1bR1Bk1/p4p1p/1pp3p1/8/1P6/P5PP/4rP2/R5K1 w - - 0 25,"{""f8h6"",""e2e8"",""d8e8""}",knight,1,beginner,Knight 1 · Mate In2,mateIn2,White to move.,1058,Casual,"{""discoveredAttack"",""discoveredCheck"",""endgame"",""mate"",""mateIn2"",""pillsburysMate"",""short""}",Checkmate in two — a forced sequence that delivers checkmate on move two.,true,lichess,zXiac,12134,96,{}
lc_cgozN,7k/2r5/p4pp1/4pN2/P3P1K1/6P1/Q2R4/5r1q w - - 0 42,"{""d2d8"",""h8h7"",""a2g8""}",knight,1,beginner,Knight 1 · Mate In2,mateIn2,White to move.,1059,Casual,"{""endgame"",""mate"",""mateIn2"",""short""}",Checkmate in two — a forced sequence that delivers checkmate on move two.,true,lichess,cgozN,15691,100,{}
lc_TzW1b,r2q1rk1/2pb1ppp/3b1n2/pp1pp1BN/4P3/1P1P4/1PPN1PPP/R2KQ2R b - - 1 14,"{""d7g4"",""f2f3"",""g4h5""}",knight,1,beginner,Knight 1 · Fork,fork,Black to move.,1061,Casual,"{""advantage"",""fork"",""opening"",""short""}","A fork — one piece attacks two enemy pieces at once, forcing a material win.",true,lichess,TzW1b,15786,95,"{""Kings_Pawn_Game"",""Kings_Pawn_Game_Other_variations""}"
lc_xGuhg,3r1rk1/p1p2ppp/2p5/8/6Pb/1PP2P2/PBP1K1R1/3R4 b - - 2 18,"{""f8e8"",""e2f1"",""d8d1""}",knight,1,beginner,Knight 1 · Mate In2,mateIn2,Black to move.,1061,Casual,"{""deflection"",""endgame"",""mate"",""mateIn2"",""pillsburysMate"",""short""}",Checkmate in two — a forced sequence that delivers checkmate on move two.,true,lichess,xGuhg,13350,96,"{""Four_Knights_Game"",""Four_Knights_Game_Other_variations""}"
lc_aExb2,r1k5/1pp1q1p1/p2pP1Q1/8/3b3r/8/PPP3PP/R1B1R2K b - - 8 23,"{""h4h2"",""h1h2"",""e7h4""}",knight,1,beginner,Knight 1 · Mate In2,mateIn2,Black to move.,1062,Casual,"{""attraction"",""kingsideAttack"",""mate"",""mateIn2"",""middlegame"",""sacrifice"",""short""}",Checkmate in two — a forced sequence that delivers checkmate on move two.,true,lichess,aExb2,12241,96,{}
lc_rsvQr,r2qk2r/ppp2ppp/2n1p3/3p4/1bPPnP2/2NBPP2/PP1B3P/R2QK2R b KQkq - 0 9,"{""d8h4"",""e1f1"",""h4f2""}",knight,1,beginner,Knight 1 · Mate In2,mateIn2,Black to move.,1063,Casual,"{""mate"",""mateIn2"",""opening"",""short""}",Checkmate in two — a forced sequence that delivers checkmate on move two.,true,lichess,rsvQr,21147,96,"{""Queens_Pawn_Game"",""Queens_Pawn_Game_Mason_Attack""}"
lc_3maKd,5rk1/p5pp/3Q4/3p1q2/4p3/2P1P3/PP1B2PP/R5K1 b - - 2 22,"{""f5f2"",""g1h1"",""f2f1"",""a1f1"",""f8f1""}",knight,1,beginner,Knight 1 · Mate In3,mateIn3,Black to move.,1065,Casual,"{""backRankMate"",""endgame"",""fork"",""long"",""mate"",""mateIn3"",""sacrifice""}",Checkmate in three — calculate the forcing line all the way to mate.,true,lichess,3maKd,12426,96,{}
lc_0uW7P,r3k1r1/1pp2p2/p1np4/3B3p/3NPp1q/2PP3R/P1P4K/R2Q4 b q - 0 20,"{""h4f2"",""h2h1"",""f2g2""}",knight,1,beginner,Knight 1 · Mate In2,mateIn2,Black to move.,1066,Casual,"{""mate"",""mateIn2"",""middlegame"",""short""}",Checkmate in two — a forced sequence that delivers checkmate on move two.,true,lichess,0uW7P,17507,95,{}
lc_SZbX5,4r1k1/8/5BP1/4pN2/4P3/3r4/1p3PK1/8 w - - 0 42,"{""f5h6"",""g8f8"",""g6g7""}",knight,1,beginner,Knight 1 · Mate In2,mateIn2,White to move.,1067,Casual,"{""advancedPawn"",""endgame"",""mate"",""mateIn2"",""short""}",Checkmate in two — a forced sequence that delivers checkmate on move two.,true,lichess,SZbX5,14861,96,{}
lc_Nra8N,8/R4pkp/6p1/3B4/1p4P1/1P2P2P/2q2P2/6K1 b - - 4 39,"{""c2d1"",""g1h2"",""d1d5""}",knight,2,beginner,Knight 2 · Fork,fork,Black to move.,1069,Casual,"{""crushing"",""endgame"",""fork"",""short""}","A fork — one piece attacks two enemy pieces at once, forcing a material win.",true,lichess,Nra8N,11247,97,{}
lc_l5Dv5,5r2/p4p1k/1qr2Bp1/1p1p2Pb/4P3/1B6/PPP4R/2K4R w - - 0 24,"{""h2h5"",""g6h5"",""h1h5"",""h7g6"",""h5h6""}",knight,2,beginner,Knight 2 · Mate In3,mateIn3,White to move.,1070,Casual,"{""long"",""mate"",""mateIn3"",""middlegame"",""pillsburysMate""}",Checkmate in three — calculate the forcing line all the way to mate.,true,lichess,l5Dv5,12690,97,{}
lc_eHwP6,r2k3r/7p/p1bP1n2/2pq4/5B2/5P2/PP2Q1PP/R5K1 w - - 0 24,"{""e2e7"",""d8c8"",""e7c7""}",knight,2,beginner,Knight 2 · Mate In2,mateIn2,White to move.,1070,Casual,"{""fork"",""mate"",""mateIn2"",""middlegame"",""short""}",Checkmate in two — a forced sequence that delivers checkmate on move two.,true,lichess,eHwP6,11394,97,{}
lc_Zm7Ng,6rk/7p/1p1pN2P/3P1P2/p1Q1P3/Pn4q1/1PB5/1K5R b - - 0 35,"{""b3d2"",""b1a2"",""d2c4""}",knight,2,beginner,Knight 2 · Fork,fork,Black to move.,1071,Casual,"{""crushing"",""fork"",""middlegame"",""short""}","A fork — one piece attacks two enemy pieces at once, forcing a material win.",true,lichess,Zm7Ng,15466,100,{}
lc_8TW1H,4Q3/p5k1/7R/2pr1pP1/7P/K7/P3R3/1r6 b - - 0 42,"{""d5d3"",""a3a4"",""b1b4"",""a4a5"",""d3a3"",""e8a4"",""a3a4""}",knight,2,beginner,Knight 2 · Endgame,endgame,Black to move.,1071,Casual,"{""blindSwineMate"",""endgame"",""exposedKing"",""mate"",""mateIn4"",""queenRookEndgame"",""veryLong""}",An endgame technique — precise play with few pieces where every tempo counts.,true,lichess,8TW1H,12169,97,{}
lc_LKlGq,r1bq1r2/1p3ppk/p1nbN3/4p3/3P2Q1/8/PP3PPP/R1B2RK1 w - - 2 16,"{""g4g7""}",knight,2,beginner,Knight 2 · Mate In1,mateIn1,White to move.,1074,Casual,"{""mate"",""mateIn1"",""oneMove"",""opening""}",Checkmate in one — find the single move that ends the game immediately.,true,lichess,LKlGq,17826,96,"{""Slav_Defense"",""Slav_Defense_Exchange_Variation""}"
lc_Oz5pU,r4k1r/1ppq1P2/p1np4/4p3/8/2NP1QNP/PPP2bB1/R1B4K b - - 2 18,"{""h8h3"",""g2h3"",""d7h3""}",knight,2,beginner,Knight 2 · Mate In2,mateIn2,Black to move.,1074,Casual,"{""kingsideAttack"",""mate"",""mateIn2"",""middlegame"",""short""}",Checkmate in two — a forced sequence that delivers checkmate on move two.,true,lichess,Oz5pU,12197,96,"{""Kings_Pawn_Game"",""Kings_Pawn_Game_Other_variations""}"
lc_Ao8j0,r5k1/pp5p/2p1P1p1/8/3Pn2q/1Q1P1P2/PP2K1B1/R3R3 b - - 2 26,"{""h4f2"",""e2d1"",""f2d2""}",knight,2,beginner,Knight 2 · Mate In2,mateIn2,Black to move.,1075,Casual,"{""fork"",""mate"",""mateIn2"",""middlegame"",""short""}",Checkmate in two — a forced sequence that delivers checkmate on move two.,true,lichess,Ao8j0,12784,96,{}
lc_kf0Hk,r1b2rk1/ppq3pp/4pp2/2pp4/3Pn3/2PBPN1P/PP4PN/R2QK2R b KQ - 0 15,"{""c7g3"",""e1f1"",""g3f2""}",knight,2,beginner,Knight 2 · Mate In2,mateIn2,Black to move.,1076,Casual,"{""mate"",""mateIn2"",""opening"",""short""}",Checkmate in two — a forced sequence that delivers checkmate on move two.,true,lichess,kf0Hk,17952,95,"{""Indian_Defense"",""Indian_Defense_London_System""}"
lc_3mwe5,8/8/p7/1p6/1P1k1p1p/P6P/4K1P1/8 w - - 2 41,"{""e2f3"",""d4c3"",""f3f4""}",knight,2,beginner,Knight 2 · Pawn Endgame,pawnEndgame,White to move.,1077,Casual,"{""crushing"",""endgame"",""pawnEndgame"",""short""}",A pawn endgame — king opposition and the square of the pawn decide it.,true,lichess,3mwe5,16662,97,{}
lc_TnegF,8/4rb2/2p2k2/p1pp4/P4rPp/1P1PR3/2PN2R1/6K1 w - - 4 38,"{""g4g5"",""f6g6"",""e3e7""}",knight,2,beginner,Knight 2 · Deflection,deflection,White to move.,1077,Casual,"{""crushing"",""deflection"",""endgame"",""master"",""short""}",A deflection — lure a defending piece away from the square it was guarding.,true,lichess,TnegF,11236,97,{}
lc_p4ltz,4Q3/1p4pk/p2N2p1/3P4/3P2nq/7P/PP1N2K1/4R3 b - - 0 32,"{""h4f2"",""g2h1"",""f2h2""}",knight,2,beginner,Knight 2 · Mate In2,mateIn2,Black to move.,1079,Casual,"{""endgame"",""fork"",""mate"",""mateIn2"",""short""}",Checkmate in two — a forced sequence that delivers checkmate on move two.,true,lichess,p4ltz,11526,96,{}
lc_vgyA9,r1b2k1r/1p3p1p/p4p2/8/7Q/P1qn3P/2P2PP1/R3R1K1 w - - 0 21,"{""h4h6"",""f8g8"",""e1e8""}",knight,2,beginner,Knight 2 · Mate In2,mateIn2,White to move.,1081,Casual,"{""mate"",""mateIn2"",""middlegame"",""short""}",Checkmate in two — a forced sequence that delivers checkmate on move two.,true,lichess,vgyA9,13475,97,{}
lc_5Gy4k,r1b2kn1/pp6/2p3Qp/3pBpp1/1n1P4/2N1P3/PPP2qP1/R2K3R b - - 1 19,"{""f2c2"",""d1e1"",""b4d3"",""e1f1"",""c2f2""}",knight,2,beginner,Knight 2 · Mate In3,mateIn3,Black to move.,1083,Casual,"{""long"",""mate"",""mateIn3"",""middlegame""}",Checkmate in three — calculate the forcing line all the way to mate.,true,lichess,5Gy4k,16241,96,"{""Queens_Pawn_Game"",""Queens_Pawn_Game_Chigorin_Variation""}"
lc_yiSSl,6k1/2p2rpp/p2b4/3Q1p2/8/1Pq4P/P1P3P1/4R2K w - - 0 30,"{""e1e8"",""d6f8"",""e8f8"",""g8f8"",""d5d8""}",knight,2,beginner,Knight 2 · Mate In3,mateIn3,White to move.,1083,Casual,"{""attraction"",""endgame"",""long"",""mate"",""mateIn3"",""pin"",""sacrifice""}",Checkmate in three — calculate the forcing line all the way to mate.,true,lichess,yiSSl,12286,97,{}
lc_ivWTf,r4rk1/pp1b2b1/6Rp/3p1q2/5B1P/2N1PP2/PPQ5/2K3R1 b - - 2 21,"{""f5c2"",""c1c2"",""d7f5"",""c2d1"",""f5g6""}",knight,2,beginner,Knight 2 · Fork,fork,Black to move.,1084,Casual,"{""advantage"",""attraction"",""fork"",""long"",""middlegame""}","A fork — one piece attacks two enemy pieces at once, forcing a material win.",true,lichess,ivWTf,11927,96,{}
lc_iHcXA,r2qkb1r/pp3ppp/3p4/P3p3/4n3/5P2/P1PBB2P/RN1QK2R b KQkq - 0 12,"{""d8h4"",""e1f1"",""h4f2""}",knight,2,beginner,Knight 2 · Mate In2,mateIn2,Black to move.,1087,Casual,"{""mate"",""mateIn2"",""opening"",""short""}",Checkmate in two — a forced sequence that delivers checkmate on move two.,true,lichess,iHcXA,11613,96,"{""Italian_Game"",""Italian_Game_Other_variations""}"
lc_89wTZ,3r3b/p1Q5/1p3q1k/6p1/3n1pP1/5P2/PP4K1/3R4 w - - 2 43,"{""d1h1"",""h6g6"",""c7h7""}",knight,2,beginner,Knight 2 · Mate In2,mateIn2,White to move.,1088,Casual,"{""endgame"",""mate"",""mateIn2"",""short""}",Checkmate in two — a forced sequence that delivers checkmate on move two.,true,lichess,89wTZ,15293,96,{}
lc_4cepW,2bqkb1r/r2p1ppp/p4n2/1p1P4/8/1QN5/PP1P1PPP/R1B2RK1 w k - 1 12,"{""f1e1"",""f8e7"",""d5d6""}",knight,2,beginner,Knight 2 · Pin,pin,White to move.,1088,Casual,"{""advantage"",""opening"",""pin"",""short""}",A pin — the attacked piece can't move without exposing a more valuable piece behind it.,true,lichess,4cepW,11859,95,"{""Sicilian_Defense"",""Sicilian_Defense_Nyezhmetdinov-Rossolimo_Attack""}"
lc_ng96a,5rk1/pp4pp/2p2qB1/8/2PP2Q1/2P5/P5PP/R5K1 b - - 0 21,"{""f6f2"",""g1h1"",""f2f1"",""a1f1"",""f8f1""}",knight,2,beginner,Knight 2 · Mate In3,mateIn3,Black to move.,1089,Casual,"{""backRankMate"",""endgame"",""long"",""mate"",""mateIn3"",""sacrifice""}",Checkmate in three — calculate the forcing line all the way to mate.,true,lichess,ng96a,16365,96,{}
lc_1bZU8,r2q1r2/ppp1n3/3pbN1k/4b3/2P5/3P4/PP2Q1PP/R4R1K w - - 0 19,"{""e2h5"",""h6g7"",""h5h7""}",knight,2,beginner,Knight 2 · Mate In2,mateIn2,White to move.,1089,Casual,"{""mate"",""mateIn2"",""middlegame"",""short""}",Checkmate in two — a forced sequence that delivers checkmate on move two.,true,lichess,1bZU8,11474,96,"{""Kings_Pawn_Game"",""Kings_Pawn_Game_Dresden_Opening""}"
lc_04jOM,r2q1rk1/1p2bppp/p1np1n2/3Np3/4P1b1/1N4P1/PPPB1PBP/R2QR1K1 w - - 6 13,"{""d5f6"",""e7f6"",""d1g4""}",knight,2,beginner,Knight 2 · Crushing,crushing,White to move.,1090,Casual,"{""crushing"",""kingsideAttack"",""opening"",""short""}",Find the strongest continuation and seize the advantage.,true,lichess,04jOM,22501,95,"{""Sicilian_Defense"",""Sicilian_Defense_Kan_Variation""}"
lc_qTcYa,5rn1/2p1qp1k/1rp1p1pP/p1NpP3/P2P3Q/1PP2NR1/4bP1P/6RK b - - 0 29,"{""e2f3"",""g3f3"",""e7h4""}",knight,2,beginner,Knight 2 · Crushing,crushing,Black to move.,1090,Casual,"{""crushing"",""kingsideAttack"",""middlegame"",""short""}",Find the strongest continuation and seize the advantage.,true,lichess,qTcYa,13521,95,{}
lc_T8Imf,6k1/7p/2p3pP/Q2b1r2/3Pp3/1PP5/P3K3/8 b - - 1 41,"{""d5c4"",""b3c4"",""f5a5""}",knight,2,beginner,Knight 2 · Discovered Attack,discoveredAttack,Black to move.,1090,Casual,"{""crushing"",""discoveredAttack"",""endgame"",""short""}",A discovered attack — moving one piece uncovers a deadly attack from another.,true,lichess,T8Imf,12311,96,{}
lc_m1Gpl,r7/4p2k/pq1p1p1P/2pPPr2/2P2N2/Pp6/1P6/1K4RR w - - 0 33,"{""g1g7"",""h7h8"",""f4g6""}",knight,2,beginner,Knight 2 · Mate In2,mateIn2,White to move.,1090,Casual,"{""endgame"",""mate"",""mateIn2"",""short""}",Checkmate in two — a forced sequence that delivers checkmate on move two.,true,lichess,m1Gpl,11343,97,{}
lc_V0Rzj,8/2p2p1p/2pkrQ2/8/p7/6P1/3q2PK/8 w - - 8 43,"{""f6d8"",""d6e5"",""d8d2""}",knight,2,beginner,Knight 2 · Skewer,skewer,White to move.,1091,Casual,"{""advantage"",""endgame"",""short"",""skewer""}","A skewer — the higher-value piece is forced to move, losing the piece behind it.",true,lichess,V0Rzj,16311,96,{}
lc_3qpcZ,3Q4/3q4/p3b1k1/1pB2p1n/1P2p1pP/P7/6P1/5BK1 w - - 1 40,"{""d8g5"",""g6h7"",""g5h5""}",knight,3,beginner,Knight 3 · Deflection,deflection,White to move.,1092,Casual,"{""crushing"",""deflection"",""endgame"",""short""}",A deflection — lure a defending piece away from the square it was guarding.,true,lichess,3qpcZ,23257,95,{}
lc_MU0Az,6r1/p7/np1P1Q2/2p1P2k/6p1/PP1b4/2r5/3K4 w - - 7 39,"{""f6f7"",""d3g6"",""f7g8""}",knight,3,beginner,Knight 3 · Fork,fork,White to move.,1092,Casual,"{""advantage"",""endgame"",""fork"",""short""}","A fork — one piece attacks two enemy pieces at once, forcing a material win.",true,lichess,MU0Az,17931,97,{}
lc_QmSer,r1b1r1k1/ppp2ppp/2nq4/3B4/8/2N2NP1/PP5P/R2Q1K1R b - - 0 15,"{""c8h3"",""f1f2"",""d6c5""}",knight,3,beginner,Knight 3 · Crushing,crushing,Black to move.,1093,Casual,"{""crushing"",""opening"",""short""}",Find the strongest continuation and seize the advantage.,true,lichess,QmSer,14048,94,"{""Italian_Game"",""Italian_Game_Classical_Variation""}"
lc_SjekB,r1b2rk1/pp4pp/3p4/2bNp3/2Pn4/3P4/PP1KB1qP/R2Q1R2 w - - 0 19,"{""d5e7"",""g8h8"",""f1f8""}",knight,3,beginner,Knight 3 · Mate In2,mateIn2,White to move.,1094,Casual,"{""backRankMate"",""deflection"",""mate"",""mateIn2"",""middlegame"",""short""}",Checkmate in two — a forced sequence that delivers checkmate on move two.,true,lichess,SjekB,20567,97,"{""English_Opening"",""English_Opening_Kings_English_Variation""}"
lc_xHCSb,6k1/1r3pp1/p7/8/3rRR2/BPpn3P/P5P1/6K1 b - - 0 32,"{""d3f4"",""e4d4"",""f4e2"",""g1f2"",""e2d4""}",knight,3,beginner,Knight 3 · Fork,fork,Black to move.,1094,Casual,"{""crushing"",""endgame"",""fork"",""long""}","A fork — one piece attacks two enemy pieces at once, forcing a material win.",true,lichess,xHCSb,13448,98,{}
lc_iU4UF,r6R/5prR/2p2k2/p2p1p2/1p1P1Pp1/4P1K1/PPP5/8 w - - 0 31,"{""h7h6"",""f6e7"",""h8a8""}",knight,3,beginner,Knight 3 · Rook Endgame,rookEndgame,White to move.,1094,Casual,"{""crushing"",""endgame"",""rookEndgame"",""short""}",A rook endgame — master the Lucena and Philidor ideas to convert.,true,lichess,iU4UF,12046,97,{}
lc_dNylP,2r2k2/1q3p2/3p4/3Pp1Qp/P3P2P/K4P2/2P5/3R2R1 b - - 0 45,"{""c8c3"",""a3a2"",""c3c2"",""a2a1"",""b7b2""}",knight,3,beginner,Knight 3 · Mate In3,mateIn3,Black to move.,1095,Casual,"{""endgame"",""long"",""mate"",""mateIn3""}",Checkmate in three — calculate the forcing line all the way to mate.,true,lichess,dNylP,18786,96,{}
lc_W3j49,2k3rr/1pp2p2/p3q3/3Q4/P3nP2/2P2N1P/1P4P1/3R1KR1 b - - 0 25,"{""e4g3"",""f1f2"",""e6e2""}",knight,3,beginner,Knight 3 · Mate In2,mateIn2,Black to move.,1095,Casual,"{""mate"",""mateIn2"",""middlegame"",""short""}",Checkmate in two — a forced sequence that delivers checkmate on move two.,true,lichess,W3j49,11775,96,{}
lc_EFo5q,8/1R1bkpp1/2p4p/p1Pp2nN/B5P1/7P/4r1P1/7K w - - 8 36,"{""a4c6"",""g5e6"",""b7d7""}",knight,3,beginner,Knight 3 · Pin,pin,White to move.,1096,Casual,"{""advantage"",""endgame"",""pin"",""short""}",A pin — the attacked piece can't move without exposing a more valuable piece behind it.,true,lichess,EFo5q,14996,96,{}
lc_oNaGa,2rqk3/pp2bp2/2p2n2/n7/4N3/3P4/PPP2PPP/R1B1R1K1 w - - 2 18,"{""e4f6"",""e8f8"",""c1h6""}",knight,3,beginner,Knight 3 · Mate In2,mateIn2,White to move.,1098,Casual,"{""mate"",""mateIn2"",""middlegame"",""pin"",""short""}",Checkmate in two — a forced sequence that delivers checkmate on move two.,true,lichess,oNaGa,12941,95,"{""Italian_Game"",""Italian_Game_Two_Knights_Defense""}"
lc_UHrS9,r3k1nr/pp3ppp/3pp3/3P1b2/q2P4/N3P3/1P1Q1PPP/2n1KBNR w Kkq - 0 12,"{""f1b5"",""a4b5"",""a3b5""}",knight,3,beginner,Knight 3 · Fork,fork,White to move.,1099,Casual,"{""advantage"",""fork"",""opening"",""short""}","A fork — one piece attacks two enemy pieces at once, forcing a material win.",true,lichess,UHrS9,12491,96,"{""Queens_Gambit_Declined"",""Queens_Gambit_Declined_Baltic_Defense""}"
lc_0VwZd,r2qkbnr/pb1np1pp/2p2p2/1p2N3/2p1PP2/P1N5/1P1P2PP/R1BQKB1R w KQkq - 0 8,"{""d1h5"",""g7g6"",""e5g6""}",knight,3,beginner,Knight 3 · Crushing,crushing,White to move.,1099,Casual,"{""crushing"",""opening"",""short""}",Find the strongest continuation and seize the advantage.,true,lichess,0VwZd,11424,96,"{""Reti_Opening"",""Reti_Opening_Reti_Accepted""}"
lc_3cPqy,2rr2k1/1p1P1p2/p5pp/P6q/1P3Q2/2p2PR1/5P1P/3R3K b - - 0 28,"{""c3c2"",""d1c1"",""d8d7""}",knight,3,beginner,Knight 3 · Advanced Pawn,advancedPawn,Black to move.,1100,Casual,"{""advancedPawn"",""crushing"",""endgame"",""short""}",An advanced pawn — push the passer or use its threats to win material.,true,lichess,3cPqy,21710,95,{}
lc_kZ88X,3r4/2k3pp/p1p2p2/PpP1p3/1N2PnB1/1K5P/5rP1/3R4 w - - 6 27,"{""b4a6"",""c7b7"",""d1d8""}",knight,3,beginner,Knight 3 · Deflection,deflection,White to move.,1100,Casual,"{""advantage"",""deflection"",""endgame"",""short""}",A deflection — lure a defending piece away from the square it was guarding.,true,lichess,kZ88X,16810,98,{}
lc_t68dH,rn3rk1/ppp2ppp/3b4/8/6n1/2N2N1q/PPPPBP1P/R1BQ2RK b - - 3 11,"{""g4f2""}",knight,3,beginner,Knight 3 · Mate In1,mateIn1,Black to move.,1100,Casual,"{""kingsideAttack"",""mate"",""mateIn1"",""oneMove"",""opening""}",Checkmate in one — find the single move that ends the game immediately.,true,lichess,t68dH,16109,96,"{""Scandinavian_Defense"",""Scandinavian_Defense_Boehnke_Gambit""}"
lc_GgHmL,r2q2k1/2p1p3/pn3bpP/1p1Pp1N1/8/P3B3/1PP3P1/3R1RK1 w - - 2 30,"{""h6h7"",""g8h8"",""g5f7"",""h8h7"",""f7d8""}",knight,3,beginner,Knight 3 · Fork,fork,White to move.,1100,Casual,"{""advancedPawn"",""advantage"",""exposedKing"",""fork"",""long"",""middlegame""}","A fork — one piece attacks two enemy pieces at once, forcing a material win.",true,lichess,GgHmL,14115,96,{}
lc_Ipm6V,r2qk2r/1pp2ppp/p4n2/4p3/2PnP3/2P4Q/P3BPPP/R1BR2K1 b kq - 0 12,"{""d4e2"",""g1f1"",""d8d1""}",knight,3,beginner,Knight 3 · Mate In2,mateIn2,Black to move.,1100,Casual,"{""discoveredAttack"",""hangingPiece"",""kingsideAttack"",""mate"",""mateIn2"",""middlegame"",""short""}",Checkmate in two — a forced sequence that delivers checkmate on move two.,true,lichess,Ipm6V,13180,94,"{""Philidor_Defense"",""Philidor_Defense_Other_variations""}"
lc_UL0vh,7k/2q3p1/7p/p7/8/4BB1P/Pr1RKPP1/4R3 b - - 1 32,"{""c7c4"",""e2d1"",""b2b1""}",knight,3,beginner,Knight 3 · Mate In2,mateIn2,Black to move.,1100,Casual,"{""endgame"",""mate"",""mateIn2"",""short""}",Checkmate in two — a forced sequence that delivers checkmate on move two.,true,lichess,UL0vh,11829,98,{}
lc_gmUpq,r4qk1/pp2pp1p/3p1np1/2p1b3/4P1b1/2NPQPP1/PPP3BP/1R3RK1 b - - 0 15,"{""e5d4"",""e3d4"",""c5d4""}",knight,3,beginner,Knight 3 · Pin,pin,Black to move.,1101,Casual,"{""advantage"",""middlegame"",""pin"",""short""}",A pin — the attacked piece can't move without exposing a more valuable piece behind it.,true,lichess,gmUpq,19848,95,"{""Modern_Defense"",""Modern_Defense_Other_variations""}"
lc_8GxOZ,5rk1/2Q3pp/2p5/3q4/8/1P4B1/P5R1/7K b - - 0 28,"{""f8f1"",""h1h2"",""d5h5"",""g3h4"",""h5h4""}",knight,3,beginner,Knight 3 · Mate In3,mateIn3,Black to move.,1101,Casual,"{""endgame"",""exposedKing"",""long"",""mate"",""mateIn3""}",Checkmate in three — calculate the forcing line all the way to mate.,true,lichess,8GxOZ,14995,95,{}
lc_vlO2d,8/5k2/pp6/4K1p1/PP3p2/8/6P1/8 w - - 1 36,"{""e5f5"",""f4f3"",""g2f3""}",knight,3,beginner,Knight 3 · Pawn Endgame,pawnEndgame,White to move.,1101,Casual,"{""crushing"",""endgame"",""pawnEndgame"",""short""}",A pawn endgame — king opposition and the square of the pawn decide it.,true,lichess,vlO2d,12967,96,{}
lc_iItRT,r2k4/3Pp3/3p2p1/1Bp3P1/P4B2/2q2Qp1/6P1/R4R1K b - - 0 29,"{""c3h8"",""f3h5"",""h8h5"",""h1g1"",""h5h2""}",knight,3,beginner,Knight 3 · Mate In3,mateIn3,Black to move.,1101,Casual,"{""long"",""mate"",""mateIn3"",""middlegame""}",Checkmate in three — calculate the forcing line all the way to mate.,true,lichess,iItRT,12129,97,{}
lc_grRDx,8/p7/1p3R1p/4n3/r2k2PP/5PK1/8/8 w - - 2 41,"{""f6f4"",""d4d5"",""f4a4""}",knight,3,beginner,Knight 3 · Skewer,skewer,White to move.,1101,Casual,"{""crushing"",""endgame"",""short"",""skewer""}","A skewer — the higher-value piece is forced to move, losing the piece behind it.",true,lichess,grRDx,11833,96,{}
lc_s95qK,r1b1k2r/5ppp/3Ppn2/qp1p2Q1/p1pP3P/5N2/PPP2PP1/1K1R1B1R w kq - 2 17,"{""g5g7"",""h8g8"",""g7f6""}",knight,3,beginner,Knight 3 · Fork,fork,White to move.,1102,Casual,"{""crushing"",""fork"",""middlegame"",""short""}","A fork — one piece attacks two enemy pieces at once, forcing a material win.",true,lichess,s95qK,16688,96,"{""French_Defense"",""French_Defense_Classical_Variation""}"
lc_dRXa9,8/1r1N1pbp/1P1p2pk/5p2/8/8/3P1PPP/R4K2 w - - 13 35,"{""a1a7"",""b7b6"",""d7b6""}",knight,3,beginner,Knight 3 · Endgame,endgame,White to move.,1102,Casual,"{""crushing"",""endgame"",""short""}",An endgame technique — precise play with few pieces where every tempo counts.,true,lichess,dRXa9,13760,95,{}
lc_WBH9H,5r2/3Qqk1p/p2p2p1/8/1p1b4/8/PP3P2/5K1R w - - 2 38,"{""h1h7"",""d4g7"",""h7g7"",""f7g7"",""d7e7""}",knight,3,beginner,Knight 3 · Deflection,deflection,White to move.,1103,Casual,"{""attraction"",""crushing"",""deflection"",""endgame"",""long""}",A deflection — lure a defending piece away from the square it was guarding.,true,lichess,WBH9H,11444,96,{}
lc_h6RJb,6QK/5q2/7k/8/8/8/8/8 b - - 0 90,"{""f7f6"",""g8g7"",""f6g7""}",knight,3,beginner,Knight 3 · Mate In2,mateIn2,Black to move.,1104,Casual,"{""endgame"",""mate"",""mateIn2"",""queenEndgame"",""short""}",Checkmate in two — a forced sequence that delivers checkmate on move two.,true,lichess,h6RJb,15194,96,{}
lc_yHbTB,3r1rk1/p3qppp/1p6/n7/QP1p1R2/P2P2P1/4P1BP/2R3K1 b - - 0 21,"{""e7e3"",""g1h1"",""e3c1""}",knight,3,beginner,Knight 3 · Fork,fork,Black to move.,1104,Casual,"{""advantage"",""fork"",""middlegame"",""short""}","A fork — one piece attacks two enemy pieces at once, forcing a material win.",true,lichess,yHbTB,12336,96,{}
lc_liVlT,2k5/p1p2ppp/2p3q1/8/2B5/4r1Pb/PPP2P2/3R2K1 w - - 0 23,"{""c4a6"",""c8b8"",""d1d8"",""h3c8"",""d8c8""}",knight,3,beginner,Knight 3 · Mate In3,mateIn3,White to move.,1104,Casual,"{""endgame"",""long"",""mate"",""mateIn3"",""operaMate"",""queensideAttack""}",Checkmate in three — calculate the forcing line all the way to mate.,true,lichess,liVlT,11291,96,{}
lc_fB7Je,8/5p1p/5p2/1Q2pk2/8/7q/5P2/6K1 w - - 0 48,"{""b5d7"",""f5g6"",""d7h3""}",knight,3,beginner,Knight 3 · Skewer,skewer,White to move.,1104,Casual,"{""crushing"",""endgame"",""queenEndgame"",""short"",""skewer""}","A skewer — the higher-value piece is forced to move, losing the piece behind it.",true,lichess,fB7Je,11259,97,{}
lc_cSqxl,rn1qk2r/1bppnp1p/6p1/p2N4/1p2P3/b2P1N2/P1PQ1PPP/1R2KB1R w Kkq - 0 11,"{""d5f6"",""e8f8"",""d2h6""}",knight,4,beginner,Knight 4 · Mate In2,mateIn2,White to move.,1105,Casual,"{""mate"",""mateIn2"",""opening"",""short""}",Checkmate in two — a forced sequence that delivers checkmate on move two.,true,lichess,cSqxl,18074,95,"{""Owen_Defense"",""Owen_Defense_Other_variations""}"
lc_0TwJN,r2qkb1r/ppp1pppp/2npb3/4P3/2QP4/5N2/PPP2PPP/RNB1K2R w KQkq - 2 8,"{""d4d5"",""e6d5"",""c4d5""}",knight,4,beginner,Knight 4 · Fork,fork,White to move.,1105,Casual,"{""advantage"",""fork"",""opening"",""short""}","A fork — one piece attacks two enemy pieces at once, forcing a material win.",true,lichess,0TwJN,15521,95,"{""Alekhine_Defense"",""Alekhine_Defense_Normal_Variation""}"
lc_sd8Uw,8/4R1pk/2p4p/q1B1R3/1p6/8/2PK4/8 b - - 3 42,"{""b4b3"",""d2d3"",""b3b2""}",knight,4,beginner,Knight 4 · Discovered Attack,discoveredAttack,Black to move.,1106,Casual,"{""advancedPawn"",""advantage"",""discoveredAttack"",""discoveredCheck"",""endgame"",""short""}",A discovered attack — moving one piece uncovers a deadly attack from another.,true,lichess,sd8Uw,18775,95,{}
lc_TaQpL,r2qkb1r/1Q2pp1p/p5pn/2p5/2np4/3P3P/PPP2PP1/RNB1K2R w KQkq - 0 12,"{""b7c6"",""d8d7"",""c6a8""}",knight,4,beginner,Knight 4 · Deflection,deflection,White to move.,1106,Casual,"{""crushing"",""deflection"",""opening"",""short""}",A deflection — lure a defending piece away from the square it was guarding.,true,lichess,TaQpL,15756,97,"{""Scandinavian_Defense"",""Scandinavian_Defense_Other_variations""}"
lc_4eYJJ,5rk1/pp3pp1/4p2p/4P3/1P1P3N/P1rq3Q/6PP/4RRK1 b - - 0 28,"{""d3d4"",""g1h1"",""c3h3""}",knight,4,beginner,Knight 4 · Discovered Attack,discoveredAttack,Black to move.,1106,Casual,"{""crushing"",""discoveredAttack"",""kingsideAttack"",""middlegame"",""short""}",A discovered attack — moving one piece uncovers a deadly attack from another.,true,lichess,4eYJJ,11249,97,{}
lc_PyPnm,8/R7/3p3k/pr6/4P3/3p1P2/KPR5/8 b - - 0 57,"{""d3c2"",""a7c7"",""b5c5"",""c7c5"",""d6c5""}",knight,4,beginner,Knight 4 · Advanced Pawn,advancedPawn,Black to move.,1106,Casual,"{""advancedPawn"",""crushing"",""endgame"",""long"",""rookEndgame""}",An advanced pawn — push the passer or use its threats to win material.,true,lichess,PyPnm,11245,97,{}
lc_AHvxB,r4rk1/2p2p2/3p3p/3P2P1/1p2Pp2/qN2nQ2/P1P5/1K2RB1R b - - 2 29,"{""a3a2"",""b1c1"",""a2c2""}",knight,4,beginner,Knight 4 · Mate In2,mateIn2,Black to move.,1107,Casual,"{""mate"",""mateIn2"",""middlegame"",""queensideAttack"",""short""}",Checkmate in two — a forced sequence that delivers checkmate on move two.,true,lichess,AHvxB,15527,97,{}
lc_5pfdM,r2q1rk1/1pp3pp/p1np1n2/2bNp3/2P2pb1/2N1P1P1/PP1P1PBP/1RBQ1RK1 w - - 2 11,"{""d5f6"",""d8f6"",""d1g4""}",knight,4,beginner,Knight 4 · Crushing,crushing,White to move.,1108,Casual,"{""crushing"",""kingsideAttack"",""opening"",""short""}",Find the strongest continuation and seize the advantage.,true,lichess,5pfdM,17130,95,"{""English_Opening"",""English_Opening_Kings_English_Variation""}"
lc_zZeXX,r1b1k1nr/ppp2ppp/4p3/4q3/1bp5/2N1P3/PP1B1PPP/R2QKB1R w KQkq - 1 9,"{""d1a4"",""c7c6"",""a4b4""}",knight,4,beginner,Knight 4 · Fork,fork,White to move.,1108,Casual,"{""advantage"",""fork"",""opening"",""short""}","A fork — one piece attacks two enemy pieces at once, forcing a material win.",true,lichess,zZeXX,17115,96,"{""Queens_Gambit_Declined"",""Queens_Gambit_Declined_Chigorin_Defense""}"
lc_biH5h,r4k1r/pppP1pp1/5qnp/1BbP4/8/2NQ1b2/PP1B4/R3RK2 w - - 2 22,"{""e1e8"",""a8e8"",""d7e8q""}",knight,4,beginner,Knight 4 · Mate In2,mateIn2,White to move.,1108,Casual,"{""advancedPawn"",""mate"",""mateIn2"",""middlegame"",""promotion"",""short""}",Checkmate in two — a forced sequence that delivers checkmate on move two.,true,lichess,biH5h,13782,96,{}
lc_EjP1R,8/5p1p/1p1k2p1/p3R3/2P5/PP2K2P/5rP1/8 w - - 0 39,"{""e5d5"",""d6c6"",""e3f2""}",knight,4,beginner,Knight 4 · Rook Endgame,rookEndgame,White to move.,1108,Casual,"{""crushing"",""endgame"",""intermezzo"",""master"",""rookEndgame"",""short""}",A rook endgame — master the Lucena and Philidor ideas to convert.,true,lichess,EjP1R,12222,95,{}
lc_l4RZO,r6r/p1p1kp2/1p5R/3p1B2/2b2P2/2P5/P5PP/R6K w - - 1 28,"{""a1e1"",""e7f8"",""h6h8""}",knight,4,beginner,Knight 4 · Interference,interference,White to move.,1108,Casual,"{""crushing"",""endgame"",""interference"",""short""}",Interference — block the line between two enemy pieces to break their coordination.,true,lichess,l4RZO,11738,96,{}
lc_XK4po,6rk/6pp/p2p1p2/2pP1P2/7Q/P1P3R1/1r2q1PP/5RK1 w - - 3 35,"{""h4h7"",""h8h7"",""g3h3"",""e2h5"",""h3h5""}",knight,4,beginner,Knight 4 · Mate In3,mateIn3,White to move.,1109,Casual,"{""attraction"",""endgame"",""kingsideAttack"",""long"",""mate"",""mateIn3"",""sacrifice""}",Checkmate in three — calculate the forcing line all the way to mate.,true,lichess,XK4po,26402,94,{}
lc_Whw4K,3r4/5p1k/5Qpp/2b1Pb2/5P2/1P4R1/P1P1R2P/2K1B3 b - - 10 39,"{""c5a3"",""c1b1"",""d8d1""}",knight,4,beginner,Knight 4 · Mate In2,mateIn2,Black to move.,1109,Casual,"{""mate"",""mateIn2"",""middlegame"",""pillsburysMate"",""queensideAttack"",""short""}",Checkmate in two — a forced sequence that delivers checkmate on move two.,true,lichess,Whw4K,13310,96,{}
lc_uedi7,r6r/pp1k4/2pp1Pp1/5b2/5n2/P2P4/BPP5/2K1R2R w - - 0 24,"{""e1e7"",""d7d8"",""h1h8""}",knight,4,beginner,Knight 4 · Mate In2,mateIn2,White to move.,1109,Casual,"{""interference"",""mate"",""mateIn2"",""middlegame"",""short""}",Checkmate in two — a forced sequence that delivers checkmate on move two.,true,lichess,uedi7,12120,96,{}
lc_oxouQ,r2q4/1b2k1p1/p1nbpp2/1p1p2p1/2pPn1N1/2P1PN1r/PPB1QP1B/R3K2R w KQ - 2 17,"{""h2d6"",""e4d6"",""h1h3""}",knight,4,beginner,Knight 4 · Discovered Attack,discoveredAttack,White to move.,1109,Casual,"{""advantage"",""discoveredAttack"",""middlegame"",""short""}",A discovered attack — moving one piece uncovers a deadly attack from another.,true,lichess,oxouQ,12105,95,"{""Queens_Pawn_Game"",""Queens_Pawn_Game_Krause_Variation""}"
lc_2uXH8,8/6pk/8/P4p1p/1R5P/4PqP1/2r5/3R1QK1 b - - 0 35,"{""f3g3"",""g1h1"",""c2h2""}",knight,4,beginner,Knight 4 · Mate In2,mateIn2,Black to move.,1109,Casual,"{""endgame"",""mate"",""mateIn2"",""short""}",Checkmate in two — a forced sequence that delivers checkmate on move two.,true,lichess,2uXH8,11780,95,{}
lc_Rorov,r3k3/pp3pp1/2pbp3/3pn2q/2P1P1P1/1P6/PB3PB1/R2Q1RK1 b q - 0 17,"{""e5f3"",""g2f3"",""h5h2""}",knight,4,beginner,Knight 4 · Mate In2,mateIn2,Black to move.,1110,Casual,"{""kingsideAttack"",""mate"",""mateIn2"",""middlegame"",""sacrifice"",""short""}",Checkmate in two — a forced sequence that delivers checkmate on move two.,true,lichess,Rorov,17385,98,"{""Slav_Defense"",""Slav_Defense_Breyer_Variation""}"
lc_JvpV8,8/6pk/3r1b1p/p7/2BP4/2P2N2/P1r3PP/5RK1 w - - 13 35,"{""c4d3"",""h7g8"",""d3c2""}",knight,4,beginner,Knight 4 · Fork,fork,White to move.,1110,Casual,"{""crushing"",""endgame"",""fork"",""short""}","A fork — one piece attacks two enemy pieces at once, forcing a material win.",true,lichess,JvpV8,14920,97,{}
lc_npNmn,r5k1/3q4/2p1p1p1/2Q1p1Pp/1P2P3/7P/1P1N1P2/1K1R4 b - - 4 33,"{""d7d3"",""c5c2"",""a8a1"",""b1a1"",""d3c2""}",knight,4,beginner,Knight 4 · Pin,pin,Black to move.,1110,Casual,"{""crushing"",""deflection"",""endgame"",""long"",""pin"",""queensideAttack""}",A pin — the attacked piece can't move without exposing a more valuable piece behind it.,true,lichess,npNmn,14554,94,{}
lc_gQNIm,8/8/3R4/1p2p2p/5kp1/8/PPr2rPP/4R1K1 w - - 13 38,"{""d6f6"",""f4g5"",""f6f2""}",knight,4,beginner,Knight 4 · Rook Endgame,rookEndgame,White to move.,1110,Casual,"{""crushing"",""endgame"",""rookEndgame"",""short""}",A rook endgame — master the Lucena and Philidor ideas to convert.,true,lichess,gQNIm,11807,96,{}
lc_6UmfR,5r2/pp4pp/3k2r1/1P2n3/P7/1R2N3/5P2/4BK2 w - - 0 35,"{""e1b4"",""d6e6"",""b4f8""}",knight,4,beginner,Knight 4 · Skewer,skewer,White to move.,1110,Casual,"{""advantage"",""endgame"",""short"",""skewer""}","A skewer — the higher-value piece is forced to move, losing the piece behind it.",true,lichess,6UmfR,11609,96,{}
lc_thUoh,r1b2rk1/1p3p2/4p1pR/p5q1/4pb2/2P5/PPQ2PP1/1K5R w - - 0 21,"{""h6h8"",""g8g7"",""h1h7"",""g7f6"",""h8f8""}",knight,4,beginner,Knight 4 · Deflection,deflection,White to move.,1110,Casual,"{""advantage"",""deflection"",""kingsideAttack"",""long"",""middlegame""}",A deflection — lure a defending piece away from the square it was guarding.,true,lichess,thUoh,11368,96,{}
lc_ZBwZC,r7/pp4k1/1qp3B1/2bpn2Q/8/2N1B3/PPP3PP/5RK1 b - - 0 22,"{""c5e3"",""g1h1"",""e5g6""}",knight,4,beginner,Knight 4 · Hanging Piece,hangingPiece,Black to move.,1111,Casual,"{""advantage"",""hangingPiece"",""middlegame"",""short""}",A hanging piece — an undefended enemy piece is free to capture.,true,lichess,ZBwZC,23016,95,{}
lc_UYiYK,7k/p5bp/1p2Q3/n2p2p1/2pP4/P1P1B1P1/RP2q2P/5N1K b - - 0 40,"{""e2f1"",""e3g1"",""f1f3""}",knight,4,beginner,Knight 4 · Mate In2,mateIn2,Black to move.,1111,Casual,"{""kingsideAttack"",""mate"",""mateIn2"",""middlegame"",""short""}",Checkmate in two — a forced sequence that delivers checkmate on move two.,true,lichess,UYiYK,16548,96,{}
lc_nUFfh,r1b1k2r/pp3p1p/2p3p1/2q1n1B1/2BpQ3/8/PP3PPP/1K1R2NR b kq - 3 15,"{""c8f5"",""e4f5"",""g6f5""}",knight,4,beginner,Knight 4 · Pin,pin,Black to move.,1111,Casual,"{""advantage"",""middlegame"",""pin"",""short""}",A pin — the attacked piece can't move without exposing a more valuable piece behind it.,true,lichess,nUFfh,12593,94,"{""Slav_Defense"",""Slav_Defense_Other_variations""}"
lc_ulqyi,7r/1R6/p2pk1p1/4r3/7P/8/PP3K2/4R3 b - - 0 35,"{""h8f8"",""f2g2"",""e5e1""}",knight,4,beginner,Knight 4 · Deflection,deflection,Black to move.,1111,Casual,"{""crushing"",""deflection"",""endgame"",""rookEndgame"",""short""}",A deflection — lure a defending piece away from the square it was guarding.,true,lichess,ulqyi,12215,96,{}
lc_F8Spr,8/5pp1/8/p2nRbPk/Pp1P3p/1Pr1P2P/2PK4/4R3 b - - 1 36,"{""c3c2"",""d2d1"",""d5c3""}",knight,4,beginner,Knight 4 · Mate In2,mateIn2,Black to move.,1112,Casual,"{""endgame"",""mate"",""mateIn2"",""short""}",Checkmate in two — a forced sequence that delivers checkmate on move two.,true,lichess,F8Spr,17036,97,{}
lc_ZNrFB,r5k1/p3Q3/5R1p/3p4/3P2q1/4P1p1/7P/6K1 w - - 0 30,"{""e7f7"",""g8h8"",""f6h6""}",knight,4,beginner,Knight 4 · Mate In2,mateIn2,White to move.,1112,Casual,"{""endgame"",""mate"",""mateIn2"",""short""}",Checkmate in two — a forced sequence that delivers checkmate on move two.,true,lichess,ZNrFB,14966,95,{}
lc_KQBnR,8/6p1/1b4kp/4rp2/1P4PP/2P2K2/3R1P2/8 w - - 0 39,"{""d2d6"",""g6f7"",""d6b6""}",knight,4,beginner,Knight 4 · Fork,fork,White to move.,1112,Casual,"{""advantage"",""endgame"",""fork"",""short""}","A fork — one piece attacks two enemy pieces at once, forcing a material win.",true,lichess,KQBnR,13254,93,{}
lc_vxeaH,rn1qkbnr/1pp2pp1/p3p2p/3pP3/6b1/2PP1N2/PP2BPPP/RNBQK2R w KQkq - 0 7,"{""d1a4"",""b8d7"",""a4g4""}",knight,4,beginner,Knight 4 · Fork,fork,White to move.,1112,Casual,"{""crushing"",""fork"",""opening"",""short""}","A fork — one piece attacks two enemy pieces at once, forcing a material win.",true,lichess,vxeaH,12683,97,"{""Pirc_Defense"",""Pirc_Defense_Other_variations""}"
lc_9R2hA,rnb2rk1/ppp2ppp/5n2/3Pp3/4P1q1/2PB1N2/P1Q2PPP/R1B1K2R b KQ - 4 10,"{""g4g2"",""h1g1"",""g2f3""}",knight,4,beginner,Knight 4 · Fork,fork,Black to move.,1112,Casual,"{""advantage"",""fork"",""opening"",""short""}","A fork — one piece attacks two enemy pieces at once, forcing a material win.",true,lichess,9R2hA,11965,95,"{""Queens_Gambit_Accepted"",""Queens_Gambit_Accepted_Other_variations""}"
lc_9ZpY3,r4r1k/1p1Qb2p/2p5/p2pP1N1/N2n4/P7/1P4PP/R1B3K1 b - - 0 23,"{""d4e2"",""g1h1"",""f8f1""}",knight,4,beginner,Knight 4 · Mate In2,mateIn2,Black to move.,1112,Casual,"{""backRankMate"",""mate"",""mateIn2"",""middlegame"",""short""}",Checkmate in two — a forced sequence that delivers checkmate on move two.,true,lichess,9ZpY3,11715,95,{}
lc_KEJjX,r2qkbnr/pp2p1pp/2n2p2/1B1pP3/2p2Pb1/5N2/PPPP2PP/RNB1QRK1 b kq - 1 7,"{""d8b6"",""g1h1"",""b6b5""}",knight,4,beginner,Knight 4 · Fork,fork,Black to move.,1112,Casual,"{""crushing"",""fork"",""opening"",""short""}","A fork — one piece attacks two enemy pieces at once, forcing a material win.",true,lichess,KEJjX,11417,95,"{""Scandinavian_Defense"",""Scandinavian_Defense_Other_variations""}"
lc_B3AdN,6k1/1b3ppp/p7/8/5B2/P1P4P/2r3PK/1R6 b - - 2 31,"{""c2g2"",""h2h1"",""g2b2"",""h1g1"",""b2b1""}",knight,5,beginner,Knight 5 · Discovered Attack,discoveredAttack,Black to move.,1113,Casual,"{""crushing"",""discoveredAttack"",""discoveredCheck"",""endgame"",""long""}",A discovered attack — moving one piece uncovers a deadly attack from another.,true,lichess,B3AdN,14223,94,{}
lc_sKB4c,2r1k2r/pp3pp1/3Qbnnp/8/4P3/8/PP2qPPP/2RR2K1 w k - 0 18,"{""c1c8"",""e6c8"",""d6d8""}",knight,5,beginner,Knight 5 · Mate In2,mateIn2,White to move.,1113,Casual,"{""mate"",""mateIn2"",""middlegame"",""short""}",Checkmate in two — a forced sequence that delivers checkmate on move two.,true,lichess,sKB4c,13229,96,"{""Italian_Game"",""Italian_Game_Giuoco_Piano""}"
lc_sPrL7,r3kbnr/pp1b1ppp/3pp3/4q3/2B1PP2/2N5/PPP3PP/R1BQ1RK1 b kq f3 0 10,"{""e5c5"",""g1h1"",""c5c4""}",knight,5,beginner,Knight 5 · Fork,fork,Black to move.,1113,Casual,"{""advantage"",""fork"",""opening"",""short""}","A fork — one piece attacks two enemy pieces at once, forcing a material win.",true,lichess,sPrL7,12961,94,"{""Sicilian_Defense"",""Sicilian_Defense_Open""}"
lc_54wFk,4r1k1/R4Rb1/1p2n1p1/1Pp5/2Prq3/5QPP/7K/6N1 w - - 3 35,"{""f7g7"",""e6g7"",""f3f7"",""g8h8"",""f7g7""}",knight,5,beginner,Knight 5 · Mate In3,mateIn3,White to move.,1114,Casual,"{""clearance"",""exposedKing"",""long"",""mate"",""mateIn3"",""middlegame"",""sacrifice""}",Checkmate in three — calculate the forcing line all the way to mate.,true,lichess,54wFk,24211,95,{}
lc_dZ3Fq,4k3/1Q3p2/p3bb2/4p3/q2p4/2P4P/nP4B1/1K1R4 w - - 0 26,"{""g2c6"",""a4c6"",""b7c6""}",knight,5,beginner,Knight 5 · Fork,fork,White to move.,1114,Casual,"{""crushing"",""fork"",""middlegame"",""short""}","A fork — one piece attacks two enemy pieces at once, forcing a material win.",true,lichess,dZ3Fq,21026,95,{}
lc_uTZbE,2k1n3/p2q1p2/1p2p1p1/8/1QP1N3/3r2P1/PP3PBP/1K5R b - - 0 24,"{""d3d1"",""b1c2"",""d7d3""}",knight,5,beginner,Knight 5 · Mate In2,mateIn2,Black to move.,1114,Casual,"{""mate"",""mateIn2"",""middlegame"",""queensideAttack"",""short"",""triangleMate""}",Checkmate in two — a forced sequence that delivers checkmate on move two.,true,lichess,uTZbE,14932,95,{}
lc_4qpX4,r1q1k2r/pp1n1pb1/3B2pp/1P1Qp3/4P2P/8/P1P1BPP1/R3K2R b KQkq - 0 19,"{""c8c3"",""d5d2"",""c3a1""}",knight,5,beginner,Knight 5 · Fork,fork,Black to move.,1114,Casual,"{""crushing"",""fork"",""middlegame"",""short""}","A fork — one piece attacks two enemy pieces at once, forcing a material win.",true,lichess,4qpX4,12857,95,"{""Indian_Defense"",""Indian_Defense_Other_variations""}"
lc_wbN96,r2qk2r/pb3ppp/2n1p3/1Bpn4/8/P3PN2/1P3PPP/R1BQK2R b KQkq - 1 11,"{""d8a5"",""f3d2"",""a5b5""}",knight,5,beginner,Knight 5 · Fork,fork,Black to move.,1114,Casual,"{""crushing"",""fork"",""opening"",""short""}","A fork — one piece attacks two enemy pieces at once, forcing a material win.",true,lichess,wbN96,11625,96,"{""Indian_Defense"",""Indian_Defense_Normal_Variation""}"
lc_8oWHz,r5rk/2q1np1p/3p1p2/pp2p2P/3pP3/3P1QPB/PPP5/2KR2R1 w - - 7 24,"{""f3f6"",""g8g7"",""h5h6""}",knight,5,beginner,Knight 5 · Crushing,crushing,White to move.,1115,Casual,"{""crushing"",""kingsideAttack"",""middlegame"",""short""}",Find the strongest continuation and seize the advantage.,true,lichess,8oWHz,13788,95,{}
lc_36nBD,8/3r3k/4pRb1/1p2P2p/p5rP/P1P1K3/3R1B2/8 b - - 12 37,"{""g4e4"",""e3f3"",""d7d2""}",knight,5,beginner,Knight 5 · Deflection,deflection,Black to move.,1115,Casual,"{""crushing"",""deflection"",""endgame"",""short""}",A deflection — lure a defending piece away from the square it was guarding.,true,lichess,36nBD,13483,97,{}
lc_O4JCl,r1bq2kr/ppp4p/2n3pQ/2B3b1/4p3/8/PPP3PP/R4RK1 w - - 0 17,"{""f1f8"",""d8f8"",""h6f8""}",knight,5,beginner,Knight 5 · Mate In2,mateIn2,White to move.,1115,Casual,"{""fork"",""mate"",""mateIn2"",""middlegame"",""short""}",Checkmate in two — a forced sequence that delivers checkmate on move two.,true,lichess,O4JCl,12578,97,"{""Kings_Gambit_Accepted"",""Kings_Gambit_Accepted_MacLeod_Defense""}"
lc_w6fnq,2R5/8/5kpp/5p2/3NnP1K/4R1PP/8/7r b - - 2 44,"{""g6g5"",""f4g5"",""h6g5"",""h4h5"",""h1h3""}",knight,5,beginner,Knight 5 · Mate In3,mateIn3,Black to move.,1115,Casual,"{""endgame"",""long"",""mate"",""mateIn3""}",Checkmate in three — calculate the forcing line all the way to mate.,true,lichess,w6fnq,12257,96,{}
lc_p6WHV,r4r2/1pp1q1nk/p2p3p/5p2/PPBbP1Q1/3P2RP/6P1/7K w - f6 0 29,"{""g4g6"",""h7h8"",""g6h6""}",knight,5,beginner,Knight 5 · Mate In2,mateIn2,White to move.,1116,Casual,"{""deflection"",""mate"",""mateIn2"",""middlegame"",""short""}",Checkmate in two — a forced sequence that delivers checkmate on move two.,true,lichess,p6WHV,16989,95,{}
lc_IoK4z,r1bqk2r/pppp1ppp/8/4p3/1P1nP1n1/P1N2N2/1BPPQbPP/R2K1B1R w kq - 2 9,"{""f3d4"",""f2d4"",""e2g4""}",knight,5,beginner,Knight 5 · Discovered Attack,discoveredAttack,White to move.,1116,Casual,"{""advantage"",""discoveredAttack"",""opening"",""short""}",A discovered attack — moving one piece uncovers a deadly attack from another.,true,lichess,IoK4z,16150,95,"{""Three_Knights_Opening"",""Three_Knights_Opening_Other_variations""}"
lc_zPrVs,r1bq1rk1/pp1p1pbp/2n1p1p1/2p3B1/2PnP3/3P1NP1/PP2NPBP/R2Q1RK1 b - - 6 10,"{""d4f3"",""g2f3"",""d8g5""}",knight,5,beginner,Knight 5 · Crushing,crushing,Black to move.,1116,Casual,"{""crushing"",""kingsideAttack"",""opening"",""short""}",Find the strongest continuation and seize the advantage.,true,lichess,zPrVs,16114,96,"{""English_Opening"",""English_Opening_Symmetrical_Variation""}"
lc_Pwo7p,5r1k/2p1Nppp/3p4/4r3/4R2Q/2q4P/6PK/8 w - - 6 35,"{""h4h7"",""h8h7"",""e4h4"",""e5h5"",""h4h5""}",knight,5,beginner,Knight 5 · Mate In3,mateIn3,White to move.,1116,Casual,"{""anastasiaMate"",""attraction"",""endgame"",""long"",""mate"",""mateIn3"",""sacrifice""}",Checkmate in three — calculate the forcing line all the way to mate.,true,lichess,Pwo7p,15565,94,{}
lc_SIWWF,r3br1k/p1p1q1pp/2p2p2/2p2P1Q/2B1P3/2P2R2/P1P3PP/3R2K1 w - - 6 19,"{""h5h7"",""h8h7"",""f3h3"",""e8h5"",""h3h5""}",knight,5,beginner,Knight 5 · Mate In3,mateIn3,White to move.,1116,Casual,"{""attraction"",""kingsideAttack"",""long"",""mate"",""mateIn3"",""middlegame"",""pillsburysMate"",""sacrifice""}",Checkmate in three — calculate the forcing line all the way to mate.,true,lichess,SIWWF,14411,96,"{""Scotch_Game"",""Scotch_Game_Malaniuk_Variation""}"
lc_UoOYU,3r2k1/2R2pp1/p3p3/3pPbQ1/4q3/P6P/1R4PK/8 b - - 0 36,"{""e4e5"",""g5g3"",""e5b2""}",knight,5,beginner,Knight 5 · Fork,fork,Black to move.,1116,Casual,"{""crushing"",""endgame"",""fork"",""short""}","A fork — one piece attacks two enemy pieces at once, forcing a material win.",true,lichess,UoOYU,12477,95,{}
lc_phPiw,r2qr1k1/pp2bp1p/2p1p1pB/3n4/3Pn3/2PB1Q2/PP4PP/R4RK1 w - - 0 17,"{""f3f7"",""g8h8"",""h6g7""}",knight,5,beginner,Knight 5 · Mate In2,mateIn2,White to move.,1116,Casual,"{""kingsideAttack"",""mate"",""mateIn2"",""middlegame"",""short""}",Checkmate in two — a forced sequence that delivers checkmate on move two.,true,lichess,phPiw,12197,95,"{""Queens_Pawn_Game"",""Queens_Pawn_Game_Other_variations""}"
lc_1wckt,r2qk1nr/ppp4p/3pP3/4b3/4Pp2/2N5/PPP3PP/R1BQ2K1 w kq - 0 13,"{""d1h5"",""e8f8"",""h5f7""}",knight,5,beginner,Knight 5 · Mate In2,mateIn2,White to move.,1116,Casual,"{""mate"",""mateIn2"",""middlegame"",""short""}",Checkmate in two — a forced sequence that delivers checkmate on move two.,true,lichess,1wckt,11933,96,"{""Vienna_Game"",""Vienna_Game_Vienna_Gambit""}"
lc_r3sfl,6k1/6p1/4p2p/8/4P3/2R1KP2/1rp3PP/8 b - - 3 39,"{""b2b3"",""c3b3"",""c2c1q""}",knight,5,beginner,Knight 5 · Pin,pin,Black to move.,1117,Casual,"{""advancedPawn"",""crushing"",""deflection"",""endgame"",""pin"",""promotion"",""rookEndgame"",""short""}",A pin — the attacked piece can't move without exposing a more valuable piece behind it.,true,lichess,r3sfl,18966,96,{}
lc_jtfXk,r2qr1k1/1pp2p1p/1nn3pQ/3pP1N1/3P4/P7/5PPP/q3RNK1 w - - 0 26,"{""h6h7"",""g8f8"",""h7f7""}",knight,5,beginner,Knight 5 · Mate In2,mateIn2,White to move.,1117,Casual,"{""kingsideAttack"",""mate"",""mateIn2"",""middlegame"",""short""}",Checkmate in two — a forced sequence that delivers checkmate on move two.,true,lichess,jtfXk,16987,96,{}
lc_1a6O2,r5r1/pppkb2Q/2q1p2p/2n5/3pN3/8/PPP2PPP/R3R1K1 w - - 5 20,"{""e4f6"",""d7d6"",""f6g8""}",knight,5,beginner,Knight 5 · Pin,pin,White to move.,1117,Casual,"{""crushing"",""middlegame"",""pin"",""short""}",A pin — the attacked piece can't move without exposing a more valuable piece behind it.,true,lichess,1a6O2,16808,94,"{""Kings_Pawn_Game"",""Kings_Pawn_Game_McConnell_Defense""}"
lc_n5MlO,r1bqrbk1/pp3p2/2n1pn1Q/3p2N1/3P4/2PB4/PP3PPP/RN3RK1 w - - 3 13,"{""d3h7"",""f6h7"",""h6h7""}",knight,5,beginner,Knight 5 · Mate In2,mateIn2,White to move.,1117,Casual,"{""kingsideAttack"",""mate"",""mateIn2"",""opening"",""short""}",Checkmate in two — a forced sequence that delivers checkmate on move two.,true,lichess,n5MlO,15831,95,"{""Queens_Pawn_Game"",""Queens_Pawn_Game_Colle_System""}"
lc_hBedw,6k1/p2p3p/2p1ppp1/2q5/4P3/2N3P1/PrP2P1P/1R1QKB2 b - - 1 18,"{""c5c3"",""e1e2"",""b2c2"",""d1c2"",""c3c2""}",knight,5,beginner,Knight 5 · Hanging Piece,hangingPiece,Black to move.,1117,Casual,"{""crushing"",""endgame"",""hangingPiece"",""long""}",A hanging piece — an undefended enemy piece is free to capture.,true,lichess,hBedw,14365,95,"{""Sicilian_Defense"",""Sicilian_Defense_Taimanov_Variation""}"
lc_QRteV,3Q4/1p3rpk/p3p3/3p4/1P1PqP2/P7/1K3R2/8 w - - 26 47,"{""f2h2"",""h7g6"",""d8g5""}",knight,5,beginner,Knight 5 · Mate In2,mateIn2,White to move.,1117,Casual,"{""endgame"",""mate"",""mateIn2"",""short""}",Checkmate in two — a forced sequence that delivers checkmate on move two.,true,lichess,QRteV,14047,95,{}
lc_BHYDN,6k1/pp3pp1/2p2n2/3pQ2q/8/3B4/P1P2P2/5K2 w - - 0 30,"{""e5b8"",""f6e8"",""b8e8""}",knight,5,beginner,Knight 5 · Mate In2,mateIn2,White to move.,1117,Casual,"{""endgame"",""mate"",""mateIn2"",""short""}",Checkmate in two — a forced sequence that delivers checkmate on move two.,true,lichess,BHYDN,11308,95,{}
lc_0rklX,5Q2/4r2k/p1p1p1bp/2qp4/5p2/1P6/P1P2PP1/1K2R2R b - - 1 35,"{""c5c2"",""b1a1"",""c2c3""}",knight,5,beginner,Knight 5 · Mate In2,mateIn2,Black to move.,1118,Casual,"{""endgame"",""mate"",""mateIn2"",""queensideAttack"",""short""}",Checkmate in two — a forced sequence that delivers checkmate on move two.,true,lichess,0rklX,16382,96,{}
lc_CGu2X,2r1r2k/1p4Rb/1q3p1P/5N2/3P2Q1/2b1p3/1B3P2/1K6 w - - 3 37,"{""g7h7"",""h8h7"",""g4g7""}",knight,5,beginner,Knight 5 · Mate In2,mateIn2,White to move.,1118,Casual,"{""attraction"",""mate"",""mateIn2"",""middlegame"",""sacrifice"",""short""}",Checkmate in two — a forced sequence that delivers checkmate on move two.,true,lichess,CGu2X,14404,98,{}
lc_VrEeq,6k1/p5pp/2R5/4p3/6K1/B2p2PP/PP2r3/3N1r2 w - - 6 35,"{""c6c8"",""g8f7"",""c8f8"",""f7e6"",""f8f1""}",knight,5,beginner,Knight 5 · Skewer,skewer,White to move.,1118,Casual,"{""crushing"",""endgame"",""long"",""skewer""}","A skewer — the higher-value piece is forced to move, losing the piece behind it.",true,lichess,VrEeq,14250,95,{}
lc_XsmFr,1k4nr/2pQ4/p7/6P1/1P3P2/2q4p/P2n1B1P/R4R1K b - - 0 35,"{""c3f3"",""h1g1"",""f3g2""}",knight,5,beginner,Knight 5 · Mate In2,mateIn2,Black to move.,1118,Casual,"{""mate"",""mateIn2"",""middlegame"",""short""}",Checkmate in two — a forced sequence that delivers checkmate on move two.,true,lichess,XsmFr,13641,95,{}
lc_wLhDH,6rk/1pqb2bp/2pp4/p2Pp1Q1/2P4N/7P/PP2B1K1/2R5 w - - 1 26,"{""h4g6"",""h7g6"",""g5h4"",""g7h6"",""h4h6""}",knight,5,beginner,Knight 5 · Mate In3,mateIn3,White to move.,1118,Casual,"{""clearance"",""kingsideAttack"",""long"",""mate"",""mateIn3"",""middlegame"",""sacrifice""}",Checkmate in three — calculate the forcing line all the way to mate.,true,lichess,wLhDH,13066,96,{}
lc_v3bmu,r2q1rk1/5pbp/p3b1p1/1ppNp1Bn/3nP3/3P1N1P/PPP2QP1/R2B1RK1 b - - 3 15,"{""d4f3"",""d1f3"",""d8g5""}",knight,5,beginner,Knight 5 · Crushing,crushing,Black to move.,1118,Casual,"{""crushing"",""kingsideAttack"",""master"",""middlegame"",""short""}",Find the strongest continuation and seize the advantage.,true,lichess,v3bmu,12050,97,"{""Pirc_Defense"",""Pirc_Defense_Other_variations""}"
lc_98KmI,r2q1rk1/pp1b1pp1/1b2p2p/8/4Nn2/P2Q1N2/1P3PPP/1BR2RK1 w - - 0 17,"{""e4f6"",""d8f6"",""d3h7""}",knight,5,beginner,Knight 5 · Mate In2,mateIn2,White to move.,1119,Casual,"{""clearance"",""kingsideAttack"",""mate"",""mateIn2"",""opening"",""sacrifice"",""short""}",Checkmate in two — a forced sequence that delivers checkmate on move two.,true,lichess,98KmI,24061,95,"{""Queens_Gambit_Declined"",""Queens_Gambit_Declined_Other_variations""}"
lc_FTAtt,rn1qk2r/pp3ppp/2p1p3/4Nb2/1Q1PP3/4nP2/PP1B2PP/RN2KB1R b KQkq - 0 10,"{""e3c2"",""e1e2"",""c2b4""}",knight,5,beginner,Knight 5 · Fork,fork,Black to move.,1119,Casual,"{""advantage"",""fork"",""middlegame"",""short""}","A fork — one piece attacks two enemy pieces at once, forcing a material win.",true,lichess,FTAtt,15814,100,"{""Queens_Gambit_Declined"",""Queens_Gambit_Declined_Marshall_Defense""}"
lc_cqypP,r1bqkb1r/ppp1p3/8/3pP2p/7N/3BPPp1/PPP2nP1/RN1QK2R w KQkq - 1 14,"{""d3g6"",""e8d7"",""d1d5""}",knight,5,beginner,Knight 5 · Mate In2,mateIn2,White to move.,1119,Casual,"{""discoveredAttack"",""epauletteMate"",""interference"",""mate"",""mateIn2"",""opening"",""short""}",Checkmate in two — a forced sequence that delivers checkmate on move two.,true,lichess,cqypP,13432,95,"{""Queens_Pawn_Game"",""Queens_Pawn_Game_Levitsky_Attack""}"
lc_apdIi,rn2k2r/pppbqppp/3b4/3p4/3P1B2/2PB1P2/PP2N1PP/R2Q1RK1 b kq - 4 12,"{""d6f4"",""e2f4"",""e7e3"",""f1f2"",""e3f4""}",knight,5,beginner,Knight 5 · Fork,fork,Black to move.,1119,Casual,"{""advantage"",""fork"",""long"",""opening""}","A fork — one piece attacks two enemy pieces at once, forcing a material win.",true,lichess,apdIi,12222,96,"{""Queens_Pawn_Game"",""Queens_Pawn_Game_Chigorin_Variation""}"
lc_CHWFt,2kr2nr/3p4/1p2p2b/p1p5/P1Pq4/2N2QpP/1PPB4/R2K3R w - - 5 23,"{""f3a8"",""c8c7"",""c3b5""}",knight,5,beginner,Knight 5 · Mate In2,mateIn2,White to move.,1119,Casual,"{""mate"",""mateIn2"",""middlegame"",""queensideAttack"",""short""}",Checkmate in two — a forced sequence that delivers checkmate on move two.,true,lichess,CHWFt,12210,95,{}
lc_Ax42M,2k1rb1r/pp3ppp/2pp4/8/B2PPnq1/1Q1PR1Pb/PP1B1P1P/R2N2K1 b - - 4 16,"{""f4e2"",""e3e2"",""g4e2"",""d1e3"",""e2d2""}",knight,6,beginner,Knight 6 · Advantage,advantage,Black to move.,1119,Casual,"{""advantage"",""kingsideAttack"",""long"",""middlegame""}",Find the strongest continuation and seize the advantage.,true,lichess,Ax42M,11870,98,"{""Ruy_Lopez"",""Ruy_Lopez_Other_variations""}"
lc_DAZbi,8/8/p2R4/q5pk/2p5/2b2r1P/P1P2PP1/6K1 w - - 0 34,"{""g2g4"",""h5h4"",""d6h6""}",knight,6,beginner,Knight 6 · Mate In2,mateIn2,White to move.,1120,Casual,"{""endgame"",""mate"",""mateIn2"",""short""}",Checkmate in two — a forced sequence that delivers checkmate on move two.,true,lichess,DAZbi,17324,96,{}
lc_kv4ar,4r3/p1k3p1/1pp2P2/3p1Q1p/7P/B6K/2P1r3/3R3R b - - 0 30,"{""e8e3"",""f5f3"",""e3f3""}",knight,6,beginner,Knight 6 · Mate In2,mateIn2,Black to move.,1120,Casual,"{""endgame"",""fork"",""mate"",""mateIn2"",""short""}",Checkmate in two — a forced sequence that delivers checkmate on move two.,true,lichess,kv4ar,15435,95,{}
lc_b106W,8/4bk2/1Q2bpp1/4p2p/2NqP3/4N2P/4KPP1/8 b - - 2 44,"{""e6c4"",""e3c4"",""d4c4""}",knight,6,beginner,Knight 6 · Endgame,endgame,Black to move.,1120,Casual,"{""crushing"",""endgame"",""short""}",An endgame technique — precise play with few pieces where every tempo counts.,true,lichess,b106W,14680,96,{}
lc_rM3NQ,1kN5/1p3Q2/p3p3/P2pq3/3p3p/3Pb2P/2P3K1/5R2 b - - 0 33,"{""e5g3"",""g2h1"",""g3h3""}",knight,6,beginner,Knight 6 · Mate In2,mateIn2,Black to move.,1120,Casual,"{""deflection"",""endgame"",""mate"",""mateIn2"",""short""}",Checkmate in two — a forced sequence that delivers checkmate on move two.,true,lichess,rM3NQ,14228,96,{}
lc_cqrlv,r2qk2r/ppp1np1p/2nbb1p1/3Np3/2P1P3/5Q2/PPP1NPPP/R1B1K2R w KQkq - 5 10,"{""d5f6"",""e8f8"",""c1h6""}",knight,6,beginner,Knight 6 · Mate In2,mateIn2,White to move.,1120,Casual,"{""mate"",""mateIn2"",""opening"",""short""}",Checkmate in two — a forced sequence that delivers checkmate on move two.,true,lichess,cqrlv,13866,97,"{""Vienna_Game"",""Vienna_Game_Anderssen_Defense""}"
lc_Lhink,6rk/1pp2p1p/p4p2/3P4/8/6qP/PP1QR3/5R1K b - - 2 30,"{""g3h3"",""e2h2"",""h3f1""}",knight,6,beginner,Knight 6 · Mate In2,mateIn2,Black to move.,1120,Casual,"{""endgame"",""fork"",""mate"",""mateIn2"",""short""}",Checkmate in two — a forced sequence that delivers checkmate on move two.,true,lichess,Lhink,12770,94,{}
lc_yCr7l,r6r/pp2k1p1/2ppn2p/q1b1p3/4PP2/2NP2P1/PPPQ3P/2KR1R2 w - - 1 18,"{""c3d5"",""c6d5"",""d2a5""}",knight,6,beginner,Knight 6 · Discovered Attack,discoveredAttack,White to move.,1120,Casual,"{""crushing"",""discoveredAttack"",""middlegame"",""short""}",A discovered attack — moving one piece uncovers a deadly attack from another.,true,lichess,yCr7l,12430,94,"{""Italian_Game"",""Italian_Game_Giuoco_Pianissimo""}"
lc_BhyxD,3r2k1/1p3ppp/1n6/p7/P1PqP3/1P3QPP/6K1/3q1R2 w - - 0 37,"{""f3f7"",""g8h8"",""f7f8"",""d8f8"",""f1f8""}",knight,6,beginner,Knight 6 · Mate In3,mateIn3,White to move.,1120,Casual,"{""backRankMate"",""endgame"",""long"",""mate"",""mateIn3"",""sacrifice""}",Checkmate in three — calculate the forcing line all the way to mate.,true,lichess,BhyxD,11683,95,{}
lc_xWZT3,6k1/1p3qp1/p7/8/6R1/2P3Q1/PP3PK1/4r3 b - - 0 29,"{""f7d5"",""g3f3"",""e1g1"",""g2g1"",""d5f3""}",knight,6,beginner,Knight 6 · Deflection,deflection,Black to move.,1120,Casual,"{""crushing"",""deflection"",""endgame"",""long""}",A deflection — lure a defending piece away from the square it was guarding.,true,lichess,xWZT3,11547,96,{}
lc_MhZEU,2kr3r/ppp2ppp/8/3n4/P1N1p3/R3P2P/1Pq1B1P1/3Q1K1R b - - 4 19,"{""d5e3"",""c4e3"",""d8d1""}",knight,6,beginner,Knight 6 · Discovered Attack,discoveredAttack,Black to move.,1121,Casual,"{""advantage"",""discoveredAttack"",""middlegame"",""short""}",A discovered attack — moving one piece uncovers a deadly attack from another.,true,lichess,MhZEU,15943,99,{}
lc_f8GX0,4rbk1/p1pq4/6p1/2pp1p2/3Br3/2PQ3R/PP4PP/5RK1 w - - 0 24,"{""h3h8"",""g8f7"",""h8h7"",""f7e6"",""h7d7""}",knight,6,beginner,Knight 6 · Skewer,skewer,White to move.,1121,Casual,"{""crushing"",""exposedKing"",""kingsideAttack"",""long"",""middlegame"",""skewer""}","A skewer — the higher-value piece is forced to move, losing the piece behind it.",true,lichess,f8GX0,13677,95,{}
lc_Mpy85,5k2/5ppp/1Bp1pn2/3pN3/1n1P4/4P2P/5PP1/6K1 w - - 3 25,"{""b6c5"",""f8e8"",""c5b4""}",knight,6,beginner,Knight 6 · Fork,fork,White to move.,1121,Casual,"{""advantage"",""endgame"",""fork"",""short""}","A fork — one piece attacks two enemy pieces at once, forcing a material win.",true,lichess,Mpy85,13362,95,{}
lc_GCLMD,6k1/6p1/R2N2pp/8/3p4/1P1rn2P/P5PK/8 w - - 0 37,"{""a6a8"",""g8h7"",""d6f7"",""g6g5"",""a8h8"",""h7g6"",""f7e5"",""g6f5"",""e5d3""}",knight,6,beginner,Knight 6 · Fork,fork,White to move.,1121,Casual,"{""crushing"",""endgame"",""fork"",""veryLong""}","A fork — one piece attacks two enemy pieces at once, forcing a material win.",true,lichess,GCLMD,13102,96,{}
lc_nzy7H,4r1k1/pp3pp1/3b3p/3PnN2/1Pq5/P1P4P/2Q2PP1/R1B3K1 b - - 4 26,"{""e5f3"",""g2f3"",""e8e1"",""g1g2"",""c4f1""}",knight,6,beginner,Knight 6 · Mate In3,mateIn3,Black to move.,1122,Casual,"{""clearance"",""kingsideAttack"",""long"",""mate"",""mateIn3"",""middlegame"",""sacrifice""}",Checkmate in three — calculate the forcing line all the way to mate.,true,lichess,nzy7H,17096,96,{}
lc_uav68,8/1b5p/2P2r1k/3p3P/3Pp3/8/2R2P2/6K1 w - - 1 41,"{""c6b7"",""f6b6"",""c2c6"",""b6c6"",""b7b8q""}",knight,6,beginner,Knight 6 · Deflection,deflection,White to move.,1122,Casual,"{""advancedPawn"",""crushing"",""deflection"",""endgame"",""exposedKing"",""hangingPiece"",""long"",""promotion""}",A deflection — lure a defending piece away from the square it was guarding.,true,lichess,uav68,15254,96,{}
lc_caLjc,5rk1/1b3qr1/pp1pQ3/2p1pN2/2P1P3/7P/P4PB1/4RK2 w - - 3 37,"{""f5h6"",""g8h7"",""h6f7""}",knight,6,beginner,Knight 6 · Fork,fork,White to move.,1122,Casual,"{""crushing"",""fork"",""middlegame"",""short""}","A fork — one piece attacks two enemy pieces at once, forcing a material win.",true,lichess,caLjc,14784,97,{}
lc_1Bpiy,1k1rQ3/1pp5/pbp5/8/4P1N1/2BP2P1/PP2n1PN/3R3K b - - 0 33,"{""e2g3""}",knight,6,beginner,Knight 6 · Mate In1,mateIn1,Black to move.,1122,Casual,"{""kingsideAttack"",""mate"",""mateIn1"",""middlegame"",""oneMove""}",Checkmate in one — find the single move that ends the game immediately.,true,lichess,1Bpiy,11493,96,{}
lc_SPhB3,r2qk2r/1b2npb1/pp4pp/2p1NP2/8/2NP4/PPP3PP/R1B1QRK1 b kq - 0 15,"{""d8d4"",""c1e3"",""d4e5""}",knight,6,beginner,Knight 6 · Interference,interference,Black to move.,1123,Casual,"{""advantage"",""interference"",""opening"",""short""}",Interference — block the line between two enemy pieces to break their coordination.,true,lichess,SPhB3,14824,95,"{""Sicilian_Defense"",""Sicilian_Defense_Closed""}"
lc_Nxpqd,7q/pp3k2/5p2/2bN3r/4PQ2/3p2rP/PPP3P1/R4R1K b - - 0 25,"{""h5h3"",""g2h3"",""h8h3""}",knight,6,beginner,Knight 6 · Mate In2,mateIn2,Black to move.,1123,Casual,"{""kingsideAttack"",""mate"",""mateIn2"",""middlegame"",""sacrifice"",""short""}",Checkmate in two — a forced sequence that delivers checkmate on move two.,true,lichess,Nxpqd,14188,98,{}
lc_UTS4Q,8/1r6/R2pk2p/4b2P/4Np2/5PpK/6P1/8 w - - 8 44,"{""e4c5"",""e6e7"",""c5b7""}",knight,6,beginner,Knight 6 · Pin,pin,White to move.,1123,Casual,"{""crushing"",""endgame"",""master"",""pin"",""short""}",A pin — the attacked piece can't move without exposing a more valuable piece behind it.,true,lichess,UTS4Q,14142,96,{}
lc_PmeU0,3r4/1Bk2p2/1bP5/3P2q1/4p3/Q3Pp1r/P4P2/3RNK2 w - - 0 37,"{""d5d6"",""d8d6"",""a3d6""}",knight,6,beginner,Knight 6 · Mate In2,mateIn2,White to move.,1123,Casual,"{""master"",""mate"",""mateIn2"",""middlegame"",""short""}",Checkmate in two — a forced sequence that delivers checkmate on move two.,true,lichess,PmeU0,12299,94,{}
lc_ALQVb,2kr1b1r/ppp3pp/2n2n2/4p3/4P1b1/2P3PP/PPK3B1/RNB3NR b - - 0 11,"{""g4d1""}",knight,6,beginner,Knight 6 · Mate In1,mateIn1,Black to move.,1123,Casual,"{""master"",""mate"",""mateIn1"",""oneMove"",""opening""}",Checkmate in one — find the single move that ends the game immediately.,true,lichess,ALQVb,12139,95,"{""Kings_Pawn_Game"",""Kings_Pawn_Game_Other_variations""}"
lc_tQ5c5,6k1/5p2/3q2p1/pQpP3p/1p5P/1Pb3P1/P4PB1/2R1r1K1 w - - 5 34,"{""c1e1"",""c3e1"",""b5e8"",""g8g7"",""e8e1""}",knight,6,beginner,Knight 6 · Fork,fork,White to move.,1123,Casual,"{""crushing"",""endgame"",""fork"",""long""}","A fork — one piece attacks two enemy pieces at once, forcing a material win.",true,lichess,tQ5c5,12108,97,{}
lc_9IgHE,k2r4/p1P3bp/3pQ1n1/1R6/1pP5/3q1Np1/1P3PK1/2R5 b - - 0 31,"{""g6f4"",""g2g3"",""f4e6""}",knight,6,beginner,Knight 6 · Fork,fork,Black to move.,1123,Casual,"{""crushing"",""fork"",""middlegame"",""short""}","A fork — one piece attacks two enemy pieces at once, forcing a material win.",true,lichess,9IgHE,11974,97,{}
lc_KpYGu,6rk/2q3p1/3p2Rp/p3p2P/1p2Pr2/3P2Q1/PP2nP2/1K4R1 w - - 14 32,"{""g6h6"",""g7h6"",""g3g8""}",knight,6,beginner,Knight 6 · Mate In2,mateIn2,White to move.,1124,Casual,"{""discoveredAttack"",""kingsideAttack"",""mate"",""mateIn2"",""middlegame"",""short""}",Checkmate in two — a forced sequence that delivers checkmate on move two.,true,lichess,KpYGu,19004,94,{}
lc_TMv6s,8/p7/8/4p2R/5kp1/1Br4P/P5PK/8 b - - 0 37,"{""g4g3"",""h2g1"",""c3c1"",""b3d1"",""c1d1""}",knight,6,beginner,Knight 6 · Mate In3,mateIn3,Black to move.,1124,Casual,"{""endgame"",""long"",""mate"",""mateIn3""}",Checkmate in three — calculate the forcing line all the way to mate.,true,lichess,TMv6s,14347,95,{}
lc_bNrXn,r7/2p2kp1/pp6/3N4/4P3/6P1/PPP3r1/1K5R w - - 0 31,"{""h1f1"",""f7g6"",""d5f4"",""g6g5"",""f4g2""}",knight,6,beginner,Knight 6 · Fork,fork,White to move.,1124,Casual,"{""advantage"",""endgame"",""fork"",""long""}","A fork — one piece attacks two enemy pieces at once, forcing a material win.",true,lichess,bNrXn,12986,95,{}
lc_a23XT,rn1qk2r/pp1bppbp/6p1/1B1pP3/3P4/1Q3N2/PP3PPP/R1B1K2R b KQkq - 3 10,"{""d8a5"",""c1d2"",""a5b5"",""b3b5"",""d7b5""}",knight,6,beginner,Knight 6 · Crushing,crushing,Black to move.,1125,Casual,"{""crushing"",""long"",""opening""}",Find the strongest continuation and seize the advantage.,true,lichess,a23XT,23023,96,"{""Modern_Defense"",""Modern_Defense_Other_variations""}"
lc_yI2aN,r4b2/p7/kpQPp3/2p1q1B1/2K5/8/PPP2P1P/RN6 b - - 0 23,"{""e5d4"",""c4b3"",""d4b4""}",knight,6,beginner,Knight 6 · Mate In2,mateIn2,Black to move.,1125,Casual,"{""mate"",""mateIn2"",""middlegame"",""short""}",Checkmate in two — a forced sequence that delivers checkmate on move two.,true,lichess,yI2aN,19929,96,{}
lc_Uz5QX,6k1/3p3p/Q3p1p1/3b4/3b3P/1P4q1/1PP3P1/5R1K w - - 0 31,"{""a6c8"",""g8g7"",""c8f8""}",knight,6,beginner,Knight 6 · Mate In2,mateIn2,White to move.,1125,Casual,"{""endgame"",""mate"",""mateIn2"",""short""}",Checkmate in two — a forced sequence that delivers checkmate on move two.,true,lichess,Uz5QX,18073,96,{}
lc_DKseR,r7/pp1Qnkp1/2p1ppp1/2q5/6P1/2P3Br/P1P2P2/3R1RK1 w - - 4 21,"{""g3d6"",""c5c4"",""d7e7""}",knight,6,beginner,Knight 6 · Advantage,advantage,White to move.,1125,Casual,"{""advantage"",""master"",""middlegame"",""short""}",Find the strongest continuation and seize the advantage.,true,lichess,DKseR,15928,96,{}
lc_dAKqv,r4r1k/pp4pp/2b2qB1/4p2Q/3p4/1PN5/1PP2PPP/3RR1K1 b - - 0 21,"{""f6f2"",""g1h1"",""f2g2""}",knight,6,beginner,Knight 6 · Mate In2,mateIn2,Black to move.,1125,Casual,"{""kingsideAttack"",""mate"",""mateIn2"",""middlegame"",""short""}",Checkmate in two — a forced sequence that delivers checkmate on move two.,true,lichess,dAKqv,15659,98,{}
lc_oPLEC,5rk1/3N1pp1/p3pb1P/3p4/2pP1P2/2q1P1Q1/6P1/r2R1K2 w - - 4 34,"{""d7f6"",""g8h8"",""g3g7""}",knight,6,beginner,Knight 6 · Mate In2,mateIn2,White to move.,1125,Casual,"{""kingsideAttack"",""mate"",""mateIn2"",""middlegame"",""pin"",""short""}",Checkmate in two — a forced sequence that delivers checkmate on move two.,true,lichess,oPLEC,14156,95,{}
lc_7v1tj,2R3bk/6pp/1pQ2p2/1P2p3/8/6Pq/4PP1P/3r1BK1 w - - 10 33,"{""c8g8"",""h8g8"",""c6e8""}",knight,6,beginner,Knight 6 · Mate In2,mateIn2,White to move.,1125,Casual,"{""attraction"",""endgame"",""mate"",""mateIn2"",""sacrifice"",""short""}",Checkmate in two — a forced sequence that delivers checkmate on move two.,true,lichess,7v1tj,13732,95,{}
lc_iIc6w,r5k1/p2pB1p1/npp3Qp/3b2N1/5PPq/4P3/PP5P/R3R1K1 b - - 0 24,"{""h4g4"",""g1f1"",""g4g2""}",knight,6,beginner,Knight 6 · Mate In2,mateIn2,Black to move.,1125,Casual,"{""kingsideAttack"",""mate"",""mateIn2"",""middlegame"",""short""}",Checkmate in two — a forced sequence that delivers checkmate on move two.,true,lichess,iIc6w,11884,98,{}
lc_bNKPM,r1b2k1r/p2p1ppp/1p1P1n2/q7/1b1n4/2N5/PP1BQPPP/R3KB1R w KQ - 0 14,"{""e2e7"",""f8g8"",""e7d8"",""f6e8"",""d8e8""}",knight,6,beginner,Knight 6 · Mate In3,mateIn3,White to move.,1125,Casual,"{""long"",""mate"",""mateIn3"",""opening""}",Checkmate in three — calculate the forcing line all the way to mate.,true,lichess,bNKPM,11486,95,"{""Sicilian_Defense"",""Sicilian_Defense_Alapin_Variation""}"
lc_nchEd,5rk1/p5pp/1p2p3/4Qq2/2P1R3/P5P1/1P2P1BP/6K1 b - - 0 27,"{""f5f2"",""g1h1"",""f2e1"",""g2f1"",""e1f1""}",knight,6,beginner,Knight 6 · Mate In3,mateIn3,Black to move.,1126,Casual,"{""endgame"",""long"",""mate"",""mateIn3""}",Checkmate in three — calculate the forcing line all the way to mate.,true,lichess,nchEd,17864,94,{}
lc_ThXdP,r1q1kbnr/p2np2p/2p1Npp1/8/2P5/3QP3/PP4PP/1RB1KB1R b Kkq - 1 16,"{""d7e5"",""d3c2"",""c8e6""}",knight,6,beginner,Knight 6 · Discovered Attack,discoveredAttack,Black to move.,1126,Casual,"{""advantage"",""discoveredAttack"",""opening"",""short""}",A discovered attack — moving one piece uncovers a deadly attack from another.,true,lichess,ThXdP,15338,96,"{""Reti_Opening"",""Reti_Opening_Advance_Variation""}"
lc_gGcRF,8/5pk1/6p1/3Q3p/P1Bb3P/1P4P1/1q3P2/6K1 b - - 2 34,"{""b2f2"",""g1h1"",""f2g1""}",knight,6,beginner,Knight 6 · Mate In2,mateIn2,Black to move.,1126,Casual,"{""endgame"",""mate"",""mateIn2"",""short""}",Checkmate in two — a forced sequence that delivers checkmate on move two.,true,lichess,gGcRF,15034,97,{}
lc_q3fU6,r1bqr1k1/1p3pp1/1p3n1p/2pB4/4P3/2N1QP1P/PPP3P1/R4RK1 b - - 0 15,"{""f6d5"",""c3d5"",""d8d5"",""e4d5"",""e8e3""}",knight,6,beginner,Knight 6 · Advantage,advantage,Black to move.,1126,Casual,"{""advantage"",""long"",""middlegame""}",Find the strongest continuation and seize the advantage.,true,lichess,q3fU6,14081,95,"{""Italian_Game"",""Italian_Game_Giuoco_Pianissimo""}"
lc_GpErb,rn1qrbk1/5p2/2p2n1Q/pp1p2N1/3P2bP/2NB4/PPP2PP1/2KR3R w - - 6 17,"{""d3h7"",""f6h7"",""h6h7""}",knight,6,beginner,Knight 6 · Mate In2,mateIn2,White to move.,1126,Casual,"{""kingsideAttack"",""master"",""mate"",""mateIn2"",""middlegame"",""short""}",Checkmate in two — a forced sequence that delivers checkmate on move two.,true,lichess,GpErb,13016,95,"{""French_Defense"",""French_Defense_Exchange_Variation""}"
lc_nVdHh,6k1/p5p1/3ppr1p/4p3/4P2q/2PQ3P/P4PK1/4R2R b - - 0 25,"{""h4f2""}",knight,7,beginner,Knight 7 · Mate In1,mateIn1,Black to move.,1126,Casual,"{""endgame"",""master"",""mate"",""mateIn1"",""oneMove"",""swallowstailMate""}",Checkmate in one — find the single move that ends the game immediately.,true,lichess,nVdHh,11591,98,{}
lc_b2hww,1r1r2k1/pp4pp/8/8/1BPbQpq1/1P6/P4PPP/3R1RK1 b - - 1 22,"{""d4f2"",""g1f2"",""d8d1"",""f1d1"",""g4d1""}",knight,7,beginner,Knight 7 · Discovered Attack,discoveredAttack,Black to move.,1126,Casual,"{""crushing"",""discoveredAttack"",""kingsideAttack"",""long"",""middlegame""}",A discovered attack — moving one piece uncovers a deadly attack from another.,true,lichess,b2hww,11578,96,{}
lc_c3xDR,1nkr2nr/2pq1pbp/p2p4/3N2p1/p2PPp2/1PQ2R2/PBP3PP/R5K1 w - - 0 16,"{""d5b6"",""c8b7"",""b6d7""}",knight,7,beginner,Knight 7 · Pin,pin,White to move.,1126,Casual,"{""crushing"",""middlegame"",""pin"",""queensideAttack"",""short""}",A pin — the attacked piece can't move without exposing a more valuable piece behind it.,true,lichess,c3xDR,11417,95,"{""Kings_Gambit_Accepted"",""Kings_Gambit_Accepted_MacLeod_Defense""}"
lc_vewFI,r1b1k2r/2p2ppp/p2p4/N7/3PP1n1/2Q5/PqP2PPP/RN2K2R b KQkq - 1 14,"{""b2c1"",""e1e2"",""c1h1""}",knight,7,beginner,Knight 7 · Skewer,skewer,Black to move.,1127,Casual,"{""advantage"",""middlegame"",""short"",""skewer""}","A skewer — the higher-value piece is forced to move, losing the piece behind it.",true,lichess,vewFI,17997,96,"{""Ruy_Lopez"",""Ruy_Lopez_Morphy_Defense""}"
lc_Ym7q8,6K1/7r/8/8/6p1/1k4P1/1pR5/8 w - - 1 54,"{""c2b2"",""b3b2"",""g8h7""}",knight,7,beginner,Knight 7 · Rook Endgame,rookEndgame,White to move.,1127,Casual,"{""crushing"",""endgame"",""master"",""rookEndgame"",""short""}",A rook endgame — master the Lucena and Philidor ideas to convert.,true,lichess,Ym7q8,17465,95,{}
lc_IUcKh,4r1k1/5qB1/p2pp1QP/8/b1p1PP2/2P5/P1P5/2K5 w - - 1 32,"{""h6h7""}",knight,7,beginner,Knight 7 · Mate In1,mateIn1,White to move.,1127,Casual,"{""advancedPawn"",""endgame"",""mate"",""mateIn1"",""oneMove""}",Checkmate in one — find the single move that ends the game immediately.,true,lichess,IUcKh,14174,95,{}
lc_EpAib,4r1k1/pppQ2pp/8/4q3/2P5/4r2P/PP1N2P1/5RK1 w - - 1 28,"{""d7f7"",""g8h8"",""f7f8"",""e8f8"",""f1f8""}",knight,7,beginner,Knight 7 · Mate In3,mateIn3,White to move.,1127,Casual,"{""backRankMate"",""endgame"",""long"",""mate"",""mateIn3"",""sacrifice""}",Checkmate in three — calculate the forcing line all the way to mate.,true,lichess,EpAib,13566,96,{}
lc_oppwB,r1bq1rk1/ppp2p2/8/2bnQ2p/2B3pP/3P2B1/PPPN1PP1/R3K2R b KQ - 0 15,"{""f8e8"",""e5e8"",""d8e8""}",knight,7,beginner,Knight 7 · Pin,pin,Black to move.,1127,Casual,"{""crushing"",""middlegame"",""pin"",""short""}",A pin — the attacked piece can't move without exposing a more valuable piece behind it.,true,lichess,oppwB,13392,95,"{""Italian_Game"",""Italian_Game_Giuoco_Pianissimo""}"
lc_yZX3A,8/1R3p2/2Pk2p1/6r1/2B4p/1P2PK1P/3r4/8 w - - 0 53,"{""b7d7"",""d6c6"",""d7d2""}",knight,7,beginner,Knight 7 · Skewer,skewer,White to move.,1127,Casual,"{""crushing"",""endgame"",""master"",""short"",""skewer""}","A skewer — the higher-value piece is forced to move, losing the piece behind it.",true,lichess,yZX3A,12989,95,{}
lc_2d9Bz,r3qrk1/ppp3pp/2np4/4p2b/2P1n3/P1P1BN1P/4BPP1/R2Q1RK1 w - - 0 14,"{""d1d5"",""g8h8"",""d5e4""}",knight,7,beginner,Knight 7 · Fork,fork,White to move.,1127,Casual,"{""advantage"",""fork"",""master"",""middlegame"",""short""}","A fork — one piece attacks two enemy pieces at once, forcing a material win.",true,lichess,2d9Bz,12035,95,"{""Queens_Pawn_Game"",""Queens_Pawn_Game_Other_variations""}"
lc_BGMOW,6k1/p4p2/1p4pp/2b5/1P2B3/2P3P1/P3qP1P/3R1RK1 b - - 0 23,"{""c5f2"",""f1f2"",""e2d1""}",knight,7,beginner,Knight 7 · Deflection,deflection,Black to move.,1127,Casual,"{""advantage"",""deflection"",""endgame"",""short""}",A deflection — lure a defending piece away from the square it was guarding.,true,lichess,BGMOW,11852,96,{}
lc_RgtRm,r1n3k1/6rp/p4n2/1p1PN1p1/1b2Pp2/5P2/P3BBPP/R4K1R b - - 1 24,"{""b4c3"",""a1c1"",""c3e5""}",knight,7,beginner,Knight 7 · Fork,fork,Black to move.,1128,Casual,"{""advantage"",""fork"",""middlegame"",""short""}","A fork — one piece attacks two enemy pieces at once, forcing a material win.",true,lichess,RgtRm,16772,94,{}
lc_3J8lT,4r1r1/pb1k2b1/1p5p/4BRpn/3P4/2N5/PPP3PP/4R1K1 w - - 1 25,"{""f5f7"",""e8e7"",""f7e7"",""d7e7"",""e5g7""}",knight,7,beginner,Knight 7 · Discovered Attack,discoveredAttack,White to move.,1128,Casual,"{""advantage"",""discoveredAttack"",""discoveredCheck"",""exposedKing"",""long"",""middlegame""}",A discovered attack — moving one piece uncovers a deadly attack from another.,true,lichess,3J8lT,15559,95,{}
lc_q5vyM,r1bqrbk1/1p3p2/2p1pn1Q/p5N1/3P4/P2B4/1PP2PPP/R4RK1 w - - 3 20,"{""d3h7"",""f6h7"",""h6h7""}",knight,7,beginner,Knight 7 · Mate In2,mateIn2,White to move.,1128,Casual,"{""kingsideAttack"",""mate"",""mateIn2"",""middlegame"",""short""}",Checkmate in two — a forced sequence that delivers checkmate on move two.,true,lichess,q5vyM,12795,94,"{""French_Defense"",""French_Defense_Winawer_Variation""}"
lc_Q4u77,2k5/3qb1pr/1Q1p1p2/2pPp3/2P1PB2/1N6/PP2BPK1/8 b - - 0 32,"{""d7h3"",""g2g1"",""h3h1""}",knight,7,beginner,Knight 7 · Mate In2,mateIn2,Black to move.,1128,Casual,"{""mate"",""mateIn2"",""middlegame"",""short""}",Checkmate in two — a forced sequence that delivers checkmate on move two.,true,lichess,Q4u77,12088,96,{}
lc_VRjS0,2r5/2q1p1k1/p2p2p1/1p1P4/8/1P1Q4/1PP5/1K4Rr w - - 0 26,"{""d3g6"",""g7h8"",""g1h1""}",knight,7,beginner,Knight 7 · Mate In2,mateIn2,White to move.,1128,Casual,"{""endgame"",""intermezzo"",""mate"",""mateIn2"",""short""}",Checkmate in two — a forced sequence that delivers checkmate on move two.,true,lichess,VRjS0,11279,96,{}
lc_0VyK5,2b5/2P2p2/5Bpk/3BP2p/7P/6P1/3r4/6K1 w - - 3 47,"{""f6g5"",""h6g7"",""g5d2""}",knight,7,beginner,Knight 7 · Fork,fork,White to move.,1129,Casual,"{""crushing"",""endgame"",""fork"",""short""}","A fork — one piece attacks two enemy pieces at once, forcing a material win.",true,lichess,0VyK5,19584,97,{}
lc_Mw9BP,5rk1/1p1b2pp/1p1P4/5p2/8/4bBPP/rB6/1R1R3K w - - 1 27,"{""f3d5"",""g8h8"",""d5a2""}",knight,7,beginner,Knight 7 · Fork,fork,White to move.,1129,Casual,"{""advantage"",""fork"",""middlegame"",""short""}","A fork — one piece attacks two enemy pieces at once, forcing a material win.",true,lichess,Mw9BP,14854,95,{}
lc_BjQAY,1r5k/p4p2/5N1N/6p1/2B5/6qP/P5P1/4rR1K w - - 7 37,"{""h6f7"",""h8g7"",""f6h5"",""g7g6"",""h5g3""}",knight,7,beginner,Knight 7 · Fork,fork,White to move.,1129,Casual,"{""crushing"",""exposedKing"",""fork"",""long"",""middlegame""}","A fork — one piece attacks two enemy pieces at once, forcing a material win.",true,lichess,BjQAY,12743,95,{}
lc_JSc2U,2rq1rk1/pb3ppp/1p6/3n4/3b4/PPNB4/1BQ2PPP/R2R2K1 w - - 4 17,"{""d3h7"",""g8h8"",""d1d4""}",knight,7,beginner,Knight 7 · Discovered Attack,discoveredAttack,White to move.,1129,Casual,"{""advantage"",""discoveredAttack"",""kingsideAttack"",""middlegame"",""short""}",A discovered attack — moving one piece uncovers a deadly attack from another.,true,lichess,JSc2U,11885,96,"{""Yusupov-Rubinstein_System"",""Yusupov-Rubinstein_System_Other_variations""}"
lc_5hVi1,5rk1/2n3p1/3b2P1/1ppP1pp1/p4P2/P2Q3R/1q2P3/6K1 w - - 0 42,"{""h3h8"",""g8h8"",""d3h3"",""h8g8"",""h3h7""}",knight,7,beginner,Knight 7 · Mate In3,mateIn3,White to move.,1130,Casual,"{""attraction"",""endgame"",""long"",""mate"",""mateIn3"",""sacrifice""}",Checkmate in three — calculate the forcing line all the way to mate.,true,lichess,5hVi1,28001,95,{}
lc_OAIq8,r6k/pb1p1Q1B/2p1nn1q/8/8/2P3RP/P7/6RK w - - 1 33,"{""g3g8"",""a8g8"",""g1g8"",""f6g8"",""f7g8""}",knight,7,beginner,Knight 7 · Mate In3,mateIn3,White to move.,1130,Casual,"{""exposedKing"",""long"",""mate"",""mateIn3"",""middlegame"",""sacrifice""}",Checkmate in three — calculate the forcing line all the way to mate.,true,lichess,OAIq8,22292,96,{}
lc_AAYMl,r2qk2r/1p1nb3/p3pnpp/3pN1p1/3P1B2/2PQ4/PP3PPP/R3K2R w KQkq - 0 14,"{""d3g6"",""e8f8"",""g6f7""}",knight,7,beginner,Knight 7 · Mate In2,mateIn2,White to move.,1130,Casual,"{""mate"",""mateIn2"",""middlegame"",""short""}",Checkmate in two — a forced sequence that delivers checkmate on move two.,true,lichess,AAYMl,17358,97,"{""Queens_Pawn_Game"",""Queens_Pawn_Game_Accelerated_London_System""}"
lc_Dmrdv,rnb2k1r/ppp2Bpp/8/2b1N3/5P1q/2Pp2P1/PP6/RNBQKR2 b Q - 0 11,"{""h4g3"",""e1d2"",""g3e3""}",knight,7,beginner,Knight 7 · Mate In2,mateIn2,Black to move.,1130,Casual,"{""mate"",""mateIn2"",""opening"",""short""}",Checkmate in two — a forced sequence that delivers checkmate on move two.,true,lichess,Dmrdv,15838,96,"{""Kings_Gambit_Declined"",""Kings_Gambit_Declined_Falkbeer_Countergambit""}"
lc_Cjba7,1r3knQ/5p2/ppqp4/5P2/4P3/3R4/PPP3KP/4R3 b - - 0 28,"{""c6c2"",""g2g1"",""c2d3"",""f5f6"",""d3d4""}",knight,7,beginner,Knight 7 · Fork,fork,Black to move.,1130,Casual,"{""advantage"",""endgame"",""fork"",""long""}","A fork — one piece attacks two enemy pieces at once, forcing a material win.",true,lichess,Cjba7,15695,94,{}
lc_4FnC0,1k1r1b1r/R1p2ppp/1pn5/8/Q2P4/1P5b/1PPN1PqP/2B1KR2 w - - 2 16,"{""a7a8"",""b8b7"",""a4a6""}",knight,7,beginner,Knight 7 · Mate In2,mateIn2,White to move.,1130,Casual,"{""mate"",""mateIn2"",""middlegame"",""queensideAttack"",""short"",""triangleMate""}",Checkmate in two — a forced sequence that delivers checkmate on move two.,true,lichess,4FnC0,15658,94,"{""Italian_Game"",""Italian_Game_Two_Knights_Defense""}"
lc_kP2Wx,r3r1k1/2pq1ppp/1pNp4/1P1Q4/PR2n3/4P2P/5PP1/R5K1 w - - 5 31,"{""b4e4"",""e8e4"",""d5e4""}",knight,7,beginner,Knight 7 · Crushing,crushing,White to move.,1130,Casual,"{""crushing"",""middlegame"",""short""}",Find the strongest continuation and seize the advantage.,true,lichess,kP2Wx,13774,95,{}
lc_t9r9b,2kr4/pp4R1/2p2n1p/4N3/P5P1/3rP3/1P5P/2R1K3 b - - 1 23,"{""d3e3"",""e1f2"",""e3e5""}",knight,7,beginner,Knight 7 · Fork,fork,Black to move.,1130,Casual,"{""advantage"",""endgame"",""fork"",""short""}","A fork — one piece attacks two enemy pieces at once, forcing a material win.",true,lichess,t9r9b,11730,95,{}
lc_sXQfc,r2q1rk1/pp1nn1pp/2pb1p2/3p3b/8/3P2PP/PPP2PBN/RNB1QR1K w - - 0 12,"{""e1e6"",""h5f7"",""e6d6""}",knight,7,beginner,Knight 7 · Fork,fork,White to move.,1130,Casual,"{""crushing"",""fork"",""master"",""opening"",""short""}","A fork — one piece attacks two enemy pieces at once, forcing a material win.",true,lichess,sXQfc,11412,94,"{""Kings_Indian_Attack"",""Kings_Indian_Attack_Other_variations""}"
lc_Hzd65,8/4nR2/1p2kp1r/2p1p3/7N/2P3Pp/5P1P/6K1 w - - 2 33,"{""f7e7"",""e6e7"",""h4f5"",""e7e6"",""f5h6""}",knight,7,beginner,Knight 7 · Fork,fork,White to move.,1130,Casual,"{""advantage"",""attraction"",""endgame"",""fork"",""long"",""sacrifice""}","A fork — one piece attacks two enemy pieces at once, forcing a material win.",true,lichess,Hzd65,11303,97,{}
lc_2NoAE,r4rk1/p5pp/1p1bp3/3p4/3P2Qq/1P2P2B/PB3P2/R3R1K1 b - - 0 25,"{""h4f2"",""g1h1"",""f2h2""}",knight,7,beginner,Knight 7 · Mate In2,mateIn2,Black to move.,1131,Casual,"{""fork"",""mate"",""mateIn2"",""middlegame"",""short""}",Checkmate in two — a forced sequence that delivers checkmate on move two.,true,lichess,2NoAE,21874,95,{}
lc_b533S,r2q1rk1/p1p1b1pp/2b2n2/3p4/8/1B6/PP2QPPP/RNB2RK1 w - - 4 15,"{""e2e6"",""g8h8"",""e6c6""}",knight,7,beginner,Knight 7 · Fork,fork,White to move.,1131,Casual,"{""advantage"",""fork"",""opening"",""short""}","A fork — one piece attacks two enemy pieces at once, forcing a material win.",true,lichess,b533S,21544,96,"{""Ponziani_Opening"",""Ponziani_Opening_Other_variations""}"
lc_vSJsB,r4rk1/p1pq1ppp/2n4n/8/3PNR2/2p3Q1/PP1N2PP/5RK1 w - - 0 19,"{""e4f6"",""g8h8"",""f6d7""}",knight,7,beginner,Knight 7 · Pin,pin,White to move.,1131,Casual,"{""crushing"",""middlegame"",""pin"",""short""}",A pin — the attacked piece can't move without exposing a more valuable piece behind it.,true,lichess,vSJsB,18656,97,"{""Kings_Pawn_Game"",""Kings_Pawn_Game_Other_variations""}"
lc_T4QNR,1r4k1/1r1Q3p/4pq2/p2p1ppB/P7/3bP3/5PP1/R1R4K w - - 4 29,"{""c1c8"",""b8c8"",""d7c8"",""g8g7"",""c8b7""}",knight,7,beginner,Knight 7 · Fork,fork,White to move.,1131,Casual,"{""crushing"",""fork"",""long"",""middlegame""}","A fork — one piece attacks two enemy pieces at once, forcing a material win.",true,lichess,T4QNR,16196,95,{}
lc_CtwWk,r1b1k1nr/pp2bpp1/2pq3p/4pP2/P1B1P3/2N5/1PP3PP/R1BQ1RK1 b kq - 0 11,"{""d6c5"",""g1h1"",""c5c4""}",knight,7,beginner,Knight 7 · Fork,fork,Black to move.,1131,Casual,"{""advantage"",""fork"",""opening"",""short""}","A fork — one piece attacks two enemy pieces at once, forcing a material win.",true,lichess,CtwWk,15391,96,"{""Kings_Pawn_Game"",""Kings_Pawn_Game_McConnell_Defense""}"
lc_ocKAC,r1b2rk1/pp4p1/4pn2/2ppN3/2PP4/q2BPP2/P1Q3P1/K2n3R w - - 0 18,"{""d3h7"",""f6h7"",""c2h7""}",knight,7,beginner,Knight 7 · Mate In2,mateIn2,White to move.,1131,Casual,"{""kingsideAttack"",""mate"",""mateIn2"",""middlegame"",""short""}",Checkmate in two — a forced sequence that delivers checkmate on move two.,true,lichess,ocKAC,14984,95,"{""Queens_Gambit_Declined"",""Queens_Gambit_Declined_Ragozin_Defense""}"
lc_jEqoF,4r1k1/5pp1/7p/p6q/1bbpN3/1P1P1PQ1/6KP/2R5 w - - 0 31,"{""e4f6"",""g8f8"",""f6h5""}",knight,7,beginner,Knight 7 · Pin,pin,White to move.,1131,Casual,"{""crushing"",""middlegame"",""pin"",""short""}",A pin — the attacked piece can't move without exposing a more valuable piece behind it.,true,lichess,jEqoF,14420,96,{}
lc_pGg7W,rn1qk2r/pp5p/2p2np1/4p1B1/4P3/2P5/P1P2PPP/R2QK2R w KQkq - 0 13,"{""d1d8"",""e8d8"",""g5f6""}",knight,7,beginner,Knight 7 · Attraction,attraction,White to move.,1131,Casual,"{""attraction"",""crushing"",""middlegame"",""short""}",An attraction — force an enemy piece onto a square where it can be exploited.,true,lichess,pGg7W,13980,97,"{""Modern_Defense"",""Modern_Defense_Standard_Defense""}"
lc_IrCRg,1QQ5/6pk/6b1/p2Bp3/1p2PpPK/5P2/4q3/8 b - - 1 47,"{""e2h2"",""h4g5"",""h2h6""}",knight,7,beginner,Knight 7 · Mate In2,mateIn2,Black to move.,1131,Casual,"{""endgame"",""mate"",""mateIn2"",""short""}",Checkmate in two — a forced sequence that delivers checkmate on move two.,true,lichess,IrCRg,13318,96,{}
lc_dmgwE,3r4/7p/3qp1k1/2p2pp1/8/4PB1P/P1QpKPP1/3R4 b - - 4 30,"{""d6a6"",""c2c4"",""a6c4""}",knight,7,beginner,Knight 7 · Mate In2,mateIn2,Black to move.,1131,Casual,"{""endgame"",""mate"",""mateIn2"",""short""}",Checkmate in two — a forced sequence that delivers checkmate on move two.,true,lichess,dmgwE,11969,96,{}
lc_izr47,6rk/bp2Q3/p1b2p1p/5N2/8/1q6/1P3PPP/5RK1 w - - 0 30,"{""e7f6"",""h8h7"",""f6h6""}",knight,7,beginner,Knight 7 · Mate In2,mateIn2,White to move.,1131,Casual,"{""mate"",""mateIn2"",""middlegame"",""short""}",Checkmate in two — a forced sequence that delivers checkmate on move two.,true,lichess,izr47,11636,96,{}
lc_LnMFo,r2qkr2/pp1n1pQp/4p3/1N4b1/8/5P2/PPP2P1P/3RK2R w Kq - 0 15,"{""b5d6"",""e8e7"",""g7g5""}",knight,7,beginner,Knight 7 · Interference,interference,White to move.,1131,Casual,"{""crushing"",""interference"",""intermezzo"",""middlegame"",""short""}",Interference — block the line between two enemy pieces to break their coordination.,true,lichess,LnMFo,11351,95,"{""Sicilian_Defense"",""Sicilian_Defense_Chekhover_Variation""}"
lc_mwtNA,3r4/2k5/6p1/4p3/1r3pP1/3R3P/1P4K1/4R3 w - - 1 38,"{""e1c1"",""c7b7"",""d3d8""}",knight,7,beginner,Knight 7 · Deflection,deflection,White to move.,1132,Casual,"{""crushing"",""deflection"",""endgame"",""rookEndgame"",""short""}",A deflection — lure a defending piece away from the square it was guarding.,true,lichess,mwtNA,20639,95,{}
lc_GtFWH,6r1/6pk/p5bp/1p1pN2P/1P1P1P2/P3P1R1/2r5/6K1 w - - 0 49,"{""h5g6"",""h7h8"",""e5f7""}",knight,7,beginner,Knight 7 · Mate In2,mateIn2,White to move.,1132,Casual,"{""endgame"",""mate"",""mateIn2"",""short""}",Checkmate in two — a forced sequence that delivers checkmate on move two.,true,lichess,GtFWH,18526,95,{}
lc_LUgvr,8/4P3/p6k/1p4pp/8/3N2PK/4r2P/R7 b - - 0 34,"{""g5g4"",""h3h4"",""e2h2""}",knight,7,beginner,Knight 7 · Mate In2,mateIn2,Black to move.,1132,Casual,"{""deflection"",""endgame"",""mate"",""mateIn2"",""short""}",Checkmate in two — a forced sequence that delivers checkmate on move two.,true,lichess,LUgvr,14669,95,{}
lc_CXzRz,r1b2r1k/2q4n/2p2bQ1/p3p3/4P2P/1BN2N2/1PP5/2K3Rn w - - 2 23,"{""g6g8"",""f8g8"",""g1g8""}",knight,7,beginner,Knight 7 · Mate In2,mateIn2,White to move.,1132,Casual,"{""kingsideAttack"",""mate"",""mateIn2"",""middlegame"",""operaMate"",""sacrifice"",""short""}",Checkmate in two — a forced sequence that delivers checkmate on move two.,true,lichess,CXzRz,14196,97,{}
lc_NU49J,4r1k1/pp3pp1/7p/2pPR3/2P5/q7/P4QPP/2R4K b - - 0 24,"{""a3c1"",""f2g1"",""c1g1"",""h1g1"",""e8e5""}",knight,8,beginner,Knight 8 · Hanging Piece,hangingPiece,Black to move.,1132,Casual,"{""crushing"",""endgame"",""hangingPiece"",""long""}",A hanging piece — an undefended enemy piece is free to capture.,true,lichess,NU49J,13937,94,{}
lc_ggWjT,r2q1rk1/ppp1bpp1/3p1n1p/3N4/2BpP1bP/3P4/PPP2P2/R1BQK2R w KQ - 0 12,"{""d5f6"",""e7f6"",""d1g4""}",knight,8,beginner,Knight 8 · Advantage,advantage,White to move.,1132,Casual,"{""advantage"",""intermezzo"",""kingsideAttack"",""opening"",""short""}",Find the strongest continuation and seize the advantage.,true,lichess,ggWjT,13487,95,"{""Italian_Game"",""Italian_Game_Hungarian_Defense""}"
lc_CeVbw,8/p7/1p2pk2/1r6/P3KP2/8/2P5/8 w - - 0 41,"{""a4b5"",""f6g6"",""e4e5""}",knight,8,beginner,Knight 8 · Endgame,endgame,White to move.,1132,Casual,"{""crushing"",""endgame"",""short""}",An endgame technique — precise play with few pieces where every tempo counts.,true,lichess,CeVbw,12173,96,{}
lc_KJcfO,8/1PR5/1r3kpK/8/7p/7P/8/8 w - - 2 69,"{""c7c6"",""b6c6"",""b7b8q""}",knight,8,beginner,Knight 8 · Deflection,deflection,White to move.,1132,Casual,"{""advancedPawn"",""crushing"",""deflection"",""endgame"",""promotion"",""rookEndgame"",""short""}",A deflection — lure a defending piece away from the square it was guarding.,true,lichess,KJcfO,11564,95,{}
lc_3paQv,3R4/ppq3pk/4p1r1/4P2P/4p3/8/PP3r2/1K4R1 w - - 0 29,"{""h5g6"",""h7h6"",""d8h8""}",knight,8,beginner,Knight 8 · Mate In2,mateIn2,White to move.,1133,Casual,"{""endgame"",""master"",""mate"",""mateIn2"",""queenRookEndgame"",""short""}",Checkmate in two — a forced sequence that delivers checkmate on move two.,true,lichess,3paQv,18040,96,{}
lc_GrYgZ,1R6/5P1k/3p2pb/2pPp2p/3qP2P/p1N2R2/P1K2P2/8 b - - 2 36,"{""d4d2"",""c2b3"",""d2b2"",""b3c4"",""b2b8""}",knight,8,beginner,Knight 8 · Skewer,skewer,Black to move.,1133,Casual,"{""crushing"",""endgame"",""exposedKing"",""long"",""skewer""}","A skewer — the higher-value piece is forced to move, losing the piece behind it.",true,lichess,GrYgZ,17338,95,{}
lc_emnD8,2kr2nr/pppbqp2/3ppb2/3Pn2p/2BQP1p1/P1N1B3/1PP1NPPP/R3K2R b KQ - 2 14,"{""e5f3"",""g2f3"",""f6d4""}",knight,8,beginner,Knight 8 · Discovered Attack,discoveredAttack,Black to move.,1133,Casual,"{""advantage"",""discoveredAttack"",""middlegame"",""short""}",A discovered attack — moving one piece uncovers a deadly attack from another.,true,lichess,emnD8,15500,96,"{""Pirc_Defense"",""Pirc_Defense_Other_variations""}"
lc_0vhSb,2kr3r/pp3ppp/2p2n2/2Q5/2BpPq2/3K1P2/PP1N4/3R1R2 b - - 5 18,"{""f4e3"",""d3c2"",""d4d3"",""c2b1"",""e3c5""}",knight,8,beginner,Knight 8 · Discovered Attack,discoveredAttack,Black to move.,1133,Casual,"{""crushing"",""discoveredAttack"",""long"",""middlegame""}",A discovered attack — moving one piece uncovers a deadly attack from another.,true,lichess,0vhSb,14116,94,"{""Queens_Gambit_Declined"",""Queens_Gambit_Declined_Chigorin_Defense""}"
lc_ab1aZ,8/7R/r3p3/2k1P2p/5P2/rPP5/6PP/1K1R4 b - - 0 30,"{""a3a1"",""b1c2"",""a6a2"",""c2d3"",""a1d1""}",knight,8,beginner,Knight 8 · Deflection,deflection,Black to move.,1133,Casual,"{""advantage"",""deflection"",""endgame"",""exposedKing"",""long"",""rookEndgame""}",A deflection — lure a defending piece away from the square it was guarding.,true,lichess,ab1aZ,13143,95,{}
lc_dm9CX,8/5kpp/pp3p2/2p2N2/6P1/1qBp3P/1P1K3R/6R1 b - - 2 32,"{""b3c2"",""d2e3"",""c2h2""}",knight,8,beginner,Knight 8 · Skewer,skewer,Black to move.,1133,Casual,"{""crushing"",""endgame"",""short"",""skewer""}","A skewer — the higher-value piece is forced to move, losing the piece behind it.",true,lichess,dm9CX,13120,95,{}
lc_HVFrG,r1bq1r1k/p1p2p1n/2pp1b1B/5N1p/4P1Q1/7P/PPP2PP1/R3R1K1 w - - 0 17,"{""h6g7"",""f6g7"",""g4g7""}",knight,8,beginner,Knight 8 · Mate In2,mateIn2,White to move.,1133,Casual,"{""fork"",""mate"",""mateIn2"",""middlegame"",""short""}",Checkmate in two — a forced sequence that delivers checkmate on move two.,true,lichess,HVFrG,12885,95,"{""Ruy_Lopez"",""Ruy_Lopez_Steinitz_Defense""}"
lc_l0YFm,4rr1k/2qn3p/2p2pp1/pp3N2/3P2P1/1Q2P3/PPP5/1K1R3R w - - 2 22,"{""h1h7"",""h8h7"",""d1h1"",""c7h2"",""h1h2""}",knight,8,beginner,Knight 8 · Mate In3,mateIn3,White to move.,1133,Casual,"{""attraction"",""kingsideAttack"",""long"",""mate"",""mateIn3"",""middlegame"",""sacrifice""}",Checkmate in three — calculate the forcing line all the way to mate.,true,lichess,l0YFm,12600,96,{}
lc_qbymD,r1b1k2r/ppp3pp/4p3/4P1B1/2B1n3/2P5/P4PPP/3RK2R w Kkq - 1 14,"{""d1d8"",""e8f7"",""d8h8""}",knight,8,beginner,Knight 8 · Skewer,skewer,White to move.,1133,Casual,"{""crushing"",""middlegame"",""short"",""skewer""}","A skewer — the higher-value piece is forced to move, losing the piece behind it.",true,lichess,qbymD,11367,96,"{""Nimzo-Indian_Defense"",""Nimzo-Indian_Defense_Other_variations""}"
lc_mW6Q7,3k4/7R/3Kp3/5r1p/p7/8/8/8 w - - 4 60,"{""h7h8"",""f5f8"",""h8f8""}",knight,8,beginner,Knight 8 · Mate In2,mateIn2,White to move.,1134,Casual,"{""endgame"",""master"",""mate"",""mateIn2"",""rookEndgame"",""short""}",Checkmate in two — a forced sequence that delivers checkmate on move two.,true,lichess,mW6Q7,23250,95,{}
lc_DP8fv,6k1/p7/P1B4Q/1P6/8/4K3/1q3P2/8 b - - 11 56,"{""b2c1"",""e3e2"",""c1h6""}",knight,8,beginner,Knight 8 · Skewer,skewer,Black to move.,1134,Casual,"{""crushing"",""endgame"",""short"",""skewer""}","A skewer — the higher-value piece is forced to move, losing the piece behind it.",true,lichess,DP8fv,21983,96,{}
lc_KIma6,1r3r1k/2p3p1/4Bq1p/pn3R2/3P1p2/P3PP2/QP3P1P/5RK1 b - - 1 25,"{""f6g6"",""g1h1"",""f8f5"",""e6f5"",""g6f5""}",knight,8,beginner,Knight 8 · Discovered Attack,discoveredAttack,Black to move.,1134,Casual,"{""crushing"",""discoveredAttack"",""long"",""middlegame""}",A discovered attack — moving one piece uncovers a deadly attack from another.,true,lichess,KIma6,19787,94,{}
lc_ZqPLl,r2qkb1r/p2bnppp/1pB5/2pQ2P1/8/2N2p2/PPP2P1P/R1B1K2R w KQkq - 1 11,"{""c6d7"",""d8d7"",""d5a8""}",knight,8,beginner,Knight 8 · Discovered Attack,discoveredAttack,White to move.,1134,Casual,"{""crushing"",""discoveredAttack"",""master"",""opening"",""short""}",A discovered attack — moving one piece uncovers a deadly attack from another.,true,lichess,ZqPLl,19768,95,"{""Zukertort_Opening"",""Zukertort_Opening_Queenside_Fianchetto_Variation""}"
lc_3Tzk4,1r2r1k1/3p1ppp/p2P4/Pp3N2/2p1n3/2P5/5PPP/R3R1K1 w - - 4 25,"{""f5e7"",""e8e7"",""d6e7""}",knight,8,beginner,Knight 8 · Advanced Pawn,advancedPawn,White to move.,1134,Casual,"{""advancedPawn"",""advantage"",""endgame"",""kingsideAttack"",""short""}",An advanced pawn — push the passer or use its threats to win material.,true,lichess,3Tzk4,17341,95,{}
lc_dAP4Y,r3kb1r/p1p4p/3qppp1/1bppN2Q/5P2/BP2P3/P1P3PP/R3K2R w KQkq - 0 15,"{""e5g6"",""h7g6"",""h5h8""}",knight,8,beginner,Knight 8 · Advantage,advantage,White to move.,1134,Casual,"{""advantage"",""middlegame"",""short""}",Find the strongest continuation and seize the advantage.,true,lichess,dAP4Y,16963,94,"{""Nimzo-Larsen_Attack"",""Nimzo-Larsen_Attack_Classical_Variation""}"
lc_e0mhc,1q3rk1/pp2bppp/2p5/6r1/1P5n/P3P2P/1BQ2PP1/2RR1BK1 b - - 3 22,"{""h4f3"",""g1h1"",""b8h2""}",knight,8,beginner,Knight 8 · Mate In2,mateIn2,Black to move.,1134,Casual,"{""kingsideAttack"",""mate"",""mateIn2"",""middlegame"",""pin"",""short""}",Checkmate in two — a forced sequence that delivers checkmate on move two.,true,lichess,e0mhc,15560,96,{}
lc_3Bml7,5r1k/p2n2p1/2bR1N2/2P2q2/4pn1p/1BQ1B2P/6P1/3R2K1 b - - 0 32,"{""f4e2"",""g1h1"",""e2c3""}",knight,8,beginner,Knight 8 · Middlegame,middlegame,Black to move.,1134,Casual,"{""middlegame""}",Find the strongest continuation and seize the advantage.,true,lichess,3Bml7,14749,100,{}
lc_qUvdz,8/p1kr2pp/2p4n/p7/Nr6/K5P1/PP3R1P/5R2 w - - 3 29,"{""a4c5"",""d7e7"",""c5a6"",""c7b6"",""a6b4""}",knight,8,beginner,Knight 8 · Fork,fork,White to move.,1134,Casual,"{""advantage"",""endgame"",""fork"",""long""}","A fork — one piece attacks two enemy pieces at once, forcing a material win.",true,lichess,qUvdz,14735,94,{}
lc_VXkOh,3r4/B5pk/4p3/3n1pq1/8/7P/PP1RQPP1/6K1 b - - 1 37,"{""d5f4"",""e2f3"",""d8d2""}",knight,8,beginner,Knight 8 · Discovered Attack,discoveredAttack,Black to move.,1134,Casual,"{""advantage"",""discoveredAttack"",""endgame"",""short""}",A discovered attack — moving one piece uncovers a deadly attack from another.,true,lichess,VXkOh,14120,95,{}
lc_CvRhT,r4rk1/1p3p2/p2p1qpn/7p/P2pP3/1P3P1Q/3PB1PP/R4RK1 b - - 3 20,"{""d4d3"",""e2d3"",""f6d4"",""g1h1"",""d4d3""}",knight,8,beginner,Knight 8 · Fork,fork,Black to move.,1134,Casual,"{""advantage"",""clearance"",""fork"",""long"",""middlegame""}","A fork — one piece attacks two enemy pieces at once, forcing a material win.",true,lichess,CvRhT,14024,96,{}
lc_iV7No,6rk/ppR5/2p1bN1p/4P3/2PP4/1P3r1P/P6K/R7 b - - 2 28,"{""f3h3""}",knight,8,beginner,Knight 8 · Mate In1,mateIn1,Black to move.,1134,Casual,"{""endgame"",""master"",""mate"",""mateIn1"",""oneMove"",""operaMate""}",Checkmate in one — find the single move that ends the game immediately.,true,lichess,iV7No,12590,96,{}
lc_kTkll,r2q1rk1/ppp2p2/2np1n2/2bNp1p1/2B1P1b1/3P4/PPPQ1PPP/R4RK1 w - - 0 13,"{""d2g5"",""g8h7"",""d5f6"",""d8f6"",""g5f6""}",knight,8,beginner,Knight 8 · Fork,fork,White to move.,1134,Casual,"{""crushing"",""fork"",""long"",""middlegame""}","A fork — one piece attacks two enemy pieces at once, forcing a material win.",true,lichess,kTkll,12431,95,"{""Italian_Game"",""Italian_Game_Giuoco_Piano""}"
lc_nahRG,r4rk1/p4pp1/2p2n2/3p2qp/2P5/1P2P2b/PB1N1QBK/R2R4 b - - 1 20,"{""f6g4"",""h2h3"",""g4f2""}",knight,8,beginner,Knight 8 · Fork,fork,Black to move.,1134,Casual,"{""crushing"",""fork"",""middlegame"",""short""}","A fork — one piece attacks two enemy pieces at once, forcing a material win.",true,lichess,nahRG,12369,95,{}
lc_Q3cVV,6k1/8/7p/6p1/2q2p2/3p1P1P/5BP1/3Q1K2 b - - 11 45,"{""d3d2"",""f1g1"",""c4c1"",""d1c1"",""d2c1q""}",knight,8,beginner,Knight 8 · Discovered Attack,discoveredAttack,Black to move.,1134,Casual,"{""advancedPawn"",""crushing"",""discoveredAttack"",""discoveredCheck"",""endgame"",""long"",""promotion""}",A discovered attack — moving one piece uncovers a deadly attack from another.,true,lichess,Q3cVV,12331,95,{}
lc_8eE5C,6r1/p6k/6bP/2pK1p2/3p4/3P4/PPPB4/6R1 b - - 1 38,"{""g6f7"",""d5c5"",""g8g1""}",knight,8,beginner,Knight 8 · Discovered Attack,discoveredAttack,Black to move.,1134,Casual,"{""advantage"",""discoveredAttack"",""endgame"",""short""}",A discovered attack — moving one piece uncovers a deadly attack from another.,true,lichess,8eE5C,12054,96,{}
lc_DSBke,2r4k/pp1b2pp/7q/8/2BP4/1P2r1P1/P2QP2P/4RRK1 b - - 2 23,"{""e3g3"",""h2g3"",""h6d2""}",knight,8,beginner,Knight 8 · Discovered Attack,discoveredAttack,Black to move.,1134,Casual,"{""crushing"",""discoveredAttack"",""kingsideAttack"",""middlegame"",""short""}",A discovered attack — moving one piece uncovers a deadly attack from another.,true,lichess,DSBke,11819,95,{}
lc_3V4sO,k2r3r/3b2pp/q4p2/2RP4/1Q3P2/P4N2/1P4PP/5n1K w - - 3 25,"{""c5a5"",""a6a5"",""b4a5""}",knight,8,beginner,Knight 8 · Pin,pin,White to move.,1134,Casual,"{""advantage"",""middlegame"",""pin"",""queensideAttack"",""short""}",A pin — the attacked piece can't move without exposing a more valuable piece behind it.,true,lichess,3V4sO,11786,95,{}
lc_t8r6Q,1r2k3/R6R/8/2pP4/p1P2p2/P4NbP/4r1P1/7K b - - 0 40,"{""b8b1"",""f3g1"",""b1g1"",""h1g1"",""e2e1""}",knight,8,beginner,Knight 8 · Mate In3,mateIn3,Black to move.,1135,Casual,"{""attraction"",""endgame"",""long"",""mate"",""mateIn3"",""pillsburysMate"",""sacrifice""}",Checkmate in three — calculate the forcing line all the way to mate.,true,lichess,t8r6Q,30869,96,{}
lc_q97uH,r5k1/5ppp/1nQBp3/3p4/p2PP3/1q3P2/6PP/2R3K1 w - - 2 26,"{""c6a8"",""b6a8"",""c1c8""}",knight,8,beginner,Knight 8 · Mate In2,mateIn2,White to move.,1135,Casual,"{""backRankMate"",""clearance"",""endgame"",""mate"",""mateIn2"",""sacrifice"",""short""}",Checkmate in two — a forced sequence that delivers checkmate on move two.,true,lichess,q97uH,25927,95,{}
lc_KJrAx,4Q3/2p2ppk/p2b2qp/5b2/4N3/4BN2/PPP2PP1/6RK b - - 0 25,"{""g6h5"",""f3h2"",""h5h2""}",knight,8,beginner,Knight 8 · Mate In2,mateIn2,Black to move.,1135,Casual,"{""kingsideAttack"",""mate"",""mateIn2"",""middlegame"",""short""}",Checkmate in two — a forced sequence that delivers checkmate on move two.,true,lichess,KJrAx,20917,95,{}
lc_fZDMB,8/pQ4pk/2p4p/2P5/1K1P4/1PB3P1/8/q7 b - - 0 46,"{""a7a5"",""b4c4"",""a1f1""}",knight,8,beginner,Knight 8 · Mate In2,mateIn2,Black to move.,1135,Casual,"{""endgame"",""mate"",""mateIn2"",""short""}",Checkmate in two — a forced sequence that delivers checkmate on move two.,true,lichess,fZDMB,20377,95,{}
lc_Aaxav,2rq3Q/p2brk2/1p2pnp1/3p4/3P4/2P5/PP1N1PPR/2K4R w - - 2 24,"{""h2h7"",""f6h7"",""h1h7""}",knight,8,beginner,Knight 8 · Mate In2,mateIn2,White to move.,1135,Casual,"{""mate"",""mateIn2"",""middlegame"",""sacrifice"",""short""}",Checkmate in two — a forced sequence that delivers checkmate on move two.,true,lichess,Aaxav,20254,96,{}
lc_gD242,4q1k1/p2n1p1p/PpQP2p1/8/3N4/P3r3/B5PP/2R3K1 b - - 0 36,"{""e3e1"",""g1f2"",""e8e3""}",knight,8,beginner,Knight 8 · Mate In2,mateIn2,Black to move.,1135,Casual,"{""mate"",""mateIn2"",""middlegame"",""short"",""triangleMate""}",Checkmate in two — a forced sequence that delivers checkmate on move two.,true,lichess,gD242,18253,95,{}
lc_4cLiL,4r3/p2krppp/1p1p4/2pP4/2P2b2/1P5P/P2B1PP1/2KRR3 w - - 1 20,"{""e1e7"",""e8e7"",""d2f4""}",knight,8,beginner,Knight 8 · Endgame,endgame,White to move.,1135,Casual,"{""advantage"",""endgame"",""short""}",An endgame technique — precise play with few pieces where every tempo counts.,true,lichess,4cLiL,17379,95,{}
lc_yWHfK,r1b3k1/2R2r1p/4p1pP/8/pp2P3/1P6/P1P3P1/2KR4 w - - 2 35,"{""d1d8"",""f7f8"",""c7g7"",""g8h8"",""d8f8""}",knight,8,beginner,Knight 8 · Mate In3,mateIn3,White to move.,1135,Casual,"{""deflection"",""endgame"",""long"",""mate"",""mateIn3""}",Checkmate in three — calculate the forcing line all the way to mate.,true,lichess,yWHfK,15860,98,{}
lc_W90Yf,5r1k/p3Q1p1/7p/2q5/7n/1PP5/P4PPP/R3R1K1 b - - 2 29,"{""c5f2"",""g1h1"",""f2g2""}",knight,8,beginner,Knight 8 · Mate In2,mateIn2,Black to move.,1135,Casual,"{""endgame"",""mate"",""mateIn2"",""short""}",Checkmate in two — a forced sequence that delivers checkmate on move two.,true,lichess,W90Yf,15178,95,{}
lc_PlwBu,r6k/p3Npb1/1p3n2/7p/7P/3QPqB1/PP3P1K/R5R1 b - - 3 28,"{""f6g4"",""h2h3"",""g4f2""}",knight,8,beginner,Knight 8 · Crushing,crushing,Black to move.,1135,Casual,"{""crushing"",""middlegame"",""short""}",Find the strongest continuation and seize the advantage.,true,lichess,PlwBu,14918,98,{}
lc_bddFh,r2qkb1r/pQp1pppp/8/4nb2/4p3/8/PPPP1PPP/RNB1K1NR w KQkq - 0 8,"{""b7b5"",""d8d7"",""b5e5""}",knight,8,beginner,Knight 8 · Fork,fork,White to move.,1135,Casual,"{""advantage"",""fork"",""opening"",""short""}","A fork — one piece attacks two enemy pieces at once, forcing a material win.",true,lichess,bddFh,14165,96,"{""Scandinavian_Defense"",""Scandinavian_Defense_Other_variations""}"
lc_uhXq4,3R4/ppr3pk/4pp2/4N1P1/2P1n2P/1P6/P5K1/8 w - - 0 36,"{""g5g6"",""h7h6"",""d8h8""}",knight,8,beginner,Knight 8 · Mate In2,mateIn2,White to move.,1135,Casual,"{""endgame"",""mate"",""mateIn2"",""short""}",Checkmate in two — a forced sequence that delivers checkmate on move two.,true,lichess,uhXq4,14152,97,{}
lc_Ji22z,r2b2k1/p1pn4/2q1prNp/1p3P2/2pP4/2P3P1/P6P/R1Q2RK1 w - - 0 23,"{""c1h6"",""e6f5"",""h6h8""}",knight,8,beginner,Knight 8 · Crushing,crushing,White to move.,1135,Casual,"{""crushing"",""kingsideAttack"",""middlegame"",""short""}",Find the strongest continuation and seize the advantage.,true,lichess,Ji22z,14147,94,{}
lc_zyyJA,8/p2q4/2p1pkrB/2Pp4/1P1P4/3QP2p/P7/7K w - - 0 29,"{""d3f1"",""f6e7"",""f1f8""}",knight,8,beginner,Knight 8 · Mate In2,mateIn2,White to move.,1135,Casual,"{""endgame"",""mate"",""mateIn2"",""short""}",Checkmate in two — a forced sequence that delivers checkmate on move two.,true,lichess,zyyJA,13980,95,{}
lc_puCj0,4k3/5p2/p3p3/1pR1Pp2/1QbP1P1K/PP5P/8/2q5 b - - 4 40,"{""c1f4"",""h4h5"",""c4e2""}",knight,8,beginner,Knight 8 · Mate In2,mateIn2,Black to move.,1135,Casual,"{""endgame"",""mate"",""mateIn2"",""short""}",Checkmate in two — a forced sequence that delivers checkmate on move two.,true,lichess,puCj0,13491,96,{}
lc_snVwi,5q1k/6pp/6p1/pQ4P1/3P1r2/2P5/PP5P/4R1K1 b - - 0 29,"{""f4g4"",""g1h1"",""f8f3""}",knight,8,beginner,Knight 8 · Mate In2,mateIn2,Black to move.,1135,Casual,"{""endgame"",""mate"",""mateIn2"",""short""}",Checkmate in two — a forced sequence that delivers checkmate on move two.,true,lichess,snVwi,12793,94,{}
lc_whJdt,r4r1k/4qp2/p7/3p1B1p/7P/1NpQ1P2/P5P1/2KR4 b - - 1 29,"{""e7a3"",""c1b1"",""a3b2""}",knight,8,beginner,Knight 8 · Mate In2,mateIn2,Black to move.,1135,Casual,"{""mate"",""mateIn2"",""middlegame"",""queensideAttack"",""short""}",Checkmate in two — a forced sequence that delivers checkmate on move two.,true,lichess,whJdt,12285,98,{}
lc_FpFED,8/pp3kpp/2p5/2Br4/2K4P/P1P2NP1/8/8 b - - 6 42,"{""b7b5"",""c4b4"",""a7a5"",""b4a5"",""d5c5""}",knight,8,beginner,Knight 8 · Deflection,deflection,Black to move.,1135,Casual,"{""crushing"",""deflection"",""endgame"",""long""}",A deflection — lure a defending piece away from the square it was guarding.,true,lichess,FpFED,12193,97,{}
lc_7WZuP,r5rk/pq3p1p/1p2pP2/2p1PnQ1/3p1P2/3P1P2/PPP3K1/R6R w - - 5 26,"{""h1h7"",""h8h7"",""a1h1"",""f5h6"",""h1h6""}",knight,8,beginner,Knight 8 · Mate In3,mateIn3,White to move.,1135,Casual,"{""attraction"",""kingsideAttack"",""long"",""mate"",""mateIn3"",""middlegame"",""sacrifice""}",Checkmate in three — calculate the forcing line all the way to mate.,true,lichess,7WZuP,11803,96,{}
lc_ImRXx,8/5rpk/4pp2/2pp2PP/6r1/pP2P1R1/P5P1/2K5 w - - 0 30,"{""g5g6"",""g4g6"",""h5g6"",""h7g8"",""g6f7""}",knight,9,beginner,Knight 9 · Fork,fork,White to move.,1136,Casual,"{""advancedPawn"",""crushing"",""endgame"",""fork"",""long"",""rookEndgame""}","A fork — one piece attacks two enemy pieces at once, forcing a material win.",true,lichess,ImRXx,21868,96,{}
lc_bumq7,rn1q1rk1/4bppp/bp2pn2/pN6/P1pP4/6P1/1B2PPBP/R2QK1NR w KQ - 0 12,"{""g2a8"",""a6b5"",""a4b5"",""e7b4"",""e1f1""}",knight,9,beginner,Knight 9 · Hanging Piece,hangingPiece,White to move.,1136,Casual,"{""advantage"",""defensiveMove"",""hangingPiece"",""long"",""middlegame""}",A hanging piece — an undefended enemy piece is free to capture.,true,lichess,bumq7,21833,97,"{""Queens_Pawn_Game"",""Queens_Pawn_Game_Chigorin_Variation""}"
lc_mxqNk,rn1q1r1k/pp3B1p/6p1/2p2QN1/8/2pP4/P1P2PPP/R5K1 w - - 0 19,"{""f5e5"",""d8f6"",""e5f6""}",knight,9,beginner,Knight 9 · Mate In2,mateIn2,White to move.,1136,Casual,"{""kingsideAttack"",""mate"",""mateIn2"",""middlegame"",""short""}",Checkmate in two — a forced sequence that delivers checkmate on move two.,true,lichess,mxqNk,19599,95,"{""Sicilian_Defense"",""Sicilian_Defense_Bowdler_Attack""}"
lc_TZLwm,4Rr1k/p4ppp/3b4/1p1P1qB1/2p5/4PP1P/PPQ2PK1/2R5 b - - 0 25,"{""f5g5"",""g2f1"",""f8e8""}",knight,9,beginner,Knight 9 · Hanging Piece,hangingPiece,Black to move.,1136,Casual,"{""advantage"",""hangingPiece"",""intermezzo"",""middlegame"",""short""}",A hanging piece — an undefended enemy piece is free to capture.,true,lichess,TZLwm,15336,96,{}
lc_CoBLi,1k3r2/1pp2qp1/p7/2P5/6Q1/P1N5/1P4P1/3R2K1 b - - 6 40,"{""f7f2"",""g1h2"",""f8h8""}",knight,9,beginner,Knight 9 · Endgame,endgame,Black to move.,1136,Casual,"{""crushing"",""endgame"",""short""}",An endgame technique — precise play with few pieces where every tempo counts.,true,lichess,CoBLi,13882,95,{}
lc_OeX1a,r2q1Bk1/1p1b1pp1/p1n5/7B/4P2b/1NN5/PPPQ2P1/2K4R b - - 0 18,"{""h4g5"",""f8c5"",""g5d2""}",knight,9,beginner,Knight 9 · Pin,pin,Black to move.,1136,Casual,"{""advantage"",""middlegame"",""pin"",""short""}",A pin — the attacked piece can't move without exposing a more valuable piece behind it.,true,lichess,OeX1a,12738,96,"{""Sicilian_Defense"",""Sicilian_Defense_Najdorf_Variation""}"
lc_yriHB,r1b5/ppp1kN1Q/3p1qp1/n1b1p3/4P3/P7/BPPP1PPP/R1B1K2R b KQ - 0 14,"{""f6f2"",""e1d1"",""c8g4""}",knight,9,beginner,Knight 9 · Mate In2,mateIn2,Black to move.,1136,Casual,"{""attackingF2F7"",""mate"",""mateIn2"",""middlegame"",""short""}",Checkmate in two — a forced sequence that delivers checkmate on move two.,true,lichess,yriHB,12644,96,"{""Four_Knights_Game"",""Four_Knights_Game_Italian_Variation""}"
lc_73X7l,r4rk1/1pp2pp1/p1np4/4N3/3NP1np/PBP4q/1P1B1P2/R2QR1K1 b - - 0 19,"{""h3h2"",""g1f1"",""h2f2""}",knight,9,beginner,Knight 9 · Mate In2,mateIn2,Black to move.,1136,Casual,"{""fork"",""mate"",""mateIn2"",""middlegame"",""short""}",Checkmate in two — a forced sequence that delivers checkmate on move two.,true,lichess,73X7l,12102,95,"{""Philidor_Defense"",""Philidor_Defense_Other_variations""}"
lc_vZ2MH,6r1/2q2ppk/p3p2p/1p1p3R/3P2Q1/1P4RP/r5P1/6K1 w - - 6 30,"{""h5h6"",""g7h6"",""g4g8""}",knight,9,beginner,Knight 9 · Mate In2,mateIn2,White to move.,1136,Casual,"{""endgame"",""mate"",""mateIn2"",""short""}",Checkmate in two — a forced sequence that delivers checkmate on move two.,true,lichess,vZ2MH,11711,96,{}
lc_1rjQK,r6k/r2b1Ppp/3Bp3/7P/1b1QP1n1/1B6/1PP5/qNKR3R b - - 2 29,"{""a1b1"",""c1b1"",""a7a1""}",knight,9,beginner,Knight 9 · Mate In2,mateIn2,Black to move.,1137,Casual,"{""attraction"",""mate"",""mateIn2"",""middlegame"",""queensideAttack"",""sacrifice"",""short""}",Checkmate in two — a forced sequence that delivers checkmate on move two.,true,lichess,1rjQK,25555,97,{}
lc_pqhBP,r1b2rk1/1p1p4/p6p/4qpp1/1b6/2NQ4/PPP1N1PP/R4RK1 w - - 0 19,"{""d3c4"",""g8h7"",""c4b4""}",knight,9,beginner,Knight 9 · Fork,fork,White to move.,1137,Casual,"{""advantage"",""fork"",""middlegame"",""short""}","A fork — one piece attacks two enemy pieces at once, forcing a material win.",true,lichess,pqhBP,24466,94,"{""Sicilian_Defense"",""Sicilian_Defense_Bowdler_Attack""}"
lc_lPD5Q,r2qk2r/p1pb1ppp/2p5/2bpP3/3Nn3/2P2P2/PP4PP/RNBQK2R b KQkq - 0 10,"{""d8h4"",""g2g3"",""e4g3""}",knight,9,beginner,Knight 9 · Crushing,crushing,Black to move.,1137,Casual,"{""crushing"",""opening"",""short""}",Find the strongest continuation and seize the advantage.,true,lichess,lPD5Q,21273,94,"{""Italian_Game"",""Italian_Game_Classical_Variation""}"
lc_AhGJS,r3r3/p1q2ppk/3b4/3p4/5nb1/4BN1P/PP2QPP1/R2R2K1 w - - 0 19,"{""f3g5"",""h7g8"",""e2g4""}",knight,9,beginner,Knight 9 · Discovered Attack,discoveredAttack,White to move.,1137,Casual,"{""advantage"",""discoveredAttack"",""master"",""middlegame"",""short""}",A discovered attack — moving one piece uncovers a deadly attack from another.,true,lichess,AhGJS,21247,94,"{""French_Defense"",""French_Defense_Tarrasch_Variation""}"
lc_czoeJ,8/R7/1pk5/2b1p3/2K5/p3PP2/8/8 b - - 2 49,"{""b6b5"",""c4b3"",""c5a7""}",knight,9,beginner,Knight 9 · Discovered Attack,discoveredAttack,Black to move.,1137,Casual,"{""crushing"",""discoveredAttack"",""endgame"",""master"",""short""}",A discovered attack — moving one piece uncovers a deadly attack from another.,true,lichess,czoeJ,20513,95,{}
lc_2SH1N,1R3Q2/3k1p2/4b3/3pP3/p2P4/2q4p/P1B4P/3R3K b - - 0 38,"{""c3f3"",""h1g1"",""f3g2""}",knight,9,beginner,Knight 9 · Mate In2,mateIn2,Black to move.,1137,Casual,"{""endgame"",""mate"",""mateIn2"",""short""}",Checkmate in two — a forced sequence that delivers checkmate on move two.,true,lichess,2SH1N,17639,96,{}
lc_zOW2N,3r2k1/1p1n2pp/4p3/8/6Q1/8/1q3PPP/4R1K1 w - - 0 25,"{""g4e6"",""g8h8"",""e6e8"",""d7f8"",""e8d8""}",knight,9,beginner,Knight 9 · Pin,pin,White to move.,1137,Casual,"{""crushing"",""endgame"",""long"",""pin""}",A pin — the attacked piece can't move without exposing a more valuable piece behind it.,true,lichess,zOW2N,17100,96,{}
lc_Dk4zp,5rk1/1b1qbppp/4pn2/p2p4/Pp1P1B2/1B1P4/NP2QPPP/2R3K1 w - - 2 20,"{""c1c7"",""f8c8"",""c7d7""}",knight,9,beginner,Knight 9 · Advantage,advantage,White to move.,1137,Casual,"{""advantage"",""middlegame"",""short""}",Find the strongest continuation and seize the advantage.,true,lichess,Dk4zp,14353,95,"{""Sicilian_Defense"",""Sicilian_Defense_Nyezhmetdinov-Rossolimo_Attack""}"
lc_lyiRc,5rk1/2B2ppp/2B1pq2/p1n5/1bQ3P1/2NP3P/PPn2P2/3R1K1R b - - 7 21,"{""c2e3"",""f1g1"",""e3c4""}",knight,9,beginner,Knight 9 · Pin,pin,Black to move.,1137,Casual,"{""advantage"",""middlegame"",""pin"",""short""}",A pin — the attacked piece can't move without exposing a more valuable piece behind it.,true,lichess,lyiRc,13599,95,{}
lc_S7MIX,r1bqk1nr/2bp2p1/p1p4p/1p2P3/1P1Q4/1BP5/P5PP/RNB1R1K1 b kq - 0 17,"{""c7b6"",""c1e3"",""b6d4""}",knight,9,beginner,Knight 9 · Pin,pin,Black to move.,1137,Casual,"{""advantage"",""opening"",""pin"",""short""}",A pin — the attacked piece can't move without exposing a more valuable piece behind it.,true,lichess,S7MIX,13116,94,"{""Italian_Game"",""Italian_Game_Anti-Fried_Liver_Defense""}"
lc_3KEna,2kr4/p1p3pp/8/1p6/2p1r3/P6P/1PPP1KP1/R1B1R3 b - - 1 19,"{""d8f8"",""f2g3"",""e4e1""}",knight,9,beginner,Knight 9 · Deflection,deflection,Black to move.,1137,Casual,"{""crushing"",""deflection"",""endgame"",""short""}",A deflection — lure a defending piece away from the square it was guarding.,true,lichess,3KEna,12926,95,{}
lc_dCgId,2k2r1r/ppp2R2/8/1Q1pP3/6p1/2P1P1P1/P6q/4RK2 w - - 2 24,"{""b5d7"",""c8b8"",""d7c7"",""b8a8"",""c7b7""}",knight,9,beginner,Knight 9 · Mate In3,mateIn3,White to move.,1137,Casual,"{""endgame"",""long"",""mate"",""mateIn3"",""queensideAttack""}",Checkmate in three — calculate the forcing line all the way to mate.,true,lichess,dCgId,12560,95,{}
lc_ouhsT,1b6/5pk1/4pnpp/2Np2B1/3P4/2P2P1P/6P1/6K1 w - - 0 39,"{""g5f6"",""g7f6"",""c5d7"",""f6e7"",""d7b8""}",knight,9,beginner,Knight 9 · Fork,fork,White to move.,1137,Casual,"{""advantage"",""attraction"",""endgame"",""fork"",""long""}","A fork — one piece attacks two enemy pieces at once, forcing a material win.",true,lichess,ouhsT,11480,95,{}
lc_HRXVU,1rb2R2/p1N4p/4B1pk/1p2p3/1P4Pb/2P5/P6P/7K b - - 1 30,"{""c8b7"",""h1g1"",""b8f8""}",knight,9,beginner,Knight 9 · Discovered Attack,discoveredAttack,Black to move.,1138,Casual,"{""crushing"",""discoveredAttack"",""endgame"",""short""}",A discovered attack — moving one piece uncovers a deadly attack from another.,true,lichess,HRXVU,21312,96,{}
lc_tkt7T,3r4/1p2kp2/2p4p/p3Pp2/5Pp1/2P3K1/PP4PP/3R4 w - - 2 24,"{""d1d8"",""e7d8"",""g3h4"",""d8e8"",""h4h5""}",knight,9,beginner,Knight 9 · Rook Endgame,rookEndgame,White to move.,1138,Casual,"{""crushing"",""endgame"",""long"",""rookEndgame""}",A rook endgame — master the Lucena and Philidor ideas to convert.,true,lichess,tkt7T,17877,96,{}
lc_d03er,2rq1rk1/p4pp1/bp2pn1p/3p4/1n1P2N1/2P3P1/PPQN1PP1/RB2K2R w KQ - 6 15,"{""g4f6"",""d8f6"",""c2h7""}",knight,9,beginner,Knight 9 · Mate In2,mateIn2,White to move.,1138,Casual,"{""kingsideAttack"",""mate"",""mateIn2"",""middlegame"",""short""}",Checkmate in two — a forced sequence that delivers checkmate on move two.,true,lichess,d03er,16736,95,"{""Horwitz_Defense"",""Horwitz_Defense_Other_variations""}"
lc_oyI99,r4rk1/pp3p1p/2n2ppQ/3N4/1b6/5P2/qP2PP1P/2KR1BR1 w - - 0 15,"{""d5f6"",""g8h8"",""h6h7""}",knight,9,beginner,Knight 9 · Mate In2,mateIn2,White to move.,1138,Casual,"{""kingsideAttack"",""mate"",""mateIn2"",""middlegame"",""short""}",Checkmate in two — a forced sequence that delivers checkmate on move two.,true,lichess,oyI99,15834,96,"{""Queens_Pawn_Game"",""Queens_Pawn_Game_Torre_Attack""}"
lc_NskZC,r1bq1rk1/ppp1b1p1/5n1p/3PRn2/2B5/2N5/PPP2PPP/R1BQ2K1 w - - 3 12,"{""d5d6"",""g8h8"",""d6e7"",""d8d1"",""c3d1""}",knight,9,beginner,Knight 9 · Fork,fork,White to move.,1138,Casual,"{""advancedPawn"",""advantage"",""discoveredAttack"",""discoveredCheck"",""fork"",""long"",""opening""}","A fork — one piece attacks two enemy pieces at once, forcing a material win.",true,lichess,NskZC,14841,95,"{""Italian_Game"",""Italian_Game_Anti-Fried_Liver_Defense""}"
lc_T2Zjk,1rbqk2r/1p2np1p/p5pb/2p1p3/P3N3/3P1BP1/1PPQ3P/R3K2R w KQk - 0 16,"{""e4f6"",""e8f8"",""d2h6""}",knight,9,beginner,Knight 9 · Mate In2,mateIn2,White to move.,1138,Casual,"{""intermezzo"",""mate"",""mateIn2"",""middlegame"",""short""}",Checkmate in two — a forced sequence that delivers checkmate on move two.,true,lichess,T2Zjk,14620,97,"{""Sicilian_Defense"",""Sicilian_Defense_Closed""}"
lc_fHS1b,1kb5/8/p3p3/1p2P3/5P2/6Q1/PP2pqPP/4R2K b - - 3 30,"{""f2f1"",""e1f1"",""e2f1q""}",knight,9,beginner,Knight 9 · Mate In2,mateIn2,Black to move.,1138,Casual,"{""advancedPawn"",""endgame"",""mate"",""mateIn2"",""promotion"",""short""}",Checkmate in two — a forced sequence that delivers checkmate on move two.,true,lichess,fHS1b,13228,96,{}
lc_ZBklY,r2qr1k1/pp1b1p2/2npp1p1/6N1/2B1P2Q/4N2P/P1P2PP1/b3R1K1 w - - 0 19,"{""h4h7"",""g8f8"",""h7f7""}",knight,9,beginner,Knight 9 · Mate In2,mateIn2,White to move.,1138,Casual,"{""kingsideAttack"",""mate"",""mateIn2"",""middlegame"",""short""}",Checkmate in two — a forced sequence that delivers checkmate on move two.,true,lichess,ZBklY,13102,96,"{""Sicilian_Defense"",""Sicilian_Defense_Classical_Variation""}"
lc_ZPfJ3,r4b2/p1p5/1p1p2bp/3p2p1/P2P2P1/2P1PN1P/2kNKP2/1R6 w - - 1 30,"{""f3e1"",""c2c3"",""b1b3""}",knight,9,beginner,Knight 9 · Mate In2,mateIn2,White to move.,1138,Casual,"{""endgame"",""mate"",""mateIn2"",""short""}",Checkmate in two — a forced sequence that delivers checkmate on move two.,true,lichess,ZPfJ3,12923,98,{}
lc_KNL9A,r2q1rk1/1p3pbp/p1np1np1/3N4/4Ppb1/2NB4/PPPB2PP/R2Q1RK1 w - - 2 14,"{""d5f6"",""d8f6"",""d1g4""}",knight,9,beginner,Knight 9 · Advantage,advantage,White to move.,1138,Casual,"{""advantage"",""kingsideAttack"",""middlegame"",""short""}",Find the strongest continuation and seize the advantage.,true,lichess,KNL9A,12743,95,"{""Sicilian_Defense"",""Sicilian_Defense_Lowenthal_Variation""}"
lc_QTDaU,r1b4r/1p2pB1k/pq1p2pP/2n1P3/8/2N1Q3/PPP5/2KR3R b - - 0 22,"{""c5b3"",""f7b3"",""b6e3""}",knight,9,beginner,Knight 9 · Discovered Attack,discoveredAttack,Black to move.,1138,Casual,"{""crushing"",""discoveredAttack"",""middlegame"",""queensideAttack"",""short""}",A discovered attack — moving one piece uncovers a deadly attack from another.,true,lichess,QTDaU,11838,97,{}
lc_fAy6f,3rr1k1/ppp2pp1/2n4p/3qp3/8/PPBP1P1P/2P3P1/R2QR1K1 b - - 0 16,"{""d5c5"",""g1h1"",""c5c3""}",knight,9,beginner,Knight 9 · Fork,fork,Black to move.,1138,Casual,"{""crushing"",""fork"",""middlegame"",""short""}","A fork — one piece attacks two enemy pieces at once, forcing a material win.",true,lichess,fAy6f,11386,96,"{""Kings_Pawn_Game"",""Kings_Pawn_Game_Leonardis_Variation""}"
lc_FRs8n,4r2k/pp6/2pbn2p/6pN/4R3/P7/1P1B2P1/7K w - - 0 30,"{""d2c3"",""h8g8"",""h5f6"",""g8f7"",""f6e8""}",knight,9,beginner,Knight 9 · Fork,fork,White to move.,1138,Casual,"{""advantage"",""endgame"",""exposedKing"",""fork"",""long""}","A fork — one piece attacks two enemy pieces at once, forcing a material win.",true,lichess,FRs8n,11376,96,{}
lc_EGE2O,r1b1qrk1/pp2b3/2p1pn1Q/6N1/3PN3/4P3/PP3PPP/n1BK3R w - - 0 19,"{""e4f6"",""f8f6"",""h6h7"",""g8f8"",""h7h8""}",knight,9,beginner,Knight 9 · Mate In3,mateIn3,White to move.,1139,Casual,"{""exposedKing"",""fork"",""long"",""mate"",""mateIn3"",""middlegame""}",Checkmate in three — calculate the forcing line all the way to mate.,true,lichess,EGE2O,22298,94,"{""English_Opening"",""English_Opening_Caro-Kann_Defensive_System""}"
lc_DkFAb,1r5r/4ppk1/p2pb3/3n4/1q2P1P1/5P2/1PPQB3/1K1R3R w - - 0 23,"{""d2g5"",""g7f8"",""h1h8""}",knight,9,beginner,Knight 9 · Mate In2,mateIn2,White to move.,1139,Casual,"{""deflection"",""mate"",""mateIn2"",""middlegame"",""short""}",Checkmate in two — a forced sequence that delivers checkmate on move two.,true,lichess,DkFAb,22244,95,{}
lc_AXBgU,2k1r2r/Q1q3p1/P1P5/1p1P1p2/1P2n1np/4B3/4RPPN/R5K1 b - - 0 23,"{""c7h2"",""g1f1"",""h2h1""}",knight,9,beginner,Knight 9 · Mate In2,mateIn2,Black to move.,1139,Casual,"{""kingsideAttack"",""mate"",""mateIn2"",""middlegame"",""short""}",Checkmate in two — a forced sequence that delivers checkmate on move two.,true,lichess,AXBgU,16922,97,{}
lc_rhroF,rnbQqk2/pp4pp/8/8/8/8/PPP3PP/3R3K w - - 2 25,"{""d1f1"",""c8f5"",""f1f5"",""f8g8"",""d8e8""}",knight,9,beginner,Knight 9 · Mate In3,mateIn3,White to move.,1139,Casual,"{""deflection"",""endgame"",""long"",""mate"",""mateIn3""}",Checkmate in three — calculate the forcing line all the way to mate.,true,lichess,rhroF,14160,96,{}
lc_8OO7E,8/1P6/2n2p2/3k2pp/2pp3P/3N1KP1/5P2/8 w - - 0 47,"{""d3b4"",""c6b4"",""b7b8q""}",knight,9,beginner,Knight 9 · Deflection,deflection,White to move.,1139,Casual,"{""advancedPawn"",""crushing"",""deflection"",""endgame"",""knightEndgame"",""master"",""masterVsMaster"",""promotion"",""short"",""superGM""}",A deflection — lure a defending piece away from the square it was guarding.,true,lichess,8OO7E,13086,97,{}
lc_KFX0I,5k2/7Q/5P2/5K2/8/8/8/6q1 b - - 3 65,"{""g1b1"",""f5e6"",""b1h7""}",knight,9,beginner,Knight 9 · Skewer,skewer,Black to move.,1139,Casual,"{""crushing"",""endgame"",""queenEndgame"",""short"",""skewer""}","A skewer — the higher-value piece is forced to move, losing the piece behind it.",true,lichess,KFX0I,12659,95,{}
lc_5hfCT,r2q1bk1/1b3Rn1/4p1QB/2ppn3/8/2N5/PP1N2PP/6K1 w - - 0 24,"{""f7g7"",""f8g7"",""g6g7""}",knight,9,beginner,Knight 9 · Mate In2,mateIn2,White to move.,1139,Casual,"{""kingsideAttack"",""mate"",""mateIn2"",""middlegame"",""short""}",Checkmate in two — a forced sequence that delivers checkmate on move two.,true,lichess,5hfCT,12636,97,{}
lc_Vr3y1,7r/Q2B1pk1/3B2p1/1b5p/1N1n4/8/Pq6/2RKR3 b - - 0 27,"{""b5e2"",""e1e2"",""b2e2""}",knight,9,beginner,Knight 9 · Mate In2,mateIn2,Black to move.,1139,Casual,"{""mate"",""mateIn2"",""middlegame"",""short""}",Checkmate in two — a forced sequence that delivers checkmate on move two.,true,lichess,Vr3y1,12330,96,{}
lc_sys22,r1bqr1k1/pp1n1pbp/2p2np1/3p4/3P4/BP1BPN1P/P3NPP1/R2QK2R b KQ - 1 11,"{""d8a5"",""d1d2"",""a5a3""}",knight,9,beginner,Knight 9 · Fork,fork,Black to move.,1139,Casual,"{""crushing"",""fork"",""opening"",""short""}","A fork — one piece attacks two enemy pieces at once, forcing a material win.",true,lichess,sys22,11604,96,"{""English_Opening"",""English_Opening_Anglo-Indian_Defense""}"
lc_cELzY,2kr1r2/p1q3pp/2p1b3/3pP3/Q7/P1P5/P4PPP/1R3RK1 w - - 3 21,"{""a4a6"",""c8d7"",""b1b7""}",knight,9,beginner,Knight 9 · Pin,pin,White to move.,1139,Casual,"{""crushing"",""middlegame"",""pin"",""short""}",A pin — the attacked piece can't move without exposing a more valuable piece behind it.,true,lichess,cELzY,11293,95,{}
lc_TdwcF,8/P7/3R4/r5k1/3p4/8/1p6/1K6 w - - 2 44,"{""d6d5"",""a5d5"",""a7a8q""}",knight,9,beginner,Knight 9 · Deflection,deflection,White to move.,1140,Casual,"{""advancedPawn"",""advantage"",""deflection"",""endgame"",""promotion"",""rookEndgame"",""short""}",A deflection — lure a defending piece away from the square it was guarding.,true,lichess,TdwcF,26931,94,{}
lc_XaNzt,7k/1p6/p3p1B1/q7/P1p1P3/2P5/3Q1Pb1/3nK3 w - - 0 28,"{""d2h6"",""h8g8"",""h6h7"",""g8f8"",""h7f7""}",knight,9,beginner,Knight 9 · Mate In3,mateIn3,White to move.,1140,Casual,"{""endgame"",""exposedKing"",""long"",""mate"",""mateIn3""}",Checkmate in three — calculate the forcing line all the way to mate.,true,lichess,XaNzt,20906,97,{}
lc_oYyPG,6k1/5p1p/1b1R1qp1/rP6/PQ6/6P1/5P1P/3R2K1 b - - 1 32,"{""f6f2"",""g1h1"",""f2f3""}",knight,9,beginner,Knight 9 · Mate In2,mateIn2,Black to move.,1140,Casual,"{""endgame"",""mate"",""mateIn2"",""short""}",Checkmate in two — a forced sequence that delivers checkmate on move two.,true,lichess,oYyPG,20558,95,{}
lc_kPzmb,6k1/5pp1/1P2nn1p/3p4/8/Q1q1PN2/3N1PP1/1R4K1 b - - 0 28,"{""c3a3"",""b6b7"",""f6d7"",""b7b8q"",""d7b8""}",knight,9,beginner,Knight 9 · Hanging Piece,hangingPiece,Black to move.,1140,Casual,"{""advantage"",""hangingPiece"",""long"",""middlegame"",""quietMove""}",A hanging piece — an undefended enemy piece is free to capture.,true,lichess,kPzmb,18732,94,{}
lc_MDbXd,8/5pkp/2B2rp1/2R5/P5P1/Pb5P/5PK1/8 b - - 0 32,"{""f6c6"",""c5c6"",""b3d5"",""g2g3"",""d5c6""}",knight,9,beginner,Knight 9 · Fork,fork,Black to move.,1140,Casual,"{""advantage"",""attraction"",""endgame"",""fork"",""long"",""master"",""sacrifice""}","A fork — one piece attacks two enemy pieces at once, forcing a material win.",true,lichess,MDbXd,16326,95,{}
lc_ptqHF,1r1q3r/2pBkp2/p3p3/3pN3/Q2P4/P3P1p1/6P1/R4RK1 b - - 2 25,"{""h8h1"",""g1h1"",""d8h8"",""h1g1"",""h8h2""}",knight,9,beginner,Knight 9 · Mate In3,mateIn3,Black to move.,1140,Casual,"{""attraction"",""kingsideAttack"",""long"",""mate"",""mateIn3"",""middlegame"",""sacrifice""}",Checkmate in three — calculate the forcing line all the way to mate.,true,lichess,ptqHF,15813,95,{}
lc_HfTVT,5r2/1q3p1k/4p2p/p2pP3/2pP4/2P2P2/1r1Q1K2/4R2R w - - 4 33,"{""h1h6"",""h7g8"",""e1g1""}",knight,9,beginner,Knight 9 · Mate In2,mateIn2,White to move.,1140,Casual,"{""endgame"",""mate"",""mateIn2"",""short""}",Checkmate in two — a forced sequence that delivers checkmate on move two.,true,lichess,HfTVT,15172,95,{}
lc_h1Yn3,r1b1k1nr/pppp1ppp/8/3N4/1PqnP1N1/8/PP1P1PPP/R1BQK2R b KQkq - 0 9,"{""d4c2"",""d1c2"",""c4c2""}",knight,9,beginner,Knight 9 · Fork,fork,Black to move.,1140,Casual,"{""advantage"",""fork"",""opening"",""short""}","A fork — one piece attacks two enemy pieces at once, forcing a material win.",true,lichess,h1Yn3,14945,95,"{""Three_Knights_Opening"",""Three_Knights_Opening_Other_variations""}"
lc_UAflc,1Q1R4/pp3p1k/2q2npp/6r1/2N5/1P6/P5P1/6K1 w - - 4 35,"{""d8h8"",""h7g7"",""b8f8""}",knight,9,beginner,Knight 9 · Mate In2,mateIn2,White to move.,1140,Casual,"{""endgame"",""mate"",""mateIn2"",""short"",""triangleMate""}",Checkmate in two — a forced sequence that delivers checkmate on move two.,true,lichess,UAflc,14924,95,{}
lc_IafCX,4rrk1/p1p2p1p/6p1/8/8/qB3Q2/P3nPPP/5R1K w - - 0 27,"{""b3f7"",""f8f7"",""f3a3""}",knight,10,beginner,Knight 10 · Fork,fork,White to move.,1140,Casual,"{""advantage"",""discoveredAttack"",""fork"",""middlegame"",""short""}","A fork — one piece attacks two enemy pieces at once, forcing a material win.",true,lichess,IafCX,14642,95,{}
lc_MpYKB,8/5N2/2b3p1/7p/2Bb4/4kPP1/P2n3P/2R4K b - - 2 36,"{""c6f3"",""h1g1"",""e3e4""}",knight,10,beginner,Knight 10 · Mate In2,mateIn2,Black to move.,1140,Casual,"{""discoveredAttack"",""discoveredCheck"",""endgame"",""mate"",""mateIn2"",""short""}",Checkmate in two — a forced sequence that delivers checkmate on move two.,true,lichess,MpYKB,14496,95,{}
lc_8kN8j,r4rk1/p3R1p1/5bQB/qp1p1b2/8/P7/1P3PPP/2R3K1 w - - 2 24,"{""e7g7"",""f6g7"",""g6g7""}",knight,10,beginner,Knight 10 · Mate In2,mateIn2,White to move.,1140,Casual,"{""kingsideAttack"",""mate"",""mateIn2"",""middlegame"",""short""}",Checkmate in two — a forced sequence that delivers checkmate on move two.,true,lichess,8kN8j,13827,95,{}
lc_6o1Kj,r1bq3k/pppp1p2/4r3/3Np1R1/2n1P3/3P3P/PPP2P2/2K3R1 w - - 0 20,"{""g5h5"",""e6h6"",""h5h6""}",knight,10,beginner,Knight 10 · Mate In2,mateIn2,White to move.,1140,Casual,"{""kingsideAttack"",""mate"",""mateIn2"",""middlegame"",""short""}",Checkmate in two — a forced sequence that delivers checkmate on move two.,true,lichess,6o1Kj,13652,98,"{""Italian_Game"",""Italian_Game_Giuoco_Pianissimo""}"
lc_RmTmn,5k2/6r1/1p3p2/1r6/2Q2PP1/7P/K7/4R2R b - - 0 40,"{""g7a7"",""c4a4"",""a7a4""}",knight,10,beginner,Knight 10 · Mate In2,mateIn2,Black to move.,1140,Casual,"{""endgame"",""mate"",""mateIn2"",""queenRookEndgame"",""short""}",Checkmate in two — a forced sequence that delivers checkmate on move two.,true,lichess,RmTmn,13348,97,{}
lc_sgqlY,r2qr1k1/pp1n1pbp/3pb1p1/2p1n1B1/2P1P3/1PN2NPP/P3QPB1/R4RK1 b - - 2 13,"{""e5f3"",""e2f3"",""d8g5""}",knight,10,beginner,Knight 10 · Crushing,crushing,Black to move.,1140,Casual,"{""crushing"",""kingsideAttack"",""middlegame"",""short""}",Find the strongest continuation and seize the advantage.,true,lichess,sgqlY,13266,97,"{""Kings_Indian_Defense"",""Kings_Indian_Defense_Fianchetto_Variation""}"
lc_GIoXg,r4bk1/pp3pp1/7p/3Q4/2P5/7P/PP3PPq/1R2RK2 b - - 0 29,"{""h2h1"",""f1e2"",""a8e8"",""e2f3"",""e8e1"",""b1e1"",""h1e1""}",knight,10,beginner,Knight 10 · Deflection,deflection,Black to move.,1140,Casual,"{""advantage"",""deflection"",""endgame"",""veryLong""}",A deflection — lure a defending piece away from the square it was guarding.,true,lichess,GIoXg,13110,95,{}
lc_MW46q,3r1knr/p1p2ppp/8/6P1/7P/3nPNqB/PPQPK3/R1B4R b - - 0 17,"{""g3f2"",""e2d1"",""f2f3""}",knight,10,beginner,Knight 10 · Mate In2,mateIn2,Black to move.,1140,Casual,"{""deflection"",""mate"",""mateIn2"",""middlegame"",""short""}",Checkmate in two — a forced sequence that delivers checkmate on move two.,true,lichess,MW46q,12883,95,"{""Grob_Opening"",""Grob_Opening_Other_variations""}"
lc_9inw5,6rk/3q2r1/1p1p3p/p1pP3R/4Pp2/5P2/PP3nQ1/1K4R1 w - - 0 37,"{""h5h6"",""g7h7"",""g2g8""}",knight,10,beginner,Knight 10 · Mate In2,mateIn2,White to move.,1140,Casual,"{""deflection"",""kingsideAttack"",""mate"",""mateIn2"",""middlegame"",""short""}",Checkmate in two — a forced sequence that delivers checkmate on move two.,true,lichess,9inw5,12402,96,{}
lc_qOlVm,6Q1/5R2/k1p5/3n4/6K1/8/p7/B3r3 b - - 0 49,"{""e1g1"",""g4h3"",""g1g8""}",knight,10,beginner,Knight 10 · Fork,fork,Black to move.,1140,Casual,"{""crushing"",""endgame"",""fork"",""short"",""skewer""}","A fork — one piece attacks two enemy pieces at once, forcing a material win.",true,lichess,qOlVm,11727,95,{}
lc_qlR4v,8/4PQ2/6pk/1P5p/5P2/5PKP/3r4/4n3 b - - 0 59,"{""d2g2"",""g3h4"",""e1f3""}",knight,10,beginner,Knight 10 · Mate In2,mateIn2,Black to move.,1140,Casual,"{""cornerMate"",""deflection"",""endgame"",""mate"",""mateIn2"",""short""}",Checkmate in two — a forced sequence that delivers checkmate on move two.,true,lichess,qlR4v,11543,97,{}
lc_HVllC,8/1p5k/2p1q1pp/4N1R1/4Q3/P6P/1P1r4/4R2K b - - 0 38,"{""e6h3"",""h1g1"",""h3h2"",""g1f1"",""d2f2""}",knight,10,beginner,Knight 10 · Mate In3,mateIn3,Black to move.,1140,Casual,"{""endgame"",""exposedKing"",""long"",""mate"",""mateIn3""}",Checkmate in three — calculate the forcing line all the way to mate.,true,lichess,HVllC,11380,94,{}
lc_DJSSX,2b3k1/1B2n2p/p3pp2/2p4Q/2P2q2/1P6/Pr4PP/4R1K1 w - - 0 26,"{""h5e8"",""g8g7"",""e8e7""}",knight,10,beginner,Knight 10 · Fork,fork,White to move.,1141,Casual,"{""advantage"",""fork"",""middlegame"",""short""}","A fork — one piece attacks two enemy pieces at once, forcing a material win.",true,lichess,DJSSX,26198,96,{}
lc_KpodR,6k1/pR3p2/3p1qpp/2p5/8/4P1bP/P5P1/5QK1 b - - 9 37,"{""g3h2"",""g1h2"",""f6f1""}",knight,10,beginner,Knight 10 · Deflection,deflection,Black to move.,1141,Casual,"{""crushing"",""deflection"",""endgame"",""short""}",A deflection — lure a defending piece away from the square it was guarding.,true,lichess,KpodR,25028,96,{}
lc_H68YM,3rr1k1/p3qppp/5n2/1p6/1b1pP3/1NP2B2/PB1Q1PPP/1R2R1K1 b - - 0 22,"{""d4c3"",""b2c3"",""d8d2""}",knight,10,beginner,Knight 10 · Fork,fork,Black to move.,1141,Casual,"{""advantage"",""discoveredAttack"",""fork"",""middlegame"",""short""}","A fork — one piece attacks two enemy pieces at once, forcing a material win.",true,lichess,H68YM,22377,95,{}
lc_TLql9,2r1r1k1/pp3pbp/2np2p1/3p2N1/3PP1b1/4P1q1/PP2B1P1/R4QKR w - - 0 21,"{""f1f7"",""g8h8"",""h1h7""}",knight,10,beginner,Knight 10 · Mate In2,mateIn2,White to move.,1141,Casual,"{""kingsideAttack"",""mate"",""mateIn2"",""middlegame"",""short""}",Checkmate in two — a forced sequence that delivers checkmate on move two.,true,lichess,TLql9,20440,97,{}
lc_VkizJ,r4r1k/3n2p1/p1p4p/1p6/1P1qQ3/P1NP3P/6P1/2R2R1K b - - 2 24,"{""f8f1"",""c1f1"",""d4c3""}",knight,10,beginner,Knight 10 · Crushing,crushing,Black to move.,1141,Casual,"{""crushing"",""middlegame"",""short""}",Find the strongest continuation and seize the advantage.,true,lichess,VkizJ,16622,96,{}
lc_qcxUb,4r2k/1p3pp1/p4q1p/2pP4/2P1P3/1P2K1R1/P1Q3PP/8 b - - 4 28,"{""f6d4"",""e3e2"",""e8e4"",""c2e4"",""d4e4""}",knight,10,beginner,Knight 10 · Deflection,deflection,Black to move.,1141,Casual,"{""advantage"",""deflection"",""endgame"",""long""}",A deflection — lure a defending piece away from the square it was guarding.,true,lichess,qcxUb,16478,95,{}
lc_duX9E,6k1/1bq4p/p5Nb/1p1p1p2/3P1P1B/1PP3Q1/P3r1PK/8 w - - 0 34,"{""g6e7"",""g8f7"",""g3g8""}",knight,10,beginner,Knight 10 · Mate In2,mateIn2,White to move.,1141,Casual,"{""discoveredCheck"",""doubleCheck"",""kingsideAttack"",""mate"",""mateIn2"",""middlegame"",""short""}",Checkmate in two — a forced sequence that delivers checkmate on move two.,true,lichess,duX9E,14969,97,{}
lc_iV3F2,r5k1/4b3/pq1pP2p/1p1np3/1P6/7R/P1P3PP/5Q1K w - - 0 26,"{""f1f7"",""g8h8"",""h3h6""}",knight,10,beginner,Knight 10 · Mate In2,mateIn2,White to move.,1141,Casual,"{""endgame"",""intermezzo"",""mate"",""mateIn2"",""short""}",Checkmate in two — a forced sequence that delivers checkmate on move two.,true,lichess,iV3F2,14900,95,{}
lc_IRXMy,1r1q1rk1/pp1bbpp1/3p3p/3p4/4PB2/2QB4/PP3P1P/6RK w - - 0 19,"{""c3g7""}",knight,10,beginner,Knight 10 · Mate In1,mateIn1,White to move.,1141,Casual,"{""kingsideAttack"",""mate"",""mateIn1"",""middlegame"",""oneMove""}",Checkmate in one — find the single move that ends the game immediately.,true,lichess,IRXMy,13812,98,"{""Ruy_Lopez"",""Ruy_Lopez_Steinitz_Defense""}"
lc_vIUQ7,3r2k1/pp3p1p/6p1/8/2B5/1P3QP1/P4K1P/3q4 w - - 0 23,"{""f3f7"",""g8h8"",""f7f6""}",knight,10,beginner,Knight 10 · Mate In2,mateIn2,White to move.,1141,Casual,"{""endgame"",""mate"",""mateIn2"",""short""}",Checkmate in two — a forced sequence that delivers checkmate on move two.,true,lichess,vIUQ7,12844,96,{}
lc_8v2iZ,5r1k/2q3p1/1p1b3p/pPpQ4/P4r2/3P3P/1B4P1/1R3RK1 b - - 3 31,"{""f4f1"",""b1f1"",""d6h2"",""g1h1"",""f8f1""}",knight,10,beginner,Knight 10 · Mate In3,mateIn3,Black to move.,1141,Casual,"{""deflection"",""kingsideAttack"",""long"",""mate"",""mateIn3"",""middlegame""}",Checkmate in three — calculate the forcing line all the way to mate.,true,lichess,8v2iZ,12698,95,{}
lc_Hz7Pr,2R5/3r1p1k/4p1pp/p2P4/7K/1PQ2PP1/7P/5q2 b - - 4 35,"{""g6g5"",""h4g4"",""f7f5"",""g4h5"",""f1h3""}",knight,10,beginner,Knight 10 · Mate In3,mateIn3,Black to move.,1141,Casual,"{""endgame"",""long"",""mate"",""mateIn3""}",Checkmate in three — calculate the forcing line all the way to mate.,true,lichess,Hz7Pr,12479,94,{}
lc_2aPMs,r1b1k2r/pppp1ppp/8/2qPp3/2P3n1/P4N2/R1QNPPPP/4KB1R b Kkq - 1 13,"{""c5f2"",""e1d1"",""g4e3"",""d1c1"",""e3c2""}",knight,10,beginner,Knight 10 · Fork,fork,Black to move.,1141,Casual,"{""attackingF2F7"",""crushing"",""fork"",""long"",""middlegame""}","A fork — one piece attacks two enemy pieces at once, forcing a material win.",true,lichess,2aPMs,11664,96,"{""Horwitz_Defense"",""Horwitz_Defense_Other_variations""}"
lc_UnMcl,8/ppp4p/q1p3k1/5Rp1/1P6/2B3PP/3P1P1K/8 w - - 1 32,"{""f5f6"",""g6g7"",""f6c6"",""g7f7"",""c6a6""}",knight,10,beginner,Knight 10 · Discovered Attack,discoveredAttack,White to move.,1141,Casual,"{""crushing"",""discoveredAttack"",""discoveredCheck"",""endgame"",""long""}",A discovered attack — moving one piece uncovers a deadly attack from another.,true,lichess,UnMcl,11426,97,{}
lc_Xo51p,8/6pk/4p2p/4P2P/1K6/p1n3P1/5R2/8 b - - 0 50,"{""a3a2"",""f2a2"",""c3a2""}",knight,10,beginner,Knight 10 · Advanced Pawn,advancedPawn,Black to move.,1142,Casual,"{""advancedPawn"",""crushing"",""endgame"",""master"",""short""}",An advanced pawn — push the passer or use its threats to win material.,true,lichess,Xo51p,28428,95,{}
lc_1Fw7S,3rr1k1/p4ppp/1p6/5bB1/Nq1P3Q/bP6/P3RPPP/4R1K1 b - - 0 26,"{""b4e1"",""e2e1"",""e8e1""}",knight,10,beginner,Knight 10 · Mate In2,mateIn2,Black to move.,1142,Casual,"{""backRankMate"",""mate"",""mateIn2"",""middlegame"",""short"",""xRayAttack""}",Checkmate in two — a forced sequence that delivers checkmate on move two.,true,lichess,1Fw7S,21592,95,{}
lc_9Yo9O,1rb2rk1/p1pp1ppp/1p3q2/nP2bN2/7Q/4P3/P1B2PPP/2R2RK1 w - - 4 24,"{""f5e7"",""g8h8"",""h4h7""}",knight,10,beginner,Knight 10 · Mate In2,mateIn2,White to move.,1142,Casual,"{""kingsideAttack"",""mate"",""mateIn2"",""middlegame"",""short""}",Checkmate in two — a forced sequence that delivers checkmate on move two.,true,lichess,9Yo9O,19557,96,{}
lc_9eq0Z,5rk1/5p2/2R3p1/3b3R/P1p1Q3/2P4P/3r1qP1/7K w - - 1 34,"{""c6g6"",""f7g6"",""e4g6""}",knight,10,beginner,Knight 10 · Mate In2,mateIn2,White to move.,1142,Casual,"{""mate"",""mateIn2"",""middlegame"",""sacrifice"",""short""}",Checkmate in two — a forced sequence that delivers checkmate on move two.,true,lichess,9eq0Z,14836,96,{}
lc_eqEwV,2kr4/p1p3p1/1p2p2p/2P5/3N3q/PQ6/1P1r1PPP/R3R1K1 b - - 0 23,"{""h4f2"",""g1h1"",""f2g2""}",knight,10,beginner,Knight 10 · Mate In2,mateIn2,Black to move.,1142,Casual,"{""fork"",""mate"",""mateIn2"",""middlegame"",""short""}",Checkmate in two — a forced sequence that delivers checkmate on move two.,true,lichess,eqEwV,14031,95,{}
lc_fx9z7,r3kb1r/p1p1qppp/8/1p6/8/1P1n1N2/P1QPNnPP/R1B2K1R w kq - 0 14,"{""c2c6"",""e7d7"",""c6a8""}",knight,10,beginner,Knight 10 · Fork,fork,White to move.,1142,Casual,"{""crushing"",""fork"",""opening"",""short""}","A fork — one piece attacks two enemy pieces at once, forcing a material win.",true,lichess,fx9z7,13339,95,"{""Scandinavian_Defense"",""Scandinavian_Defense_Icelandic-Palme_Gambit""}"
lc_4GNBJ,r5k1/4q1pp/p2p1r2/2p1p3/1p2P3/3Q4/PPP2PPP/3R1RK1 w - - 3 21,"{""d3d5"",""e7f7"",""d5a8""}",knight,10,beginner,Knight 10 · Fork,fork,White to move.,1142,Casual,"{""crushing"",""endgame"",""fork"",""short""}","A fork — one piece attacks two enemy pieces at once, forcing a material win.",true,lichess,4GNBJ,12859,96,{}
lc_EH1vA,1kq1r3/6Qp/p4B2/1p1p4/3Nbb2/7P/PPP3P1/1K2R3 b - - 6 32,"{""e4c2"",""d4c2"",""e8e1"",""c2e1"",""c8c1""}",knight,10,beginner,Knight 10 · Mate In3,mateIn3,Black to move.,1142,Casual,"{""discoveredAttack"",""long"",""mate"",""mateIn3"",""middlegame"",""queensideAttack"",""sacrifice""}",Checkmate in three — calculate the forcing line all the way to mate.,true,lichess,EH1vA,12604,95,{}
lc_ptrdD,4r2r/pp3ppp/2k2q2/2p3n1/5PQ1/2p5/PPP2KPP/3R3R w - - 0 21,"{""g4d7"",""c6b6"",""d1d6"",""f6d6"",""d7d6""}",knight,10,beginner,Knight 10 · Fork,fork,White to move.,1142,Casual,"{""crushing"",""fork"",""long"",""middlegame""}","A fork — one piece attacks two enemy pieces at once, forcing a material win.",true,lichess,ptrdD,12346,96,{}
lc_ziC2B,4r1k1/pppR4/q1p2Qp1/8/1b6/1P6/2P2PPP/5RK1 b - - 4 22,"{""a6f1"",""g1f1"",""e8e1""}",knight,10,beginner,Knight 10 · Mate In2,mateIn2,Black to move.,1143,Casual,"{""attraction"",""endgame"",""mate"",""mateIn2"",""operaMate"",""sacrifice"",""short""}",Checkmate in two — a forced sequence that delivers checkmate on move two.,true,lichess,ziC2B,24758,95,{}
lc_sXE9T,r3r1k1/p3pp1p/1p1qb1p1/n2N4/4P3/5QP1/PP1R2BP/2R4K w - - 10 22,"{""d5f6"",""e7f6"",""d2d6""}",knight,10,beginner,Knight 10 · Discovered Attack,discoveredAttack,White to move.,1143,Casual,"{""crushing"",""discoveredAttack"",""middlegame"",""short""}",A discovered attack — moving one piece uncovers a deadly attack from another.,true,lichess,sXE9T,24577,94,{}
lc_u5UoW,4rrk1/p2nR1p1/1p1p3p/2nP2p1/8/PP4P1/1B3PKP/3R4 w - - 6 31,"{""e7g7"",""g8h8"",""g7d7""}",knight,10,beginner,Knight 10 · Discovered Attack,discoveredAttack,White to move.,1143,Casual,"{""crushing"",""discoveredAttack"",""discoveredCheck"",""kingsideAttack"",""middlegame"",""short""}",A discovered attack — moving one piece uncovers a deadly attack from another.,true,lichess,u5UoW,24357,95,{}
lc_biRu7,4r1k1/1r2P2p/p4R2/2p5/3nR3/P5P1/7P/6K1 w - - 2 33,"{""e4g4"",""g8h8"",""f6f8"",""e8f8"",""e7f8q""}",knight,10,beginner,Knight 10 · Mate In3,mateIn3,White to move.,1143,Casual,"{""advancedPawn"",""endgame"",""long"",""mate"",""mateIn3"",""promotion""}",Checkmate in three — calculate the forcing line all the way to mate.,true,lichess,biRu7,24263,95,{}
lc_sv9e0,3r1kr1/8/p1q5/2b1QN2/2R5/1P3PNP/6K1/8 b - - 2 32,"{""d8d2"",""g2f1"",""c6f3"",""f1e1"",""f3d1""}",knight,10,beginner,Knight 10 · Mate In3,mateIn3,Black to move.,1143,Casual,"{""deflection"",""long"",""mate"",""mateIn3"",""middlegame""}",Checkmate in three — calculate the forcing line all the way to mate.,true,lichess,sv9e0,20841,95,{}
lc_6Iv9I,r4r1k/ppqn3p/2p1B1p1/3p2P1/1P1PbP1R/P7/2PQ4/2KR2N1 w - - 2 23,"{""h4h7"",""h8h7"",""d2h2"",""h7g7"",""h2h6""}",knight,10,beginner,Knight 10 · Mate In3,mateIn3,White to move.,1143,Casual,"{""attraction"",""kingsideAttack"",""long"",""mate"",""mateIn3"",""middlegame"",""sacrifice""}",Checkmate in three — calculate the forcing line all the way to mate.,true,lichess,6Iv9I,20489,96,{}
lc_TPvS0,3r1k2/2pb2p1/6Q1/ppK1p1N1/4Nq1P/3P4/PPP3P1/5B1R b - - 1 26,"{""f4e3"",""d3d4"",""e3d4""}",knight,10,beginner,Knight 10 · Mate In2,mateIn2,Black to move.,1143,Casual,"{""mate"",""mateIn2"",""middlegame"",""short""}",Checkmate in two — a forced sequence that delivers checkmate on move two.,true,lichess,TPvS0,15150,95,{}
lc_boK2L,rn3rk1/pp3Npp/1q4b1/4P3/2n2Q2/8/PPP3PP/R4R1K w - - 0 19,"{""f7h6"",""g7h6"",""f4f8""}",knight,10,beginner,Knight 10 · Mate In2,mateIn2,White to move.,1143,Casual,"{""discoveredAttack"",""kingsideAttack"",""mate"",""mateIn2"",""middlegame"",""short""}",Checkmate in two — a forced sequence that delivers checkmate on move two.,true,lichess,boK2L,14299,96,"{""Kings_Gambit_Accepted"",""Kings_Gambit_Accepted_Abbazia_Defense""}"
lc_LI0T7,4k3/6p1/4Pp1p/2BNnP2/4P3/2Kn4/1r4PP/8 w - - 1 36,"{""d5c7"",""e8d8"",""e6e7"",""d8c7"",""e7e8q""}",knight,10,beginner,Knight 10 · Deflection,deflection,White to move.,1143,Casual,"{""advancedPawn"",""advantage"",""deflection"",""endgame"",""exposedKing"",""long"",""promotion""}",A deflection — lure a defending piece away from the square it was guarding.,true,lichess,LI0T7,13894,96,{}
lc_SGSAY,4rk2/p5pp/2p5/2R5/b3R3/8/PP1b1PPP/6K1 w - - 8 24,"{""c5f5"",""f8g8"",""e4e8""}",knight,10,beginner,Knight 10 · Mate In2,mateIn2,White to move.,1143,Casual,"{""deflection"",""endgame"",""mate"",""mateIn2"",""short""}",Checkmate in two — a forced sequence that delivers checkmate on move two.,true,lichess,SGSAY,13695,96,{}
lc_87bJ4,r3r1k1/1p3ppp/p1b1pb2/2p5/P1B2BP1/2NP2Pq/1PP1Q2P/R3R1K1 b - - 0 19,"{""f6d4"",""f4e3"",""d4e3"",""e2e3"",""h3g2""}",knight,10,beginner,Knight 10 · Mate In3,mateIn3,Black to move.,1143,Casual,"{""kingsideAttack"",""long"",""mate"",""mateIn3"",""middlegame""}",Checkmate in three — calculate the forcing line all the way to mate.,true,lichess,87bJ4,13574,95,"{""Sicilian_Defense"",""Sicilian_Defense_Modern_Variations""}"
lc_T3sPE,r1bq1r1k/pp4bp/1n2Bpp1/8/3PQ2N/2P5/PP3PPP/R3R1K1 w - - 1 18,"{""h4g6"",""h7g6"",""e4h4"",""g7h6"",""h4h6""}",knight,10,beginner,Knight 10 · Mate In3,mateIn3,White to move.,1143,Casual,"{""clearance"",""kingsideAttack"",""long"",""mate"",""mateIn3"",""middlegame"",""sacrifice""}",Checkmate in three — calculate the forcing line all the way to mate.,true,lichess,T3sPE,12772,96,"{""Queens_Pawn_Game"",""Queens_Pawn_Game_Zukertort_Variation""}"
lc_uxNjO,r4rk1/p3pqb1/1p1p2pp/2pPP3/2P1Q2N/8/PP4PP/1RB1R1K1 b - - 0 20,"{""f7f2"",""g1h1"",""f2f1"",""e1f1"",""f8f1""}",knight,10,beginner,Knight 10 · Mate In3,mateIn3,Black to move.,1143,Casual,"{""backRankMate"",""long"",""mate"",""mateIn3"",""middlegame"",""sacrifice""}",Checkmate in three — calculate the forcing line all the way to mate.,true,lichess,uxNjO,12752,95,{}
lc_OU8vI,rn3rk1/1p3pb1/p1p1b1pp/3p2B1/3q4/1P3N1P/P1BN1PP1/R2QR1K1 b - - 1 16,"{""d4a1"",""d1a1"",""g7a1""}",knight,10,beginner,Knight 10 · Advantage,advantage,Black to move.,1143,Casual,"{""advantage"",""opening"",""short""}",Find the strongest continuation and seize the advantage.,true,lichess,OU8vI,12387,95,"{""French_Defense"",""French_Defense_Exchange_Variation""}"
lc_r3mPk,5kr1/pp4rp/2n5/3pP3/1P1P1P1Q/P1P2R1B/2q3PP/5RK1 b - - 12 30,"{""g7g2"",""g1h1"",""g2h2""}",knight,10,beginner,Knight 10 · Mate In2,mateIn2,Black to move.,1143,Casual,"{""kingsideAttack"",""mate"",""mateIn2"",""middlegame"",""short""}",Checkmate in two — a forced sequence that delivers checkmate on move two.,true,lichess,r3mPk,11608,95,{}
lc_bkgRQ,5r1k/1p4p1/p2p3r/3Qp1q1/8/2P2B2/PP3PPP/5RRK b - - 1 27,"{""h6h2"",""h1h2"",""g5h4""}",knight,10,beginner,Knight 10 · Mate In2,mateIn2,Black to move.,1144,Casual,"{""attraction"",""kingsideAttack"",""mate"",""mateIn2"",""middlegame"",""sacrifice"",""short""}",Checkmate in two — a forced sequence that delivers checkmate on move two.,true,lichess,bkgRQ,22528,96,{}
lc_Wxndi,1r2kb1r/pp3ppp/2n5/1B2p3/Q7/5q2/P4P1P/1RB2K1R w k - 0 18,"{""b5c6"",""b7c6"",""b1b8""}",knight,10,beginner,Knight 10 · Discovered Attack,discoveredAttack,White to move.,1144,Casual,"{""advantage"",""discoveredAttack"",""middlegame"",""short""}",A discovered attack — moving one piece uncovers a deadly attack from another.,true,lichess,Wxndi,17588,94,"{""Queens_Gambit_Declined"",""Queens_Gambit_Declined_Chigorin_Defense""}"
lc_AQhng,1q3r2/2p3p1/3pQb2/3Pp1k1/4P3/1r4P1/1PP2P2/1K1R4 w - - 0 29,"{""e6f5"",""g5h6"",""d1h1"",""f6h4"",""h1h4""}",knight,10,beginner,Knight 10 · Mate In3,mateIn3,White to move.,1144,Casual,"{""endgame"",""long"",""mate"",""mateIn3""}",Checkmate in three — calculate the forcing line all the way to mate.,true,lichess,AQhng,14886,96,{}
lc_4kCQM,r5kr/8/p2bpR1p/1p2P3/1P1p3P/P1nP4/3R3P/7K w - - 0 33,"{""d2g2"",""g8h7"",""f6f7""}",knight,10,beginner,Knight 10 · Mate In2,mateIn2,White to move.,1144,Casual,"{""endgame"",""epauletteMate"",""mate"",""mateIn2"",""short""}",Checkmate in two — a forced sequence that delivers checkmate on move two.,true,lichess,4kCQM,14262,97,{}
lc_Nv33i,2r5/3R3p/4pkp1/4p3/6PP/pPq5/P3QP2/1K6 w - - 3 30,"{""g4g5"",""f6f5"",""d7f7""}",knight,10,beginner,Knight 10 · Mate In2,mateIn2,White to move.,1144,Casual,"{""endgame"",""epauletteMate"",""mate"",""mateIn2"",""short""}",Checkmate in two — a forced sequence that delivers checkmate on move two.,true,lichess,Nv33i,14150,96,{}
lc_GP4Y8,r4bnr/pp1kpppp/8/1N3b2/3p4/3n1N2/PP1B1PPP/R3KB1R w KQ - 0 12,"{""f1d3"",""f5d3"",""f3e5"",""d7e6"",""e5d3""}",knight,10,beginner,Knight 10 · Fork,fork,White to move.,1144,Casual,"{""crushing"",""fork"",""long"",""opening""}","A fork — one piece attacks two enemy pieces at once, forcing a material win.",true,lichess,GP4Y8,12356,95,"{""Sicilian_Defense"",""Sicilian_Defense_Alapin_Variation""}"
lc_dxFot,3r2k1/pb2q1pp/8/p2Ppp2/1b2P3/1Q1B1P2/P3N1PP/5RK1 w - - 2 26,"{""d5d6"",""e7f7"",""d3c4""}",knight,10,beginner,Knight 10 · Pin,pin,White to move.,1144,Casual,"{""crushing"",""discoveredAttack"",""discoveredCheck"",""master"",""middlegame"",""pin"",""short""}",A pin — the attacked piece can't move without exposing a more valuable piece behind it.,true,lichess,dxFot,11672,96,{}
lc_Fmi3g,r1bqk2r/3nbppp/p1p1p3/2p1P3/2PpN3/BP1P1N2/P4PPP/R2QK2R b KQkq - 3 11,"{""d8a5"",""d1d2"",""a5a3""}",knight,10,beginner,Knight 10 · Fork,fork,Black to move.,1144,Casual,"{""advantage"",""fork"",""middlegame"",""short""}","A fork — one piece attacks two enemy pieces at once, forcing a material win.",true,lichess,Fmi3g,11635,95,"{""Sicilian_Defense"",""Sicilian_Defense_Nyezhmetdinov-Rossolimo_Attack""}"
