id,fen,solution_ucis,category,sub_level,difficulty,title,theme,prompt,rating,rating_label,tags,explanation,active,source,lichess_id,nb_plays,popularity,opening_tags
lc_TXDm0,1k5r/1p1r1p2/p2N4/2R1pNb1/6p1/3P2P1/PP4B1/6K1 b - - 1 24,"{""d7d6"",""f5d6"",""g5e3"",""g1f1"",""e3c5""}",queen,1,intermediate,Queen 1 · Fork,fork,Black to move.,1437,Club,"{""advantage"",""exposedKing"",""fork"",""long"",""master"",""middlegame"",""sacrifice"",""superGM""}","A fork — one piece attacks two enemy pieces at once, forcing a material win.",true,lichess,TXDm0,37237,95,{}
lc_gbuzs,4R3/pkp2r1p/1p6/8/8/2Q5/3r1qPP/R6K w - - 4 31,"{""a1a7"",""b7a7"",""c3a3"",""a7b7"",""a3a8""}",queen,1,intermediate,Queen 1 · Mate In3,mateIn3,White to move.,1437,Club,"{""attraction"",""endgame"",""long"",""mate"",""mateIn3"",""sacrifice""}",Checkmate in three — calculate the forcing line all the way to mate.,true,lichess,gbuzs,35330,95,{}
lc_ZbDJk,r5rk/5p1p/5PpQ/p7/1p6/5R2/1q4PP/R6K w - - 0 30,"{""h6h7"",""h8h7"",""f3h3""}",queen,1,intermediate,Queen 1 · Mate In2,mateIn2,White to move.,1437,Club,"{""attraction"",""endgame"",""mate"",""mateIn2"",""sacrifice"",""short""}",Checkmate in two — a forced sequence that delivers checkmate on move two.,true,lichess,ZbDJk,34569,95,{}
lc_DuYGR,2k3r1/2b2p1p/p1pqpnr1/3p4/3P1B2/2N2QPP/PPP2P2/R4RK1 b - - 2 19,"{""d6f4"",""f3f4"",""c7f4""}",queen,1,intermediate,Queen 1 · Pin,pin,Black to move.,1437,Club,"{""advantage"",""middlegame"",""pin"",""short""}",A pin — the attacked piece can't move without exposing a more valuable piece behind it.,true,lichess,DuYGR,34394,96,"{""Caro-Kann_Defense"",""Caro-Kann_Defense_Other_variations""}"
lc_YWNuc,r2qr1k1/ppp3b1/3p2pp/5bN1/4N3/2PQ2P1/PP3PP1/1K2R2R w - - 0 19,"{""d3d5"",""e8e6"",""g5e6""}",queen,1,intermediate,Queen 1 · Crushing,crushing,White to move.,1437,Club,"{""crushing"",""kingsideAttack"",""middlegame"",""short""}",Find the strongest continuation and seize the advantage.,true,lichess,YWNuc,34156,95,"{""Indian_Defense"",""Indian_Defense_Other_variations""}"
lc_n6f3t,1q4rk/1p3p1p/p3pPpQ/P7/5PP1/5R2/1PP1p2P/6K1 w - - 0 30,"{""h6h7"",""h8h7"",""f3h3""}",queen,1,intermediate,Queen 1 · Mate In2,mateIn2,White to move.,1437,Club,"{""attraction"",""endgame"",""kingsideAttack"",""mate"",""mateIn2"",""sacrifice"",""short""}",Checkmate in two — a forced sequence that delivers checkmate on move two.,true,lichess,n6f3t,34077,96,{}
lc_hEF0u,4rrk1/pp3p2/5PNp/8/P2p4/6Q1/6P1/3bb1K1 w - - 1 30,"{""g6e7"",""g8h7"",""g3g7""}",queen,1,intermediate,Queen 1 · Mate In2,mateIn2,White to move.,1437,Club,"{""discoveredCheck"",""doubleCheck"",""endgame"",""mate"",""mateIn2"",""short""}",Checkmate in two — a forced sequence that delivers checkmate on move two.,true,lichess,hEF0u,33818,96,{}
lc_TpzmU,r2r2k1/6p1/p6p/1ppq1p1N/3bR3/5QP1/5PKP/1R6 w - f6 0 34,"{""e4e8"",""g8f7"",""f3d5"",""d8d5"",""e8a8""}",queen,1,intermediate,Queen 1 · Discovered Attack,discoveredAttack,White to move.,1437,Club,"{""advantage"",""discoveredAttack"",""long"",""middlegame""}",A discovered attack — moving one piece uncovers a deadly attack from another.,true,lichess,TpzmU,33810,95,{}
lc_lXGAC,8/p5pp/1k6/1p2n3/4PR2/P6P/3r1PPK/4R3 b - - 0 30,"{""e5d3"",""f4h4"",""d3e1""}",queen,1,intermediate,Queen 1 · Fork,fork,Black to move.,1437,Club,"{""advantage"",""endgame"",""fork"",""short""}","A fork — one piece attacks two enemy pieces at once, forcing a material win.",true,lichess,lXGAC,33648,95,{}
lc_S3RlP,4N1k1/5R2/1nP3P1/3Pp3/1p2P2K/1r6/8/q7 w - - 0 58,"{""e8f6"",""g8h8"",""g6g7""}",queen,1,intermediate,Queen 1 · Mate In2,mateIn2,White to move.,1437,Club,"{""advancedPawn"",""endgame"",""mate"",""mateIn2"",""short""}",Checkmate in two — a forced sequence that delivers checkmate on move two.,true,lichess,S3RlP,33336,95,{}
lc_Nt4dk,4k3/R2n2pp/2Q1pp2/8/P7/7P/1q4P1/6K1 b - - 0 39,"{""b2d4"",""g1h1"",""d4a7""}",queen,1,intermediate,Queen 1 · Fork,fork,Black to move.,1437,Club,"{""advantage"",""endgame"",""fork"",""short""}","A fork — one piece attacks two enemy pieces at once, forcing a material win.",true,lichess,Nt4dk,33316,95,{}
lc_712hk,6k1/1QR2p2/4b1pp/4q3/4p3/4N1PP/3r1P1K/8 w - - 1 40,"{""b7b8"",""g8g7"",""c7f7"",""g7f7"",""b8e5""}",queen,1,intermediate,Queen 1 · Discovered Attack,discoveredAttack,White to move.,1437,Club,"{""advantage"",""discoveredAttack"",""endgame"",""long""}",A discovered attack — moving one piece uncovers a deadly attack from another.,true,lichess,712hk,33305,96,{}
lc_7nd5C,5r1k/pQ4p1/7p/7N/8/8/P2q1rPP/1R2R2K b - - 3 27,"{""d2e1"",""b1e1"",""f2f1"",""e1f1"",""f8f1""}",queen,1,intermediate,Queen 1 · Mate In3,mateIn3,Black to move.,1437,Club,"{""backRankMate"",""long"",""mate"",""mateIn3"",""middlegame"",""sacrifice""}",Checkmate in three — calculate the forcing line all the way to mate.,true,lichess,7nd5C,33232,95,{}
lc_ewmVO,1n1qkb1r/6pp/p1p2p2/3rp3/B7/3P1Q1P/PPP2PP1/R1B1K2R b KQk - 0 14,"{""d8a5"",""c2c3"",""a5a4""}",queen,1,intermediate,Queen 1 · Fork,fork,Black to move.,1437,Club,"{""advantage"",""fork"",""middlegame"",""short""}","A fork — one piece attacks two enemy pieces at once, forcing a material win.",true,lichess,ewmVO,33106,94,"{""Philidor_Defense"",""Philidor_Defense_Other_variations""}"
lc_ycXr1,3r1nk1/pp4p1/2p1p2p/2P5/3r1R2/PB3R1P/5P1K/8 w - - 0 47,"{""f4f8"",""d8f8"",""b3e6"",""g8h7"",""f3f8""}",queen,1,intermediate,Queen 1 · Pin,pin,White to move.,1437,Club,"{""advantage"",""deflection"",""endgame"",""long"",""pin""}",A pin — the attacked piece can't move without exposing a more valuable piece behind it.,true,lichess,ycXr1,32901,96,{}
lc_irwYJ,r2qkb1r/2pn1ppp/p1Q1p3/2ppN3/2nP4/4P3/PP1B1PPP/RN2K2R w KQkq - 0 13,"{""e5d7"",""d8d7"",""c6a8""}",queen,1,intermediate,Queen 1 · Crushing,crushing,White to move.,1437,Club,"{""crushing"",""opening"",""short""}",Find the strongest continuation and seize the advantage.,true,lichess,irwYJ,32691,95,"{""Queens_Pawn_Game"",""Queens_Pawn_Game_Other_variations""}"
lc_ut0rV,8/8/1r5p/4BK1B/6Pp/5k2/8/8 w - - 0 69,"{""g4g5"",""f3g2"",""g5g6""}",queen,1,intermediate,Queen 1 · Discovered Attack,discoveredAttack,White to move.,1437,Club,"{""crushing"",""discoveredAttack"",""discoveredCheck"",""endgame"",""short""}",A discovered attack — moving one piece uncovers a deadly attack from another.,true,lichess,ut0rV,32256,97,{}
lc_yZQFh,4r1k1/bQp2pp1/p6p/4n3/8/2P4P/PPBr1PP1/R5K1 b - - 0 24,"{""a7f2"",""g1h1"",""d2c2""}",queen,1,intermediate,Queen 1 · Advantage,advantage,Black to move.,1437,Club,"{""advantage"",""master"",""masterVsMaster"",""middlegame"",""short""}",Find the strongest continuation and seize the advantage.,true,lichess,yZQFh,31764,94,{}
lc_RAc3r,6k1/8/1p5p/p5p1/3p1b2/P6P/1PP2P1B/6K1 w - - 0 33,"{""h2f4"",""g5f4"",""g1g2"",""g8f7"",""g2f3""}",queen,1,intermediate,Queen 1 · Bishop Endgame,bishopEndgame,White to move.,1437,Club,"{""bishopEndgame"",""crushing"",""endgame"",""long""}",A bishop endgame — colour complexes and the wrong-bishop rule matter.,true,lichess,RAc3r,31642,95,{}
lc_EjTYQ,Rnk3rr/1pp5/3n1p2/1P6/3P4/6p1/QP3PKP/3q4 w - - 0 26,"{""a2e6"",""c8d8"",""a8b8"",""d6c8"",""b8c8""}",queen,1,intermediate,Queen 1 · Mate In3,mateIn3,White to move.,1437,Club,"{""deflection"",""killBoxMate"",""long"",""mate"",""mateIn3"",""middlegame"",""queensideAttack""}",Checkmate in three — calculate the forcing line all the way to mate.,true,lichess,EjTYQ,31411,97,{}
lc_GlRPI,8/2R5/P7/8/1P3K2/1k6/2pn4/8 b - - 0 48,"{""d2c4"",""a6a7"",""c2c1q""}",queen,1,intermediate,Queen 1 · Promotion,promotion,Black to move.,1437,Club,"{""advancedPawn"",""crushing"",""endgame"",""promotion"",""quietMove"",""short""}",Pawn promotion — advance the pawn to its final rank and choose your new piece wisely.,true,lichess,GlRPI,31280,96,{}
lc_hwHfY,5rk1/R4p2/4pp1p/3q4/3P4/2P4P/p1Q2PP1/6K1 b - - 1 30,"{""f8a8"",""c2a2"",""d5a2"",""a7a2"",""a8a2""}",queen,1,intermediate,Queen 1 · X Ray Attack,xRayAttack,Black to move.,1438,Club,"{""crushing"",""endgame"",""long"",""xRayAttack""}",An x-ray — a piece attacks through an enemy piece to the target behind it.,true,lichess,hwHfY,40860,95,{}
lc_xlOaY,r1bq1rk1/2p1nppp/p1pb4/3pN1B1/3P4/8/PPP2PPP/RN1QR1K1 b - - 7 10,"{""f7f6"",""e5c6"",""e7c6""}",queen,1,intermediate,Queen 1 · Fork,fork,Black to move.,1438,Club,"{""advantage"",""fork"",""opening"",""short""}","A fork — one piece attacks two enemy pieces at once, forcing a material win.",true,lichess,xlOaY,38082,96,"{""French_Defense"",""French_Defense_Knight_Variation""}"
lc_P3EVh,1k3r1r/1p4p1/2P5/8/3P1n2/1QP5/1P3PPP/R4RK1 b - - 0 27,"{""f4e2"",""g1h1"",""h8h2"",""h1h2"",""f8h8""}",queen,1,intermediate,Queen 1 · Mate In3,mateIn3,Black to move.,1438,Club,"{""anastasiaMate"",""attraction"",""endgame"",""long"",""mate"",""mateIn3"",""sacrifice""}",Checkmate in three — calculate the forcing line all the way to mate.,true,lichess,P3EVh,37481,94,{}
lc_RBTdS,r2qkb1r/pp2pppp/8/1Npn4/6P1/8/PPP2PR1/R1BQK3 w Qkq - 0 13,"{""d1d5"",""d8d5"",""b5c7"",""e8d7"",""c7d5""}",queen,1,intermediate,Queen 1 · Fork,fork,White to move.,1438,Club,"{""advantage"",""attraction"",""fork"",""long"",""middlegame"",""sacrifice""}","A fork — one piece attacks two enemy pieces at once, forcing a material win.",true,lichess,RBTdS,36612,96,"{""Sicilian_Defense"",""Sicilian_Defense_Other_variations""}"
lc_hSvFY,2r1k2r/pp1bnppp/4p3/3pP3/1q1P1P2/8/4BKPP/RNBQ1R2 b k - 3 15,"{""c8c1"",""d1c1"",""b4d4"",""c1e3"",""d4a1""}",queen,1,intermediate,Queen 1 · Fork,fork,Black to move.,1438,Club,"{""advantage"",""deflection"",""fork"",""long"",""middlegame""}","A fork — one piece attacks two enemy pieces at once, forcing a material win.",true,lichess,hSvFY,36009,96,"{""French_Defense"",""French_Defense_Advance_Variation""}"
lc_w5XLw,2krn2r/1pp2p2/p1n2p2/3p2P1/8/q2B1Q1P/P1PB4/1K1R3R w - - 0 25,"{""d3f5"",""c8b8"",""f3a3""}",queen,1,intermediate,Queen 1 · Discovered Attack,discoveredAttack,White to move.,1438,Club,"{""crushing"",""discoveredAttack"",""middlegame"",""short""}",A discovered attack — moving one piece uncovers a deadly attack from another.,true,lichess,w5XLw,35948,96,{}
lc_22wW2,7r/p4kp1/8/3P1pP1/5P2/1P4K1/P4QRP/4q3 b - - 6 45,"{""e1c3"",""f2f3"",""h8h3"",""g3h3"",""c3f3""}",queen,1,intermediate,Queen 1 · Deflection,deflection,Black to move.,1438,Club,"{""attraction"",""crushing"",""deflection"",""endgame"",""long""}",A deflection — lure a defending piece away from the square it was guarding.,true,lichess,22wW2,35937,95,{}
lc_8tVOJ,r7/4P3/2k4p/2PR2p1/pb3pP1/5P2/5PK1/8 w - - 1 48,"{""d5d8"",""a8d8"",""e7d8q""}",queen,1,intermediate,Queen 1 · Promotion,promotion,White to move.,1438,Club,"{""advancedPawn"",""crushing"",""endgame"",""promotion"",""short""}",Pawn promotion — advance the pawn to its final rank and choose your new piece wisely.,true,lichess,8tVOJ,35682,95,{}
lc_AcB9u,r1b3k1/p3rpp1/2p3qp/4p3/4p3/1PN4P/P1P2PP1/R2QR1K1 w - - 0 22,"{""d1d8"",""g8h7"",""d8e7"",""c8h3"",""g2g3""}",queen,1,intermediate,Queen 1 · Fork,fork,White to move.,1438,Club,"{""crushing"",""defensiveMove"",""fork"",""long"",""middlegame""}","A fork — one piece attacks two enemy pieces at once, forcing a material win.",true,lichess,AcB9u,35596,96,{}
lc_v78Lc,r2qkb1r/pp1b1ppp/2n1p3/1B1pN3/3Pn3/4B3/PPP2PPP/RN1Q1RK1 b kq - 1 9,"{""c6e5"",""b5d7"",""e5d7""}",queen,1,intermediate,Queen 1 · Advantage,advantage,Black to move.,1438,Club,"{""advantage"",""opening"",""short""}",Find the strongest continuation and seize the advantage.,true,lichess,v78Lc,35328,95,"{""Caro-Kann_Defense"",""Caro-Kann_Defense_Other_variations""}"
lc_WMqcC,8/1R5P/5K2/8/8/2k5/1p5r/8 b - - 0 57,"{""h2h7"",""b7h7"",""b2b1q""}",queen,1,intermediate,Queen 1 · Deflection,deflection,Black to move.,1438,Club,"{""advancedPawn"",""crushing"",""deflection"",""endgame"",""promotion"",""rookEndgame"",""short""}",A deflection — lure a defending piece away from the square it was guarding.,true,lichess,WMqcC,35257,96,{}
lc_SNW97,r4r2/5p1k/4pPpp/8/6P1/Pp6/1PqQ3P/K2RR3 b - - 2 30,"{""a8a3"",""b2a3"",""b3b2"",""a1a2"",""b2b1q""}",queen,1,intermediate,Queen 1 · Mate In3,mateIn3,Black to move.,1438,Club,"{""advancedPawn"",""discoveredCheck"",""doubleCheck"",""endgame"",""long"",""mate"",""mateIn3"",""promotion"",""sacrifice""}",Checkmate in three — calculate the forcing line all the way to mate.,true,lichess,SNW97,35209,95,{}
lc_aD8CP,rn2k2r/ppq2ppp/4pn2/3pN3/1b1P4/2N4P/PPP1QPP1/R1B2RK1 w kq - 1 11,"{""e2b5"",""b8c6"",""e5c6"",""c7c6"",""b5b4""}",queen,1,intermediate,Queen 1 · Fork,fork,White to move.,1438,Club,"{""capturingDefender"",""crushing"",""fork"",""long"",""opening""}","A fork — one piece attacks two enemy pieces at once, forcing a material win.",true,lichess,aD8CP,34911,96,"{""Caro-Kann_Defense"",""Caro-Kann_Defense_Other_variations""}"
lc_dI3vm,8/4b3/2Pk4/3p2p1/6P1/4BK2/8/8 w - - 1 52,"{""e3c5"",""d6c5"",""c6c7"",""e7d6"",""c7c8q""}",queen,1,intermediate,Queen 1 · Sacrifice,sacrifice,White to move.,1438,Club,"{""advancedPawn"",""bishopEndgame"",""crushing"",""endgame"",""long"",""promotion"",""sacrifice""}",A sacrifice — give up material to gain a decisive tactical or positional advantage.,true,lichess,dI3vm,34751,95,{}
lc_Ell9X,r4rk1/4q2p/p2pPRp1/1pp5/4P2Q/1P4NP/P5P1/6K1 w - - 1 39,"{""f6g6"",""h7g6"",""h4e7""}",queen,1,intermediate,Queen 1 · Discovered Attack,discoveredAttack,White to move.,1438,Club,"{""crushing"",""discoveredAttack"",""endgame"",""kingsideAttack"",""short""}",A discovered attack — moving one piece uncovers a deadly attack from another.,true,lichess,Ell9X,34520,97,{}
lc_DGSZP,8/4k3/7p/4KP2/1p5P/8/8/1B1b4 b - - 2 49,"{""b4b3"",""b1d3"",""d1c2""}",queen,1,intermediate,Queen 1 · Bishop Endgame,bishopEndgame,Black to move.,1438,Club,"{""bishopEndgame"",""crushing"",""endgame"",""short""}",A bishop endgame — colour complexes and the wrong-bishop rule matter.,true,lichess,DGSZP,34519,96,{}
lc_1NC4R,3rr1k1/p4ppp/2p5/8/1qPn4/1PN3QP/P4PP1/R4RK1 b - - 0 20,"{""b4c3"",""g3c3"",""d4e2"",""g1h2"",""e2c3""}",queen,1,intermediate,Queen 1 · Fork,fork,Black to move.,1438,Club,"{""advantage"",""attraction"",""fork"",""long"",""middlegame"",""sacrifice""}","A fork — one piece attacks two enemy pieces at once, forcing a material win.",true,lichess,1NC4R,34489,96,{}
lc_Dnsqz,7Q/6r1/2q1pk1p/4b3/2p5/2B1n3/1P5P/1K1R4 w - - 8 52,"{""c3e5"",""f6e5"",""h8g7""}",queen,1,intermediate,Queen 1 · Attraction,attraction,White to move.,1438,Club,"{""advantage"",""attraction"",""middlegame"",""short""}",An attraction — force an enemy piece onto a square where it can be exploited.,true,lichess,Dnsqz,34248,95,{}
lc_oeeOM,3r2r1/4kp2/1p2b3/p3N2p/2Pn2pP/6P1/P4P2/2RR1BK1 w - - 1 28,"{""d1d4"",""d8d4"",""e5c6"",""e7d6"",""c6d4""}",queen,1,intermediate,Queen 1 · Fork,fork,White to move.,1438,Club,"{""attraction"",""crushing"",""fork"",""long"",""middlegame"",""sacrifice""}","A fork — one piece attacks two enemy pieces at once, forcing a material win.",true,lichess,oeeOM,34153,95,{}
lc_ovyo3,3Q4/7p/4p1p1/3pkp2/2n5/7P/5PPK/r7 w - - 5 40,"{""d8h8"",""e5d6"",""h8a1""}",queen,1,intermediate,Queen 1 · Skewer,skewer,White to move.,1438,Club,"{""advantage"",""endgame"",""short"",""skewer""}","A skewer — the higher-value piece is forced to move, losing the piece behind it.",true,lichess,ovyo3,34050,96,{}
lc_KwNvJ,r4rk1/pq4pp/2p2p2/3p1b2/3P2N1/2P2PQ1/PP3KP1/4RR2 w - - 2 25,"{""g4h6"",""g8h8"",""h6f5""}",queen,1,intermediate,Queen 1 · Pin,pin,White to move.,1438,Club,"{""crushing"",""kingsideAttack"",""middlegame"",""pin"",""short""}",A pin — the attacked piece can't move without exposing a more valuable piece behind it.,true,lichess,KwNvJ,33684,95,{}
lc_jQPvi,8/p3kppp/4pn2/7q/2Pr2b1/1P2QN1P/P4PP1/R3K2R b KQ - 1 18,"{""d4e4"",""e1g1"",""e4e3""}",queen,1,intermediate,Queen 1 · Pin,pin,Black to move.,1438,Club,"{""advantage"",""middlegame"",""pin"",""short""}",A pin — the attacked piece can't move without exposing a more valuable piece behind it.,true,lichess,jQPvi,33419,95,"{""Scandinavian_Defense"",""Scandinavian_Defense_Main_Line""}"
lc_aih1X,b1r3k1/4bp1p/4p1pQ/q2pP2P/N2Bn3/1P1BP3/2P3P1/5RK1 b - - 0 23,"{""e7g5"",""h6g5"",""e4g5""}",queen,1,intermediate,Queen 1 · Trapped Piece,trappedPiece,Black to move.,1438,Club,"{""advantage"",""middlegame"",""short"",""trappedPiece""}",A trapped piece — the enemy piece has no safe squares and can be won.,true,lichess,aih1X,33051,95,{}
lc_KIuYs,r1b1kB2/pp1p1p1Q/8/8/8/2pK4/P3PPPP/q4BNR b q - 1 18,"{""a1b1"",""d3c3"",""b1h7""}",queen,1,intermediate,Queen 1 · Fork,fork,Black to move.,1438,Club,"{""crushing"",""fork"",""middlegame"",""short"",""skewer""}","A fork — one piece attacks two enemy pieces at once, forcing a material win.",true,lichess,KIuYs,33001,96,"{""Nimzo-Indian_Defense"",""Nimzo-Indian_Defense_Spielmann_Variation""}"
lc_GqwVq,3r2rk/ppp2p1p/5K2/8/8/8/PPP2P2/R6R w - - 1 29,"{""h1h7"",""h8h7"",""a1h1""}",queen,1,intermediate,Queen 1 · Mate In2,mateIn2,White to move.,1438,Club,"{""attraction"",""endgame"",""mate"",""mateIn2"",""rookEndgame"",""sacrifice"",""short""}",Checkmate in two — a forced sequence that delivers checkmate on move two.,true,lichess,GqwVq,32879,96,{}
lc_540b7,r3rb2/pb2k2p/1qp1p1BP/1p2n3/1P1P4/2P2Q2/P4PP1/R3K2R w KQ - 0 22,"{""d4e5"",""c6c5"",""f3f7""}",queen,1,intermediate,Queen 1 · Crushing,crushing,White to move.,1438,Club,"{""crushing"",""master"",""middlegame"",""short""}",Find the strongest continuation and seize the advantage.,true,lichess,540b7,32269,96,{}
lc_FMQuB,3r1rk1/p1q2p1p/3p2p1/1ppR4/3bP3/1P2N3/P1Q2PPP/5RK1 w - - 2 24,"{""d5d4"",""c5d4"",""c2c7""}",queen,1,intermediate,Queen 1 · Advantage,advantage,White to move.,1438,Club,"{""advantage"",""middlegame"",""short""}",Find the strongest continuation and seize the advantage.,true,lichess,FMQuB,32227,95,{}
lc_tNSPF,r5k1/3R2p1/3Np2p/6bP/1p6/1Pp5/P2q2P1/KQ6 w - - 4 41,"{""d7g7"",""g8g7"",""b1g6"",""g7h8"",""d6f7""}",queen,1,intermediate,Queen 1 · Mate In3,mateIn3,White to move.,1438,Club,"{""attraction"",""cornerMate"",""endgame"",""long"",""mate"",""mateIn3"",""sacrifice""}",Checkmate in three — calculate the forcing line all the way to mate.,true,lichess,tNSPF,31902,97,{}
lc_7QCAp,3rkb2/ppp1q2p/4Q1p1/8/2B5/1P6/P1P3PP/5RK1 w - - 1 23,"{""f1f8"",""e8f8"",""e6g8""}",queen,1,intermediate,Queen 1 · Mate In2,mateIn2,White to move.,1438,Club,"{""attraction"",""endgame"",""master"",""mate"",""mateIn2"",""pin"",""sacrifice"",""short""}",Checkmate in two — a forced sequence that delivers checkmate on move two.,true,lichess,7QCAp,31734,97,{}
lc_MKvB3,k2r4/1pQ4p/8/3q2P1/7P/P1R1P3/5P2/5K2 b - - 2 35,"{""d5h1"",""f1e2"",""h1d1""}",queen,1,intermediate,Queen 1 · Mate In2,mateIn2,Black to move.,1438,Club,"{""endgame"",""mate"",""mateIn2"",""short""}",Checkmate in two — a forced sequence that delivers checkmate on move two.,true,lichess,MKvB3,31678,95,{}
lc_CRyAv,r1bqk2r/p1pnbppp/1p2pn2/3pN3/5P2/1P2P3/PBPP2PP/RN1QKB1R w KQkq - 0 7,"{""e5c6"",""c8b7"",""c6d8""}",queen,1,intermediate,Queen 1 · Trapped Piece,trappedPiece,White to move.,1438,Club,"{""crushing"",""opening"",""short"",""trappedPiece""}",A trapped piece — the enemy piece has no safe squares and can be won.,true,lichess,CRyAv,31402,95,"{""Nimzo-Larsen_Attack"",""Nimzo-Larsen_Attack_Classical_Variation""}"
lc_oJ7Gu,3qk2r/p1Qn1pp1/1r1bp2p/3pN3/5B2/8/P1P2PPP/R4RK1 w k - 0 19,"{""c7d8"",""e8d8"",""e5f7""}",queen,1,intermediate,Queen 1 · Attraction,attraction,White to move.,1438,Club,"{""advantage"",""attraction"",""middlegame"",""short""}",An attraction — force an enemy piece onto a square where it can be exploited.,true,lichess,oJ7Gu,31296,95,"{""Caro-Kann_Defense"",""Caro-Kann_Defense_Advance_Variation""}"
lc_Ca6Cq,r1q1kb1r/5ppp/p1Q1p3/4Nb2/8/6P1/PP1PPP1P/R1B1K2R b KQkq - 0 13,"{""c8c6"",""e5c6"",""f5e4""}",queen,1,intermediate,Queen 1 · Advantage,advantage,Black to move.,1439,Club,"{""advantage"",""middlegame"",""short""}",Find the strongest continuation and seize the advantage.,true,lichess,Ca6Cq,46025,95,"{""Reti_Opening"",""Reti_Opening_Other_variations""}"
lc_UaZtD,2RB4/5pkp/p2qp3/3p2p1/1b1P2N1/4PKPP/r4P2/8 w - - 0 40,"{""d8f6"",""g7g6"",""c8g8"",""g6f5"",""g8g5""}",queen,1,intermediate,Queen 1 · Mate In3,mateIn3,White to move.,1439,Club,"{""endgame"",""long"",""mate"",""mateIn3"",""operaMate""}",Checkmate in three — calculate the forcing line all the way to mate.,true,lichess,UaZtD,43207,95,{}
lc_RnfLU,4Q2k/3q2p1/7p/8/p2p4/8/r1P2PPP/4R1K1 b - - 1 37,"{""d7e8"",""e1e8"",""h8h7"",""g1f1"",""a2c2""}",queen,1,intermediate,Queen 1 · Endgame,endgame,Black to move.,1439,Club,"{""advantage"",""endgame"",""long""}",An endgame technique — precise play with few pieces where every tempo counts.,true,lichess,RnfLU,42819,96,{}
lc_KhbGn,r2qkb1r/1Q1n1ppp/B2pb3/2p5/P3P3/5N2/1PP2PPP/R1B1K2R b KQkq - 0 10,"{""d8a5"",""b2b4"",""a5a6"",""b7a6"",""a8a6""}",queen,1,intermediate,Queen 1 · Advantage,advantage,Black to move.,1439,Club,"{""advantage"",""long"",""opening""}",Find the strongest continuation and seize the advantage.,true,lichess,KhbGn,40524,94,"{""Benoni_Defense"",""Benoni_Defense_Benoni-Indian_Defense""}"
lc_Y3dIA,r6k/7P/5PP1/6K1/8/8/8/8 w - - 1 67,"{""g5h6"",""a8a7"",""g6g7"",""a7g7"",""f6g7""}",queen,1,intermediate,Queen 1 · Mate In3,mateIn3,White to move.,1439,Club,"{""advancedPawn"",""endgame"",""exposedKing"",""long"",""mate"",""mateIn3"",""rookEndgame""}",Checkmate in three — calculate the forcing line all the way to mate.,true,lichess,Y3dIA,37549,96,{}
lc_e1VXf,8/pK6/7p/1P3k2/6p1/5p1P/6P1/8 w - - 0 58,"{""h3g4"",""f5f4"",""g2f3""}",queen,1,intermediate,Queen 1 · Pawn Endgame,pawnEndgame,White to move.,1439,Club,"{""crushing"",""endgame"",""pawnEndgame"",""short""}",A pawn endgame — king opposition and the square of the pawn decide it.,true,lichess,e1VXf,36444,96,{}
lc_P5Oin,8/5kb1/4rpp1/1pQ5/4r3/P5P1/1P3PP1/2K4R b - - 0 33,"{""e4c4"",""c5c4"",""b5c4""}",queen,1,intermediate,Queen 1 · Fork,fork,Black to move.,1439,Club,"{""advantage"",""endgame"",""fork"",""short""}","A fork — one piece attacks two enemy pieces at once, forcing a material win.",true,lichess,P5Oin,35950,95,{}
lc_3M8V9,4r1k1/p4pp1/1p5p/8/2PR4/5P2/PP1Qq1P1/2K5 b - - 0 28,"{""e2f1"",""c1c2"",""e8e2"",""d4d8"",""g8h7""}",queen,1,intermediate,Queen 1 · Pin,pin,Black to move.,1439,Club,"{""advantage"",""clearance"",""endgame"",""long"",""pin""}",A pin — the attacked piece can't move without exposing a more valuable piece behind it.,true,lichess,3M8V9,34788,96,{}
lc_LFaXa,r4rk1/ppp2ppp/3p3q/2b1p3/2B1P3/2N2QPb/PPPP1PN1/R1B2R1K b - - 0 16,"{""h3g4"",""h1g1"",""g4f3""}",queen,1,intermediate,Queen 1 · Discovered Attack,discoveredAttack,Black to move.,1439,Club,"{""crushing"",""discoveredAttack"",""discoveredCheck"",""kingsideAttack"",""middlegame"",""short""}",A discovered attack — moving one piece uncovers a deadly attack from another.,true,lichess,LFaXa,34777,95,"{""Vienna_Game"",""Vienna_Game_Stanley_Variation""}"
lc_xHaIB,r1b1k2r/5ppp/p1n1pn2/1Bb5/4q3/P1P1PN2/2Q2PPP/R1BR2K1 w kq - 1 14,"{""c2e4"",""f6e4"",""b5c6""}",queen,1,intermediate,Queen 1 · Pin,pin,White to move.,1439,Club,"{""capturingDefender"",""crushing"",""middlegame"",""pin"",""short""}",A pin — the attacked piece can't move without exposing a more valuable piece behind it.,true,lichess,xHaIB,34399,96,"{""Slav_Indian"",""Slav_Indian_Other_variations""}"
lc_hNBsd,r1bqk1nr/3pbppp/p1n1p3/1pp1P3/6Q1/1B1P4/PPP2PPP/RNB1K1NR w KQkq - 2 7,"{""g4g7"",""e7f6"",""e5f6""}",queen,1,intermediate,Queen 1 · Advantage,advantage,White to move.,1439,Club,"{""advantage"",""middlegame"",""short""}",Find the strongest continuation and seize the advantage.,true,lichess,hNBsd,34062,95,"{""French_Defense"",""French_Defense_Other_variations""}"
lc_LDIfb,rnbqkb1r/pp2pp1p/3p2p1/2p5/4n3/2P2N1P/PP1PBPP1/RNBQK2R w KQkq - 0 6,"{""d1a4"",""b8c6"",""a4e4""}",queen,1,intermediate,Queen 1 · Fork,fork,White to move.,1439,Club,"{""advantage"",""fork"",""opening"",""short""}","A fork — one piece attacks two enemy pieces at once, forcing a material win.",true,lichess,LDIfb,33479,96,"{""Sicilian_Defense"",""Sicilian_Defense_Modern_Variations""}"
lc_qyeSK,7k/pp4p1/3p3p/3P1p2/5r1n/P3Q1qP/1P2R1P1/4R1K1 b - - 5 33,"{""h4f3"",""e3f3"",""f4f3""}",queen,1,intermediate,Queen 1 · Pin,pin,Black to move.,1439,Club,"{""crushing"",""endgame"",""pin"",""short""}",A pin — the attacked piece can't move without exposing a more valuable piece behind it.,true,lichess,qyeSK,32756,96,{}
lc_Gqnwt,1n3rk1/5ppp/4p3/3p4/1q1P4/3Q4/5PPP/2B2RK1 w - - 2 22,"{""c1a3"",""b4c4"",""d3c4""}",queen,1,intermediate,Queen 1 · Endgame,endgame,White to move.,1439,Club,"{""advantage"",""endgame"",""short""}",An endgame technique — precise play with few pieces where every tempo counts.,true,lichess,Gqnwt,32733,95,{}
lc_JvLOA,6Q1/1pk4p/p2r4/2p2r2/2P5/1P3B2/P6P/6K1 b - - 0 31,"{""d6g6"",""g8g6"",""h7g6""}",queen,1,intermediate,Queen 1 · Fork,fork,Black to move.,1439,Club,"{""crushing"",""endgame"",""fork"",""short""}","A fork — one piece attacks two enemy pieces at once, forcing a material win.",true,lichess,JvLOA,32626,95,{}
lc_C0YcB,6rk/7p/4p1rq/p1p1Pp2/1pPp1P2/3P3P/PP1BQ1RK/6R1 b - - 0 30,"{""h6h3"",""h2h3"",""g6h6"",""e2h5"",""h6h5""}",queen,1,intermediate,Queen 1 · Mate In3,mateIn3,Black to move.,1439,Club,"{""attraction"",""long"",""mate"",""mateIn3"",""middlegame"",""sacrifice""}",Checkmate in three — calculate the forcing line all the way to mate.,true,lichess,C0YcB,32613,95,{}
lc_BC45A,4r3/3n1ppp/pb6/1p1k4/1P1p1P2/P4P2/1KPRr2P/1N2BR2 w - - 9 25,"{""b1c3"",""d5c6"",""c3e2""}",queen,1,intermediate,Queen 1 · Pin,pin,White to move.,1439,Club,"{""crushing"",""middlegame"",""pin"",""short""}",A pin — the attacked piece can't move without exposing a more valuable piece behind it.,true,lichess,BC45A,32449,95,{}
lc_rrFNI,6k1/1p6/3pN3/3R1K2/p7/P7/1r1p4/8 b - - 0 45,"{""b2b5"",""d5b5"",""d2d1q""}",queen,1,intermediate,Queen 1 · Pin,pin,Black to move.,1439,Club,"{""advancedPawn"",""advantage"",""deflection"",""endgame"",""pin"",""promotion"",""short""}",A pin — the attacked piece can't move without exposing a more valuable piece behind it.,true,lichess,rrFNI,32445,96,{}
lc_EorId,8/3kBp1p/3P2b1/5p2/1p6/2P2P1P/5KP1/8 b - - 0 32,"{""b4b3"",""e7f6"",""b3b2""}",queen,1,intermediate,Queen 1 · Advanced Pawn,advancedPawn,Black to move.,1439,Club,"{""advancedPawn"",""bishopEndgame"",""crushing"",""endgame"",""short""}",An advanced pawn — push the passer or use its threats to win material.,true,lichess,EorId,32185,96,{}
lc_v5eXW,4q3/p5k1/1pp2p2/3p3p/1N1P2p1/P1Q3P1/1PP1rPPN/6K1 b - - 1 30,"{""e2e1"",""h2f1"",""e8e2"",""c3e1"",""e2e1""}",queen,1,intermediate,Queen 1 · Clearance,clearance,Black to move.,1439,Club,"{""clearance"",""crushing"",""endgame"",""kingsideAttack"",""long""}",A clearance — vacate a square or line so another piece can strike.,true,lichess,v5eXW,31815,95,{}
lc_pZ0F1,N1bk1b1r/pp3p1p/2n2p2/8/3pP3/5N2/Pq3PPP/1R1QKB1R b K - 1 12,"{""f8b4"",""f3d2"",""b4d2"",""d1d2"",""b2b1""}",queen,1,intermediate,Queen 1 · Crushing,crushing,Black to move.,1439,Club,"{""crushing"",""long"",""opening""}",Find the strongest continuation and seize the advantage.,true,lichess,pZ0F1,31813,95,"{""Queens_Gambit_Declined"",""Queens_Gambit_Declined_Semi-Tarrasch_Defense""}"
lc_67w4w,1k1r4/1p1P1pp1/1p2r2p/1N6/R3n3/4q3/PP4PP/R2Q3K w - - 3 25,"{""a4a8"",""b8a8"",""d1a4"",""a8b8"",""a4a7""}",queen,1,intermediate,Queen 1 · Mate In3,mateIn3,White to move.,1439,Club,"{""attraction"",""long"",""mate"",""mateIn3"",""middlegame"",""queensideAttack"",""sacrifice""}",Checkmate in three — calculate the forcing line all the way to mate.,true,lichess,67w4w,31575,95,{}
lc_ykH2x,8/1p2r2p/2p3p1/p4p1k/P2PnQ1P/R3P3/1P2N1PK/3q4 w - - 2 34,"{""e2g3"",""e4g3"",""f4g5""}",queen,1,intermediate,Queen 1 · Mate In2,mateIn2,White to move.,1439,Club,"{""endgame"",""mate"",""mateIn2"",""sacrifice"",""short""}",Checkmate in two — a forced sequence that delivers checkmate on move two.,true,lichess,ykH2x,31551,95,{}
lc_YV8aa,1r6/2p2pk1/3p2pp/p2Pp1q1/PrP1B3/5Q1P/6P1/5R1K w - - 6 36,"{""f3f7"",""g7h8"",""e4g6"",""g5g6"",""f7g6""}",queen,1,intermediate,Queen 1 · Deflection,deflection,White to move.,1439,Club,"{""crushing"",""deflection"",""endgame"",""long""}",A deflection — lure a defending piece away from the square it was guarding.,true,lichess,YV8aa,31527,95,{}
lc_CHFDg,r6r/1p3pk1/p1q1b3/5p1Q/6P1/P2B3P/1PP2P2/2K3R1 w - - 3 23,"{""g4f5"",""g7f8"",""h5h8""}",queen,1,intermediate,Queen 1 · Discovered Attack,discoveredAttack,White to move.,1440,Club,"{""crushing"",""discoveredAttack"",""discoveredCheck"",""middlegame"",""short""}",A discovered attack — moving one piece uncovers a deadly attack from another.,true,lichess,CHFDg,40358,96,{}
lc_PXMGD,5rk1/1p1r1p2/p2p1Rp1/2p1p1b1/PPB1P3/2PP3P/8/5R1K w - - 3 27,"{""f6g6"",""g8h7"",""g6g5""}",queen,1,intermediate,Queen 1 · Pin,pin,White to move.,1440,Club,"{""crushing"",""endgame"",""kingsideAttack"",""pin"",""short""}",A pin — the attacked piece can't move without exposing a more valuable piece behind it.,true,lichess,PXMGD,36747,96,{}
lc_OIIiF,r5k1/ppq2ppp/2b5/5r2/5RN1/6QP/PPP3P1/R6K w - - 1 21,"{""g4h6"",""g8h8"",""h6f5""}",queen,1,intermediate,Queen 1 · Pin,pin,White to move.,1440,Club,"{""crushing"",""kingsideAttack"",""middlegame"",""pin"",""short""}",A pin — the attacked piece can't move without exposing a more valuable piece behind it.,true,lichess,OIIiF,35494,95,{}
lc_Gn9s7,r4rk1/pbp2p1p/1p2pbp1/3q4/3P4/2PB4/PPQN1PPP/R4RK1 w - - 2 14,"{""d3e4"",""d5d7"",""e4b7""}",queen,1,intermediate,Queen 1 · Skewer,skewer,White to move.,1440,Club,"{""advantage"",""middlegame"",""short"",""skewer""}","A skewer — the higher-value piece is forced to move, losing the piece behind it.",true,lichess,Gn9s7,35106,96,"{""French_Defense"",""French_Defense_Rubinstein_Variation""}"
lc_zd35I,8/1k3pp1/1P1R3p/4P3/1p3KP1/1N3p2/2r4P/5r2 w - - 8 45,"{""b3a5"",""b7c8"",""b6b7""}",queen,1,intermediate,Queen 1 · Advanced Pawn,advancedPawn,White to move.,1440,Club,"{""advancedPawn"",""crushing"",""endgame"",""short""}",An advanced pawn — push the passer or use its threats to win material.,true,lichess,zd35I,35016,95,{}
lc_t4HEp,4rrk1/ppp3pp/3ppqn1/4p3/1P1NP3/2PPR1PP/P3Q1P1/5RK1 b - - 3 25,"{""f6f1"",""e2f1"",""f8f1"",""g1f1"",""e5d4""}",queen,1,intermediate,Queen 1 · Advantage,advantage,Black to move.,1440,Club,"{""advantage"",""kingsideAttack"",""long"",""middlegame""}",Find the strongest continuation and seize the advantage.,true,lichess,t4HEp,34644,95,{}
lc_EJ4w7,8/p4p2/8/1N1pk1p1/1P2n3/PKP1RP1r/8/8 w - - 3 41,"{""f3f4"",""e5f4"",""e3h3""}",queen,1,intermediate,Queen 1 · Discovered Attack,discoveredAttack,White to move.,1440,Club,"{""crushing"",""discoveredAttack"",""endgame"",""short""}",A discovered attack — moving one piece uncovers a deadly attack from another.,true,lichess,EJ4w7,34346,95,{}
lc_TTEBb,r1bqr3/p4pk1/1p1p3p/2pP3Q/2B1P1p1/P1P1R3/1P3PPP/5RK1 b - - 0 22,"{""e8e5"",""h5e5"",""d6e5""}",queen,1,intermediate,Queen 1 · Trapped Piece,trappedPiece,Black to move.,1440,Club,"{""advantage"",""middlegame"",""short"",""trappedPiece""}",A trapped piece — the enemy piece has no safe squares and can be won.,true,lichess,TTEBb,34001,94,{}
lc_L5Rnb,1r4k1/5p1p/p2n2pB/8/1p2Q3/1q1p4/5PPP/5RK1 w - - 1 36,"{""e4e5"",""b3c3"",""e5d6""}",queen,1,intermediate,Queen 1 · Endgame,endgame,White to move.,1440,Club,"{""advantage"",""endgame"",""master"",""short""}",An endgame technique — precise play with few pieces where every tempo counts.,true,lichess,L5Rnb,33754,95,{}
lc_Sd63b,3R1rk1/p5pp/4p3/8/8/3QP2P/P5PK/2q5 b - - 15 36,"{""c1c7"",""d3d6"",""c7d8""}",queen,1,intermediate,Queen 1 · Endgame,endgame,Black to move.,1440,Club,"{""crushing"",""endgame"",""short""}",An endgame technique — precise play with few pieces where every tempo counts.,true,lichess,Sd63b,33719,96,{}
lc_9X14A,6k1/3pb2N/4pnpQ/1P6/8/6PK/r6P/8 b - - 1 37,"{""a2h2"",""h3h2"",""f6g4"",""h2h1"",""g4h6""}",queen,1,intermediate,Queen 1 · Fork,fork,Black to move.,1440,Club,"{""attraction"",""crushing"",""endgame"",""fork"",""long"",""sacrifice""}","A fork — one piece attacks two enemy pieces at once, forcing a material win.",true,lichess,9X14A,33679,95,{}
lc_ltcHS,r1bqk2r/pp3ppp/4pn2/8/1bBNP3/2N5/PP3PPP/R2QK2R w KQkq - 1 10,"{""d1a4"",""c8d7"",""a4b4""}",queen,1,intermediate,Queen 1 · Fork,fork,White to move.,1440,Club,"{""advantage"",""fork"",""opening"",""short""}","A fork — one piece attacks two enemy pieces at once, forcing a material win.",true,lichess,ltcHS,33642,95,"{""Queens_Gambit_Accepted"",""Queens_Gambit_Accepted_Central_Variation""}"
lc_Xno46,1r4k1/5pp1/p1N1b2p/3p4/P1pP4/2q4P/1rB2PP1/2Q2RK1 w - - 0 31,"{""c2h7"",""g8h7"",""c1c3""}",queen,1,intermediate,Queen 1 · Discovered Attack,discoveredAttack,White to move.,1440,Club,"{""crushing"",""discoveredAttack"",""middlegame"",""short""}",A discovered attack — moving one piece uncovers a deadly attack from another.,true,lichess,Xno46,33517,95,{}
lc_JpkUY,3rr2k/pp3p2/2p4p/8/3q3P/3R4/PPP5/2K1QR2 w - - 2 30,"{""e1e8"",""d8e8"",""d3d4""}",queen,1,intermediate,Queen 1 · Endgame,endgame,White to move.,1440,Club,"{""crushing"",""endgame"",""short""}",An endgame technique — precise play with few pieces where every tempo counts.,true,lichess,JpkUY,33452,95,{}
lc_YGwoX,2kr4/ppp2ppp/8/3rN3/1q4P1/4Q2P/P3PPB1/4RK1R b - - 0 22,"{""b4e1"",""f1e1"",""d5d1""}",queen,1,intermediate,Queen 1 · Mate In2,mateIn2,Black to move.,1440,Club,"{""attraction"",""mate"",""mateIn2"",""middlegame"",""sacrifice"",""short""}",Checkmate in two — a forced sequence that delivers checkmate on move two.,true,lichess,YGwoX,33296,96,{}
lc_RPAgP,5rk1/3n2pp/Q2p1p2/P2P4/1Pr1P3/5PPq/1B5P/R4RK1 b - - 0 27,"{""c4c2"",""f1f2"",""c2f2"",""g1f2"",""h3h2""}",queen,1,intermediate,Queen 1 · Attraction,attraction,Black to move.,1440,Club,"{""attraction"",""capturingDefender"",""crushing"",""kingsideAttack"",""long"",""middlegame""}",An attraction — force an enemy piece onto a square where it can be exploited.,true,lichess,RPAgP,32746,95,{}
lc_Yyt6X,r3qr1k/6pp/2p2p2/pp2pP1Q/3pP3/P1PPn1R1/BP4PP/R5K1 w - - 2 21,"{""h5h7"",""h8h7"",""g3h3"",""e8h5"",""h3h5""}",queen,1,intermediate,Queen 1 · Mate In3,mateIn3,White to move.,1440,Club,"{""attraction"",""kingsideAttack"",""long"",""mate"",""mateIn3"",""middlegame"",""pillsburysMate"",""sacrifice""}",Checkmate in three — calculate the forcing line all the way to mate.,true,lichess,Yyt6X,32683,94,{}
lc_kWuhj,5rk1/pp3ppp/8/8/P1Q5/3bq3/1P1r2PP/2R2R1K w - - 2 25,"{""c4f7"",""f8f7"",""c1c8"",""e3e8"",""c8e8"",""f7f8"",""f1f8""}",queen,1,intermediate,Queen 1 · Clearance,clearance,White to move.,1440,Club,"{""clearance"",""mate"",""mateIn4"",""middlegame"",""sacrifice"",""veryLong""}",A clearance — vacate a square or line so another piece can strike.,true,lichess,kWuhj,32531,95,{}
lc_QJlyy,Q1Rr4/pR3k1p/4ppp1/7q/8/4B3/P4PPb/5B1K b - - 2 27,"{""h2c7"",""h1g1"",""h5h2""}",queen,1,intermediate,Queen 1 · Mate In2,mateIn2,Black to move.,1440,Club,"{""discoveredAttack"",""discoveredCheck"",""mate"",""mateIn2"",""middlegame"",""short""}",Checkmate in two — a forced sequence that delivers checkmate on move two.,true,lichess,QJlyy,32479,96,{}
lc_7PdgX,6k1/4pp1p/3p2p1/3P3q/4P3/5Q2/r2N1P1P/3K1R2 b - - 3 28,"{""a2d2"",""d1d2"",""h5f3""}",queen,1,intermediate,Queen 1 · Endgame,endgame,Black to move.,1440,Club,"{""crushing"",""endgame"",""short""}",An endgame technique — precise play with few pieces where every tempo counts.,true,lichess,7PdgX,32340,96,{}
lc_u23K6,6rk/3pB1pp/p2P1p2/1r1b1P1Q/2q5/6R1/P5PP/5R1K w - - 1 30,"{""h5h7"",""h8h7"",""g3h3"",""c4h4"",""h3h4""}",queen,1,intermediate,Queen 1 · Mate In3,mateIn3,White to move.,1440,Club,"{""attraction"",""kingsideAttack"",""long"",""mate"",""mateIn3"",""middlegame"",""sacrifice""}",Checkmate in three — calculate the forcing line all the way to mate.,true,lichess,u23K6,32220,95,{}
lc_VEJQF,1R1rkb1r/p3n1pp/4Qp2/8/q2pP3/2p5/P2B1PPP/1R4K1 w k - 0 20,"{""b8d8"",""e8d8"",""b1b8"",""d8c7"",""d2f4""}",queen,1,intermediate,Queen 1 · Mate In3,mateIn3,White to move.,1440,Club,"{""attraction"",""exposedKing"",""long"",""mate"",""mateIn3"",""middlegame""}",Checkmate in three — calculate the forcing line all the way to mate.,true,lichess,VEJQF,32135,96,"{""Scotch_Game"",""Scotch_Game_Other_variations""}"
lc_CTiUQ,1k1r3r/pp4p1/2p3qp/2bp2B1/6Q1/8/PP3PPP/R4RK1 w - - 0 20,"{""g5f4"",""c5d6"",""g4g6""}",queen,1,intermediate,Queen 1 · Discovered Attack,discoveredAttack,White to move.,1440,Club,"{""crushing"",""discoveredAttack"",""middlegame"",""short""}",A discovered attack — moving one piece uncovers a deadly attack from another.,true,lichess,CTiUQ,32125,95,"{""Italian_Game"",""Italian_Game_Two_Knights_Defense""}"
lc_pKaip,6rk/1p1qbp1p/p2p1p2/3NpP2/2P1P3/3Q3b/PPB4P/R4R1K b - - 0 20,"{""h3g2"",""h1g1"",""g2e4""}",queen,1,intermediate,Queen 1 · Discovered Attack,discoveredAttack,Black to move.,1440,Club,"{""crushing"",""discoveredAttack"",""discoveredCheck"",""middlegame"",""short""}",A discovered attack — moving one piece uncovers a deadly attack from another.,true,lichess,pKaip,32085,95,{}
lc_95wIt,rn2k2r/pp2bp2/1qp1bn1p/4Q1p1/3NP3/2NP3P/PPP1B1P1/R1B2R1K b kq - 4 14,"{""b8d7"",""e5g3"",""b6d4""}",queen,1,intermediate,Queen 1 · Advantage,advantage,Black to move.,1440,Club,"{""advantage"",""middlegame"",""short""}",Find the strongest continuation and seize the advantage.,true,lichess,95wIt,32069,96,"{""Caro-Kann_Defense"",""Caro-Kann_Defense_Breyer_Variation""}"
lc_EM1ug,5rk1/3r1pp1/p3p2p/8/2PN4/1Pn2P2/P2R2PP/2R3K1 b - - 4 26,"{""d7d4"",""d2d4"",""c3e2""}",queen,1,intermediate,Queen 1 · Sacrifice,sacrifice,Black to move.,1440,Club,"{""advantage"",""endgame"",""sacrifice"",""short""}",A sacrifice — give up material to gain a decisive tactical or positional advantage.,true,lichess,EM1ug,31812,96,{}
lc_CLnq8,r4rk1/pp3pbp/2p3p1/3pn3/7R/1PN1P1nq/PBPPB1N1/2R1Q1K1 b - - 5 17,"{""g3e2"",""e1e2"",""e5f3"",""e2f3"",""h3f3""}",queen,1,intermediate,Queen 1 · Fork,fork,Black to move.,1440,Club,"{""advantage"",""exposedKing"",""fork"",""long"",""middlegame""}","A fork — one piece attacks two enemy pieces at once, forcing a material win.",true,lichess,CLnq8,31411,94,"{""Bird_Opening"",""Bird_Opening_Other_variations""}"
lc_LnUNq,1r2qr2/1pp3pk/6p1/4P2p/p1pPB1QP/1nP3P1/5P2/5RK1 w - - 0 30,"{""g4h5"",""h7g8"",""e4g6"",""e8g6"",""h5g6""}",queen,1,intermediate,Queen 1 · Pin,pin,White to move.,1440,Club,"{""crushing"",""deflection"",""long"",""middlegame"",""pin""}",A pin — the attacked piece can't move without exposing a more valuable piece behind it.,true,lichess,LnUNq,31316,95,{}
lc_fRviz,r4rk1/1p3p1p/2p3p1/pBq1p3/4P3/2P1N3/PQ4PP/2K2R1R b - - 0 25,"{""c5e3"",""b2d2"",""e3d2"",""c1d2"",""c6b5""}",queen,1,intermediate,Queen 1 · Hanging Piece,hangingPiece,Black to move.,1440,Club,"{""advantage"",""exposedKing"",""hangingPiece"",""long"",""middlegame"",""queensideAttack""}",A hanging piece — an undefended enemy piece is free to capture.,true,lichess,fRviz,31263,95,{}
lc_EyKJs,6rk/1pp3qn/p2p4/4p3/4P2Q/3P1N1P/PPP2Pr1/R4R1K b - - 1 25,"{""g2h2"",""f3h2"",""g7g2""}",queen,1,intermediate,Queen 1 · Mate In2,mateIn2,Black to move.,1441,Club,"{""clearance"",""kingsideAttack"",""mate"",""mateIn2"",""middlegame"",""sacrifice"",""short""}",Checkmate in two — a forced sequence that delivers checkmate on move two.,true,lichess,EyKJs,37979,96,{}
lc_qpgrg,3r1rk1/pbp2ppp/1p6/3q4/6B1/2P4P/PP3PP1/R1Q2RK1 w - - 2 17,"{""g4f3"",""d5f5"",""f3b7""}",queen,1,intermediate,Queen 1 · Skewer,skewer,White to move.,1441,Club,"{""advantage"",""middlegame"",""short"",""skewer""}","A skewer — the higher-value piece is forced to move, losing the piece behind it.",true,lichess,qpgrg,36893,96,"{""French_Defense"",""French_Defense_Burn_Variation""}"
lc_gACvO,r1b2rk1/p3bppp/1p6/n1pq4/8/2P1B3/P2NBPPP/R2Q1RK1 w - - 0 14,"{""e2f3"",""d5d8"",""f3a8""}",queen,1,intermediate,Queen 1 · Skewer,skewer,White to move.,1441,Club,"{""advantage"",""opening"",""short"",""skewer""}","A skewer — the higher-value piece is forced to move, losing the piece behind it.",true,lichess,gACvO,36412,95,"{""Queens_Gambit_Declined"",""Queens_Gambit_Declined_Semi-Tarrasch_Defense""}"
lc_7czFj,6k1/p2r1qpp/1p6/4Q3/8/5P1P/P5P1/4R2K w - - 1 30,"{""e5b8"",""f7f8"",""e1e8""}",queen,1,intermediate,Queen 1 · Pin,pin,White to move.,1441,Club,"{""clearance"",""crushing"",""endgame"",""pin"",""short""}",A pin — the attacked piece can't move without exposing a more valuable piece behind it.,true,lichess,7czFj,35963,96,{}
lc_QoufT,r1r3k1/1pq2p2/4N2p/3p2p1/1Q6/2n1P3/4BPPP/2R2RK1 b - - 0 20,"{""c3e2"",""g1h1"",""c7c1""}",queen,1,intermediate,Queen 1 · Fork,fork,Black to move.,1441,Club,"{""crushing"",""discoveredAttack"",""fork"",""hangingPiece"",""middlegame"",""short""}","A fork — one piece attacks two enemy pieces at once, forcing a material win.",true,lichess,QoufT,35664,95,{}
lc_T8j7N,4Rrk1/pp3p2/2n2Qpp/2p5/8/3r4/P4PPP/3qR1K1 w - - 2 27,"{""e8f8"",""g8f8"",""f6h8""}",queen,1,intermediate,Queen 1 · Mate In2,mateIn2,White to move.,1441,Club,"{""attraction"",""mate"",""mateIn2"",""middlegame"",""short""}",Checkmate in two — a forced sequence that delivers checkmate on move two.,true,lichess,T8j7N,34977,96,{}
lc_lz6rf,5r1k/7P/p2p1qp1/2pQ4/4P3/1P6/P1P5/2K3R1 b - - 0 29,"{""f6a1"",""c1d2"",""a1g1""}",queen,1,intermediate,Queen 1 · Skewer,skewer,Black to move.,1441,Club,"{""crushing"",""endgame"",""short"",""skewer""}","A skewer — the higher-value piece is forced to move, losing the piece behind it.",true,lichess,lz6rf,34877,95,{}
lc_MG7PZ,5r1k/6p1/1r6/1B2Q3/P1P1P1P1/Rp6/5qP1/1R5K b - - 0 37,"{""b6h6"",""e5h5"",""h6h5""}",queen,1,intermediate,Queen 1 · Crushing,crushing,Black to move.,1441,Club,"{""crushing"",""middlegame"",""short""}",Find the strongest continuation and seize the advantage.,true,lichess,MG7PZ,34608,97,{}
lc_2atuc,6rk/pp3p1p/2pB1pqP/8/2p1P2Q/2P2P1N/PP4r1/5R1K b - - 2 28,"{""g2h2"",""d6h2"",""g6g2""}",queen,1,intermediate,Queen 1 · Mate In2,mateIn2,Black to move.,1441,Club,"{""clearance"",""kingsideAttack"",""mate"",""mateIn2"",""middlegame"",""sacrifice"",""short""}",Checkmate in two — a forced sequence that delivers checkmate on move two.,true,lichess,2atuc,34510,96,{}
lc_i1xHF,r1bq1b1r/pp2k2p/2n1p3/3p2pQ/3P4/3B4/PP3PPP/R1B1K2R w KQ - 0 14,"{""c1g5"",""e7d7"",""g5d8""}",queen,1,intermediate,Queen 1 · Skewer,skewer,White to move.,1441,Club,"{""advantage"",""master"",""opening"",""short"",""skewer""}","A skewer — the higher-value piece is forced to move, losing the piece behind it.",true,lichess,i1xHF,34258,95,"{""French_Defense"",""French_Defense_Tarrasch_Variation""}"
lc_OQHsv,2k5/ppq3p1/3p4/2p3p1/2B1Q1P1/P3N1K1/1P3r1r/R7 w - - 4 31,"{""e4e8"",""c7d8"",""c4e6"",""c8c7"",""e3d5"",""c7b8"",""e8d8""}",queen,1,intermediate,Queen 1 · Deflection,deflection,White to move.,1441,Club,"{""deflection"",""mate"",""mateIn4"",""middlegame"",""queensideAttack"",""veryLong""}",A deflection — lure a defending piece away from the square it was guarding.,true,lichess,OQHsv,34245,97,{}
lc_dvE4t,r4rk1/1b3qpR/p3ppQ1/1pppP1p1/5P2/2P1R3/P1P3PP/6K1 w - - 1 23,"{""h7h8"",""g8h8"",""e3h3"",""h8g8"",""g6h7""}",queen,1,intermediate,Queen 1 · Mate In3,mateIn3,White to move.,1441,Club,"{""attraction"",""kingsideAttack"",""long"",""mate"",""mateIn3"",""middlegame"",""sacrifice""}",Checkmate in three — calculate the forcing line all the way to mate.,true,lichess,dvE4t,33940,95,{}
lc_eAnW2,3r2k1/1b3ppp/p3p3/1p6/4N3/P1Pq1P1P/1PQ3P1/4R1K1 w - - 1 24,"{""c2d3"",""d8d3"",""e4c5"",""d3d2"",""c5b7""}",queen,1,intermediate,Queen 1 · Fork,fork,White to move.,1441,Club,"{""advantage"",""endgame"",""fork"",""long""}","A fork — one piece attacks two enemy pieces at once, forcing a material win.",true,lichess,eAnW2,33650,95,{}
lc_g0ua5,2k1r3/2p2ppp/1p6/1N1n4/p7/PP6/5PPP/2R2K2 w - - 0 24,"{""b5d6"",""c8d7"",""d6e8""}",queen,1,intermediate,Queen 1 · Pin,pin,White to move.,1441,Club,"{""advantage"",""endgame"",""pin"",""short""}",A pin — the attacked piece can't move without exposing a more valuable piece behind it.,true,lichess,g0ua5,33346,95,{}
lc_ugfJN,8/1N2kpp1/p3pnp1/3p4/1PnP2P1/2P2P2/P1K1Q1Pr/8 b - - 0 24,"{""h2g2"",""e2g2"",""c4e3"",""c2d2"",""e3g2""}",queen,1,intermediate,Queen 1 · Fork,fork,Black to move.,1441,Club,"{""advantage"",""attraction"",""endgame"",""fork"",""long"",""pin"",""sacrifice""}","A fork — one piece attacks two enemy pieces at once, forcing a material win.",true,lichess,ugfJN,33309,96,{}
lc_L6rvD,7R/2p2k2/3b2p1/5p1p/8/4P1P1/r4PKP/5B2 w - h6 0 32,"{""f1c4"",""f7g7"",""h8g8"",""g7f6"",""c4a2""}",queen,1,intermediate,Queen 1 · Fork,fork,White to move.,1441,Club,"{""crushing"",""endgame"",""fork"",""long""}","A fork — one piece attacks two enemy pieces at once, forcing a material win.",true,lichess,L6rvD,33113,95,{}
lc_ENbN6,r6k/pp3R1r/3q3p/3p4/2pP2Q1/2Pn4/PP5P/5R1K w - - 6 27,"{""f7h7"",""h8h7"",""f1f7"",""h7h8"",""g4g7""}",queen,1,intermediate,Queen 1 · Mate In3,mateIn3,White to move.,1441,Club,"{""attraction"",""exposedKing"",""long"",""mate"",""mateIn3"",""middlegame""}",Checkmate in three — calculate the forcing line all the way to mate.,true,lichess,ENbN6,33051,96,{}
lc_9Ivvf,6k1/4pp2/3p2p1/3P3p/4P3/5PP1/1qpRQK1P/8 b - - 1 39,"{""b2b6"",""e2e3"",""b6e3"",""f2e3"",""c2c1q""}",queen,1,intermediate,Queen 1 · Promotion,promotion,Black to move.,1441,Club,"{""advancedPawn"",""advantage"",""endgame"",""long"",""promotion""}",Pawn promotion — advance the pawn to its final rank and choose your new piece wisely.,true,lichess,9Ivvf,32149,96,{}
lc_so7vX,8/p4p1R/3n2p1/2p3k1/5rP1/1P1r1PK1/P4R1P/8 w - - 5 33,"{""h2h4"",""g5f6"",""g3f4""}",queen,1,intermediate,Queen 1 · Deflection,deflection,White to move.,1441,Club,"{""advantage"",""deflection"",""endgame"",""short""}",A deflection — lure a defending piece away from the square it was guarding.,true,lichess,so7vX,32031,96,{}
lc_thCr4,2r5/5k2/5p2/1p2pP2/pP1pB2P/3P3K/br6/R5R1 w - - 0 36,"{""a1a2"",""b2a2"",""e4d5""}",queen,1,intermediate,Queen 1 · Sacrifice,sacrifice,White to move.,1441,Club,"{""advantage"",""endgame"",""sacrifice"",""short""}",A sacrifice — give up material to gain a decisive tactical or positional advantage.,true,lichess,thCr4,31960,96,{}
lc_3BR1A,3r1rk1/pp3pp1/2ppb2p/8/P3q3/1B1R2RP/1PQ2PP1/6K1 w - - 0 24,"{""g3g7"",""g8g7"",""d3g3""}",queen,1,intermediate,Queen 1 · Attraction,attraction,White to move.,1441,Club,"{""advantage"",""attraction"",""kingsideAttack"",""middlegame"",""sacrifice"",""short""}",An attraction — force an enemy piece onto a square where it can be exploited.,true,lichess,3BR1A,31729,95,{}
lc_Ub94y,r7/2p2k1p/1p1p2p1/3Pnp2/2P5/1Q2K1PB/P6P/8 b - - 5 28,"{""a8a3"",""b3a3"",""e5c4"",""e3d4"",""c4a3""}",queen,1,intermediate,Queen 1 · Fork,fork,Black to move.,1441,Club,"{""advantage"",""attraction"",""deflection"",""endgame"",""exposedKing"",""fork"",""long"",""pin"",""sacrifice""}","A fork — one piece attacks two enemy pieces at once, forcing a material win.",true,lichess,Ub94y,31395,95,{}
lc_a9PIB,5rk1/pp5p/2n1N3/3p4/P2P4/q3P3/P1Q3PP/5RK1 b - - 0 23,"{""a3e3"",""c2f2"",""f8f2""}",queen,1,intermediate,Queen 1 · Fork,fork,Black to move.,1442,Club,"{""crushing"",""endgame"",""fork"",""short""}","A fork — one piece attacks two enemy pieces at once, forcing a material win.",true,lichess,a9PIB,40777,95,{}
lc_o1JxZ,rn1qkb1r/ppp1pppp/1n1p4/4P3/2BP2b1/5N2/PPP2PPP/RNBQK2R w KQkq - 3 6,"{""c4f7"",""e8f7"",""f3g5"",""f7g8"",""d1g4""}",queen,1,intermediate,Queen 1 · Discovered Attack,discoveredAttack,White to move.,1442,Club,"{""advantage"",""attackingF2F7"",""attraction"",""discoveredAttack"",""long"",""opening"",""sacrifice""}",A discovered attack — moving one piece uncovers a deadly attack from another.,true,lichess,o1JxZ,39056,95,"{""Alekhine_Defense"",""Alekhine_Defense_Modern_Variation""}"
lc_wMKaG,r1b4Q/3pkp2/p1n1pn2/1pp1q2p/4PP2/1BPP4/PP1KN1PP/R6R b - f3 0 17,"{""f6e4"",""d3e4"",""e5h8""}",queen,1,intermediate,Queen 1 · Discovered Attack,discoveredAttack,Black to move.,1442,Club,"{""crushing"",""discoveredAttack"",""middlegame"",""short""}",A discovered attack — moving one piece uncovers a deadly attack from another.,true,lichess,wMKaG,37689,94,"{""Sicilian_Defense"",""Sicilian_Defense_Other_variations""}"
lc_GFBW5,r1b3k1/pp5p/2p1prp1/3q4/3P4/2PB2Q1/PP3P1P/R3R1K1 b - - 3 23,"{""f6f3"",""g3g4"",""f3d3""}",queen,1,intermediate,Queen 1 · Interference,interference,Black to move.,1442,Club,"{""advantage"",""interference"",""middlegame"",""short""}",Interference — block the line between two enemy pieces to break their coordination.,true,lichess,GFBW5,36486,95,{}
lc_VBOZ4,8/8/5K2/6pk/5pN1/5P1p/8/8 b - - 4 60,"{""h5h4"",""f6g6"",""h4g3"",""g6g5"",""g3f3"",""g5h4"",""f3g2"",""g4e5"",""h3h2""}",queen,1,intermediate,Queen 1 · Advanced Pawn,advancedPawn,Black to move.,1442,Club,"{""advancedPawn"",""crushing"",""endgame"",""knightEndgame"",""veryLong"",""zugzwang""}",An advanced pawn — push the passer or use its threats to win material.,true,lichess,VBOZ4,36189,96,{}
lc_Fu1rf,3rr3/ppp2pk1/5p2/7p/3npP1P/PP2N1P1/2P2PK1/R2R4 w - - 3 21,"{""d1d4"",""d8d4"",""e3f5"",""g7g6"",""f5d4""}",queen,1,intermediate,Queen 1 · Fork,fork,White to move.,1442,Club,"{""attraction"",""crushing"",""endgame"",""fork"",""long"",""sacrifice""}","A fork — one piece attacks two enemy pieces at once, forcing a material win.",true,lichess,Fu1rf,36132,96,{}
lc_Fq3K2,4rk1r/pb3ppp/2n5/8/3Pn2q/2P1BB2/PP1NQ1PP/R4K1R b - - 4 16,"{""e4g3"",""h2g3"",""h4h1"",""f1f2"",""h1a1""}",queen,1,intermediate,Queen 1 · Skewer,skewer,Black to move.,1442,Club,"{""advantage"",""long"",""middlegame"",""skewer""}","A skewer — the higher-value piece is forced to move, losing the piece behind it.",true,lichess,Fq3K2,35810,96,"{""Kings_Pawn_Game"",""Kings_Pawn_Game_Gunderam_Gambit""}"
lc_tGJjx,1r3r2/Qbkn1p1p/1p4q1/2p5/8/5N2/P1PR1PPP/4R1K1 w - - 8 25,"{""d2d7"",""c7d7"",""f3e5"",""d7c7"",""e5g6""}",queen,1,intermediate,Queen 1 · Fork,fork,White to move.,1442,Club,"{""attraction"",""crushing"",""fork"",""long"",""middlegame"",""sacrifice""}","A fork — one piece attacks two enemy pieces at once, forcing a material win.",true,lichess,tGJjx,35650,96,{}
lc_GEahg,6k1/1rn2qbp/3p2p1/PN2p3/7R/1Q3P1P/6P1/6K1 w - - 1 37,"{""b3f7"",""g8f7"",""b5d6"",""f7e7"",""d6b7""}",queen,1,intermediate,Queen 1 · Fork,fork,White to move.,1442,Club,"{""attraction"",""crushing"",""fork"",""long"",""middlegame""}","A fork — one piece attacks two enemy pieces at once, forcing a material win.",true,lichess,GEahg,35377,96,{}
lc_YgvX4,6rr/2k1n1Q1/2n1q3/p2p3p/1p6/1B1P1N1P/1PPK1PP1/R3R3 b - - 7 25,"{""e6e1"",""d2e1"",""g8g7""}",queen,1,intermediate,Queen 1 · Advantage,advantage,Black to move.,1442,Club,"{""advantage"",""middlegame"",""short""}",Find the strongest continuation and seize the advantage.,true,lichess,YgvX4,34874,95,{}
lc_75Sof,r5k1/1pp3b1/n2p2pp/p2Pp3/2P1N1q1/P4Pn1/1P3B1P/R2Q1RK1 b - - 0 18,"{""g3e2"",""g1h1"",""g4f3""}",queen,1,intermediate,Queen 1 · Mate In2,mateIn2,Black to move.,1442,Club,"{""discoveredCheck"",""doubleCheck"",""interference"",""intermezzo"",""kingsideAttack"",""mate"",""mateIn2"",""middlegame"",""short""}",Checkmate in two — a forced sequence that delivers checkmate on move two.,true,lichess,75Sof,34813,96,"{""Indian_Defense"",""Indian_Defense_West_Indian_Defense""}"
lc_DkoTt,2r2rk1/p4qpR/1p2p1Q1/n3Pp2/3P4/P1P2R2/6PP/6K1 w - - 2 25,"{""h7h8"",""g8h8"",""f3h3"",""h8g8"",""g6h7""}",queen,1,intermediate,Queen 1 · Mate In3,mateIn3,White to move.,1442,Club,"{""attraction"",""kingsideAttack"",""long"",""mate"",""mateIn3"",""middlegame"",""sacrifice""}",Checkmate in three — calculate the forcing line all the way to mate.,true,lichess,DkoTt,34774,96,{}
lc_Bi0vX,2r1r2k/6p1/7p/1p2Q3/3p4/P2q1P2/1P4PP/1R1R2K1 b - - 2 32,"{""d3d1"",""b1d1"",""e8e5""}",queen,1,intermediate,Queen 1 · Endgame,endgame,Black to move.,1442,Club,"{""crushing"",""endgame"",""short""}",An endgame technique — precise play with few pieces where every tempo counts.,true,lichess,Bi0vX,34739,96,{}
lc_H6fHb,3r2n1/bpB4k/p3q1p1/2p2pPp/3p1P2/2P4P/PP1Q4/3RR2K b - - 1 34,"{""e6c6"",""d2g2"",""c6c7""}",queen,1,intermediate,Queen 1 · Fork,fork,Black to move.,1442,Club,"{""advantage"",""fork"",""middlegame"",""short""}","A fork — one piece attacks two enemy pieces at once, forcing a material win.",true,lichess,H6fHb,34565,96,{}
lc_bFaHK,6k1/6q1/4p1p1/2np2N1/1p4P1/3r4/4nPK1/Q6R w - - 6 40,"{""a1a8"",""g7f8"",""h1h8"",""g8h8"",""a8f8""}",queen,1,intermediate,Queen 1 · Mate In3,mateIn3,White to move.,1442,Club,"{""attraction"",""deflection"",""exposedKing"",""long"",""mate"",""mateIn3"",""middlegame""}",Checkmate in three — calculate the forcing line all the way to mate.,true,lichess,bFaHK,34280,96,{}
lc_t41cK,r6q/kp3Q2/4p3/p1Pp1p2/2p3r1/2P1P3/PP1B3P/3R2RK b - - 2 36,"{""h8h2"",""h1h2"",""a8h8"",""f7h7"",""h8h7""}",queen,1,intermediate,Queen 1 · Mate In3,mateIn3,Black to move.,1442,Club,"{""attraction"",""kingsideAttack"",""long"",""mate"",""mateIn3"",""middlegame"",""sacrifice""}",Checkmate in three — calculate the forcing line all the way to mate.,true,lichess,t41cK,34178,95,{}
lc_Xs5uK,r4rk1/5ppp/8/4Q2P/8/8/PPq5/K2RR3 b - - 0 24,"{""a8a2"",""a1a2"",""f8a8"",""e5a5"",""a8a5""}",queen,1,intermediate,Queen 1 · Mate In3,mateIn3,Black to move.,1442,Club,"{""attraction"",""endgame"",""long"",""mate"",""mateIn3"",""sacrifice""}",Checkmate in three — calculate the forcing line all the way to mate.,true,lichess,Xs5uK,33944,97,{}
lc_V0RH7,7k/6p1/p2p3p/3P2q1/5RQ1/1r3P1P/6P1/7K w - - 2 38,"{""f4f8"",""h8h7"",""g4e4"",""g5g6"",""f8h8"",""h7h8"",""e4g6""}",queen,1,intermediate,Queen 1 · Deflection,deflection,White to move.,1442,Club,"{""crushing"",""deflection"",""endgame"",""veryLong""}",A deflection — lure a defending piece away from the square it was guarding.,true,lichess,V0RH7,33849,96,{}
lc_h7L9b,8/5k2/5p2/1P1b2p1/2r2b1p/2B4P/1K3R2/R7 b - - 3 48,"{""c4c3"",""b2c3"",""f4e5"",""c3b4"",""e5a1""}",queen,1,intermediate,Queen 1 · Skewer,skewer,Black to move.,1442,Club,"{""attraction"",""crushing"",""endgame"",""exposedKing"",""long"",""sacrifice"",""skewer""}","A skewer — the higher-value piece is forced to move, losing the piece behind it.",true,lichess,h7L9b,33417,95,{}
lc_Ei271,r4qrk/ppp2p1p/2np1PpQ/6P1/2n2P2/3R4/PPP4P/2K4R w - - 6 20,"{""h6h7"",""h8h7"",""d3h3"",""f8h6"",""h3h6""}",queen,1,intermediate,Queen 1 · Mate In3,mateIn3,White to move.,1442,Club,"{""attraction"",""kingsideAttack"",""long"",""master"",""mate"",""mateIn3"",""middlegame"",""sacrifice""}",Checkmate in three — calculate the forcing line all the way to mate.,true,lichess,Ei271,33410,95,"{""Indian_Defense"",""Indian_Defense_Other_variations""}"
lc_GZ25b,6k1/2pb1r1p/1p1p3R/p2P2r1/P1P1PR2/1P3P2/5KN1/8 b - - 0 41,"{""g5g2"",""f2g2"",""f7f4""}",queen,1,intermediate,Queen 1 · Endgame,endgame,Black to move.,1442,Club,"{""advantage"",""endgame"",""intermezzo"",""master"",""short""}",An endgame technique — precise play with few pieces where every tempo counts.,true,lichess,GZ25b,33352,95,{}
lc_FAhzo,4k3/pQ2q2p/2p1r1n1/8/2PP4/8/PP4PP/5RK1 w - - 1 29,"{""b7c8"",""e7d8"",""c8e6""}",queen,1,intermediate,Queen 1 · Deflection,deflection,White to move.,1442,Club,"{""crushing"",""deflection"",""endgame"",""short""}",A deflection — lure a defending piece away from the square it was guarding.,true,lichess,FAhzo,33271,95,{}
lc_Icsuo,r1b1k3/pp5p/5p2/4P3/2Q1p3/2P1P1r1/PPB1KR2/R1B4q b q - 0 21,"{""c8g4"",""e2d2"",""a8d8""}",queen,1,intermediate,Queen 1 · Crushing,crushing,Black to move.,1442,Club,"{""crushing"",""master"",""middlegame"",""short""}",Find the strongest continuation and seize the advantage.,true,lichess,Icsuo,33151,95,{}
lc_7vmik,4Qbk1/4Bp1p/6p1/8/4P3/P5N1/1P1p1PPP/1qr2RK1 b - - 4 32,"{""c1f1"",""g3f1"",""b1f1"",""g1f1"",""d2d1q""}",queen,1,intermediate,Queen 1 · Mate In3,mateIn3,Black to move.,1442,Club,"{""advancedPawn"",""attraction"",""long"",""master"",""mate"",""mateIn3"",""middlegame"",""promotion""}",Checkmate in three — calculate the forcing line all the way to mate.,true,lichess,7vmik,33062,96,{}
lc_WcyVV,3rr3/2b5/1k2p2p/1p2P3/2p2P2/Q1P5/1P4PP/5RK1 b - - 3 31,"{""d8a8"",""a3b4"",""a8a4"",""b4a4"",""b5a4""}",queen,1,intermediate,Queen 1 · Trapped Piece,trappedPiece,Black to move.,1442,Club,"{""advantage"",""endgame"",""long"",""trappedPiece""}",A trapped piece — the enemy piece has no safe squares and can be won.,true,lichess,WcyVV,32933,94,{}
lc_vxqwL,r3k3/3pnpp1/p3p3/2pnP1P1/5P2/RqPP4/1P4Q1/3NK1N1 b q - 4 21,"{""b3d1"",""e1d1"",""d5e3"",""d1d2"",""e3g2""}",queen,1,intermediate,Queen 1 · Fork,fork,Black to move.,1442,Club,"{""attraction"",""crushing"",""exposedKing"",""fork"",""long"",""middlegame"",""sacrifice""}","A fork — one piece attacks two enemy pieces at once, forcing a material win.",true,lichess,vxqwL,32799,95,{}
lc_hltls,r3k2r/ppp1qpbp/2n5/8/6b1/2P2p1P/PP2QPP1/2BRKB1R w Kkq - 0 13,"{""e2e7"",""c6e7"",""h3g4"",""f3g2"",""f1g2""}",queen,1,intermediate,Queen 1 · Advantage,advantage,White to move.,1442,Club,"{""advantage"",""long"",""middlegame""}",Find the strongest continuation and seize the advantage.,true,lichess,hltls,32323,95,"{""Alekhine_Defense"",""Alekhine_Defense_Scandinavian_Variation""}"
lc_uCJlp,6rk/pq4pp/1pp1rB2/3p1PR1/3Pp2R/P1P4P/B1P2P1K/8 w - - 0 32,"{""h4h7"",""h8h7"",""g5h5""}",queen,1,intermediate,Queen 1 · Mate In2,mateIn2,White to move.,1442,Club,"{""attraction"",""kingsideAttack"",""mate"",""mateIn2"",""middlegame"",""sacrifice"",""short""}",Checkmate in two — a forced sequence that delivers checkmate on move two.,true,lichess,uCJlp,32317,96,{}
lc_4GKDV,3rr1k1/pp1qbpp1/3p3p/2p1N3/2P3n1/1P4P1/PBQ1PPKP/3R1R2 b - - 3 18,"{""g4e5"",""b2e5"",""d7c6"",""d1d5"",""d6e5""}",queen,1,intermediate,Queen 1 · Pin,pin,Black to move.,1442,Club,"{""advantage"",""intermezzo"",""long"",""middlegame"",""pin""}",A pin — the attacked piece can't move without exposing a more valuable piece behind it.,true,lichess,4GKDV,32262,96,"{""Zukertort_Opening"",""Zukertort_Opening_Black_Mustang_Defense""}"
lc_Jy62q,5rk1/p4p1p/5p2/6N1/8/6QP/q5P1/7K w - - 0 25,"{""g5e6"",""g8h8"",""g3g7""}",queen,1,intermediate,Queen 1 · Mate In2,mateIn2,White to move.,1442,Club,"{""discoveredAttack"",""discoveredCheck"",""endgame"",""mate"",""mateIn2"",""short""}",Checkmate in two — a forced sequence that delivers checkmate on move two.,true,lichess,Jy62q,31592,95,{}
lc_qIxiT,r1bR4/p4pkp/2p1pq2/1p6/4pP1Q/8/PPP2KPP/8 w - - 2 27,"{""d8g8"",""g7g8"",""h4f6""}",queen,1,intermediate,Queen 1 · Deflection,deflection,White to move.,1442,Club,"{""crushing"",""deflection"",""endgame"",""short""}",A deflection — lure a defending piece away from the square it was guarding.,true,lichess,qIxiT,31443,96,{}
lc_KlyYS,rn2k2r/2qb1ppp/p2p4/1pp1p1b1/4P3/1B1P2PP/PPPQN1P1/R3KR2 w Qkq - 0 15,"{""b3f7"",""e8d8"",""d2g5""}",queen,1,intermediate,Queen 1 · Attacking F2 F7,attackingF2F7,White to move.,1442,Club,"{""attackingF2F7"",""crushing"",""intermezzo"",""middlegame"",""short""}",Find the strongest continuation and seize the advantage.,true,lichess,KlyYS,31399,95,"{""Sicilian_Defense"",""Sicilian_Defense_Bowdler_Attack""}"
lc_rdJxO,rn1qkb1r/pp3ppp/2p2n2/4N3/4P3/3P4/PPP1Q1PP/RNB1K2R b KQkq - 0 8,"{""d8a5"",""b1d2"",""a5e5""}",queen,1,intermediate,Queen 1 · Fork,fork,Black to move.,1443,Club,"{""advantage"",""fork"",""opening"",""short""}","A fork — one piece attacks two enemy pieces at once, forcing a material win.",true,lichess,rdJxO,39332,95,"{""Kings_Pawn_Game"",""Kings_Pawn_Game_Leonardis_Variation""}"
lc_uE1Ja,r1bqr1k1/3p1p2/2p2n1p/4p1p1/1p1bP3/3P1QB1/BPP2PPP/R2NR1K1 w - - 0 17,"{""a2f7"",""g8f7"",""a1a8""}",queen,1,intermediate,Queen 1 · Discovered Attack,discoveredAttack,White to move.,1443,Club,"{""advantage"",""discoveredAttack"",""middlegame"",""short""}",A discovered attack — moving one piece uncovers a deadly attack from another.,true,lichess,uE1Ja,38709,95,"{""Italian_Game"",""Italian_Game_Giuoco_Piano""}"
lc_989MH,r3kbnr/ppq2ppp/2b1p3/1B2N3/3PP3/1Q6/PP3PPP/R1B1K2R b KQkq d3 0 13,"{""c7a5"",""c1d2"",""a5b5""}",queen,1,intermediate,Queen 1 · Advantage,advantage,Black to move.,1443,Club,"{""advantage"",""opening"",""short""}",Find the strongest continuation and seize the advantage.,true,lichess,989MH,37943,95,"{""French_Defense"",""French_Defense_Two_Knights_Variation""}"
lc_2PlCh,3q3r/p4k2/1p5Q/3Pbp2/4p2P/BPr5/P5P1/4R1K1 w - - 0 33,"{""h6e6"",""f7g7"",""e6e5"",""d8f6"",""e5f6"",""g7f6"",""a3b2""}",queen,1,intermediate,Queen 1 · Fork,fork,White to move.,1443,Club,"{""crushing"",""exposedKing"",""fork"",""master"",""masterVsMaster"",""middlegame"",""pin"",""veryLong""}","A fork — one piece attacks two enemy pieces at once, forcing a material win.",true,lichess,2PlCh,36266,95,{}
lc_n1XO3,5B2/2p5/2kP2p1/6P1/p1p2RK1/P3r3/2P2p2/8 b - - 1 41,"{""e3e4"",""f4e4"",""f2f1q""}",queen,1,intermediate,Queen 1 · Pin,pin,Black to move.,1443,Club,"{""advancedPawn"",""advantage"",""deflection"",""endgame"",""pin"",""promotion"",""short""}",A pin — the attacked piece can't move without exposing a more valuable piece behind it.,true,lichess,n1XO3,35819,95,{}
lc_Iygua,rnbqkb1r/5pp1/p2pp2p/8/4n3/2p2N1P/PP2BPP1/RNBQ1RK1 w kq - 0 12,"{""d1a4"",""b8d7"",""a4e4"",""c3b2"",""c1b2""}",queen,1,intermediate,Queen 1 · Fork,fork,White to move.,1443,Club,"{""advantage"",""fork"",""long"",""opening""}","A fork — one piece attacks two enemy pieces at once, forcing a material win.",true,lichess,Iygua,35808,96,"{""Sicilian_Defense"",""Sicilian_Defense_Modern_Variations""}"
lc_mwFDG,r1r3k1/2Q2pbp/2n1p1p1/4P3/4qP2/1R3N2/2PB2PP/4R1K1 b - - 6 29,"{""e4e1"",""d2e1"",""c8c7""}",queen,1,intermediate,Queen 1 · Crushing,crushing,Black to move.,1443,Club,"{""crushing"",""middlegame"",""short""}",Find the strongest continuation and seize the advantage.,true,lichess,mwFDG,34994,96,{}
lc_09LVe,2r1r3/3q2pk/p2p4/1p1Bbb2/1P6/P2PB2P/3Q2K1/2R2R2 w - - 0 34,"{""f1f5"",""d7f5"",""d5e4"",""f5e4"",""d3e4""}",queen,1,intermediate,Queen 1 · Pin,pin,White to move.,1443,Club,"{""advantage"",""long"",""middlegame"",""pin"",""sacrifice""}",A pin — the attacked piece can't move without exposing a more valuable piece behind it.,true,lichess,09LVe,34871,95,{}
lc_Zs9s5,r3r2k/2N1bp1p/2pp1p2/pq3P2/1p2P3/P2P2Q1/1P4PP/4RRK1 b - - 1 25,"{""b5b6"",""g1h1"",""b6c7""}",queen,1,intermediate,Queen 1 · Fork,fork,Black to move.,1443,Club,"{""advantage"",""fork"",""middlegame"",""short""}","A fork — one piece attacks two enemy pieces at once, forcing a material win.",true,lichess,Zs9s5,34568,96,{}
lc_TxYhK,2b1r1k1/5p2/p6p/3N2p1/P1pP2n1/5BP1/1P2rP1P/R4K1R b - - 6 26,"{""e2f2"",""f1g1"",""f2f3""}",queen,1,intermediate,Queen 1 · Fork,fork,Black to move.,1443,Club,"{""crushing"",""fork"",""middlegame"",""short""}","A fork — one piece attacks two enemy pieces at once, forcing a material win.",true,lichess,TxYhK,34357,95,{}
lc_lsoEx,r1b2rk1/ppq1npp1/3p4/4p1N1/2B5/P1Q4P/1PP2P2/R3K2R w KQ - 1 17,"{""c4f7"",""f8f7"",""c3c7""}",queen,1,intermediate,Queen 1 · Discovered Attack,discoveredAttack,White to move.,1443,Club,"{""crushing"",""discoveredAttack"",""middlegame"",""short""}",A discovered attack — moving one piece uncovers a deadly attack from another.,true,lichess,lsoEx,33994,95,"{""Sicilian_Defense"",""Sicilian_Defense_Smith-Morra_Gambit""}"
lc_GHWtO,8/2R4p/3r1k2/p1N5/1p3K2/1P3P2/P1r5/8 w - - 1 43,"{""c5e4"",""f6g6"",""c7c2""}",queen,1,intermediate,Queen 1 · Fork,fork,White to move.,1443,Club,"{""crushing"",""discoveredAttack"",""endgame"",""fork"",""short""}","A fork — one piece attacks two enemy pieces at once, forcing a material win.",true,lichess,GHWtO,33860,95,{}
lc_aDnVM,6k1/5ppp/p1pb4/3N4/3q4/7Q/PP3PP1/R1B1rBK1 b - - 0 21,"{""e1f1"",""g1f1"",""d4d1""}",queen,1,intermediate,Queen 1 · Mate In2,mateIn2,Black to move.,1443,Club,"{""attraction"",""mate"",""mateIn2"",""middlegame"",""sacrifice"",""short""}",Checkmate in two — a forced sequence that delivers checkmate on move two.,true,lichess,aDnVM,33726,95,{}
lc_sp41h,r1b2r1k/pp5B/2nb1q1Q/3p1p2/3P4/P4N2/1P3PPP/R4RK1 w - - 1 20,"{""h7g6"",""h8g8"",""h6h7""}",queen,1,intermediate,Queen 1 · Mate In2,mateIn2,White to move.,1443,Club,"{""discoveredAttack"",""discoveredCheck"",""kingsideAttack"",""mate"",""mateIn2"",""middlegame"",""short""}",Checkmate in two — a forced sequence that delivers checkmate on move two.,true,lichess,sp41h,33151,96,"{""Queens_Pawn_Game"",""Queens_Pawn_Game_Other_variations""}"
lc_OuktK,r1b4k/ppq1b1pB/2n1pr2/7Q/8/8/PPP2PPP/R4RK1 w - - 0 15,"{""h7g6"",""h8g8"",""h5h7"",""g8f8"",""h7h8""}",queen,1,intermediate,Queen 1 · Mate In3,mateIn3,White to move.,1443,Club,"{""discoveredAttack"",""discoveredCheck"",""kingsideAttack"",""long"",""mate"",""mateIn3"",""middlegame""}",Checkmate in three — calculate the forcing line all the way to mate.,true,lichess,OuktK,33059,95,"{""Zukertort_Opening"",""Zukertort_Opening_Tennison_Gambit""}"
lc_SSGld,5r2/1kp1Np1p/pp1p4/8/1q2r3/7P/PQ4P1/2R4K w - - 0 32,"{""c1c7"",""b7c7"",""e7d5"",""c7d7"",""d5b4""}",queen,1,intermediate,Queen 1 · Fork,fork,White to move.,1443,Club,"{""advantage"",""attraction"",""endgame"",""fork"",""long"",""sacrifice""}","A fork — one piece attacks two enemy pieces at once, forcing a material win.",true,lichess,SSGld,32812,95,{}
lc_YwN1m,7N/1pR5/p7/3P2p1/8/4kpn1/PP6/6K1 b - - 0 41,"{""f3f2"",""g1h2"",""f2f1q""}",queen,1,intermediate,Queen 1 · Deflection,deflection,Black to move.,1443,Club,"{""advancedPawn"",""crushing"",""deflection"",""endgame"",""promotion"",""short""}",A deflection — lure a defending piece away from the square it was guarding.,true,lichess,YwN1m,32523,95,{}
lc_JDLH9,1q3r2/3N1pk1/n5p1/p1p1N2p/4P2P/p3P3/1rPQ4/K4R1R b - - 5 27,"{""b2a2"",""a1a2"",""b8b2""}",queen,1,intermediate,Queen 1 · Mate In2,mateIn2,Black to move.,1443,Club,"{""attraction"",""mate"",""mateIn2"",""middlegame"",""sacrifice"",""short""}",Checkmate in two — a forced sequence that delivers checkmate on move two.,true,lichess,JDLH9,32482,96,{}
lc_ZQkih,8/8/6P1/2k5/R6K/1r6/p7/8 b - - 2 50,"{""b3b4"",""a4b4"",""c5b4"",""g6g7"",""a2a1q"",""g7g8q"",""a1h1"",""h4g3"",""h1g1"",""g3f4"",""g1g8""}",queen,1,intermediate,Queen 1 · Skewer,skewer,Black to move.,1443,Club,"{""advancedPawn"",""crushing"",""endgame"",""promotion"",""rookEndgame"",""skewer"",""veryLong""}","A skewer — the higher-value piece is forced to move, losing the piece behind it.",true,lichess,ZQkih,32412,96,{}
lc_yjrTC,3rr1k1/ppp1b2p/2n2q2/5Q2/3p4/P4P2/1P1NR1PP/4R2K w - - 1 25,"{""f5f6"",""e7f6"",""e2e8"",""d8e8"",""e1e8""}",queen,1,intermediate,Queen 1 · Advantage,advantage,White to move.,1443,Club,"{""advantage"",""kingsideAttack"",""long"",""middlegame""}",Find the strongest continuation and seize the advantage.,true,lichess,yjrTC,32322,96,{}
lc_BZhnj,1R6/8/8/6PP/2k5/5K2/rp4P1/8 b - - 0 42,"{""a2a3"",""f3f2"",""a3b3""}",queen,1,intermediate,Queen 1 · Rook Endgame,rookEndgame,Black to move.,1443,Club,"{""crushing"",""endgame"",""master"",""rookEndgame"",""short""}",A rook endgame — master the Lucena and Philidor ideas to convert.,true,lichess,BZhnj,31824,95,{}
lc_Me17b,8/kp6/p7/r6p/2Q5/qP3P1P/2PK2P1/3R4 b - - 0 37,"{""a3d6"",""c4d3"",""a5d5""}",queen,1,intermediate,Queen 1 · Pin,pin,Black to move.,1443,Club,"{""advantage"",""endgame"",""pin"",""short""}",A pin — the attacked piece can't move without exposing a more valuable piece behind it.,true,lichess,Me17b,31745,95,{}
lc_q9FTg,8/8/p2kr1p1/1b4RP/6P1/P2p4/3K4/4B3 b - - 0 46,"{""e6e2"",""d2d1"",""b5a4"",""d1c1"",""e2e1""}",queen,1,intermediate,Queen 1 · Deflection,deflection,Black to move.,1443,Club,"{""crushing"",""deflection"",""endgame"",""exposedKing"",""long""}",A deflection — lure a defending piece away from the square it was guarding.,true,lichess,q9FTg,31677,95,{}
lc_b93Bp,r4rk1/5ppp/3b1PP1/1p2p2P/3pP1Q1/1Pq5/2P2B2/1KR4R w - - 3 29,"{""g6h7"",""g8h7"",""g4g7""}",queen,1,intermediate,Queen 1 · Mate In2,mateIn2,White to move.,1443,Club,"{""advancedPawn"",""attraction"",""discoveredAttack"",""kingsideAttack"",""mate"",""mateIn2"",""middlegame"",""pin"",""short""}",Checkmate in two — a forced sequence that delivers checkmate on move two.,true,lichess,b93Bp,31659,96,{}
lc_8PU8b,8/p3bkpQ/8/3p4/5PP1/8/PP2q2P/R1B3K1 b - - 0 35,"{""e7c5"",""c1e3"",""c5e3"",""g1h1"",""e2f3""}",queen,1,intermediate,Queen 1 · Mate In3,mateIn3,Black to move.,1443,Club,"{""endgame"",""long"",""mate"",""mateIn3""}",Checkmate in three — calculate the forcing line all the way to mate.,true,lichess,8PU8b,31516,96,{}
lc_GnREU,8/pp6/8/2P2n1P/2P2K2/P7/4p1N1/3k4 b - - 8 52,"{""f5h4"",""g2h4"",""e2e1q""}",queen,1,intermediate,Queen 1 · Deflection,deflection,Black to move.,1444,Club,"{""advancedPawn"",""crushing"",""deflection"",""endgame"",""knightEndgame"",""promotion"",""short""}",A deflection — lure a defending piece away from the square it was guarding.,true,lichess,GnREU,36646,96,{}
lc_6QUYY,r4b1r/pp4pp/3k4/3NnbB1/3Q4/2P2p2/P3qPPP/1R4K1 w - - 0 21,"{""d5f4"",""d6c7"",""f4e2""}",queen,1,intermediate,Queen 1 · Discovered Attack,discoveredAttack,White to move.,1444,Club,"{""advantage"",""discoveredAttack"",""discoveredCheck"",""middlegame"",""short""}",A discovered attack — moving one piece uncovers a deadly attack from another.,true,lichess,6QUYY,35824,95,{}
lc_tETqC,4k2r/1bqn1pbp/4p1p1/1r1p4/PB6/2P2B2/5PPP/RN1QR1K1 b k a3 0 17,"{""b5b4"",""c3b4"",""g7a1""}",queen,1,intermediate,Queen 1 · Advantage,advantage,Black to move.,1444,Club,"{""advantage"",""middlegame"",""short""}",Find the strongest continuation and seize the advantage.,true,lichess,tETqC,35491,95,"{""Sicilian_Defense"",""Sicilian_Defense_Accelerated_Dragon""}"
lc_YImHW,6k1/5pP1/p2pr1bp/1p6/1P1B4/2P2KP1/1P2R2P/8 b - - 8 36,"{""g6h5"",""g3g4"",""h5g4"",""f3g4"",""e6e2""}",queen,1,intermediate,Queen 1 · Deflection,deflection,Black to move.,1444,Club,"{""advantage"",""deflection"",""endgame"",""long""}",A deflection — lure a defending piece away from the square it was guarding.,true,lichess,YImHW,35265,95,{}
lc_Ke1Yp,rnbb1rk1/ppp2qpp/3p4/8/3PN3/8/PPP1BPPP/R1BQK2R b KQ - 0 13,"{""d6d5"",""f2f3"",""d5e4""}",queen,1,intermediate,Queen 1 · Advantage,advantage,Black to move.,1444,Club,"{""advantage"",""opening"",""short""}",Find the strongest continuation and seize the advantage.,true,lichess,Ke1Yp,35216,95,"{""Latvian_Gambit_Accepted"",""Latvian_Gambit_Accepted_Bilguer_Variation""}"
lc_WuudU,r1b2rk1/pp1n1ppp/2p1pn2/6B1/1P1qN3/P2B4/2P2PPP/R2Q1RK1 w - - 0 12,"{""e4f6"",""d7f6"",""d3h7"",""f6h7"",""d1d4""}",queen,1,intermediate,Queen 1 · Discovered Attack,discoveredAttack,White to move.,1444,Club,"{""advantage"",""discoveredAttack"",""kingsideAttack"",""long"",""middlegame""}",A discovered attack — moving one piece uncovers a deadly attack from another.,true,lichess,WuudU,35085,95,"{""French_Defense"",""French_Defense_Winawer_Variation""}"
lc_9eVfs,8/5qpk/3p3p/3Pp2P/6Q1/5NPK/6P1/1r6 w - - 3 49,"{""g4e4"",""h7g8"",""e4b1""}",queen,1,intermediate,Queen 1 · Fork,fork,White to move.,1444,Club,"{""advantage"",""endgame"",""fork"",""short""}","A fork — one piece attacks two enemy pieces at once, forcing a material win.",true,lichess,9eVfs,35009,96,{}
lc_QGmEg,8/ppp5/3k4/5p2/6R1/1P1Nr3/P2K4/8 b - - 0 38,"{""e3d3"",""d2d3"",""f5g4""}",queen,1,intermediate,Queen 1 · Endgame,endgame,Black to move.,1444,Club,"{""crushing"",""endgame"",""intermezzo"",""short""}",An endgame technique — precise play with few pieces where every tempo counts.,true,lichess,QGmEg,34647,95,{}
lc_ugM4t,r4n1r/4k3/pp1p1pQn/2pPp2R/2P1P2q/2NB4/PP2K1P1/R7 w - - 2 22,"{""g6g7"",""h6f7"",""h5h4""}",queen,1,intermediate,Queen 1 · Fork,fork,White to move.,1444,Club,"{""crushing"",""fork"",""middlegame"",""short""}","A fork — one piece attacks two enemy pieces at once, forcing a material win.",true,lichess,ugM4t,34369,95,{}
lc_D43K4,rnb2b1Q/pppkq2p/3p1np1/8/4PP2/3B4/PPPP2PP/RNB2RK1 b - f3 0 9,"{""f8g7"",""h8g7"",""e7g7""}",queen,1,intermediate,Queen 1 · Trapped Piece,trappedPiece,Black to move.,1444,Club,"{""advantage"",""opening"",""short"",""trappedPiece""}",A trapped piece — the enemy piece has no safe squares and can be won.,true,lichess,D43K4,34319,95,"{""Kings_Pawn_Game"",""Kings_Pawn_Game_Damiano_Defense""}"
lc_5fjr9,8/4b3/4p2p/8/1P3P2/1kP2RP1/r4N1p/5K2 b - - 1 36,"{""a2f2"",""f1f2"",""h2h1q""}",queen,1,intermediate,Queen 1 · Promotion,promotion,Black to move.,1444,Club,"{""advancedPawn"",""crushing"",""endgame"",""promotion"",""short""}",Pawn promotion — advance the pawn to its final rank and choose your new piece wisely.,true,lichess,5fjr9,33832,94,{}
lc_bMiB3,8/1p3p1p/p1n2k2/3b1p2/8/P4N2/1PB1KPPP/8 b - - 5 25,"{""d5f3"",""e2f3"",""c6d4"",""f3e3"",""d4c2""}",queen,1,intermediate,Queen 1 · Fork,fork,Black to move.,1444,Club,"{""attraction"",""crushing"",""endgame"",""fork"",""long""}","A fork — one piece attacks two enemy pieces at once, forcing a material win.",true,lichess,bMiB3,33775,95,{}
lc_sgrzY,4k1nr/1r2p3/1p2Rp1b/p1p2Np1/2Pp4/1P1P4/PBK5/4R3 w k - 2 27,"{""f5d6"",""e8d7"",""d6b7""}",queen,1,intermediate,Queen 1 · Pin,pin,White to move.,1444,Club,"{""advantage"",""middlegame"",""pin"",""short""}",A pin — the attacked piece can't move without exposing a more valuable piece behind it.,true,lichess,sgrzY,32803,95,{}
lc_ZNSeW,r7/pp3BpQ/2p2b1p/2k5/2P5/8/Pq4PP/4R2K w - - 8 29,"{""h7f5"",""c5b6"",""e1b1"",""b2b1"",""f5b1""}",queen,2,intermediate,Queen 2 · Pin,pin,White to move.,1444,Club,"{""advantage"",""endgame"",""long"",""pin""}",A pin — the attacked piece can't move without exposing a more valuable piece behind it.,true,lichess,ZNSeW,32483,95,{}
lc_YMIeA,2rq1r2/pp4kp/6p1/3p1bN1/3Pp3/2P3QP/PP2R3/5RK1 w - - 0 25,"{""f1f5"",""f8f5"",""g5e6"",""g7g8"",""e6d8""}",queen,2,intermediate,Queen 2 · Fork,fork,White to move.,1444,Club,"{""advantage"",""fork"",""long"",""middlegame"",""sacrifice""}","A fork — one piece attacks two enemy pieces at once, forcing a material win.",true,lichess,YMIeA,32383,98,{}
lc_nkIUt,3q2k1/5pp1/2p3p1/1p1p2B1/1P1P2Pn/r1P1Q2P/5P2/4R1K1 b - - 6 29,"{""d8g5"",""e3g5"",""h4f3"",""g1g2"",""f3g5""}",queen,2,intermediate,Queen 2 · Fork,fork,Black to move.,1444,Club,"{""attraction"",""crushing"",""endgame"",""fork"",""long"",""sacrifice""}","A fork — one piece attacks two enemy pieces at once, forcing a material win.",true,lichess,nkIUt,32012,96,{}
lc_FGRd2,R4bk1/7p/3QP1p1/2p5/5q2/7P/6PK/5r2 w - - 3 38,"{""d6f4"",""f1f4"",""e6e7"",""f4f7"",""e7e8q""}",queen,2,intermediate,Queen 2 · Pin,pin,White to move.,1444,Club,"{""advancedPawn"",""crushing"",""endgame"",""long"",""pin"",""promotion""}",A pin — the attacked piece can't move without exposing a more valuable piece behind it.,true,lichess,FGRd2,31978,95,{}
lc_KjkBV,8/4k1pp/p1r2p2/R3p3/P1PnP3/8/5PPP/2R4K b - a3 0 26,"{""d4b3"",""a5a6"",""c6a6""}",queen,2,intermediate,Queen 2 · Fork,fork,Black to move.,1444,Club,"{""advantage"",""endgame"",""fork"",""short""}","A fork — one piece attacks two enemy pieces at once, forcing a material win.",true,lichess,KjkBV,31841,95,{}
lc_kjXDr,r4rk1/pp3pp1/1n4PR/q4P2/4p3/1pP1Q3/PP3P2/R3K3 w Q - 0 20,"{""h6h8"",""g8h8"",""e3h3"",""h8g8"",""h3h7""}",queen,2,intermediate,Queen 2 · Mate In3,mateIn3,White to move.,1444,Club,"{""attraction"",""kingsideAttack"",""long"",""mate"",""mateIn3"",""middlegame"",""sacrifice""}",Checkmate in three — calculate the forcing line all the way to mate.,true,lichess,kjXDr,31478,94,"{""Philidor_Defense"",""Philidor_Defense_Other_variations""}"
lc_b6Qqf,r4rk1/ppq2pp1/4p2p/3n4/8/1PPR2N1/P1Q2PPP/4R1K1 b - - 5 23,"{""d5b4"",""c2d1"",""b4d3""}",queen,2,intermediate,Queen 2 · Advantage,advantage,Black to move.,1444,Club,"{""advantage"",""middlegame"",""short""}",Find the strongest continuation and seize the advantage.,true,lichess,b6Qqf,31408,96,{}
lc_Ujyns,r5k1/5ppp/p7/1p1P4/3nP3/4B3/PP4PP/R5K1 b - - 2 22,"{""d4c2"",""a1c1"",""c2e3""}",queen,2,intermediate,Queen 2 · Fork,fork,Black to move.,1445,Club,"{""advantage"",""endgame"",""fork"",""short""}","A fork — one piece attacks two enemy pieces at once, forcing a material win.",true,lichess,Ujyns,49045,95,{}
lc_qQdmQ,r2q1rk1/pb3ppp/1pn2n2/2bN2B1/8/5NP1/PP2PPBP/R2Q1RK1 b - - 0 11,"{""d8d5"",""d1d5"",""f6d5""}",queen,2,intermediate,Queen 2 · Advantage,advantage,Black to move.,1445,Club,"{""advantage"",""middlegame"",""short""}",Find the strongest continuation and seize the advantage.,true,lichess,qQdmQ,39230,95,"{""Queens_Gambit_Declined"",""Queens_Gambit_Declined_Other_variations""}"
lc_Z3lZP,r1bqkb1r/pp3ppp/2n1p3/1B2P3/4Q3/5N2/PPP2PPP/R1B1K2R b KQkq - 2 9,"{""d8a5"",""c2c3"",""a5b5""}",queen,2,intermediate,Queen 2 · Fork,fork,Black to move.,1445,Club,"{""advantage"",""fork"",""opening"",""short""}","A fork — one piece attacks two enemy pieces at once, forcing a material win.",true,lichess,Z3lZP,36525,95,"{""Sicilian_Defense"",""Sicilian_Defense_Nimzowitsch_Variation""}"
lc_Rsw0H,Q4rk1/1Pp2pp1/7p/4P3/8/6P1/5RKP/1q6 b - - 6 26,"{""b1e4"",""g2g1"",""f8a8"",""b7a8r"",""e4a8""}",queen,2,intermediate,Queen 2 · X Ray Attack,xRayAttack,Black to move.,1445,Club,"{""crushing"",""endgame"",""long"",""xRayAttack""}",An x-ray — a piece attacks through an enemy piece to the target behind it.,true,lichess,Rsw0H,36232,96,{}
lc_FAngI,8/pp6/8/P1P5/1Pk4p/8/6K1/8 w - - 1 43,"{""a5a6"",""b7a6"",""c5c6""}",queen,2,intermediate,Queen 2 · Pawn Endgame,pawnEndgame,White to move.,1445,Club,"{""crushing"",""endgame"",""pawnEndgame"",""short""}",A pawn endgame — king opposition and the square of the pawn decide it.,true,lichess,FAngI,35808,96,{}
lc_V6CO8,1nk4r/Q1p1q2p/1p3pp1/3r4/8/P3PN2/1P3PPP/R3R1K1 b - - 0 22,"{""d5a5"",""a7a5"",""b6a5""}",queen,2,intermediate,Queen 2 · Trapped Piece,trappedPiece,Black to move.,1445,Club,"{""advantage"",""middlegame"",""short"",""trappedPiece""}",A trapped piece — the enemy piece has no safe squares and can be won.,true,lichess,V6CO8,35331,95,{}
lc_jc3Xi,1k4r1/pp3p1p/3p4/3P1r2/2Q2q2/1B5b/PPPK2P1/4R1R1 w - - 2 25,"{""c4f4"",""f5f4"",""g2h3"",""g8g1"",""e1g1""}",queen,2,intermediate,Queen 2 · Advantage,advantage,White to move.,1445,Club,"{""advantage"",""long"",""middlegame""}",Find the strongest continuation and seize the advantage.,true,lichess,jc3Xi,35229,95,{}
lc_GzMvW,b2r2k1/p4pp1/1p2p1p1/4n3/7R/2P3R1/PP1N4/2K5 w - - 5 23,"{""g3h3"",""g8f8"",""h4h8"",""f8e7"",""h8d8"",""e7d8"",""h3h8"",""d8c7"",""h8a8""}",queen,2,intermediate,Queen 2 · Skewer,skewer,White to move.,1445,Club,"{""advantage"",""attraction"",""endgame"",""quietMove"",""skewer"",""veryLong""}","A skewer — the higher-value piece is forced to move, losing the piece behind it.",true,lichess,GzMvW,34671,95,{}
lc_KCjwJ,2r3k1/p1B4p/bp1PNnp1/8/P1P5/8/6PP/2R1K3 b - - 2 30,"{""c8e8"",""e1f2"",""e8e6""}",queen,2,intermediate,Queen 2 · Pin,pin,Black to move.,1445,Club,"{""advantage"",""endgame"",""pin"",""short""}",A pin — the attacked piece can't move without exposing a more valuable piece behind it.,true,lichess,KCjwJ,34502,95,{}
lc_4W5Ff,r1bq1rk1/7p/p1p3pP/1p2Pp2/1b2pB2/4P3/PP2BP2/R2Q1K1R w - - 0 18,"{""d1b3"",""d8d5"",""b3b4""}",queen,2,intermediate,Queen 2 · Fork,fork,White to move.,1445,Club,"{""crushing"",""fork"",""middlegame"",""short""}","A fork — one piece attacks two enemy pieces at once, forcing a material win.",true,lichess,4W5Ff,34481,95,"{""Semi-Slav_Defense"",""Semi-Slav_Defense_Accelerated_Move_Order""}"
lc_AEMBB,1r1r2k1/p5pp/5p2/1pPbp3/6B1/P1K4P/1P6/3R2R1 w - - 4 25,"{""d1d5"",""d8d5"",""g4e6"",""g8f8"",""e6d5""}",queen,2,intermediate,Queen 2 · Fork,fork,White to move.,1445,Club,"{""attraction"",""crushing"",""endgame"",""fork"",""long"",""sacrifice""}","A fork — one piece attacks two enemy pieces at once, forcing a material win.",true,lichess,AEMBB,34173,96,{}
lc_pSh7n,8/5k2/p3pp2/2pqn1p1/8/1PP1Q1P1/P2N1P2/6K1 b - - 3 40,"{""d5d2"",""e3d2"",""e5f3"",""g1f1"",""f3d2""}",queen,2,intermediate,Queen 2 · Fork,fork,Black to move.,1445,Club,"{""attraction"",""crushing"",""endgame"",""fork"",""long"",""master"",""sacrifice""}","A fork — one piece attacks two enemy pieces at once, forcing a material win.",true,lichess,pSh7n,34068,95,{}
lc_LqBUG,5rk1/1Q1R1p1p/6p1/1q6/p7/PbP4P/1P3P2/K6R b - - 6 31,"{""b5b7"",""d7b7"",""b3d5"",""b7b4"",""d5h1""}",queen,2,intermediate,Queen 2 · Fork,fork,Black to move.,1445,Club,"{""advantage"",""endgame"",""fork"",""long""}","A fork — one piece attacks two enemy pieces at once, forcing a material win.",true,lichess,LqBUG,33492,96,{}
lc_fE9By,r2qkbnr/pp3ppp/2n1p3/1B2P2P/3ppNP1/8/PPP5/RNBQK2R b KQkq - 1 11,"{""d8a5"",""c2c3"",""a5b5""}",queen,2,intermediate,Queen 2 · Fork,fork,Black to move.,1445,Club,"{""advantage"",""fork"",""opening"",""short""}","A fork — one piece attacks two enemy pieces at once, forcing a material win.",true,lichess,fE9By,33291,95,"{""Caro-Kann_Defense"",""Caro-Kann_Defense_Advance_Variation""}"
lc_bRN8A,8/8/3k4/p1p5/r3PRp1/8/5P1K/8 w - - 0 46,"{""e4e5"",""d6e5"",""f4a4""}",queen,2,intermediate,Queen 2 · Discovered Attack,discoveredAttack,White to move.,1445,Club,"{""crushing"",""discoveredAttack"",""endgame"",""rookEndgame"",""short""}",A discovered attack — moving one piece uncovers a deadly attack from another.,true,lichess,bRN8A,32699,95,{}
lc_joqVf,3r3k/1pb1r1p1/p6p/3Q1p2/8/2P4P/PP1K1PP1/R3R2q w - - 2 31,"{""d5d8"",""c7d8"",""e1h1""}",queen,2,intermediate,Queen 2 · Advantage,advantage,White to move.,1445,Club,"{""advantage"",""middlegame"",""short""}",Find the strongest continuation and seize the advantage.,true,lichess,joqVf,32639,94,{}
lc_juNmg,1r1r2k1/1pp1R1p1/p6p/3q4/4Q3/5P2/P4P1P/R5K1 w - - 1 26,"{""e7e8"",""d8e8"",""e4d5""}",queen,2,intermediate,Queen 2 · Deflection,deflection,White to move.,1445,Club,"{""advantage"",""deflection"",""endgame"",""short""}",A deflection — lure a defending piece away from the square it was guarding.,true,lichess,juNmg,32609,95,{}
lc_0n4zK,2r1k2r/p4ppp/2p1p3/3p4/Q2PP2q/4PR2/PP2B1Pb/R1B4K b k - 2 17,"{""h2g3"",""h1g1"",""h4h2"",""g1f1"",""h2h1""}",queen,2,intermediate,Queen 2 · Mate In3,mateIn3,Black to move.,1445,Club,"{""discoveredAttack"",""discoveredCheck"",""kingsideAttack"",""long"",""mate"",""mateIn3"",""middlegame""}",Checkmate in three — calculate the forcing line all the way to mate.,true,lichess,0n4zK,32563,95,"{""Slav_Defense"",""Slav_Defense_Other_variations""}"
lc_cpyio,1kbr2nr/p1q1b1p1/Rp5p/1P1pP3/Q1p1BPpP/4B3/4N3/4K2R w K - 0 26,"{""e3b6"",""c7b6"",""a6b6""}",queen,2,intermediate,Queen 2 · Advantage,advantage,White to move.,1445,Club,"{""advantage"",""middlegame"",""queensideAttack"",""short""}",Find the strongest continuation and seize the advantage.,true,lichess,cpyio,32221,96,{}
lc_q5Sao,r1bqkb1r/ppp1p1pp/8/3pnB1Q/8/4P3/PPP2PPP/RNB1K2R b KQkq - 1 8,"{""g7g6"",""f5g6"",""e5g6""}",queen,2,intermediate,Queen 2 · Fork,fork,Black to move.,1445,Club,"{""advantage"",""defensiveMove"",""fork"",""opening"",""short""}","A fork — one piece attacks two enemy pieces at once, forcing a material win.",true,lichess,q5Sao,32009,95,"{""Dutch_Defense"",""Dutch_Defense_Other_variations""}"
lc_vJJ7V,6k1/6Bp/8/2p5/Pp6/1r1p2R1/8/4K3 b - - 2 39,"{""d3d2"",""e1d2"",""b3g3""}",queen,2,intermediate,Queen 2 · Discovered Attack,discoveredAttack,Black to move.,1445,Club,"{""advancedPawn"",""crushing"",""discoveredAttack"",""endgame"",""short""}",A discovered attack — moving one piece uncovers a deadly attack from another.,true,lichess,vJJ7V,31626,95,{}
lc_9teOC,r2q2k1/pp3bpp/2p3n1/3p4/3P4/4QR1P/PPP3P1/4R1K1 w - - 1 22,"{""f3f7"",""g8f7"",""e3e6"",""f7f8"",""e1f1""}",queen,2,intermediate,Queen 2 · Attraction,attraction,White to move.,1445,Club,"{""advantage"",""attraction"",""kingsideAttack"",""long"",""middlegame"",""sacrifice""}",An attraction — force an enemy piece onto a square where it can be exploited.,true,lichess,9teOC,31395,96,{}
lc_Xcsan,r1bqkr2/p1pnpp1Q/1p1p2pB/2nP4/8/5N2/PP3PPP/RN2KB1R b KQq - 1 10,"{""d7f6"",""h7g7"",""f8g8"",""g7g8"",""f6g8""}",queen,2,intermediate,Queen 2 · Trapped Piece,trappedPiece,Black to move.,1446,Club,"{""advantage"",""long"",""opening"",""trappedPiece""}",A trapped piece — the enemy piece has no safe squares and can be won.,true,lichess,Xcsan,39027,96,"{""Pirc_Defense"",""Pirc_Defense_Other_variations""}"
lc_ccISr,r1b1k1nB/p2p1p1p/1p2p3/2b5/4Pq2/5Q2/PPP2PPP/RN2KB1R b KQq - 2 10,"{""f4c1"",""f3d1"",""c5f2"",""e1f2"",""c1d1""}",queen,2,intermediate,Queen 2 · Deflection,deflection,Black to move.,1446,Club,"{""advantage"",""attackingF2F7"",""deflection"",""long"",""opening""}",A deflection — lure a defending piece away from the square it was guarding.,true,lichess,ccISr,37283,95,"{""Sicilian_Defense"",""Sicilian_Defense_Open""}"
lc_Y2fSt,r3k2r/2q1bppp/2pp1n2/4p1Nb/1p2P3/2NPQ2P/BPP2PP1/R3K2R w KQkq - 0 15,"{""a2f7"",""h5f7"",""a1a8""}",queen,2,intermediate,Queen 2 · Discovered Attack,discoveredAttack,White to move.,1446,Club,"{""attackingF2F7"",""crushing"",""discoveredAttack"",""middlegame"",""short""}",A discovered attack — moving one piece uncovers a deadly attack from another.,true,lichess,Y2fSt,37023,95,"{""Caro-Kann_Defense"",""Caro-Kann_Defense_Other_variations""}"
lc_hlQ9I,r2qk2r/ppp2ppp/2b2n2/4N3/1b2P3/2N5/PPPP2PP/R1BQ1RK1 b kq - 0 9,"{""d8d4"",""g1h1"",""d4e5""}",queen,2,intermediate,Queen 2 · Fork,fork,Black to move.,1446,Club,"{""advantage"",""fork"",""opening"",""short""}","A fork — one piece attacks two enemy pieces at once, forcing a material win.",true,lichess,hlQ9I,36198,95,"{""Kings_Gambit_Declined"",""Kings_Gambit_Declined_Queens_Knight_Defense""}"
lc_sps1y,r1b1k2r/3p3p/pqp1ppp1/2b1P3/5PP1/2Q2N2/PP2B2P/R1B1K2R b KQkq - 5 16,"{""c5b4"",""c1d2"",""b4c3""}",queen,2,intermediate,Queen 2 · Pin,pin,Black to move.,1446,Club,"{""advantage"",""opening"",""pin"",""short""}",A pin — the attacked piece can't move without exposing a more valuable piece behind it.,true,lichess,sps1y,35774,95,"{""Modern_Defense"",""Modern_Defense_Three_Pawns_Attack""}"
lc_0mbCl,2rq1rk1/1b3ppp/np2pn2/3pN3/1PP2B2/P1Q3P1/4PPBP/2R1K2R b K - 5 16,"{""d5d4"",""c3b2"",""b7g2""}",queen,2,intermediate,Queen 2 · Discovered Attack,discoveredAttack,Black to move.,1446,Club,"{""advantage"",""discoveredAttack"",""middlegame"",""short""}",A discovered attack — moving one piece uncovers a deadly attack from another.,true,lichess,0mbCl,35650,96,"{""Nimzo-Indian_Defense"",""Nimzo-Indian_Defense_Classical_Variation""}"
lc_NSI51,4rk2/p4pp1/1p5p/2pqr3/Q7/3PR1P1/PPP4P/4R1K1 w - - 0 28,"{""a4e8"",""f8e8"",""e3e5"",""d5e5"",""e1e5""}",queen,2,intermediate,Queen 2 · Fork,fork,White to move.,1446,Club,"{""attraction"",""crushing"",""endgame"",""fork"",""intermezzo"",""long""}","A fork — one piece attacks two enemy pieces at once, forcing a material win.",true,lichess,NSI51,35627,95,{}
lc_GVayM,8/r5kp/R7/2N1pp2/pp6/7P/P4KP1/8 b - - 1 36,"{""a7a6"",""c5a6"",""b4b3"",""a6b4"",""b3b2""}",queen,2,intermediate,Queen 2 · Advanced Pawn,advancedPawn,Black to move.,1446,Club,"{""advancedPawn"",""crushing"",""endgame"",""long""}",An advanced pawn — push the passer or use its threats to win material.,true,lichess,GVayM,35350,96,{}
lc_ZSfwA,1k6/1pp5/1r4p1/3P1pq1/Q3n3/P3P3/1P2KPPP/1R4R1 b - - 2 32,"{""b6b2"",""b1b2"",""e4c3"",""e2f3"",""c3a4""}",queen,2,intermediate,Queen 2 · Fork,fork,Black to move.,1446,Club,"{""advantage"",""endgame"",""fork"",""long"",""sacrifice""}","A fork — one piece attacks two enemy pieces at once, forcing a material win.",true,lichess,ZSfwA,34934,96,{}
lc_tm8fT,3qnrk1/1Qp1bppp/r1np4/p3P3/3P1BbP/2N2N2/PPP3P1/2KR1B1R b - - 0 12,"{""a6b6"",""b7b6"",""c7b6""}",queen,2,intermediate,Queen 2 · Trapped Piece,trappedPiece,Black to move.,1446,Club,"{""advantage"",""opening"",""short"",""trappedPiece""}",A trapped piece — the enemy piece has no safe squares and can be won.,true,lichess,tm8fT,34482,96,"{""Kings_Gambit_Accepted"",""Kings_Gambit_Accepted_Cunningham_Defense""}"
lc_1hcgX,4kr2/3b1pQR/p2ppPp1/2q1n1P1/3NP3/1P5P/8/2rR3K w - - 3 31,"{""g7f8"",""e8f8"",""h7h8""}",queen,2,intermediate,Queen 2 · Mate In2,mateIn2,White to move.,1446,Club,"{""attraction"",""mate"",""mateIn2"",""middlegame"",""sacrifice"",""short""}",Checkmate in two — a forced sequence that delivers checkmate on move two.,true,lichess,1hcgX,33564,96,{}
lc_nnqpM,4r2r/p4k1p/1p1p2p1/n2P4/2p1Bq2/4RP2/P2Q1P1P/6RK w - - 9 26,"{""e4g6"",""h7g6"",""e3e7"",""f7e7"",""d2f4""}",queen,2,intermediate,Queen 2 · Discovered Attack,discoveredAttack,White to move.,1446,Club,"{""advantage"",""clearance"",""collinearMove"",""discoveredAttack"",""long"",""middlegame"",""sacrifice""}",A discovered attack — moving one piece uncovers a deadly attack from another.,true,lichess,nnqpM,33546,95,{}
lc_NBcP7,2R1r1k1/5pbp/p5p1/1p1p4/P2n1B2/4P2P/1P2BPP1/5RK1 b - - 0 20,"{""d4e2"",""g1h1"",""e8c8""}",queen,2,intermediate,Queen 2 · Hanging Piece,hangingPiece,Black to move.,1446,Club,"{""crushing"",""hangingPiece"",""intermezzo"",""middlegame"",""short""}",A hanging piece — an undefended enemy piece is free to capture.,true,lichess,NBcP7,33151,94,{}
lc_jqUwe,5r2/kp6/p6R/8/3p4/P2P3B/1PP3Pb/2K5 b - - 0 26,"{""h2f4"",""c1b1"",""f4h6""}",queen,2,intermediate,Queen 2 · Fork,fork,Black to move.,1446,Club,"{""advantage"",""endgame"",""fork"",""short""}","A fork — one piece attacks two enemy pieces at once, forcing a material win.",true,lichess,jqUwe,32148,95,{}
lc_xIy0p,1r2qr2/pQ3N1k/2n3pp/8/2B2p2/P7/1P6/K2R4 w - - 1 30,"{""f7g5"",""h7h8"",""b7h7""}",queen,2,intermediate,Queen 2 · Mate In2,mateIn2,White to move.,1446,Club,"{""discoveredCheck"",""doubleCheck"",""mate"",""mateIn2"",""middlegame"",""short""}",Checkmate in two — a forced sequence that delivers checkmate on move two.,true,lichess,xIy0p,32020,96,{}
lc_4Aebn,r5rk/pp3p2/4N2P/q2p4/5PQ1/1P1n4/5RP1/1K5R w - - 1 32,"{""g4g7"",""g8g7"",""h6g7"",""h8g8"",""h1h8""}",queen,2,intermediate,Queen 2 · Mate In3,mateIn3,White to move.,1446,Club,"{""advancedPawn"",""collinearMove"",""discoveredCheck"",""doubleCheck"",""exposedKing"",""long"",""mate"",""mateIn3"",""middlegame"",""sacrifice""}",Checkmate in three — calculate the forcing line all the way to mate.,true,lichess,4Aebn,31691,97,{}
lc_OObhY,r1bq2k1/pp3p1p/2p1rnp1/3p4/3P1PPQ/2NBP3/PP1K3P/R5R1 b - - 1 17,"{""f6e4"",""c3e4"",""d8h4""}",queen,2,intermediate,Queen 2 · Discovered Attack,discoveredAttack,Black to move.,1446,Club,"{""crushing"",""discoveredAttack"",""middlegame"",""short""}",A discovered attack — moving one piece uncovers a deadly attack from another.,true,lichess,OObhY,31632,94,"{""Queens_Gambit_Declined"",""Queens_Gambit_Declined_Modern_Variation""}"
lc_rZ99Z,r5k1/2p1rp2/p1np3p/1p2p1p1/2B1P3/3P4/PPP2BPP/3K1R2 w - b6 0 20,"{""c4d5"",""a8f8"",""d5c6""}",queen,2,intermediate,Queen 2 · Endgame,endgame,White to move.,1446,Club,"{""advantage"",""endgame"",""short""}",An endgame technique — precise play with few pieces where every tempo counts.,true,lichess,rZ99Z,31558,95,{}
lc_NvjG2,r1b3k1/ppp4p/5r2/5p2/3P1Pp1/1PN2pPq/PB3P1P/R4QRK b - - 4 21,"{""h3h2"",""h1h2"",""f6h6"",""f1h3"",""h6h3""}",queen,2,intermediate,Queen 2 · Mate In3,mateIn3,Black to move.,1446,Club,"{""attraction"",""kingsideAttack"",""long"",""mate"",""mateIn3"",""middlegame"",""sacrifice""}",Checkmate in three — calculate the forcing line all the way to mate.,true,lichess,NvjG2,31329,96,{}
lc_wiu84,3r2k1/5pp1/r2N1q1p/2Q5/8/6P1/5PKP/3R4 w - - 6 33,"{""d6e4"",""d8d1"",""e4f6"",""a6f6"",""c5c8"",""g8h7"",""c8c2"",""g7g6"",""c2d1""}",queen,2,intermediate,Queen 2 · Fork,fork,White to move.,1447,Club,"{""advantage"",""endgame"",""fork"",""veryLong""}","A fork — one piece attacks two enemy pieces at once, forcing a material win.",true,lichess,wiu84,37042,96,{}
lc_ORqyx,r1bqk1nr/1p3N2/p1npp1p1/2p5/2BbP3/8/PPPP2PP/RNBQ1R1K b kq - 0 10,"{""h8h2"",""h1h2"",""d8h4""}",queen,2,intermediate,Queen 2 · Mate In2,mateIn2,Black to move.,1447,Club,"{""attraction"",""kingsideAttack"",""mate"",""mateIn2"",""opening"",""sacrifice"",""short""}",Checkmate in two — a forced sequence that delivers checkmate on move two.,true,lichess,ORqyx,36532,94,"{""Sicilian_Defense"",""Sicilian_Defense_McDonnell_Attack""}"
lc_IB5d7,4rr1k/ppp1q1p1/7p/8/4B3/6Q1/PP5P/4R2K w - - 1 25,"{""g3g6"",""e7e4"",""e1e4"",""f8f1"",""h1g2""}",queen,2,intermediate,Queen 2 · Endgame,endgame,White to move.,1447,Club,"{""advantage"",""endgame"",""long""}",An endgame technique — precise play with few pieces where every tempo counts.,true,lichess,IB5d7,36226,94,{}
lc_8fvRi,6k1/pp4p1/2p1p1bp/3p2r1/3B1R2/P3P1q1/1P3QP1/6K1 w - - 2 34,"{""f4f8"",""g8h7"",""f8h8"",""h7h8"",""f2f8"",""h8h7"",""f8g7""}",queen,2,intermediate,Queen 2 · Attraction,attraction,White to move.,1447,Club,"{""attraction"",""endgame"",""mate"",""mateIn4"",""sacrifice"",""veryLong""}",An attraction — force an enemy piece onto a square where it can be exploited.,true,lichess,8fvRi,35351,96,{}
lc_0DgYW,r2qr1k1/ppp2ppp/1nnp4/5Pb1/6P1/1BP5/P4P1P/RNBQR1K1 w - - 5 16,"{""e1e8"",""d8e8"",""c1g5""}",queen,2,intermediate,Queen 2 · Advantage,advantage,White to move.,1447,Club,"{""advantage"",""kingsideAttack"",""opening"",""short""}",Find the strongest continuation and seize the advantage.,true,lichess,0DgYW,34803,96,"{""Italian_Game"",""Italian_Game_Evans_Gambit""}"
lc_QfV2v,1rr3k1/p4p1p/b3p1pB/2qp4/1b5P/2N3Q1/PP2NPP1/4R1K1 w - - 1 21,"{""g3e5"",""c5f8"",""h6f8""}",queen,2,intermediate,Queen 2 · Advantage,advantage,White to move.,1447,Club,"{""advantage"",""middlegame"",""short""}",Find the strongest continuation and seize the advantage.,true,lichess,QfV2v,34739,95,{}
lc_Ek9ok,4r1k1/5pp1/p2p3p/1p6/3p1PP1/PB3R1P/1PP1qQ2/6K1 b - - 2 32,"{""e2d1"",""g1g2"",""e8e2""}",queen,2,intermediate,Queen 2 · Pin,pin,Black to move.,1447,Club,"{""advantage"",""clearance"",""endgame"",""pin"",""short""}",A pin — the attacked piece can't move without exposing a more valuable piece behind it.,true,lichess,Ek9ok,34714,95,{}
lc_Mx2T1,r1bqk1nr/pp1n1ppp/3Ppb2/1B6/4N3/5N2/PP3PPP/R1BQK2R b KQkq - 2 9,"{""d8a5"",""e4c3"",""f6c3"",""b2c3"",""a5b5""}",queen,2,intermediate,Queen 2 · Fork,fork,Black to move.,1447,Club,"{""advantage"",""fork"",""long"",""opening""}","A fork — one piece attacks two enemy pieces at once, forcing a material win.",true,lichess,Mx2T1,34599,95,"{""Sicilian_Defense"",""Sicilian_Defense_Smith-Morra_Gambit""}"
lc_z4tj7,r6r/pp2kp2/2p2p2/2b1pP2/4P3/1PNP4/1PP1QPK1/7R b - - 3 28,"{""a8g8"",""g2f3"",""h8h1""}",queen,2,intermediate,Queen 2 · Deflection,deflection,Black to move.,1447,Club,"{""advantage"",""deflection"",""endgame"",""short""}",A deflection — lure a defending piece away from the square it was guarding.,true,lichess,z4tj7,34244,96,{}
lc_ENYJY,3r2k1/pp3rp1/8/8/7R/7Q/PP3qPP/6RK b - - 3 29,"{""f2g1"",""h1g1"",""d8d1""}",queen,2,intermediate,Queen 2 · Mate In2,mateIn2,Black to move.,1447,Club,"{""attraction"",""endgame"",""mate"",""mateIn2"",""sacrifice"",""short""}",Checkmate in two — a forced sequence that delivers checkmate on move two.,true,lichess,ENYJY,33862,95,{}
lc_CuKQr,8/R1p1r3/p5pp/P2K2k1/2N1PbP1/7P/8/8 b - - 17 52,"{""c7c6"",""d5c6"",""e7a7""}",queen,2,intermediate,Queen 2 · Discovered Attack,discoveredAttack,Black to move.,1447,Club,"{""crushing"",""discoveredAttack"",""endgame"",""short""}",A discovered attack — moving one piece uncovers a deadly attack from another.,true,lichess,CuKQr,33542,96,{}
lc_gISKV,5rk1/p4pbp/3pr1p1/q3p3/B1PnP3/1PN1Q3/P4PPP/1R3RK1 b - - 0 22,"{""a5c3"",""e3c3"",""d4e2"",""g1h1"",""e2c3""}",queen,2,intermediate,Queen 2 · Fork,fork,Black to move.,1447,Club,"{""advantage"",""attraction"",""fork"",""long"",""middlegame"",""sacrifice""}","A fork — one piece attacks two enemy pieces at once, forcing a material win.",true,lichess,gISKV,33435,95,{}
lc_SbnKH,r2q2k1/pp3ppp/8/3p4/7r/2P5/PPN1QbPP/R1B3RK b - - 0 22,"{""h4h2"",""h1h2"",""d8h4""}",queen,2,intermediate,Queen 2 · Mate In2,mateIn2,Black to move.,1447,Club,"{""attraction"",""kingsideAttack"",""mate"",""mateIn2"",""middlegame"",""sacrifice"",""short""}",Checkmate in two — a forced sequence that delivers checkmate on move two.,true,lichess,SbnKH,33162,95,{}
lc_0xJZq,6k1/6pp/p6r/8/P3Q3/2P2KPq/3P1P2/6R1 b - - 0 32,"{""h6f6"",""f3e3"",""f6e6""}",queen,2,intermediate,Queen 2 · Pin,pin,Black to move.,1447,Club,"{""advantage"",""endgame"",""pin"",""short""}",A pin — the attacked piece can't move without exposing a more valuable piece behind it.,true,lichess,0xJZq,33118,95,{}
lc_TDh2P,8/ppb4Q/2p5/2Pp1p2/1P1P1q2/2N3k1/P7/7K w - - 4 36,"{""c3e2"",""g3f3"",""e2f4""}",queen,2,intermediate,Queen 2 · Fork,fork,White to move.,1447,Club,"{""crushing"",""endgame"",""fork"",""short""}","A fork — one piece attacks two enemy pieces at once, forcing a material win.",true,lichess,TDh2P,32736,95,{}
lc_PxQZv,2r2rk1/pp2pp2/6p1/7p/3QBb2/2P5/PP3RKN/RN2q3 b - - 2 22,"{""f4e3"",""d4e3"",""e1e3""}",queen,2,intermediate,Queen 2 · Fork,fork,Black to move.,1447,Club,"{""advantage"",""fork"",""middlegame"",""short""}","A fork — one piece attacks two enemy pieces at once, forcing a material win.",true,lichess,PxQZv,32159,95,{}
lc_oRZ6Y,1r1qr1k1/bbp2p2/p1np3p/1p1N2p1/3P4/1B3NPP/PP4P1/R2QR1K1 w - - 1 18,"{""e1e8"",""d8e8"",""d5f6"",""g8g7"",""f6e8""}",queen,2,intermediate,Queen 2 · Fork,fork,White to move.,1447,Club,"{""attraction"",""crushing"",""fork"",""long"",""middlegame""}","A fork — one piece attacks two enemy pieces at once, forcing a material win.",true,lichess,oRZ6Y,32128,95,"{""Ruy_Lopez"",""Ruy_Lopez_Morphy_Defense""}"
lc_hTftG,6k1/1p3qpp/2p1P3/3p3n/8/2BP4/PPPKQ1R1/5r2 b - - 0 29,"{""f7f4"",""e2e3"",""f1d1"",""d2d1"",""f4e3""}",queen,2,intermediate,Queen 2 · Deflection,deflection,Black to move.,1447,Club,"{""crushing"",""deflection"",""endgame"",""long""}",A deflection — lure a defending piece away from the square it was guarding.,true,lichess,hTftG,32087,96,{}
lc_UbRpF,rnbq1rk1/pp3ppp/8/3Qp3/1b6/2NP4/PPPB1PPP/R3K1NR b KQ - 0 9,"{""b4c3"",""d5d8"",""c3d2"",""e1d2"",""f8d8""}",queen,2,intermediate,Queen 2 · Sacrifice,sacrifice,Black to move.,1447,Club,"{""advantage"",""long"",""opening"",""sacrifice""}",A sacrifice — give up material to gain a decisive tactical or positional advantage.,true,lichess,UbRpF,31666,95,"{""Bishops_Opening"",""Bishops_Opening_Berlin_Defense""}"
lc_ax85P,8/R1P3pk/1P3p1p/8/8/2rp3P/6P1/7K b - - 0 37,"{""d3d2"",""a7a1"",""c3c1""}",queen,2,intermediate,Queen 2 · Advanced Pawn,advancedPawn,Black to move.,1447,Club,"{""advancedPawn"",""crushing"",""endgame"",""rookEndgame"",""short""}",An advanced pawn — push the passer or use its threats to win material.,true,lichess,ax85P,31659,96,{}
lc_AdYd3,rn2k3/pp2bpp1/2p1pnp1/1q6/3P4/1Q3B2/PPP2PP1/R3RKNr w q - 4 18,"{""b3b5"",""c6b5"",""f3b7""}",queen,2,intermediate,Queen 2 · Advantage,advantage,White to move.,1447,Club,"{""advantage"",""middlegame"",""short""}",Find the strongest continuation and seize the advantage.,true,lichess,AdYd3,31611,95,"{""Scandinavian_Defense"",""Scandinavian_Defense_Mieses-Kotroc_Variation""}"
lc_h7FRr,4rrk1/2R2Rpp/p5n1/qp3Q2/8/P1P1B3/1PP2PPP/2K5 b - - 0 24,"{""a5c7"",""f7c7"",""f8f5""}",queen,2,intermediate,Queen 2 · Advantage,advantage,Black to move.,1447,Club,"{""advantage"",""master"",""middlegame"",""short""}",Find the strongest continuation and seize the advantage.,true,lichess,h7FRr,31576,96,{}
lc_woU2Y,2r2rk1/1p3ppp/pqn1p3/3pPn2/1P1P4/3Q1N2/1BR1NPPP/5RK1 b - - 0 18,"{""c6b4"",""d3b3"",""c8c2""}",queen,2,intermediate,Queen 2 · Fork,fork,Black to move.,1447,Club,"{""crushing"",""discoveredAttack"",""fork"",""middlegame"",""short""}","A fork — one piece attacks two enemy pieces at once, forcing a material win.",true,lichess,woU2Y,31422,95,"{""Caro-Kann_Defense"",""Caro-Kann_Defense_Advance_Variation""}"
lc_3vOrz,5rk1/1R3ppp/p2p3r/3Pq3/8/5Q2/P7/5RK1 w - - 1 32,"{""f3f7"",""f8f7"",""b7b8"",""e5e8"",""b8e8"",""f7f8"",""f1f8""}",queen,2,intermediate,Queen 2 · Sacrifice,sacrifice,White to move.,1447,Club,"{""endgame"",""mate"",""mateIn4"",""sacrifice"",""veryLong""}",A sacrifice — give up material to gain a decisive tactical or positional advantage.,true,lichess,3vOrz,31301,96,{}
lc_VVkqP,1r6/3pk1pQ/Bp3qn1/p3p1p1/4P3/8/PPP2PPP/3R2K1 b - - 2 20,"{""b8h8"",""h7h8"",""g6h8""}",queen,2,intermediate,Queen 2 · Trapped Piece,trappedPiece,Black to move.,1447,Club,"{""crushing"",""endgame"",""short"",""trappedPiece""}",A trapped piece — the enemy piece has no safe squares and can be won.,true,lichess,VVkqP,31275,95,{}
lc_s8t0J,r3k1nr/ppp2ppp/3p1q2/1Pb1p3/4P3/P4N1b/1BQPBPPP/RN2K2R b KQkq - 3 9,"{""h3g2"",""b2e5"",""d6e5""}",queen,2,intermediate,Queen 2 · Advantage,advantage,Black to move.,1448,Club,"{""advantage"",""opening"",""short""}",Find the strongest continuation and seize the advantage.,true,lichess,s8t0J,38032,95,"{""Polish_Opening"",""Polish_Opening_Other_variations""}"
lc_y8PHt,3r2k1/2p4p/p4p2/2P1N3/4QnP1/8/PP3P2/5K2 b - - 0 32,"{""d8d1"",""e4e1"",""d1e1"",""f1e1"",""f6e5""}",queen,2,intermediate,Queen 2 · Endgame,endgame,Black to move.,1448,Club,"{""advantage"",""endgame"",""long""}",An endgame technique — precise play with few pieces where every tempo counts.,true,lichess,y8PHt,36182,96,{}
lc_Gbb6I,3r1rk1/1b3ppp/p1p1pq2/4N3/P2P4/5R2/1P1Q1PPP/2R3K1 b - - 5 19,"{""f6e5"",""d4e5"",""d8d2""}",queen,2,intermediate,Queen 2 · Advantage,advantage,Black to move.,1448,Club,"{""advantage"",""middlegame"",""short""}",Find the strongest continuation and seize the advantage.,true,lichess,Gbb6I,35632,95,"{""Sicilian_Defense"",""Sicilian_Defense_Bowdler_Attack""}"
lc_sI4SI,r2r2k1/p4ppp/q1n5/2p5/2Q5/4PPB1/P4P1P/1RR3K1 b - - 6 19,"{""d8d1"",""g1g2"",""a6c4"",""c1c4"",""d1b1""}",queen,2,intermediate,Queen 2 · Crushing,crushing,Black to move.,1448,Club,"{""crushing"",""long"",""middlegame""}",Find the strongest continuation and seize the advantage.,true,lichess,sI4SI,35322,95,"{""Queens_Pawn_Game"",""Queens_Pawn_Game_London_System""}"
lc_IbjYc,8/4b2p/p3k1p1/1p3p2/2r1p3/PPB1P3/3K1PPP/R7 b - - 0 27,"{""c4c3"",""d2c3"",""e7f6"",""c3c2"",""f6a1""}",queen,2,intermediate,Queen 2 · Skewer,skewer,Black to move.,1448,Club,"{""attraction"",""crushing"",""endgame"",""long"",""sacrifice"",""skewer""}","A skewer — the higher-value piece is forced to move, losing the piece behind it.",true,lichess,IbjYc,35081,96,{}
lc_XSKYR,7r/p1p2kpp/r4p2/4P3/2b1P3/B1P2PP1/PK1R3P/6R1 b - - 0 22,"{""h8b8"",""b2a1"",""a6a3""}",queen,2,intermediate,Queen 2 · Deflection,deflection,Black to move.,1448,Club,"{""advantage"",""deflection"",""endgame"",""short""}",A deflection — lure a defending piece away from the square it was guarding.,true,lichess,XSKYR,34547,97,{}
lc_5RG1V,2kr3r/ppp2ppp/8/3pn1q1/8/P1NBP1P1/1PP1QP1P/5RK1 w - - 1 15,"{""f2f4"",""g5e7"",""f4e5""}",queen,2,intermediate,Queen 2 · Fork,fork,White to move.,1448,Club,"{""advantage"",""fork"",""middlegame"",""short""}","A fork — one piece attacks two enemy pieces at once, forcing a material win.",true,lichess,5RG1V,34355,96,"{""Queens_Pawn_Game"",""Queens_Pawn_Game_Chigorin_Variation""}"
lc_objMd,3r2k1/pp5p/5Pq1/5pQ1/2pp4/P7/1PP3P1/2K4R w - - 2 32,"{""f6f7"",""g8f7"",""g5d8""}",queen,2,intermediate,Queen 2 · Pin,pin,White to move.,1448,Club,"{""advancedPawn"",""crushing"",""discoveredAttack"",""endgame"",""pin"",""short""}",A pin — the attacked piece can't move without exposing a more valuable piece behind it.,true,lichess,objMd,33703,97,{}
lc_v38kL,2r4k/2p2Q2/p7/1p1P1pqp/8/P4N1p/1P3Pr1/2R2R1K b - - 4 30,"{""g2h2"",""f3h2"",""g5g2""}",queen,2,intermediate,Queen 2 · Mate In2,mateIn2,Black to move.,1448,Club,"{""clearance"",""mate"",""mateIn2"",""middlegame"",""sacrifice"",""short""}",Checkmate in two — a forced sequence that delivers checkmate on move two.,true,lichess,v38kL,33588,95,{}
lc_nl5Qj,2kr1b1r/1pp2pp1/p1n1p2p/3q1B2/8/4BP1P/PPPQ1P2/2KR3R w - - 0 15,"{""d2d5"",""d8d5"",""d1d5""}",queen,2,intermediate,Queen 2 · Pin,pin,White to move.,1448,Club,"{""advantage"",""middlegame"",""pin"",""short""}",A pin — the attacked piece can't move without exposing a more valuable piece behind it.,true,lichess,nl5Qj,33329,95,"{""Zukertort_Opening"",""Zukertort_Opening_Tennison_Gambit""}"
lc_Oi2Wz,8/8/8/P7/1PR2b2/2P5/4rk2/3K4 b - - 0 39,"{""e2d2"",""d1c1"",""d2d4"",""c1c2"",""d4c4""}",queen,2,intermediate,Queen 2 · Discovered Attack,discoveredAttack,Black to move.,1448,Club,"{""crushing"",""discoveredAttack"",""discoveredCheck"",""endgame"",""exposedKing"",""long""}",A discovered attack — moving one piece uncovers a deadly attack from another.,true,lichess,Oi2Wz,33131,97,{}
lc_QgaaR,4nrk1/1p2ppb1/p2pb1p1/6Pp/q2BP2P/2Q2P2/1PPKB3/R6R b - - 5 21,"{""a4d4"",""c3d4"",""g7d4""}",queen,2,intermediate,Queen 2 · Advantage,advantage,Black to move.,1448,Club,"{""advantage"",""middlegame"",""short""}",Find the strongest continuation and seize the advantage.,true,lichess,QgaaR,32759,95,{}
lc_xbIb4,3r4/R7/6p1/1p3pk1/5b2/P4B2/1P4P1/5R1K b - - 0 37,"{""d8h8"",""h1g1"",""f4e3"",""f1f2"",""e3a7""}",queen,2,intermediate,Queen 2 · Fork,fork,Black to move.,1448,Club,"{""crushing"",""endgame"",""fork"",""long"",""pin""}","A fork — one piece attacks two enemy pieces at once, forcing a material win.",true,lichess,xbIb4,31717,96,{}
lc_km6Mh,7r/1ppb2k1/p5pr/4P3/3P1N2/6P1/PP3PP1/R3RK2 b - - 2 31,"{""d7b5"",""f4d3"",""b5d3"",""f1g1"",""h6h1""}",queen,2,intermediate,Queen 2 · Mate In3,mateIn3,Black to move.,1448,Club,"{""endgame"",""long"",""mate"",""mateIn3""}",Checkmate in three — calculate the forcing line all the way to mate.,true,lichess,km6Mh,31514,96,{}
lc_5JQmr,2Q5/2p1kp2/p2p1p2/1pb1p3/3nP3/1B1P1qP1/PPP2P2/6KR b - - 8 26,"{""d4e2"",""g1h2"",""f3f2"",""h2h3"",""f2g3""}",queen,2,intermediate,Queen 2 · Mate In3,mateIn3,Black to move.,1448,Club,"{""deflection"",""endgame"",""kingsideAttack"",""long"",""mate"",""mateIn3""}",Checkmate in three — calculate the forcing line all the way to mate.,true,lichess,5JQmr,31497,96,{}
lc_1HVAi,r5k1/bbpp1pNp/pq6/1p1P4/1P2Q3/P4N2/1B3RPP/R5K1 b - - 0 21,"{""b6f2"",""g1h1"",""f2b2"",""a1e1"",""b2g7""}",queen,2,intermediate,Queen 2 · Fork,fork,Black to move.,1449,Club,"{""crushing"",""fork"",""long"",""middlegame""}","A fork — one piece attacks two enemy pieces at once, forcing a material win.",true,lichess,1HVAi,48882,95,{}
lc_nteXl,rn2kb1r/ppp2ppp/4p3/3P1b2/2PP2Pq/8/PP2K2P/RNBQ1BNR b kq - 2 8,"{""f5g4"",""g1f3"",""g4f3"",""e2f3"",""h4h5"",""f3f2"",""h5d1""}",queen,2,intermediate,Queen 2 · Skewer,skewer,Black to move.,1449,Club,"{""attraction"",""crushing"",""exposedKing"",""opening"",""skewer"",""veryLong""}","A skewer — the higher-value piece is forced to move, losing the piece behind it.",true,lichess,nteXl,36492,95,"{""Scandinavian_Defense"",""Scandinavian_Defense_Portuguese_Variation""}"
lc_MkP1g,3r1rk1/1R3R1p/q2Pp1p1/p5P1/2p1PQ2/2P4P/P5P1/6K1 b - - 0 28,"{""a6b7"",""f7b7"",""f8f4""}",queen,2,intermediate,Queen 2 · Endgame,endgame,Black to move.,1449,Club,"{""advantage"",""endgame"",""master"",""short""}",An endgame technique — precise play with few pieces where every tempo counts.,true,lichess,MkP1g,35445,95,{}
lc_jFt0p,r3r1k1/1p3ppp/p1p5/3pb3/1P1Nb1q1/1QP1B1P1/P2R1P1P/5RK1 w - - 3 23,"{""f2f3"",""e4f3"",""d4f3""}",queen,2,intermediate,Queen 2 · Fork,fork,White to move.,1449,Club,"{""advantage"",""fork"",""middlegame"",""short""}","A fork — one piece attacks two enemy pieces at once, forcing a material win.",true,lichess,jFt0p,35406,95,{}
lc_nRRlo,6k1/6pp/2p2p2/RrPp4/8/6P1/5PKP/8 w - - 2 36,"{""a5b5"",""c6b5"",""c5c6"",""g8f7"",""c6c7""}",queen,2,intermediate,Queen 2 · Advanced Pawn,advancedPawn,White to move.,1449,Club,"{""advancedPawn"",""crushing"",""endgame"",""long"",""rookEndgame""}",An advanced pawn — push the passer or use its threats to win material.,true,lichess,nRRlo,35333,96,{}
lc_5HbdK,r4rk1/pp3ppp/2np1q2/8/6b1/1Bb2N2/P2N1PPP/2RQ1RK1 w - - 0 15,"{""d2e4"",""f6f4"",""e4c3""}",queen,2,intermediate,Queen 2 · Advantage,advantage,White to move.,1449,Club,"{""advantage"",""middlegame"",""short""}",Find the strongest continuation and seize the advantage.,true,lichess,5HbdK,35171,96,"{""Italian_Game"",""Italian_Game_Evans_Gambit""}"
lc_0SSce,2b1r1k1/r2n2bp/p3N1p1/1p1p4/3P4/4B2B/P1P3PP/4RRK1 w - - 2 23,"{""e6g7"",""g8g7"",""e3h6"",""g7h6"",""e1e8""}",queen,2,intermediate,Queen 2 · Discovered Attack,discoveredAttack,White to move.,1449,Club,"{""attraction"",""crushing"",""discoveredAttack"",""kingsideAttack"",""long"",""middlegame""}",A discovered attack — moving one piece uncovers a deadly attack from another.,true,lichess,0SSce,35157,95,{}
lc_wyp57,1r2n1rk/p1p2p1p/2p2PpQ/2b1P3/3pq3/1P3R2/PBP3PP/R6K w - - 0 22,"{""h6h7"",""h8h7"",""f3h3"",""e4h4"",""h3h4""}",queen,2,intermediate,Queen 2 · Mate In3,mateIn3,White to move.,1449,Club,"{""attraction"",""kingsideAttack"",""long"",""mate"",""mateIn3"",""middlegame"",""sacrifice""}",Checkmate in three — calculate the forcing line all the way to mate.,true,lichess,wyp57,35059,95,{}
lc_9EwQT,7r/ppp2k2/6p1/3RP1r1/4p1bP/8/PPP2PP1/2K4R w - - 0 20,"{""e5e6"",""g4e6"",""d5g5""}",queen,2,intermediate,Queen 2 · Discovered Attack,discoveredAttack,White to move.,1449,Club,"{""advantage"",""discoveredAttack"",""endgame"",""short""}",A discovered attack — moving one piece uncovers a deadly attack from another.,true,lichess,9EwQT,35049,96,{}
lc_C7Ub4,r4rk1/pp2bppp/1q6/2p5/1n6/PQN1PNP1/1P2P1BP/R3K2R b KQ - 0 14,"{""b4d3"",""e2d3"",""b6b3""}",queen,2,intermediate,Queen 2 · Discovered Attack,discoveredAttack,Black to move.,1449,Club,"{""crushing"",""discoveredAttack"",""master"",""middlegame"",""short"",""superGM""}",A discovered attack — moving one piece uncovers a deadly attack from another.,true,lichess,C7Ub4,34983,94,"{""Zukertort_Opening"",""Zukertort_Opening_Queens_Gambit_Invitation""}"
lc_rVw9H,2kr3r/1pp1n1pp/p2b1p2/1N6/4Pn2/5N2/PPP3PP/R1B2RK1 w - - 0 14,"{""b5d6"",""d8d6"",""c1f4""}",queen,2,intermediate,Queen 2 · Advantage,advantage,White to move.,1449,Club,"{""advantage"",""middlegame"",""short""}",Find the strongest continuation and seize the advantage.,true,lichess,rVw9H,34927,96,"{""Scotch_Game"",""Scotch_Game_Other_variations""}"
lc_mqv3h,5rk1/pp1b2pp/4p3/3pP1b1/P2Pp3/1PRqP1P1/3B2BP/3Q2K1 b - - 2 20,"{""g5e3"",""g1h1"",""d3d2"",""d1d2"",""e3d2""}",queen,2,intermediate,Queen 2 · Crushing,crushing,Black to move.,1449,Club,"{""crushing"",""kingsideAttack"",""long"",""middlegame""}",Find the strongest continuation and seize the advantage.,true,lichess,mqv3h,34656,95,{}
lc_h32Dw,r4rk1/5pp1/p1pp2qp/1p2p3/4P3/1P1PRN1b/1PP2PP1/R4QK1 w - - 0 18,"{""f3h4"",""g6f6"",""e3h3""}",queen,2,intermediate,Queen 2 · Discovered Attack,discoveredAttack,White to move.,1449,Club,"{""advantage"",""discoveredAttack"",""middlegame"",""short""}",A discovered attack — moving one piece uncovers a deadly attack from another.,true,lichess,h32Dw,34634,95,"{""Four_Knights_Game"",""Four_Knights_Game_Spanish_Variation""}"
lc_AUdiX,3r1r2/p1p2kp1/1p2p2p/2p1p3/2P1P3/P2n1N1P/1P3PP1/1R1R2K1 w - - 2 22,"{""d1d3"",""d8d3"",""f3e5"",""f7f6"",""e5d3""}",queen,2,intermediate,Queen 2 · Fork,fork,White to move.,1449,Club,"{""advantage"",""attraction"",""capturingDefender"",""endgame"",""fork"",""long""}","A fork — one piece attacks two enemy pieces at once, forcing a material win.",true,lichess,AUdiX,34286,95,{}
lc_x1OLQ,8/5pkp/6p1/3bR3/p2N2r1/P1P4P/5P1K/8 b - - 1 39,"{""g4g2"",""h2h1"",""g2g5"",""e5d5"",""g5d5""}",queen,2,intermediate,Queen 2 · Discovered Attack,discoveredAttack,Black to move.,1449,Club,"{""crushing"",""discoveredAttack"",""discoveredCheck"",""endgame"",""long""}",A discovered attack — moving one piece uncovers a deadly attack from another.,true,lichess,x1OLQ,33492,95,{}
lc_vrvPT,8/pp4p1/2p2kp1/3q1p2/3P3P/P1P1pQP1/1P3PK1/8 b - - 1 38,"{""e3e2"",""f3d5"",""c6d5""}",queen,2,intermediate,Queen 2 · Pin,pin,Black to move.,1449,Club,"{""advancedPawn"",""crushing"",""endgame"",""pin"",""queenEndgame"",""short""}",A pin — the attacked piece can't move without exposing a more valuable piece behind it.,true,lichess,vrvPT,33370,96,{}
lc_VW11K,2r5/3nb3/p1p1k2p/1pP1B1pP/8/1P3P2/PN4P1/2K1R3 b - - 0 29,"{""d7e5"",""b2d3"",""e7f6""}",queen,2,intermediate,Queen 2 · Endgame,endgame,Black to move.,1449,Club,"{""advantage"",""defensiveMove"",""endgame"",""short""}",An endgame technique — precise play with few pieces where every tempo counts.,true,lichess,VW11K,32862,95,{}
lc_K7DAV,r1b4r/ppqkb1p1/2n1p1Bp/3p1p2/3P1P2/1PP1P1P1/2QN2P1/R3K1NR b KQ - 1 16,"{""c6b4"",""c2b1"",""c7c3""}",queen,2,intermediate,Queen 2 · Discovered Attack,discoveredAttack,Black to move.,1449,Club,"{""advantage"",""discoveredAttack"",""middlegame"",""short""}",A discovered attack — moving one piece uncovers a deadly attack from another.,true,lichess,K7DAV,32855,94,"{""Horwitz_Defense"",""Horwitz_Defense_Other_variations""}"
lc_ftymq,r2qk2r/1p3ppp/p1n2b2/2pB4/P5b1/2NP1N2/1PP2PPP/R2QK2R b KQkq - 0 11,"{""f6c3"",""b2c3"",""d8d5""}",queen,2,intermediate,Queen 2 · Advantage,advantage,Black to move.,1449,Club,"{""advantage"",""intermezzo"",""opening"",""short""}",Find the strongest continuation and seize the advantage.,true,lichess,ftymq,32742,94,"{""Sicilian_Defense"",""Sicilian_Defense_Closed""}"
lc_33cr3,8/3b1k1q/2p1pN1r/1p2P3/pPpP1Q2/P1P1K1P1/8/6R1 b - - 0 42,"{""h7d3"",""e3f2"",""h6h2"",""g1g2"",""d3c2""}",queen,2,intermediate,Queen 2 · Endgame,endgame,Black to move.,1449,Club,"{""crushing"",""endgame"",""long""}",An endgame technique — precise play with few pieces where every tempo counts.,true,lichess,33cr3,32645,95,{}
lc_gdaio,1k5r/1pp2pp1/7p/1P1r4/2R5/4P3/1P4PP/R5K1 w - - 0 22,"{""c4a4"",""b8c8"",""a4a8"",""c8d7"",""a8h8""}",queen,2,intermediate,Queen 2 · Skewer,skewer,White to move.,1449,Club,"{""crushing"",""endgame"",""long"",""quietMove"",""rookEndgame"",""skewer""}","A skewer — the higher-value piece is forced to move, losing the piece behind it.",true,lichess,gdaio,32357,96,{}
lc_p7ZiW,r1b2rk1/1pq2pp1/pp5p/8/1PBp1B2/P1nP1Q1P/2P2PP1/R4RK1 b - - 5 17,"{""c7f4"",""f3f4"",""c3e2"",""g1h2"",""e2f4""}",queen,2,intermediate,Queen 2 · Fork,fork,Black to move.,1449,Club,"{""advantage"",""attraction"",""fork"",""long"",""middlegame"",""sacrifice""}","A fork — one piece attacks two enemy pieces at once, forcing a material win.",true,lichess,p7ZiW,32263,95,"{""Bishops_Opening"",""Bishops_Opening_Berlin_Defense""}"
lc_L01p3,r2q1r2/p4ppk/1p3R1p/3Np2Q/3bb3/P6P/1P4P1/R1B4K w - - 0 24,"{""f6h6"",""g7h6"",""h5h6"",""h7g8"",""d5f6"",""d8f6"",""h6f6""}",queen,2,intermediate,Queen 2 · Fork,fork,White to move.,1449,Club,"{""crushing"",""fork"",""middlegame"",""sacrifice"",""veryLong""}","A fork — one piece attacks two enemy pieces at once, forcing a material win.",true,lichess,L01p3,32196,95,{}
lc_69WSH,1n1r3r/pRp1b1k1/3p1pp1/3Pp2p/q3P2N/P1P1Q1NP/5PP1/R4K2 b - - 0 25,"{""a4a6"",""f1g1"",""a6b7""}",queen,2,intermediate,Queen 2 · Fork,fork,Black to move.,1449,Club,"{""advantage"",""fork"",""middlegame"",""short""}","A fork — one piece attacks two enemy pieces at once, forcing a material win.",true,lichess,69WSH,32130,95,{}
lc_Tijtq,2r2rk1/5ppb/p1N1pq1n/1p6/3P1N2/2p4P/PP4Q1/R4RK1 w - - 3 25,"{""f4h5"",""f6g6"",""c6e7"",""g8h8"",""e7g6""}",queen,2,intermediate,Queen 2 · Fork,fork,White to move.,1449,Club,"{""advantage"",""fork"",""long"",""middlegame""}","A fork — one piece attacks two enemy pieces at once, forcing a material win.",true,lichess,Tijtq,32112,94,{}
lc_I8P1u,r1b1k1nr/ppp3pp/5p2/3Pq3/1bp5/2N1B1P1/PP3P1P/R2QKB1R w KQkq - 0 11,"{""d1a4"",""c8d7"",""a4b4""}",queen,2,intermediate,Queen 2 · Fork,fork,White to move.,1449,Club,"{""crushing"",""fork"",""opening"",""short""}","A fork — one piece attacks two enemy pieces at once, forcing a material win.",true,lichess,I8P1u,32096,95,"{""Kings_Indian_Attack"",""Kings_Indian_Attack_Other_variations""}"
lc_YTj4w,2rq1rk1/pb1nbppp/1p2p3/4P3/1n1BN3/PP3NP1/5PBP/2RQR1K1 b - - 0 17,"{""c8c1"",""d1c1"",""b4d3""}",queen,2,intermediate,Queen 2 · Advantage,advantage,Black to move.,1449,Club,"{""advantage"",""master"",""opening"",""short""}",Find the strongest continuation and seize the advantage.,true,lichess,YTj4w,31981,94,"{""Zukertort_Opening"",""Zukertort_Opening_Slav_Invitation""}"
lc_pOrLH,1rq1r1k1/2p2ppp/2p2n2/p1Pp4/3Pp1b1/B1P1P3/P3BPPP/1R1QR1K1 w - - 2 17,"{""b1b8"",""c8b8"",""e2g4"",""f6g4"",""d1g4""}",queen,2,intermediate,Queen 2 · Advantage,advantage,White to move.,1449,Club,"{""advantage"",""long"",""middlegame""}",Find the strongest continuation and seize the advantage.,true,lichess,pOrLH,31951,96,"{""Nimzo-Indian_Defense"",""Nimzo-Indian_Defense_Other_variations""}"
lc_ZbGcB,3r1rk1/1p3p2/p6p/2pNq2b/2P1pp2/2P4P/P3QPP1/2R2RK1 w - - 4 27,"{""e2h5"",""e5h5"",""d5f6"",""g8h8"",""f6h5""}",queen,2,intermediate,Queen 2 · Fork,fork,White to move.,1449,Club,"{""advantage"",""attraction"",""fork"",""long"",""middlegame"",""sacrifice""}","A fork — one piece attacks two enemy pieces at once, forcing a material win.",true,lichess,ZbGcB,31938,97,{}
lc_mFOhh,r4rk1/1pN3p1/p2p3p/2b1p1q1/Q1Pn1p2/3b4/P2B1PB1/1R2K1R1 w - - 0 24,"{""g2d5"",""g8h7"",""g1g5""}",queen,2,intermediate,Queen 2 · Discovered Attack,discoveredAttack,White to move.,1449,Club,"{""advantage"",""discoveredAttack"",""kingsideAttack"",""middlegame"",""short""}",A discovered attack — moving one piece uncovers a deadly attack from another.,true,lichess,mFOhh,31704,95,{}
lc_EjvJp,2k4N/pp6/2p1p2p/3n4/K7/P1r2P2/B6P/R6R b - - 1 38,"{""b7b5"",""a4a5"",""c3a3""}",queen,2,intermediate,Queen 2 · Mate In2,mateIn2,Black to move.,1449,Club,"{""deflection"",""endgame"",""mate"",""mateIn2"",""short""}",Checkmate in two — a forced sequence that delivers checkmate on move two.,true,lichess,EjvJp,31277,96,{}
lc_hy4Nl,2r3k1/pp3p1p/6p1/3Pqb2/2B5/1Pn2P2/PQ1B2PP/4R1K1 b - - 4 26,"{""c3e2"",""e1e2"",""e5b2""}",queen,2,intermediate,Queen 2 · Discovered Attack,discoveredAttack,Black to move.,1450,Club,"{""crushing"",""discoveredAttack"",""middlegame"",""short""}",A discovered attack — moving one piece uncovers a deadly attack from another.,true,lichess,hy4Nl,38003,95,{}
lc_gMrfM,rn6/p5kp/1p3Np1/5n2/3p4/2PP4/PP3PPP/4R1K1 w - - 2 23,"{""f6e8"",""g7f7"",""e8c7""}",queen,2,intermediate,Queen 2 · Endgame,endgame,White to move.,1450,Club,"{""crushing"",""endgame"",""short""}",An endgame technique — precise play with few pieces where every tempo counts.,true,lichess,gMrfM,35684,96,{}
lc_dLaf8,r2Rr1k1/pb2P2p/6p1/8/2P2QP1/1P4K1/4qP1P/8 w - - 0 32,"{""f4f8"",""e8f8"",""e7f8q""}",queen,2,intermediate,Queen 2 · Mate In2,mateIn2,White to move.,1450,Club,"{""advancedPawn"",""endgame"",""master"",""mate"",""mateIn2"",""promotion"",""short""}",Checkmate in two — a forced sequence that delivers checkmate on move two.,true,lichess,dLaf8,35631,96,{}
lc_E5p4L,6k1/4P1p1/p1R2n2/6p1/2P5/1P1rp2P/P5P1/6K1 w - - 0 31,"{""c6f6"",""g7f6"",""e7e8q""}",queen,2,intermediate,Queen 2 · Promotion,promotion,White to move.,1450,Club,"{""advancedPawn"",""crushing"",""endgame"",""promotion"",""short""}",Pawn promotion — advance the pawn to its final rank and choose your new piece wisely.,true,lichess,E5p4L,35214,95,{}
lc_0JZ3N,r7/1ppnk3/p3p2p/4r1p1/4R3/6N1/PPP3PP/3R2K1 w - - 0 23,"{""d1d7"",""e7d7"",""e4e5""}",queen,2,intermediate,Queen 2 · Endgame,endgame,White to move.,1450,Club,"{""advantage"",""endgame"",""intermezzo"",""short""}",An endgame technique — precise play with few pieces where every tempo counts.,true,lichess,0JZ3N,35155,95,{}
lc_8Bkdr,r4rk1/pbq2pbp/1p4p1/2pB1n2/8/P1NP1N2/1PPQ1PPP/1R2R1K1 b - - 0 15,"{""g7c3"",""b2c3"",""b7d5""}",queen,2,intermediate,Queen 2 · Advantage,advantage,Black to move.,1450,Club,"{""advantage"",""capturingDefender"",""intermezzo"",""middlegame"",""short""}",Find the strongest continuation and seize the advantage.,true,lichess,8Bkdr,35066,95,"{""Sicilian_Defense"",""Sicilian_Defense_Bowdler_Attack""}"
lc_EMMHo,r2qkb1r/1bppnpp1/p1n4p/1p1BN3/4P3/2NPB3/PPP2PPP/R2QK2R b KQkq - 0 8,"{""e7d5"",""c3d5"",""c6e5""}",queen,2,intermediate,Queen 2 · Advantage,advantage,Black to move.,1450,Club,"{""advantage"",""intermezzo"",""opening"",""short""}",Find the strongest continuation and seize the advantage.,true,lichess,EMMHo,35026,94,"{""Italian_Game"",""Italian_Game_Other_variations""}"
lc_xFBIJ,r2qkbnr/pQp1pbpp/8/8/3p2P1/3P3P/PPPN4/R1B1KB1R b KQkq - 0 11,"{""f7d5"",""b7b5"",""c7c6""}",queen,2,intermediate,Queen 2 · Fork,fork,Black to move.,1450,Club,"{""crushing"",""defensiveMove"",""fork"",""opening"",""short""}","A fork — one piece attacks two enemy pieces at once, forcing a material win.",true,lichess,xFBIJ,34735,96,"{""Scandinavian_Defense"",""Scandinavian_Defense_Other_variations""}"
lc_4PhCL,r4q1k/pp1b2pB/2p1p3/3pP3/2P3n1/1P2P3/PBQ3PP/5RK1 b - - 1 19,"{""f8f1"",""g1f1"",""g4e3"",""f1e1"",""e3c2""}",queen,2,intermediate,Queen 2 · Fork,fork,Black to move.,1450,Club,"{""advantage"",""attraction"",""fork"",""long"",""middlegame"",""sacrifice""}","A fork — one piece attacks two enemy pieces at once, forcing a material win.",true,lichess,4PhCL,34310,95,"{""Slav_Defense"",""Slav_Defense_Quiet_Variation""}"
lc_OWLOE,6rk/1p3p1p/3qrPnQ/p2p1R2/P2P4/1nP3P1/7P/3R2K1 w - - 6 33,"{""h6h7"",""h8h7"",""f5h5""}",queen,2,intermediate,Queen 2 · Mate In2,mateIn2,White to move.,1450,Club,"{""attraction"",""kingsideAttack"",""mate"",""mateIn2"",""middlegame"",""sacrifice"",""short""}",Checkmate in two — a forced sequence that delivers checkmate on move two.,true,lichess,OWLOE,34301,95,{}
lc_iCuqb,8/7p/8/8/pk6/1P2K3/3N4/8 b - - 0 51,"{""a4a3"",""d2b1"",""a3a2""}",queen,2,intermediate,Queen 2 · Advanced Pawn,advancedPawn,Black to move.,1450,Club,"{""advancedPawn"",""crushing"",""endgame"",""knightEndgame"",""short""}",An advanced pawn — push the passer or use its threats to win material.,true,lichess,iCuqb,34163,96,{}
lc_Y4Z8R,rnb1k1nr/pp1pppbp/6p1/4q3/4N3/4P3/PPPB1PPP/R2QKBNR w KQkq - 3 8,"{""d2c3"",""e5e4"",""c3g7""}",queen,2,intermediate,Queen 2 · Skewer,skewer,White to move.,1450,Club,"{""crushing"",""opening"",""short"",""skewer""}","A skewer — the higher-value piece is forced to move, losing the piece behind it.",true,lichess,Y4Z8R,33997,95,"{""Benoni_Defense"",""Benoni_Defense_Benoni_Gambit_Accepted""}"
lc_AlicB,rn3rk1/pR3ppp/2p5/4N3/3PQ1P1/4P2P/q4P2/5K1R b - - 0 18,"{""a2a6"",""f1g2"",""a6b7""}",queen,2,intermediate,Queen 2 · Fork,fork,Black to move.,1450,Club,"{""crushing"",""fork"",""middlegame"",""short""}","A fork — one piece attacks two enemy pieces at once, forcing a material win.",true,lichess,AlicB,33714,95,"{""Semi-Slav_Defense"",""Semi-Slav_Defense_Accelerated_Move_Order""}"
lc_7wYKA,r2qkb1r/pp1b4/2n2pp1/4p2p/2P1P2N/2N1Q3/PP3PPP/2KR1B1R b kq - 1 13,"{""f8h6"",""f2f4"",""h6f4"",""e3f4"",""e5f4""}",queen,2,intermediate,Queen 2 · Pin,pin,Black to move.,1450,Club,"{""crushing"",""long"",""opening"",""pin""}",A pin — the attacked piece can't move without exposing a more valuable piece behind it.,true,lichess,7wYKA,33498,95,"{""Pirc_Defense"",""Pirc_Defense_Other_variations""}"
lc_EkRq7,r5k1/qpp2ppp/r7/6PP/1n1Q1P2/1P2P3/1BPP4/1KR3N1 b - - 4 24,"{""a6a1"",""b2a1"",""a7a2""}",queen,2,intermediate,Queen 2 · Mate In2,mateIn2,Black to move.,1450,Club,"{""clearance"",""mate"",""mateIn2"",""middlegame"",""queensideAttack"",""sacrifice"",""short""}",Checkmate in two — a forced sequence that delivers checkmate on move two.,true,lichess,EkRq7,33387,96,{}
lc_P2u0K,7k/4RK2/7p/6p1/8/p7/8/r7 w - - 2 52,"{""f7g6"",""a1f1"",""e7e8"",""f1f8"",""e8f8""}",queen,2,intermediate,Queen 2 · Mate In3,mateIn3,White to move.,1450,Club,"{""endgame"",""exposedKing"",""long"",""mate"",""mateIn3"",""rookEndgame""}",Checkmate in three — calculate the forcing line all the way to mate.,true,lichess,P2u0K,33031,95,{}
lc_8qjl4,8/p7/4p3/1p1pk1K1/P7/1r1P1R1P/8/8 w - - 0 40,"{""d3d4"",""e5d4"",""f3b3""}",queen,2,intermediate,Queen 2 · Discovered Attack,discoveredAttack,White to move.,1450,Club,"{""crushing"",""discoveredAttack"",""endgame"",""rookEndgame"",""short""}",A discovered attack — moving one piece uncovers a deadly attack from another.,true,lichess,8qjl4,32953,95,{}
lc_yMu0W,rn4k1/p1b1rpp1/b1p1p2p/2P5/1q1PN3/R5P1/PB3PBP/R2Q2K1 b - - 8 20,"{""b4b2"",""a3b3"",""b2e2"",""d1e2"",""a6e2""}",queen,2,intermediate,Queen 2 · Hanging Piece,hangingPiece,Black to move.,1450,Club,"{""advantage"",""hangingPiece"",""long"",""middlegame""}",A hanging piece — an undefended enemy piece is free to capture.,true,lichess,yMu0W,32868,95,{}
lc_5HQxW,8/8/5p2/1Kpkp1pp/8/8/r1P2RP1/8 w - - 2 38,"{""c2c4"",""d5d4"",""f2a2""}",queen,2,intermediate,Queen 2 · Discovered Attack,discoveredAttack,White to move.,1450,Club,"{""advantage"",""discoveredAttack"",""endgame"",""rookEndgame"",""short""}",A discovered attack — moving one piece uncovers a deadly attack from another.,true,lichess,5HQxW,32853,95,{}
lc_UhQ72,6k1/p4p2/1p5p/3Nq1p1/2P1n3/7P/P1Q2PP1/6K1 w - g6 0 31,"{""c2e4"",""e5e4"",""d5f6"",""g8g7"",""f6e4""}",queen,2,intermediate,Queen 2 · Fork,fork,White to move.,1450,Club,"{""attraction"",""crushing"",""endgame"",""fork"",""long"",""sacrifice""}","A fork — one piece attacks two enemy pieces at once, forcing a material win.",true,lichess,UhQ72,32547,94,{}
lc_Sqbdh,r2q2k1/1pp2p2/p2p1p2/4r3/3Bb2Q/N1P5/PP4PP/3R2K1 w - - 1 26,"{""d4e5"",""f6e5"",""h4e4""}",queen,2,intermediate,Queen 2 · Capturing Defender,capturingDefender,White to move.,1450,Club,"{""capturingDefender"",""crushing"",""middlegame"",""short""}",Find the strongest continuation and seize the advantage.,true,lichess,Sqbdh,32289,95,{}
lc_s230b,r2qk2r/1b2bppp/p2p1n2/1pnB2B1/3NP3/2N5/PPP2PPP/R2Q1R1K b kq - 2 12,"{""f6d5"",""e4d5"",""e7g5""}",queen,2,intermediate,Queen 2 · Discovered Attack,discoveredAttack,Black to move.,1450,Club,"{""advantage"",""discoveredAttack"",""opening"",""short""}",A discovered attack — moving one piece uncovers a deadly attack from another.,true,lichess,s230b,31971,96,"{""Sicilian_Defense"",""Sicilian_Defense_Najdorf_Variation""}"
lc_2NmSm,r2k1b1r/1p2p3/2nq3p/pB1pR1pQ/3P4/2N5/PPPK2P1/8 w - - 6 22,"{""e5d5"",""e7e6"",""d5d6""}",queen,2,intermediate,Queen 2 · Pin,pin,White to move.,1450,Club,"{""advantage"",""middlegame"",""pin"",""short""}",A pin — the attacked piece can't move without exposing a more valuable piece behind it.,true,lichess,2NmSm,31541,95,{}
lc_w2VWm,6R1/1pp2r1k/3p1q1p/p4p2/2P2r2/P2p3P/1P1K1PQ1/6R1 w - - 0 27,"{""g8h8"",""f6h8"",""g2g6""}",queen,2,intermediate,Queen 2 · Mate In2,mateIn2,White to move.,1450,Club,"{""endgame"",""mate"",""mateIn2"",""sacrifice"",""short""}",Checkmate in two — a forced sequence that delivers checkmate on move two.,true,lichess,w2VWm,31291,96,{}
lc_KQLm2,2r3k1/p5p1/6rp/3Rpp2/P1q5/5P2/P1Q3PP/5RK1 w - - 0 30,"{""d5d8"",""g8h7"",""d8c8"",""c4c2"",""c8c2""}",queen,2,intermediate,Queen 2 · Endgame,endgame,White to move.,1451,Club,"{""crushing"",""endgame"",""long""}",An endgame technique — precise play with few pieces where every tempo counts.,true,lichess,KQLm2,48614,94,{}
lc_wxBgO,r2qk1nr/pp4pp/2n1bp2/1B2p3/4P3/4N3/PPP2PPP/R2QK1NR b KQkq - 0 9,"{""d8a5"",""c2c3"",""a5b5""}",queen,2,intermediate,Queen 2 · Fork,fork,Black to move.,1451,Club,"{""advantage"",""fork"",""opening"",""short""}","A fork — one piece attacks two enemy pieces at once, forcing a material win.",true,lichess,wxBgO,36775,96,"{""Queens_Pawn_Game"",""Queens_Pawn_Game_Chigorin_Variation""}"
lc_qeLrO,r1b1kb1r/1p1n1ppp/p7/1Bppq3/Q7/2N5/PP1P1PPP/R1BK3R w kq - 0 13,"{""h1e1"",""e5e1"",""d1e1""}",queen,2,intermediate,Queen 2 · Pin,pin,White to move.,1451,Club,"{""advantage"",""opening"",""pin"",""short""}",A pin — the attacked piece can't move without exposing a more valuable piece behind it.,true,lichess,qeLrO,36044,96,"{""Italian_Game"",""Italian_Game_Blackburne-Kostic_Gambit""}"
lc_TFOHD,r3k1r1/pp3p2/1qp2P2/2bpP3/6p1/4P1R1/PP1Q1NP1/4R1K1 b q - 1 24,"{""c5b4"",""d2e2"",""b4e1""}",queen,2,intermediate,Queen 2 · Skewer,skewer,Black to move.,1451,Club,"{""advantage"",""middlegame"",""short"",""skewer""}","A skewer — the higher-value piece is forced to move, losing the piece behind it.",true,lichess,TFOHD,35573,95,{}
lc_F4nLp,1r2r1k1/p1p2ppp/2pp4/4n1q1/4P3/1PP2PP1/P1QN3P/R3R1K1 b - - 0 17,"{""g5d2"",""c2d2"",""e5f3"",""g1f2"",""f3d2""}",queen,2,intermediate,Queen 2 · Fork,fork,Black to move.,1451,Club,"{""attraction"",""capturingDefender"",""crushing"",""fork"",""long"",""middlegame"",""sacrifice""}","A fork — one piece attacks two enemy pieces at once, forcing a material win.",true,lichess,F4nLp,35353,95,"{""Ruy_Lopez"",""Ruy_Lopez_Berlin_Defense""}"
lc_TgbC5,5rk1/3Rq1pp/8/8/6Q1/7P/6P1/7K b - - 1 37,"{""f8f1"",""h1h2"",""e7e5"",""g4g3"",""f1h1"",""h2h1"",""e5g3""}",queen,2,intermediate,Queen 2 · Deflection,deflection,Black to move.,1451,Club,"{""crushing"",""deflection"",""endgame"",""veryLong""}",A deflection — lure a defending piece away from the square it was guarding.,true,lichess,TgbC5,35330,95,{}
lc_n7z8B,4QNk1/p5pp/2p5/1p6/5r2/qP3b2/P1R3PP/2R2K2 b - - 0 36,"{""f3h5"",""f1g1"",""h5e8""}",queen,2,intermediate,Queen 2 · Discovered Attack,discoveredAttack,Black to move.,1451,Club,"{""crushing"",""discoveredAttack"",""discoveredCheck"",""middlegame"",""short""}",A discovered attack — moving one piece uncovers a deadly attack from another.,true,lichess,n7z8B,34092,95,{}
lc_PYpTo,6k1/Q4p1p/1p1r2p1/2p5/5P2/1P4P1/P3R1KP/q7 w - - 1 32,"{""a7b8"",""g8g7"",""b8d6""}",queen,2,intermediate,Queen 2 · Fork,fork,White to move.,1451,Club,"{""crushing"",""endgame"",""fork"",""short""}","A fork — one piece attacks two enemy pieces at once, forcing a material win.",true,lichess,PYpTo,33716,96,{}
lc_caEMX,r2q1rk1/p1p1bpp1/2pp3p/4p1nb/2P1P1P1/BP1P1N1P/P2N1P2/R2Q1RK1 b - g3 0 13,"{""g5h3"",""g1h2"",""h5g4""}",queen,2,intermediate,Queen 2 · Crushing,crushing,Black to move.,1451,Club,"{""crushing"",""kingsideAttack"",""opening"",""short""}",Find the strongest continuation and seize the advantage.,true,lichess,caEMX,33653,96,"{""Philidor_Defense"",""Philidor_Defense_Other_variations""}"
lc_CPhId,r2q1rk1/3bbppp/3p4/1BpP4/1p6/4BP2/1PPQ2PP/R4RK1 w - - 5 20,"{""a1a8"",""d8a8"",""b5d7""}",queen,2,intermediate,Queen 2 · Advantage,advantage,White to move.,1451,Club,"{""advantage"",""middlegame"",""short""}",Find the strongest continuation and seize the advantage.,true,lichess,CPhId,33536,94,"{""Philidor_Defense"",""Philidor_Defense_Other_variations""}"
lc_Ky3QR,r1br2k1/pp3ppp/4pb2/2p5/1nPPQ3/qPB1PN2/P2RBPPP/4K2R b K - 4 15,"{""a3c1"",""e2d1"",""c1c3""}",queen,2,intermediate,Queen 2 · Fork,fork,Black to move.,1451,Club,"{""advantage"",""fork"",""middlegame"",""short""}","A fork — one piece attacks two enemy pieces at once, forcing a material win.",true,lichess,Ky3QR,33377,97,"{""English_Opening"",""English_Opening_Agincourt_Defense""}"
lc_lrN3D,8/5p1k/p6p/5r2/P1p1b2P/2q2NK1/1Q3R2/5R2 b - - 1 45,"{""f5f3"",""f2f3"",""c3b2""}",queen,2,intermediate,Queen 2 · Deflection,deflection,Black to move.,1451,Club,"{""crushing"",""deflection"",""middlegame"",""short""}",A deflection — lure a defending piece away from the square it was guarding.,true,lichess,lrN3D,32725,95,{}
lc_PWJsW,2r5/8/R1bp1pk1/2p1p3/4PpK1/2PP1PP1/1P6/R7 b - - 0 34,"{""c6d7"",""g4h4"",""c8h8""}",queen,2,intermediate,Queen 2 · Mate In2,mateIn2,Black to move.,1451,Club,"{""endgame"",""mate"",""mateIn2"",""pillsburysMate"",""short""}",Checkmate in two — a forced sequence that delivers checkmate on move two.,true,lichess,PWJsW,32494,96,{}
lc_xvyQr,3r3k/pp1N2p1/1qp4p/8/2PQ1P2/6P1/PP5P/3R2K1 b - - 0 30,"{""d8d7"",""d4b6"",""d7d1"",""g1f2"",""a7b6""}",queen,2,intermediate,Queen 2 · Pin,pin,Black to move.,1451,Club,"{""crushing"",""endgame"",""intermezzo"",""long"",""pin"",""skewer""}",A pin — the attacked piece can't move without exposing a more valuable piece behind it.,true,lichess,xvyQr,32428,95,{}
lc_rOjJJ,3k4/3b2Q1/2q5/1p6/2p4P/r1P2P2/6P1/3R3K w - - 0 51,"{""g7f8"",""d8c7"",""f8a3""}",queen,2,intermediate,Queen 2 · Fork,fork,White to move.,1451,Club,"{""crushing"",""endgame"",""fork"",""short""}","A fork — one piece attacks two enemy pieces at once, forcing a material win.",true,lichess,rOjJJ,32382,94,{}
lc_oBEIR,r1br2k1/pp1p1ppp/8/3PN3/3n4/3B4/PP3PPP/R3K2R b KQ - 0 16,"{""d8e8"",""e1d2"",""e8e5""}",queen,2,intermediate,Queen 2 · Pin,pin,Black to move.,1451,Club,"{""advantage"",""middlegame"",""pin"",""short""}",A pin — the attacked piece can't move without exposing a more valuable piece behind it.,true,lichess,oBEIR,32119,94,"{""Sicilian_Defense"",""Sicilian_Defense_Lowenthal_Variation""}"
lc_ZNg5Q,r5nr/ppp1kppp/4b3/4p3/1b2P3/2N5/PPPB1PPP/2KR1B1R w - - 6 10,"{""c3d5"",""e6d5"",""d2b4""}",queen,2,intermediate,Queen 2 · Fork,fork,White to move.,1451,Club,"{""crushing"",""discoveredAttack"",""fork"",""middlegame"",""short""}","A fork — one piece attacks two enemy pieces at once, forcing a material win.",true,lichess,ZNg5Q,32057,95,"{""Philidor_Defense"",""Philidor_Defense_Other_variations""}"
lc_yaQ65,r1bq1rk1/ppp1bppp/5n2/4N3/2B1P3/2NP4/PPP3PP/R2Q1RK1 b - - 0 10,"{""d8d4"",""g1h1"",""d4e5""}",queen,2,intermediate,Queen 2 · Fork,fork,Black to move.,1451,Club,"{""advantage"",""fork"",""opening"",""short""}","A fork — one piece attacks two enemy pieces at once, forcing a material win.",true,lichess,yaQ65,31870,96,"{""Vienna_Game"",""Vienna_Game_Other_variations""}"
lc_3vuW1,r2q2k1/2p2p1p/3pbbpP/8/1P3BP1/5P2/1PPQ4/NK1RR3 b - - 0 24,"{""a8a1"",""b1a1"",""d8a8"",""a1b1"",""a8a2"",""b1c1"",""a2b2""}",queen,2,intermediate,Queen 2 · Attraction,attraction,Black to move.,1451,Club,"{""attraction"",""mate"",""mateIn4"",""middlegame"",""queensideAttack"",""sacrifice"",""veryLong""}",An attraction — force an enemy piece onto a square where it can be exploited.,true,lichess,3vuW1,31641,95,{}
lc_RRJfo,1r1n1r1k/4q1p1/R2p3p/1p1B4/7P/2QP2P1/PP6/5RK1 b - - 0 27,"{""e7e3"",""g1g2"",""e3e2""}",queen,2,intermediate,Queen 2 · Crushing,crushing,Black to move.,1451,Club,"{""crushing"",""middlegame"",""short""}",Find the strongest continuation and seize the advantage.,true,lichess,RRJfo,31628,95,{}
lc_ywuOG,r3rk2/2p2ppQ/p7/4P1b1/6P1/1PB5/PKP5/5q2 w - - 0 30,"{""c3b4"",""c7c5"",""b4c5"",""e8e7"",""h7h8""}",queen,2,intermediate,Queen 2 · Mate In3,mateIn3,White to move.,1451,Club,"{""endgame"",""long"",""mate"",""mateIn3"",""pin""}",Checkmate in three — calculate the forcing line all the way to mate.,true,lichess,ywuOG,31508,97,{}
lc_gz8YT,r5nk/pp1b1p1p/2p2q1P/3p1PQ1/8/3B4/PPP1N3/2K3R1 w - - 4 26,"{""g5g7"",""f6g7"",""h6g7""}",queen,2,intermediate,Queen 2 · Mate In2,mateIn2,White to move.,1451,Club,"{""advancedPawn"",""kingsideAttack"",""mate"",""mateIn2"",""middlegame"",""short""}",Checkmate in two — a forced sequence that delivers checkmate on move two.,true,lichess,gz8YT,31406,95,{}
lc_8770z,8/8/P1p5/1p1k1N1p/6p1/P2K2P1/5b2/8 w - - 0 51,"{""f5e3"",""d5d6"",""a6a7""}",queen,2,intermediate,Queen 2 · Advanced Pawn,advancedPawn,White to move.,1451,Club,"{""advancedPawn"",""crushing"",""endgame"",""short""}",An advanced pawn — push the passer or use its threats to win material.,true,lichess,8770z,31366,96,{}
lc_rVOfr,r2qk1r1/pp1bppQp/3p1np1/2p1n1N1/2B1P3/3P4/PPP2PPP/RN2K2R w KQq - 5 11,"{""c4f7"",""e5f7"",""g7f7""}",queen,2,intermediate,Queen 2 · Mate In2,mateIn2,White to move.,1452,Club,"{""attackingF2F7"",""fork"",""mate"",""mateIn2"",""opening"",""short""}",Checkmate in two — a forced sequence that delivers checkmate on move two.,true,lichess,rVOfr,39196,96,"{""Sicilian_Defense"",""Sicilian_Defense_Modern_Variations""}"
lc_27psT,r6k/5R2/4P2q/ppp5/8/2b1n1Q1/P1B3PP/2K5 w - - 0 33,"{""f7h7"",""h6h7"",""c2h7""}",queen,2,intermediate,Queen 2 · Fork,fork,White to move.,1452,Club,"{""crushing"",""fork"",""middlegame"",""short""}","A fork — one piece attacks two enemy pieces at once, forcing a material win.",true,lichess,27psT,37134,96,{}
lc_GdCLv,1r4k1/5ppp/p3b3/2p1Q3/2P1N3/1r3B2/1R3KPP/q7 w - - 0 30,"{""e5b8"",""b3b8"",""b2b8"",""e6c8"",""b8c8""}",queen,2,intermediate,Queen 2 · Mate In3,mateIn3,White to move.,1452,Club,"{""backRankMate"",""long"",""mate"",""mateIn3"",""middlegame"",""xRayAttack""}",Checkmate in three — calculate the forcing line all the way to mate.,true,lichess,GdCLv,36807,95,{}
lc_W9L6d,r1bqk2r/pp3ppp/5n2/3Pp3/1b6/2N5/PP2BPPP/R1BQK2R w KQkq - 4 11,"{""d1a4"",""c8d7"",""a4b4""}",queen,2,intermediate,Queen 2 · Fork,fork,White to move.,1452,Club,"{""crushing"",""fork"",""opening"",""short""}","A fork — one piece attacks two enemy pieces at once, forcing a material win.",true,lichess,W9L6d,36526,95,"{""Sicilian_Defense"",""Sicilian_Defense_Delayed_Alapin""}"
lc_XZmLB,r2q1r1k/pp2pPbp/2n3p1/2p5/2n5/2NP3R/PPP3PP/R1B1Q1K1 w - - 0 15,"{""h3h7"",""h8h7"",""e1h4"",""g7h6"",""h4h6""}",queen,2,intermediate,Queen 2 · Mate In3,mateIn3,White to move.,1452,Club,"{""attraction"",""fork"",""long"",""mate"",""mateIn3"",""opening"",""sacrifice""}",Checkmate in three — calculate the forcing line all the way to mate.,true,lichess,XZmLB,36335,96,"{""Sicilian_Defense"",""Sicilian_Defense_Closed""}"
lc_LTzTM,4rr1k/2pp1Bpp/p1b5/1p3Q2/8/b1q5/P1PN2P1/1K3R2 w - - 1 25,"{""f5h7"",""h8h7"",""f1h1"",""c3h3"",""h1h3""}",queen,2,intermediate,Queen 2 · Mate In3,mateIn3,White to move.,1452,Club,"{""attraction"",""kingsideAttack"",""long"",""mate"",""mateIn3"",""middlegame"",""pillsburysMate"",""sacrifice""}",Checkmate in three — calculate the forcing line all the way to mate.,true,lichess,LTzTM,36318,96,{}
lc_01G6K,r2r2k1/pp2bppp/2n1p3/8/2BP4/4B2q/PP3P1N/2RQ1R1K b - - 7 20,"{""e7d6"",""f2f4"",""h3e3""}",queen,2,intermediate,Queen 2 · Advantage,advantage,Black to move.,1452,Club,"{""advantage"",""middlegame"",""short""}",Find the strongest continuation and seize the advantage.,true,lichess,01G6K,35946,95,{}
lc_LjEPL,1k1r4/1p3p2/p1p3p1/8/P3PP2/1B3K1Q/1qP5/6R1 b - - 2 32,"{""b2c3"",""f3g4"",""f7f5"",""g4g5"",""c3h3""}",queen,2,intermediate,Queen 2 · Deflection,deflection,Black to move.,1452,Club,"{""crushing"",""deflection"",""endgame"",""long""}",A deflection — lure a defending piece away from the square it was guarding.,true,lichess,LjEPL,35586,95,{}
lc_G6Kf4,2kr3r/1p1n1p1p/P7/3p1p2/8/P3P1Q1/2P3P1/q1BK3R w - - 1 21,"{""a6a7"",""d7b6"",""g3b8"",""c8d7"",""b8b7""}",queen,2,intermediate,Queen 2 · Deflection,deflection,White to move.,1452,Club,"{""advancedPawn"",""crushing"",""deflection"",""long"",""middlegame"",""queensideAttack""}",A deflection — lure a defending piece away from the square it was guarding.,true,lichess,G6Kf4,34868,95,{}
lc_KnAOY,r1bqr1k1/pp3ppp/5n2/4b3/2p5/2PBP1B1/PP2QPPP/2KR3R w - - 0 14,"{""d3h7"",""f6h7"",""d1d8"",""e8d8"",""g3e5""}",queen,2,intermediate,Queen 2 · Discovered Attack,discoveredAttack,White to move.,1452,Club,"{""crushing"",""discoveredAttack"",""kingsideAttack"",""long"",""middlegame""}",A discovered attack — moving one piece uncovers a deadly attack from another.,true,lichess,KnAOY,34464,95,"{""Horwitz_Defense"",""Horwitz_Defense_Other_variations""}"
lc_tpcu5,r4rk1/pp1nqp1p/4p1p1/1Q1p4/3PN3/P1P5/5PPP/R4RK1 w - - 0 18,"{""b5d7"",""e7d7"",""e4f6"",""g8g7"",""f6d7""}",queen,2,intermediate,Queen 2 · Fork,fork,White to move.,1452,Club,"{""advantage"",""attraction"",""fork"",""long"",""middlegame"",""sacrifice""}","A fork — one piece attacks two enemy pieces at once, forcing a material win.",true,lichess,tpcu5,34265,95,"{""Queens_Pawn_Game"",""Queens_Pawn_Game_Chigorin_Variation""}"
lc_oZQN1,8/1p3p2/b1k4B/2pn4/1b3P2/1K1N2P1/3r3P/3R4 w - - 4 34,"{""d3b4"",""d5b4"",""d1d2""}",queen,2,intermediate,Queen 2 · Advantage,advantage,White to move.,1452,Club,"{""advantage"",""middlegame"",""short""}",Find the strongest continuation and seize the advantage.,true,lichess,oZQN1,34132,96,{}
lc_m6vhx,rnb2rk1/pp2qp1p/2p3p1/3P4/3b1BQ1/2NB4/PPP2PPP/R3R1K1 b - - 0 12,"{""e7e1"",""a1e1"",""c8g4""}",queen,2,intermediate,Queen 2 · Crushing,crushing,Black to move.,1452,Club,"{""crushing"",""kingsideAttack"",""middlegame"",""short""}",Find the strongest continuation and seize the advantage.,true,lichess,m6vhx,33870,95,"{""Gunderam_Defense"",""Gunderam_Defense_Other_variations""}"
lc_DIRw6,r2r4/2p2Qbk/b2q2pp/p2P4/4BP2/1p4P1/P7/2KR3R w - - 0 28,"{""h1h6"",""h7h6"",""d1h1""}",queen,2,intermediate,Queen 2 · Mate In2,mateIn2,White to move.,1452,Club,"{""attraction"",""mate"",""mateIn2"",""middlegame"",""pin"",""sacrifice"",""short""}",Checkmate in two — a forced sequence that delivers checkmate on move two.,true,lichess,DIRw6,33280,95,{}
lc_OVyMh,3r2k1/2R2ppp/3rp3/8/BR1P4/4n1P1/PP4PP/6K1 b - - 2 29,"{""e3d5"",""b4b7"",""d5c7""}",queen,2,intermediate,Queen 2 · Fork,fork,Black to move.,1452,Club,"{""advantage"",""endgame"",""fork"",""short""}","A fork — one piece attacks two enemy pieces at once, forcing a material win.",true,lichess,OVyMh,33143,97,{}
lc_nYMax,r1r3k1/nb1nppbp/p2p2p1/1p1P4/4PP2/1QN1B2P/4B1P1/1R2N1K1 b - - 4 22,"{""c8c3"",""b3d1"",""c3e3""}",queen,2,intermediate,Queen 2 · Advantage,advantage,Black to move.,1452,Club,"{""advantage"",""middlegame"",""short""}",Find the strongest continuation and seize the advantage.,true,lichess,nYMax,33084,97,{}
lc_jjs0O,rn2kb1r/pp3p1p/2p1p3/3pqp2/8/2N1B2P/PPPQ1PP1/R4RK1 w kq - 0 15,"{""e3d4"",""e5d6"",""d4h8""}",queen,2,intermediate,Queen 2 · Skewer,skewer,White to move.,1452,Club,"{""advantage"",""middlegame"",""short"",""skewer""}","A skewer — the higher-value piece is forced to move, losing the piece behind it.",true,lichess,jjs0O,32404,94,"{""Modern_Defense"",""Modern_Defense_Other_variations""}"
lc_RzkFD,2kr1b1r/ppp1pppp/5n2/q7/1PB3b1/P1n1BN2/2P2PPP/R2QK2R w KQ - 0 13,"{""d1d8"",""c8d8"",""b4a5""}",queen,2,intermediate,Queen 2 · Advantage,advantage,White to move.,1452,Club,"{""advantage"",""opening"",""queensideAttack"",""short""}",Find the strongest continuation and seize the advantage.,true,lichess,RzkFD,32275,95,"{""Scandinavian_Defense"",""Scandinavian_Defense_Main_Line""}"
lc_xgqxV,6R1/8/6r1/p2p1k2/K2Pp2p/1P2P3/6P1/8 w - - 0 54,"{""g8g6"",""f5g6"",""a4a5"",""g6h5"",""b3b4"",""h5g4"",""b4b5"",""g4g3"",""b5b6"",""g3g2"",""b6b7""}",queen,2,intermediate,Queen 2 · Advanced Pawn,advancedPawn,White to move.,1452,Club,"{""advancedPawn"",""crushing"",""endgame"",""master"",""quietMove"",""rookEndgame"",""veryLong""}",An advanced pawn — push the passer or use its threats to win material.,true,lichess,xgqxV,31897,95,{}
lc_rwyh8,1B6/3k3p/5p2/1K1P2p1/p1n3P1/2P5/5P1P/8 b - - 0 37,"{""a4a3"",""b5c4"",""a3a2""}",queen,2,intermediate,Queen 2 · Sacrifice,sacrifice,Black to move.,1452,Club,"{""advancedPawn"",""crushing"",""endgame"",""sacrifice"",""short""}",A sacrifice — give up material to gain a decisive tactical or positional advantage.,true,lichess,rwyh8,31356,95,{}
lc_kboAz,3r2k1/p1R2ppp/1n2p3/4P3/5PP1/1P2B3/P6P/7K b - - 1 31,"{""b6d5"",""c7a7"",""d5e3""}",queen,2,intermediate,Queen 2 · Fork,fork,Black to move.,1452,Club,"{""advantage"",""endgame"",""fork"",""short""}","A fork — one piece attacks two enemy pieces at once, forcing a material win.",true,lichess,kboAz,31278,96,{}
lc_wtwTH,2rq1r1k/p4pp1/np2p3/2bB4/8/P3PN2/1PQ2PPP/R1B1K2R b KQ - 0 15,"{""c5b4"",""a3b4"",""c8c2""}",queen,2,intermediate,Queen 2 · Discovered Attack,discoveredAttack,Black to move.,1453,Club,"{""advantage"",""discoveredAttack"",""opening"",""short""}",A discovered attack — moving one piece uncovers a deadly attack from another.,true,lichess,wtwTH,39586,95,"{""Nimzo-Indian_Defense"",""Nimzo-Indian_Defense_Classical_Variation""}"
lc_4lxqp,7k/2p1qp2/1p4rp/p2Pp3/P1B1P3/4QP2/1P4rP/R5RK b - - 3 30,"{""g2h2"",""h1h2"",""e7h4""}",queen,2,intermediate,Queen 2 · Mate In2,mateIn2,Black to move.,1453,Club,"{""attraction"",""kingsideAttack"",""mate"",""mateIn2"",""middlegame"",""sacrifice"",""short""}",Checkmate in two — a forced sequence that delivers checkmate on move two.,true,lichess,4lxqp,37633,96,{}
lc_i8bjT,r2q1rk1/1b3pp1/p2Q3p/1pp3b1/4PP2/P1N5/BPP3PP/2KR3R b - f3 0 16,"{""d8d6"",""d1d6"",""g5f4""}",queen,2,intermediate,Queen 2 · Advantage,advantage,Black to move.,1453,Club,"{""advantage"",""capturingDefender"",""middlegame"",""short""}",Find the strongest continuation and seize the advantage.,true,lichess,i8bjT,36527,94,"{""Italian_Game"",""Italian_Game_Other_variations""}"
lc_f3StI,r4rk1/1b2q1pp/4p1p1/3pB3/RppP3P/2P1P1P1/1PQ2P2/5RK1 b - - 1 22,"{""b4b3"",""a4a8"",""b3c2""}",queen,2,intermediate,Queen 2 · Advanced Pawn,advancedPawn,Black to move.,1453,Club,"{""advancedPawn"",""crushing"",""middlegame"",""short""}",An advanced pawn — push the passer or use its threats to win material.,true,lichess,f3StI,36312,95,{}
lc_qbfiF,8/6pk/3p3p/8/3PP3/4q3/7Q/rB3R1K b - - 0 45,"{""a1b1"",""f1b1"",""e3e4"",""h2g2"",""e4b1""}",queen,2,intermediate,Queen 2 · Fork,fork,Black to move.,1453,Club,"{""attraction"",""capturingDefender"",""crushing"",""endgame"",""exposedKing"",""fork"",""long""}","A fork — one piece attacks two enemy pieces at once, forcing a material win.",true,lichess,qbfiF,35978,96,{}
lc_2KqJG,2r2r1k/1pq3p1/p1b2p1B/8/PbP4Q/1P1p1N1P/5PP1/5RK1 w - - 0 28,"{""h6f4"",""h8g8"",""f4c7""}",queen,2,intermediate,Queen 2 · Discovered Attack,discoveredAttack,White to move.,1453,Club,"{""advantage"",""discoveredAttack"",""discoveredCheck"",""middlegame"",""short""}",A discovered attack — moving one piece uncovers a deadly attack from another.,true,lichess,2KqJG,35954,95,{}
lc_oOwjt,rn1qnrk1/1p3ppp/p3b3/4b3/P7/2NB1N2/1P3PPP/R2QK2R w KQ - 0 14,"{""d3h7"",""g8h7"",""d1d8""}",queen,2,intermediate,Queen 2 · Discovered Attack,discoveredAttack,White to move.,1453,Club,"{""crushing"",""discoveredAttack"",""kingsideAttack"",""opening"",""short""}",A discovered attack — moving one piece uncovers a deadly attack from another.,true,lichess,oOwjt,35891,96,"{""Indian_Defense"",""Indian_Defense_Normal_Variation""}"
lc_uIXve,N1bk3r/3p1ppp/p7/4P3/1Q6/P2q1N2/1Pp2nPP/R1K4R b - - 2 24,"{""d3d1"",""h1d1"",""c2d1q""}",queen,2,intermediate,Queen 2 · Mate In2,mateIn2,Black to move.,1453,Club,"{""advancedPawn"",""mate"",""mateIn2"",""middlegame"",""promotion"",""queensideAttack"",""short""}",Checkmate in two — a forced sequence that delivers checkmate on move two.,true,lichess,uIXve,35567,96,{}
lc_XXAzE,r4rk1/pNb3p1/7p/2p1Pp2/5n2/P1B2PqP/1PP1BRP1/R2Q2K1 b - - 0 24,"{""f4h3"",""g1h1"",""h3f2""}",queen,2,intermediate,Queen 2 · Pin,pin,Black to move.,1453,Club,"{""crushing"",""kingsideAttack"",""middlegame"",""pin"",""short""}",A pin — the attacked piece can't move without exposing a more valuable piece behind it.,true,lichess,XXAzE,35510,95,{}
lc_0O5dX,rn1qk2r/1b3ppp/p4n2/3P4/1bp5/2N2N2/3B1PPP/R2QKB1R w KQkq - 0 13,"{""d1a4"",""d8d7"",""a4b4""}",queen,2,intermediate,Queen 2 · Fork,fork,White to move.,1453,Club,"{""advantage"",""fork"",""opening"",""short""}","A fork — one piece attacks two enemy pieces at once, forcing a material win.",true,lichess,0O5dX,35494,96,"{""Queens_Gambit_Declined"",""Queens_Gambit_Declined_Other_variations""}"
lc_8J5Hp,8/2p1qk1p/Q3bp1p/8/3rP3/1PN2P1P/P5P1/R5K1 b - - 0 22,"{""e7c5"",""g1h1"",""c5c3""}",queen,2,intermediate,Queen 2 · Endgame,endgame,Black to move.,1453,Club,"{""advantage"",""endgame"",""short""}",An endgame technique — precise play with few pieces where every tempo counts.,true,lichess,8J5Hp,35395,95,{}
lc_AJLXl,1kr5/2p2p2/1pP1p3/R7/P1Q2b2/5P2/4KP2/2q5 w - - 1 44,"{""a5a8"",""b8a8"",""c4a6"",""a8b8"",""a6b7""}",queen,2,intermediate,Queen 2 · Mate In3,mateIn3,White to move.,1453,Club,"{""attraction"",""endgame"",""fork"",""long"",""mate"",""mateIn3"",""sacrifice""}",Checkmate in three — calculate the forcing line all the way to mate.,true,lichess,AJLXl,34693,95,{}
lc_Yxad0,r2qr1k1/5pbp/2p1pnp1/1NBb4/2nP4/4PN1P/2B2PP1/R2Q1RK1 w - - 0 21,"{""a1a8"",""d8a8"",""b5c7"",""a8c8"",""c7e8""}",queen,2,intermediate,Queen 2 · Fork,fork,White to move.,1453,Club,"{""advantage"",""fork"",""long"",""middlegame""}","A fork — one piece attacks two enemy pieces at once, forcing a material win.",true,lichess,Yxad0,34178,95,{}
lc_7LpUU,Q4bk1/1r1q3p/1r2p1p1/3pPn2/1P6/2P2N2/5PPP/1RB1R1K1 b - - 0 23,"{""b7a7"",""a8a7"",""d7a7""}",queen,2,intermediate,Queen 2 · Trapped Piece,trappedPiece,Black to move.,1453,Club,"{""advantage"",""middlegame"",""short"",""trappedPiece""}",A trapped piece — the enemy piece has no safe squares and can be won.,true,lichess,7LpUU,34094,95,{}
lc_gCHam,6k1/1q2p2p/3p2p1/P2P1p2/2pBn3/2Pn1N1P/R4PPK/Qr6 w - - 1 30,"{""a5a6"",""b1a1"",""a6b7""}",queen,2,intermediate,Queen 2 · Advanced Pawn,advancedPawn,White to move.,1453,Club,"{""advancedPawn"",""crushing"",""master"",""middlegame"",""short""}",An advanced pawn — push the passer or use its threats to win material.,true,lichess,gCHam,33993,95,{}
lc_OC9Mz,8/1kp4p/2Rp4/1p1Pb3/1P6/P4pPP/4R2K/8 b - - 0 35,"{""f3e2"",""c6c1"",""e5c3""}",queen,2,intermediate,Queen 2 · Advanced Pawn,advancedPawn,Black to move.,1453,Club,"{""advancedPawn"",""crushing"",""endgame"",""short""}",An advanced pawn — push the passer or use its threats to win material.,true,lichess,OC9Mz,33761,96,{}
lc_EqiiX,r4rk1/1b3pp1/p6p/1p1q4/8/P1pB1Q1P/2P2PP1/4RRK1 w - - 0 23,"{""d3e4"",""d5e4"",""e1e4""}",queen,2,intermediate,Queen 2 · Advantage,advantage,White to move.,1453,Club,"{""advantage"",""middlegame"",""short""}",Find the strongest continuation and seize the advantage.,true,lichess,EqiiX,33661,96,{}
lc_DRked,r2q1rk1/5ppp/p2p1B2/1p2p3/4b3/1B3Q2/PPP2PPP/3R1RK1 b - - 0 16,"{""e4f3"",""f6d8"",""f3d1""}",queen,2,intermediate,Queen 2 · Advantage,advantage,Black to move.,1453,Club,"{""advantage"",""middlegame"",""short""}",Find the strongest continuation and seize the advantage.,true,lichess,DRked,33566,96,"{""Sicilian_Defense"",""Sicilian_Defense_Najdorf_Variation""}"
lc_ayemk,5rk1/pp4p1/6R1/8/7Q/4P2P/q4P2/6K1 b - - 4 32,"{""a2b1"",""g1g2"",""b1g6""}",queen,2,intermediate,Queen 2 · Fork,fork,Black to move.,1453,Club,"{""crushing"",""endgame"",""fork"",""short""}","A fork — one piece attacks two enemy pieces at once, forcing a material win.",true,lichess,ayemk,33538,95,{}
lc_hWrg4,1r2k3/2R2pb1/1P5p/4pP2/1P6/3P3P/8/6K1 w - - 5 39,"{""b6b7"",""e8d8"",""c7f7""}",queen,2,intermediate,Queen 2 · Advanced Pawn,advancedPawn,White to move.,1453,Club,"{""advancedPawn"",""advantage"",""endgame"",""short""}",An advanced pawn — push the passer or use its threats to win material.,true,lichess,hWrg4,33368,95,{}
lc_G58Pq,4q2k/pp4rp/8/3P4/P1PQN1n1/1P3NP1/7P/7K b - - 2 38,"{""e8e4"",""d4e4"",""g4f2"",""h1g2"",""f2e4""}",queen,2,intermediate,Queen 2 · Fork,fork,Black to move.,1453,Club,"{""advantage"",""attraction"",""endgame"",""fork"",""long"",""pin"",""sacrifice""}","A fork — one piece attacks two enemy pieces at once, forcing a material win.",true,lichess,G58Pq,33309,96,{}
lc_YOlFS,3R2rk/7p/7q/4p2r/4P3/P4P1P/1P3QP1/3R3K b - - 2 35,"{""h5h3"",""g2h3"",""h6h3"",""f2h2"",""h3f3"",""h2g2"",""f3g2""}",queen,2,intermediate,Queen 2 · Deflection,deflection,Black to move.,1453,Club,"{""deflection"",""endgame"",""mate"",""mateIn4"",""sacrifice"",""veryLong""}",A deflection — lure a defending piece away from the square it was guarding.,true,lichess,YOlFS,33291,96,{}
lc_yd3T3,8/ppp5/2np4/3kp1B1/1Pq4p/2P5/PK3Q2/8 w - - 2 37,"{""f2f7"",""d5e4"",""f7c4""}",queen,2,intermediate,Queen 2 · Skewer,skewer,White to move.,1453,Club,"{""crushing"",""deflection"",""endgame"",""short"",""skewer""}","A skewer — the higher-value piece is forced to move, losing the piece behind it.",true,lichess,yd3T3,33132,96,{}
lc_ePDgd,2bq1rk1/r2nppbp/p2p2p1/1p1N4/3PPP2/5N2/PP2B1PP/2RQ1RK1 w - - 6 16,"{""c1c8"",""d8c8"",""d5e7"",""g8h8"",""e7c8""}",queen,2,intermediate,Queen 2 · Fork,fork,White to move.,1453,Club,"{""attraction"",""crushing"",""deflection"",""fork"",""long"",""opening""}","A fork — one piece attacks two enemy pieces at once, forcing a material win.",true,lichess,ePDgd,32366,96,"{""Bird_Opening"",""Bird_Opening_Other_variations""}"
lc_GcCT8,2b5/p1qp1kb1/1p2p2p/6p1/2PN1n2/1Q6/P4PPP/3R1RK1 b - - 8 25,"{""g7d4"",""d1d4"",""f4e2"",""g1h1"",""e2d4""}",queen,2,intermediate,Queen 2 · Fork,fork,Black to move.,1453,Club,"{""advantage"",""attraction"",""fork"",""long"",""middlegame""}","A fork — one piece attacks two enemy pieces at once, forcing a material win.",true,lichess,GcCT8,32103,97,{}
lc_8WVlJ,r5k1/p2q1ppp/1p6/5n2/6Q1/6P1/PB2NP1P/5KR1 b - - 1 27,"{""f5e3"",""f2e3"",""d7g4""}",queen,2,intermediate,Queen 2 · Discovered Attack,discoveredAttack,Black to move.,1453,Club,"{""crushing"",""discoveredAttack"",""middlegame"",""short""}",A discovered attack — moving one piece uncovers a deadly attack from another.,true,lichess,8WVlJ,32101,95,{}
lc_OBmUu,8/PK6/8/1B6/5p2/6k1/r7/8 w - - 0 58,"{""b5a6"",""f4f3"",""a7a8q""}",queen,2,intermediate,Queen 2 · Promotion,promotion,White to move.,1453,Club,"{""advancedPawn"",""crushing"",""endgame"",""promotion"",""quietMove"",""short""}",Pawn promotion — advance the pawn to its final rank and choose your new piece wisely.,true,lichess,OBmUu,32078,96,{}
lc_zRSfK,4rrk1/5p1p/pq4p1/1p1Q4/5P2/1P1RP1P1/P4K1P/1R6 b - - 4 25,"{""e8d8"",""d5d8"",""f8d8"",""d3d8"",""b6d8""}",queen,3,intermediate,Queen 3 · Endgame,endgame,Black to move.,1453,Club,"{""advantage"",""endgame"",""long""}",An endgame technique — precise play with few pieces where every tempo counts.,true,lichess,zRSfK,31665,95,{}
lc_N48Ri,2kr1r2/Q1pb3p/2p5/4q1B1/4P1n1/N1P5/PP3PPP/3RR1K1 b - - 0 18,"{""e5h2"",""g1f1"",""f8f2"",""a7f2"",""g4f2""}",queen,3,intermediate,Queen 3 · Crushing,crushing,Black to move.,1453,Club,"{""crushing"",""kingsideAttack"",""long"",""middlegame""}",Find the strongest continuation and seize the advantage.,true,lichess,N48Ri,31504,96,"{""Ruy_Lopez"",""Ruy_Lopez_Steinitz_Defense""}"
lc_ytWpJ,r1b1k2r/pp3p1p/2p2p2/3P4/8/2NBPQq1/PP6/R4R1K b kq - 1 16,"{""g3h4"",""h1g1"",""h8g8""}",queen,3,intermediate,Queen 3 · Advantage,advantage,Black to move.,1454,Club,"{""advantage"",""middlegame"",""short""}",Find the strongest continuation and seize the advantage.,true,lichess,ytWpJ,42362,95,"{""Slav_Defense"",""Slav_Defense_Other_variations""}"
lc_TnyS6,3r1r1k/4Nppp/1b6/pp2R2Q/8/P6P/1q4P1/R6K w - - 0 24,"{""h5h7"",""h8h7"",""e5h5""}",queen,3,intermediate,Queen 3 · Mate In2,mateIn2,White to move.,1454,Club,"{""anastasiaMate"",""attraction"",""mate"",""mateIn2"",""middlegame"",""sacrifice"",""short""}",Checkmate in two — a forced sequence that delivers checkmate on move two.,true,lichess,TnyS6,37653,95,{}
lc_qSq7D,4b1k1/pp2p2p/1q2P1p1/3r4/8/1PQ1P3/P5PP/5RK1 w - - 0 26,"{""f1f8"",""g8f8"",""c3h8""}",queen,3,intermediate,Queen 3 · Mate In2,mateIn2,White to move.,1454,Club,"{""attraction"",""endgame"",""mate"",""mateIn2"",""sacrifice"",""short""}",Checkmate in two — a forced sequence that delivers checkmate on move two.,true,lichess,qSq7D,37310,97,{}
lc_7vilq,r2r2k1/2p2pp1/p3p2p/8/B2nqP2/3Q3P/1PP5/R1B2RK1 b - - 2 19,"{""d4e2"",""g1f2"",""d8d3""}",queen,3,intermediate,Queen 3 · Discovered Attack,discoveredAttack,Black to move.,1454,Club,"{""crushing"",""discoveredAttack"",""middlegame"",""short""}",A discovered attack — moving one piece uncovers a deadly attack from another.,true,lichess,7vilq,35832,96,"{""Nimzowitsch_Defense"",""Nimzowitsch_Defense_Franco-Nimzowitsch_Variation""}"
lc_SWcqw,8/8/8/8/5Qp1/2K5/PP2q1kP/8 b - - 5 55,"{""e2f3"",""f4f3"",""g4f3""}",queen,3,intermediate,Queen 3 · Queen Endgame,queenEndgame,Black to move.,1454,Club,"{""crushing"",""endgame"",""queenEndgame"",""short""}",A queen endgame — checks and centralisation steer the result.,true,lichess,SWcqw,34927,95,{}
lc_ORJqi,r4qk1/ppp1p2p/8/4b2p/6b1/2P2N2/PP4PP/R1BQ2K1 w - - 0 16,"{""d1d5"",""e7e6"",""d5e5""}",queen,3,intermediate,Queen 3 · Fork,fork,White to move.,1454,Club,"{""advantage"",""fork"",""middlegame"",""short""}","A fork — one piece attacks two enemy pieces at once, forcing a material win.",true,lichess,ORJqi,34922,95,"{""Bird_Opening"",""Bird_Opening_Other_variations""}"
lc_FPvIL,6rk/p4prp/Bp3Q2/4pP2/4q3/8/P3R1PP/R5K1 b - - 1 25,"{""e4d4"",""g1f1"",""d4a1""}",queen,3,intermediate,Queen 3 · Fork,fork,Black to move.,1454,Club,"{""advantage"",""fork"",""middlegame"",""short""}","A fork — one piece attacks two enemy pieces at once, forcing a material win.",true,lichess,FPvIL,34690,96,{}
lc_E8mJc,r5k1/ppp2p2/2n2np1/4p3/2B5/q1PP2QP/P4PP1/R5K1 w - - 0 18,"{""g3g6"",""g8h8"",""g6f6""}",queen,3,intermediate,Queen 3 · Pin,pin,White to move.,1454,Club,"{""crushing"",""kingsideAttack"",""middlegame"",""pin"",""short""}",A pin — the attacked piece can't move without exposing a more valuable piece behind it.,true,lichess,E8mJc,34570,95,"{""Italian_Game"",""Italian_Game_Giuoco_Pianissimo""}"
lc_koXVs,3r2k1/4RR2/1pp4B/8/P5r1/6Pb/7P/6K1 b - - 0 39,"{""d8d1"",""g1f2"",""d1f1"",""f2e3"",""f1f7"",""e7e8"",""g8h7""}",queen,3,intermediate,Queen 3 · Endgame,endgame,Black to move.,1454,Club,"{""advantage"",""endgame"",""veryLong""}",An endgame technique — precise play with few pieces where every tempo counts.,true,lichess,koXVs,34476,96,{}
lc_xeoUe,6k1/5p1p/6p1/3P1n2/R7/p1N2KP1/1r3P1P/8 b - - 0 37,"{""b2b3"",""f3f4"",""b3c3""}",queen,3,intermediate,Queen 3 · Pin,pin,Black to move.,1454,Club,"{""advantage"",""endgame"",""pin"",""short""}",A pin — the attacked piece can't move without exposing a more valuable piece behind it.,true,lichess,xeoUe,34187,96,{}
lc_7CYuc,r3kb1r/3b1p2/3p1qpp/p2PP2Q/1pP1B3/1P6/6PP/R3BRK1 b kq - 0 22,"{""f6f1"",""g1f1"",""g6h5""}",queen,3,intermediate,Queen 3 · Advantage,advantage,Black to move.,1454,Club,"{""advantage"",""kingsideAttack"",""middlegame"",""short""}",Find the strongest continuation and seize the advantage.,true,lichess,7CYuc,34066,95,{}
lc_rr6DY,3r4/5pkp/p5p1/1pq1p1QP/4n3/2P5/PP4K1/R7 w - - 0 30,"{""h5h6"",""g7g8"",""g5d8""}",queen,3,intermediate,Queen 3 · Endgame,endgame,White to move.,1454,Club,"{""advantage"",""endgame"",""short""}",An endgame technique — precise play with few pieces where every tempo counts.,true,lichess,rr6DY,33899,95,{}
lc_Ajonj,r5r1/p4p1k/1p5p/2pP4/2P1q3/4Pp2/P5RQ/6RK w - - 0 33,"{""h2h6"",""h7h6"",""g2h2"",""e4h4"",""h2h4""}",queen,3,intermediate,Queen 3 · Mate In3,mateIn3,White to move.,1454,Club,"{""attraction"",""endgame"",""long"",""mate"",""mateIn3"",""sacrifice""}",Checkmate in three — calculate the forcing line all the way to mate.,true,lichess,Ajonj,33716,95,{}
lc_p5qQT,8/p5kp/4R1p1/1pq1P3/4PP2/P3Q3/5KP1/7r b - - 12 35,"{""h1f1"",""f2f1"",""c5e3""}",queen,3,intermediate,Queen 3 · Deflection,deflection,Black to move.,1454,Club,"{""crushing"",""deflection"",""endgame"",""short""}",A deflection — lure a defending piece away from the square it was guarding.,true,lichess,p5qQT,33565,95,{}
lc_WBuHE,6rk/R5p1/7p/1p1Q4/8/2n4P/5PPK/q7 w - - 1 29,"{""d5g8"",""h8g8"",""a7a1""}",queen,3,intermediate,Queen 3 · Endgame,endgame,White to move.,1454,Club,"{""advantage"",""endgame"",""short""}",An endgame technique — precise play with few pieces where every tempo counts.,true,lichess,WBuHE,33371,95,{}
lc_sskXr,4r3/p5k1/3Q2p1/1qp2pNp/1p6/5B1P/Pb5K/R4R2 b - - 0 28,"{""b2e5"",""d6e5"",""e8e5""}",queen,3,intermediate,Queen 3 · Fork,fork,Black to move.,1454,Club,"{""crushing"",""fork"",""master"",""middlegame"",""short""}","A fork — one piece attacks two enemy pieces at once, forcing a material win.",true,lichess,sskXr,33269,95,{}
lc_nxqki,7Q/pppk4/3p4/6p1/8/4q1P1/PPP3r1/1K1R4 w - - 0 25,"{""h8h3"",""d7c6"",""h3g2""}",queen,3,intermediate,Queen 3 · Fork,fork,White to move.,1454,Club,"{""crushing"",""endgame"",""fork"",""short""}","A fork — one piece attacks two enemy pieces at once, forcing a material win.",true,lichess,nxqki,33082,96,{}
lc_XiuMG,3rnk1r/p4ppp/2Q5/8/8/1PP1K3/P6P/R1B2q2 w - - 0 31,"{""c1a3"",""f8g8"",""a1f1""}",queen,3,intermediate,Queen 3 · Discovered Attack,discoveredAttack,White to move.,1454,Club,"{""crushing"",""discoveredAttack"",""middlegame"",""short""}",A discovered attack — moving one piece uncovers a deadly attack from another.,true,lichess,XiuMG,32961,95,{}
lc_1uHCw,5rk1/p5p1/1pnb4/2p4r/P5R1/2BP1p1P/5P2/R3N2K w - - 1 28,"{""g4g7"",""g8h8"",""g7g5"",""h8h7"",""g5h5""}",queen,3,intermediate,Queen 3 · Discovered Attack,discoveredAttack,White to move.,1454,Club,"{""crushing"",""discoveredAttack"",""discoveredCheck"",""long"",""middlegame""}",A discovered attack — moving one piece uncovers a deadly attack from another.,true,lichess,1uHCw,32811,96,{}
lc_Hj9SA,6rk/4pB1p/3pN3/1rpPn3/1q6/7Q/PP6/K4R2 w - - 2 35,"{""h3h7"",""h8h7"",""f1h1"",""b4h4"",""h1h4""}",queen,3,intermediate,Queen 3 · Mate In3,mateIn3,White to move.,1454,Club,"{""attraction"",""long"",""mate"",""mateIn3"",""middlegame"",""pillsburysMate"",""sacrifice""}",Checkmate in three — calculate the forcing line all the way to mate.,true,lichess,Hj9SA,32735,96,{}
lc_tjojr,kr5r/ppqn1ppp/2p5/2P5/Q2P4/1R1n4/P2N1PPP/5NK1 w - - 0 22,"{""a4a7"",""a8a7"",""b3a3"",""c7a5"",""a3a5""}",queen,3,intermediate,Queen 3 · Mate In3,mateIn3,White to move.,1454,Club,"{""attraction"",""fork"",""long"",""mate"",""mateIn3"",""middlegame"",""sacrifice""}",Checkmate in three — calculate the forcing line all the way to mate.,true,lichess,tjojr,32570,95,{}
lc_PTaLL,8/4P3/p1r2Rp1/1p6/4p1kP/1P4P1/5K2/8 b - - 0 42,"{""c6f6"",""f2e3"",""f6e6""}",queen,3,intermediate,Queen 3 · Hanging Piece,hangingPiece,Black to move.,1454,Club,"{""crushing"",""endgame"",""hangingPiece"",""master"",""rookEndgame"",""short""}",A hanging piece — an undefended enemy piece is free to capture.,true,lichess,PTaLL,32308,97,{}
lc_A6OgM,4KQ2/p6r/4k3/4b3/8/8/P7/8 b - - 0 56,"{""h7h8"",""f8h8"",""e5h8""}",queen,3,intermediate,Queen 3 · Pin,pin,Black to move.,1454,Club,"{""crushing"",""endgame"",""pin"",""short""}",A pin — the attacked piece can't move without exposing a more valuable piece behind it.,true,lichess,A6OgM,32142,96,{}
lc_MtvcW,2n3k1/p3pp1p/1pp1bqp1/2B5/1P2P3/P4B2/5PPP/3Q3K w - - 0 23,"{""d1d8"",""g8g7"",""c5d4"",""f6d4"",""d8d4""}",queen,3,intermediate,Queen 3 · Pin,pin,White to move.,1454,Club,"{""crushing"",""endgame"",""kingsideAttack"",""long"",""pin""}",A pin — the attacked piece can't move without exposing a more valuable piece behind it.,true,lichess,MtvcW,32111,95,{}
lc_CVLym,1k6/1pp5/p7/2b4p/2P3q1/5rP1/PB3PKP/3Q1R2 b - - 1 32,"{""f3f2"",""f1f2"",""g4d1""}",queen,3,intermediate,Queen 3 · Fork,fork,Black to move.,1454,Club,"{""crushing"",""deflection"",""discoveredAttack"",""endgame"",""fork"",""short""}","A fork — one piece attacks two enemy pieces at once, forcing a material win.",true,lichess,CVLym,31674,96,{}
lc_ETJAD,1r4rk/5p1p/p2p1PpQ/1p1p2P1/4q1n1/6R1/P6P/5RK1 w - - 6 33,"{""h6h7"",""h8h7"",""g3h3"",""g4h6"",""h3h6""}",queen,3,intermediate,Queen 3 · Mate In3,mateIn3,White to move.,1455,Club,"{""attraction"",""kingsideAttack"",""long"",""mate"",""mateIn3"",""middlegame"",""sacrifice""}",Checkmate in three — calculate the forcing line all the way to mate.,true,lichess,ETJAD,37149,96,{}
lc_8VJeB,2r3k1/4bppp/3p4/3Pp1Pn/7P/Pp2BP2/2qQN3/K2R2R1 b - - 0 26,"{""b3b2"",""a1a2"",""b2b1q""}",queen,3,intermediate,Queen 3 · Mate In2,mateIn2,Black to move.,1455,Club,"{""advancedPawn"",""discoveredCheck"",""doubleCheck"",""mate"",""mateIn2"",""middlegame"",""promotion"",""short""}",Checkmate in two — a forced sequence that delivers checkmate on move two.,true,lichess,8VJeB,36873,95,{}
lc_BadSx,2rr2k1/5pbR/p5p1/1p2P3/3q4/7R/PP4PP/5Q1K w - - 0 30,"{""h7g7"",""g8g7"",""f1f6"",""g7g8"",""h3h8""}",queen,3,intermediate,Queen 3 · Mate In3,mateIn3,White to move.,1455,Club,"{""attraction"",""killBoxMate"",""long"",""mate"",""mateIn3"",""middlegame"",""sacrifice""}",Checkmate in three — calculate the forcing line all the way to mate.,true,lichess,BadSx,36855,95,{}
lc_uzg7x,r2qkbnr/pppbpppp/8/1B1p4/3n4/4PQ2/PPP2PPP/RNB1K1NR w KQkq - 0 5,"{""b5d7"",""d8d7"",""e3d4""}",queen,3,intermediate,Queen 3 · Advantage,advantage,White to move.,1455,Club,"{""advantage"",""intermezzo"",""opening"",""short""}",Find the strongest continuation and seize the advantage.,true,lichess,uzg7x,36572,94,"{""Queens_Pawn_Game"",""Queens_Pawn_Game_Other_variations""}"
lc_cGUMF,2k1r1r1/ppp3qp/8/2B5/2pn4/2N3P1/PPP2P1P/R2QR1K1 b - - 1 18,"{""e8e1"",""d1e1"",""d4f3"",""g1g2"",""f3e1""}",queen,3,intermediate,Queen 3 · Fork,fork,Black to move.,1455,Club,"{""advantage"",""attraction"",""fork"",""long"",""middlegame""}","A fork — one piece attacks two enemy pieces at once, forcing a material win.",true,lichess,cGUMF,36566,95,"{""Italian_Game"",""Italian_Game_Two_Knights_Defense""}"
lc_oCQNC,r4rk1/4bppp/pp3n2/2pq2Q1/P7/1P2PN2/1B3PPP/2R2RK1 w - - 3 18,"{""b2f6"",""d5g5"",""f6g5""}",queen,3,intermediate,Queen 3 · Pin,pin,White to move.,1455,Club,"{""advantage"",""middlegame"",""pin"",""short""}",A pin — the attacked piece can't move without exposing a more valuable piece behind it.,true,lichess,oCQNC,36143,95,"{""Semi-Slav_Defense"",""Semi-Slav_Defense_Semi-Meran_Variation""}"
lc_Bta0R,rnbqk2r/ppp2ppp/8/2b5/2N1Pn2/5N2/PPP3PP/R1BQKB1R b KQkq - 3 8,"{""c5f2"",""e1f2"",""d8d1""}",queen,3,intermediate,Queen 3 · Deflection,deflection,Black to move.,1455,Club,"{""crushing"",""deflection"",""opening"",""short""}",A deflection — lure a defending piece away from the square it was guarding.,true,lichess,Bta0R,35764,95,"{""Kings_Gambit_Declined"",""Kings_Gambit_Declined_Falkbeer_Countergambit""}"
lc_W1rU6,3q2rk/1b3p1p/p4PpQ/1p1pp3/4P3/P2P1R2/BPr3PP/2N3K1 w - - 0 25,"{""h6h7"",""h8h7"",""f3h3""}",queen,3,intermediate,Queen 3 · Mate In2,mateIn2,White to move.,1455,Club,"{""attraction"",""kingsideAttack"",""mate"",""mateIn2"",""middlegame"",""sacrifice"",""short""}",Checkmate in two — a forced sequence that delivers checkmate on move two.,true,lichess,W1rU6,34507,96,{}
lc_6zpe0,3r3k/6pp/4rP2/2PB1p2/P7/2P1B3/1P2q2P/6RK w - - 0 39,"{""f6g7"",""h8g8"",""d5e6""}",queen,3,intermediate,Queen 3 · Mate In2,mateIn2,White to move.,1455,Club,"{""advancedPawn"",""endgame"",""intermezzo"",""mate"",""mateIn2"",""short""}",Checkmate in two — a forced sequence that delivers checkmate on move two.,true,lichess,6zpe0,34371,96,{}
lc_oJ1dX,4R2r/pp2Qpk1/2p3p1/3p4/3P4/P1P2q1P/1P6/1K6 w - - 6 40,"{""e7e5"",""f3f6"",""e5f6"",""g7f6"",""e8h8""}",queen,3,intermediate,Queen 3 · Endgame,endgame,White to move.,1455,Club,"{""crushing"",""endgame"",""long""}",An endgame technique — precise play with few pieces where every tempo counts.,true,lichess,oJ1dX,33878,97,{}
lc_OpBDy,r3Rb1r/k1pR2p1/p1p3p1/8/5qP1/1QP5/PP3P1P/6K1 w - - 0 24,"{""e8a8"",""a7a8"",""d7d8"",""a8a7"",""b3b8""}",queen,3,intermediate,Queen 3 · Mate In3,mateIn3,White to move.,1455,Club,"{""attraction"",""long"",""mate"",""mateIn3"",""middlegame""}",Checkmate in three — calculate the forcing line all the way to mate.,true,lichess,OpBDy,33775,95,{}
lc_NuRbz,7r/4Qpp1/1B4k1/3pP1qp/2b5/7P/PP6/1K1R4 w - - 0 38,"{""d1g1"",""g5g1"",""b6g1""}",queen,3,intermediate,Queen 3 · Pin,pin,White to move.,1455,Club,"{""advantage"",""endgame"",""pin"",""short""}",A pin — the attacked piece can't move without exposing a more valuable piece behind it.,true,lichess,NuRbz,33275,95,{}
lc_q2yRO,r6k/p1q1rpRp/1pp2n1B/3p1PQ1/1P2n3/P1P5/2P3PP/1R4K1 w - - 5 22,"{""g7h7"",""f6h7"",""g5g7""}",queen,3,intermediate,Queen 3 · Mate In2,mateIn2,White to move.,1455,Club,"{""clearance"",""kingsideAttack"",""mate"",""mateIn2"",""middlegame"",""sacrifice"",""short""}",Checkmate in two — a forced sequence that delivers checkmate on move two.,true,lichess,q2yRO,33113,95,{}
lc_gTOb1,8/2B5/7R/1p1k1p2/2n3p1/1K6/P2r4/6R1 b - - 14 47,"{""d2b2"",""b3c3"",""b5b4"",""c3d3"",""b2d2""}",queen,3,intermediate,Queen 3 · Mate In3,mateIn3,Black to move.,1455,Club,"{""endgame"",""exposedKing"",""long"",""mate"",""mateIn3""}",Checkmate in three — calculate the forcing line all the way to mate.,true,lichess,gTOb1,32894,96,{}
lc_A6nJr,2r3k1/1bp1R1p1/p2P3p/4b2N/1PP2p2/7P/6P1/7K w - - 1 33,"{""d6d7"",""c8d8"",""e7e8"",""g8f7"",""e8d8""}",queen,3,intermediate,Queen 3 · Fork,fork,White to move.,1455,Club,"{""advancedPawn"",""crushing"",""endgame"",""fork"",""long""}","A fork — one piece attacks two enemy pieces at once, forcing a material win.",true,lichess,A6nJr,32476,95,{}
lc_7uLeP,2kr3r/ppp2Npp/3bpn2/8/3P4/1PP5/PB2QPqP/2KR3R b - - 0 15,"{""d6f4"",""c1b1"",""g2g6"",""e2c2"",""g6f7""}",queen,3,intermediate,Queen 3 · Fork,fork,Black to move.,1455,Club,"{""crushing"",""exposedKing"",""fork"",""long"",""master"",""masterVsMaster"",""middlegame""}","A fork — one piece attacks two enemy pieces at once, forcing a material win.",true,lichess,7uLeP,32013,95,"{""Scandinavian_Defense"",""Scandinavian_Defense_Modern_Variation""}"
lc_j6yzK,2r3k1/2r2p1p/1Q1R2p1/8/4q3/P1P5/1P5P/2KR4 b - - 1 31,"{""c7c3"",""b2c3"",""c8c3"",""c1b2"",""e4c2"",""b2a1"",""c3a3""}",queen,3,intermediate,Queen 3 · Deflection,deflection,Black to move.,1455,Club,"{""deflection"",""endgame"",""mate"",""mateIn4"",""sacrifice"",""veryLong""}",A deflection — lure a defending piece away from the square it was guarding.,true,lichess,j6yzK,31605,96,{}
lc_Wpa1V,1Rbr2k1/2p2pp1/1PB4p/2P5/n7/4P3/3N2PP/5K2 b - - 0 29,"{""c8a6"",""f1e1"",""d8b8""}",queen,3,intermediate,Queen 3 · Discovered Attack,discoveredAttack,Black to move.,1455,Club,"{""advantage"",""discoveredAttack"",""endgame"",""short""}",A discovered attack — moving one piece uncovers a deadly attack from another.,true,lichess,Wpa1V,31436,94,{}
lc_mmLmb,7r/p1bn2k1/P1p4q/2P1p3/4P1p1/6P1/3Q2B1/3RR1K1 b - - 2 40,"{""h6h2"",""g1f1"",""h8f8"",""f1e2"",""h2g2""}",queen,3,intermediate,Queen 3 · Deflection,deflection,Black to move.,1455,Club,"{""crushing"",""deflection"",""exposedKing"",""long"",""middlegame""}",A deflection — lure a defending piece away from the square it was guarding.,true,lichess,mmLmb,31311,94,{}
lc_cpX2P,2k4r/1p3Qp1/pPp1p1p1/2b1q3/8/1P4N1/2P3PP/3R3K w - - 3 27,"{""f7d7"",""c8b8"",""d7d8"",""h8d8"",""d1d8""}",queen,3,intermediate,Queen 3 · Mate In3,mateIn3,White to move.,1455,Club,"{""endgame"",""long"",""mate"",""mateIn3"",""queensideAttack"",""sacrifice""}",Checkmate in three — calculate the forcing line all the way to mate.,true,lichess,cpX2P,31309,97,{}
lc_T5hjO,1r5k/2Q3p1/4pnPp/3p1p2/3PbP2/2P1K3/prP4P/R4R2 b - - 0 35,"{""f6g4"",""e3d2"",""b2c2"",""d2e1"",""b8b1"",""a1b1"",""a2b1q""}",queen,3,intermediate,Queen 3 · Promotion,promotion,Black to move.,1456,Club,"{""advancedPawn"",""mate"",""mateIn4"",""middlegame"",""promotion"",""veryLong""}",Pawn promotion — advance the pawn to its final rank and choose your new piece wisely.,true,lichess,T5hjO,38815,96,{}
lc_Wy1Zy,4rr2/7k/p2qp1pp/3p1p2/3Q4/PP2R2R/2P3P1/7K w - - 5 29,"{""h3h6"",""h7h6"",""e3h3"",""h6g5"",""d4h4""}",queen,3,intermediate,Queen 3 · Mate In3,mateIn3,White to move.,1456,Club,"{""attraction"",""dovetailMate"",""endgame"",""long"",""mate"",""mateIn3"",""sacrifice""}",Checkmate in three — calculate the forcing line all the way to mate.,true,lichess,Wy1Zy,37307,95,{}
lc_z7HC4,r1bq1b1Q/pp3kp1/4pnp1/3p4/6P1/3B1N2/PP3P1P/R1B1K2R b KQ - 0 15,"{""f8b4"",""e1f1"",""d8h8""}",queen,3,intermediate,Queen 3 · Discovered Attack,discoveredAttack,Black to move.,1456,Club,"{""crushing"",""discoveredAttack"",""middlegame"",""short""}",A discovered attack — moving one piece uncovers a deadly attack from another.,true,lichess,z7HC4,36420,96,"{""French_Defense"",""French_Defense_Tarrasch_Variation""}"
lc_rKaqK,1r1r2k1/pp2Rppp/5q2/3Q4/7P/6P1/P4P2/4R1K1 w - - 3 27,"{""d5d8"",""b8d8"",""e7e8"",""d8e8"",""e1e8""}",queen,3,intermediate,Queen 3 · Mate In3,mateIn3,White to move.,1456,Club,"{""backRankMate"",""endgame"",""long"",""mate"",""mateIn3"",""sacrifice""}",Checkmate in three — calculate the forcing line all the way to mate.,true,lichess,rKaqK,35653,95,{}
lc_Nz91h,r4rk1/pp3p1p/2n1bqp1/4p3/1P6/P2B2Q1/2PP1PPP/R1B2RK1 b - b3 0 14,"{""e5e4"",""d3e4"",""f6a1""}",queen,3,intermediate,Queen 3 · Discovered Attack,discoveredAttack,Black to move.,1456,Club,"{""advantage"",""discoveredAttack"",""middlegame"",""short""}",A discovered attack — moving one piece uncovers a deadly attack from another.,true,lichess,Nz91h,35511,96,"{""Vienna_Game"",""Vienna_Game_Stanley_Variation""}"
lc_0ZIzH,8/p1p1B1pp/1b6/3Q4/2p4P/2k5/P2q2PK/8 w - - 0 42,"{""e7b4"",""c3b4"",""d5d2""}",queen,3,intermediate,Queen 3 · Deflection,deflection,White to move.,1456,Club,"{""attraction"",""crushing"",""deflection"",""endgame"",""short""}",A deflection — lure a defending piece away from the square it was guarding.,true,lichess,0ZIzH,35272,95,{}
lc_f7AFW,r2qk2r/pp1nbppp/2p2n2/5B1P/3P1N2/5P2/PPP3P1/R1BQK2R b KQkq - 0 13,"{""d8a5"",""e1f2"",""a5f5""}",queen,3,intermediate,Queen 3 · Fork,fork,Black to move.,1456,Club,"{""advantage"",""fork"",""opening"",""short""}","A fork — one piece attacks two enemy pieces at once, forcing a material win.",true,lichess,f7AFW,35063,96,"{""Caro-Kann_Defense"",""Caro-Kann_Defense_Classical_Variation""}"
lc_tinn8,6k1/1p3pp1/p3pn2/q6p/PbP1b3/2N4P/2QB1PP1/3B2K1 w - - 4 28,"{""c3e4"",""f6e4"",""d2b4"",""a5b4"",""c2e4""}",queen,3,intermediate,Queen 3 · Discovered Attack,discoveredAttack,White to move.,1456,Club,"{""advantage"",""discoveredAttack"",""long"",""middlegame""}",A discovered attack — moving one piece uncovers a deadly attack from another.,true,lichess,tinn8,34396,95,{}
lc_wcKUl,5rk1/ppq3p1/6Qp/5p2/1Pp5/P6P/4n1P1/3R1R1K w - - 2 26,"{""g6e6"",""c7f7"",""e6e2""}",queen,3,intermediate,Queen 3 · Fork,fork,White to move.,1456,Club,"{""crushing"",""endgame"",""fork"",""short""}","A fork — one piece attacks two enemy pieces at once, forcing a material win.",true,lichess,wcKUl,34271,95,{}
lc_u44oe,6k1/1Q3pp1/p3p2p/1p6/8/3rPKP1/1q3P1P/7R w - - 0 37,"{""b7a8"",""g8h7"",""a8e4"",""f7f5"",""e4d3""}",queen,3,intermediate,Queen 3 · Fork,fork,White to move.,1456,Club,"{""crushing"",""endgame"",""fork"",""long""}","A fork — one piece attacks two enemy pieces at once, forcing a material win.",true,lichess,u44oe,33774,96,{}
lc_GlDPw,rn3rk1/p3ppbp/2p3p1/q1Pp1b2/3Pn3/P1N1PN2/1B1Q1PPP/R3KB1R w KQ - 3 12,"{""c3e4"",""a5d2"",""e4d2""}",queen,3,intermediate,Queen 3 · Advantage,advantage,White to move.,1456,Club,"{""advantage"",""middlegame"",""short""}",Find the strongest continuation and seize the advantage.,true,lichess,GlDPw,33341,95,"{""Queens_Gambit_Declined"",""Queens_Gambit_Declined_Marshall_Defense""}"
lc_bW0RI,6k1/p5pn/1pB4p/8/8/2P3P1/r4P1P/4R1K1 w - - 0 28,"{""c6d5"",""g8f8"",""d5a2""}",queen,3,intermediate,Queen 3 · Fork,fork,White to move.,1456,Club,"{""crushing"",""endgame"",""fork"",""short""}","A fork — one piece attacks two enemy pieces at once, forcing a material win.",true,lichess,bW0RI,33313,94,{}
lc_uDdg7,8/5rkp/1Q4p1/p4q2/8/2P4P/PP3PK1/3R4 b - - 0 28,"{""f5f3"",""g2h2"",""f3d1""}",queen,3,intermediate,Queen 3 · Fork,fork,Black to move.,1456,Club,"{""crushing"",""endgame"",""fork"",""short""}","A fork — one piece attacks two enemy pieces at once, forcing a material win.",true,lichess,uDdg7,32846,95,{}
lc_iLgEw,6k1/2p3pp/4p3/P2p4/P2P4/1BN4b/1P5P/1r4BK b - - 4 29,"{""b1b2"",""g1e3"",""b2b3""}",queen,3,intermediate,Queen 3 · Endgame,endgame,Black to move.,1456,Club,"{""advantage"",""endgame"",""short""}",An endgame technique — precise play with few pieces where every tempo counts.,true,lichess,iLgEw,32658,95,{}
lc_9R3s4,3R4/kp6/p3Q3/qpN1P3/5bp1/P7/1Pr5/5K2 w - - 2 34,"{""d8a8"",""a7a8"",""e6c8"",""a8a7"",""c8b7""}",queen,3,intermediate,Queen 3 · Mate In3,mateIn3,White to move.,1456,Club,"{""attraction"",""endgame"",""long"",""mate"",""mateIn3"",""sacrifice""}",Checkmate in three — calculate the forcing line all the way to mate.,true,lichess,9R3s4,32473,96,{}
lc_OS27k,5rk1/1b4p1/pq2p2p/4N3/3Pp3/8/PP4PP/3R1QK1 w - - 1 25,"{""f1f8"",""g8f8"",""e5d7"",""f8e8"",""d7b6""}",queen,3,intermediate,Queen 3 · Fork,fork,White to move.,1456,Club,"{""attraction"",""crushing"",""endgame"",""fork"",""long"",""master"",""sacrifice""}","A fork — one piece attacks two enemy pieces at once, forcing a material win.",true,lichess,OS27k,32427,95,{}
lc_82cPk,q2r2k1/1b3ppp/8/1Q6/3p4/1P1R1PP1/2R2K1P/8 b - - 0 35,"{""b7a6"",""b5a4"",""a6d3"",""a4a8"",""d8a8""}",queen,3,intermediate,Queen 3 · Skewer,skewer,Black to move.,1456,Club,"{""advantage"",""endgame"",""long"",""skewer""}","A skewer — the higher-value piece is forced to move, losing the piece behind it.",true,lichess,82cPk,32218,95,{}
lc_5PtUu,4r3/3b3k/7p/1p1PQ3/1Np1R2q/2P5/PP4P1/6K1 b - - 6 48,"{""h4e4"",""e5e4"",""e8e4""}",queen,3,intermediate,Queen 3 · X Ray Attack,xRayAttack,Black to move.,1456,Club,"{""crushing"",""endgame"",""short"",""xRayAttack""}",An x-ray — a piece attacks through an enemy piece to the target behind it.,true,lichess,5PtUu,32118,95,{}
lc_ZD44N,r1b2rk1/pp1p1ppp/1qn5/8/2B1n3/1N2N3/P3QPPP/R4RK1 w - - 2 15,"{""e3d5"",""b6d8"",""e2e4""}",queen,3,intermediate,Queen 3 · Discovered Attack,discoveredAttack,White to move.,1456,Club,"{""advantage"",""discoveredAttack"",""middlegame"",""short""}",A discovered attack — moving one piece uncovers a deadly attack from another.,true,lichess,ZD44N,31828,95,"{""Sicilian_Defense"",""Sicilian_Defense_Old_Sicilian""}"
lc_LQzI2,5Q2/7p/6p1/5p2/4p2k/4P1N1/5nPK/2qr4 w - - 0 41,"{""f8h6"",""h4g4"",""h6f4""}",queen,3,intermediate,Queen 3 · Mate In2,mateIn2,White to move.,1456,Club,"{""endgame"",""mate"",""mateIn2"",""short""}",Checkmate in two — a forced sequence that delivers checkmate on move two.,true,lichess,LQzI2,31597,96,{}
lc_IVwd2,5rk1/2qnbpp1/4p1p1/1Q1p4/6P1/3P3P/4PPB1/BR4K1 b - - 0 24,"{""f8b8"",""b5b8"",""d7b8""}",queen,3,intermediate,Queen 3 · Advantage,advantage,Black to move.,1456,Club,"{""advantage"",""master"",""middlegame"",""short""}",Find the strongest continuation and seize the advantage.,true,lichess,IVwd2,31539,96,{}
lc_qtqNz,5b2/1ppk4/p5P1/3p2K1/3P1n2/P1P4N/1P6/6R1 b - - 2 42,"{""f4h3"",""g5f6"",""h3g1"",""f6f7"",""f8h6""}",queen,3,intermediate,Queen 3 · Fork,fork,Black to move.,1456,Club,"{""crushing"",""defensiveMove"",""endgame"",""fork"",""hangingPiece"",""long""}","A fork — one piece attacks two enemy pieces at once, forcing a material win.",true,lichess,qtqNz,31488,94,{}
lc_xdo1j,r4rk1/p4pp1/2p2b1p/2q5/3pP3/1P3PQ1/PBP3PP/2R2RK1 b - - 2 22,"{""d4d3"",""g3f2"",""c5f2"",""g1f2"",""f6b2""}",queen,3,intermediate,Queen 3 · Discovered Attack,discoveredAttack,Black to move.,1457,Club,"{""advantage"",""discoveredAttack"",""discoveredCheck"",""kingsideAttack"",""long"",""middlegame""}",A discovered attack — moving one piece uncovers a deadly attack from another.,true,lichess,xdo1j,40473,95,{}
lc_qG9z1,r1bq2k1/2pp1pp1/p1n2n1p/4r3/B2pP2B/1R1P2Q1/P1P2PPP/5RK1 w - - 4 18,"{""a4c6"",""d7c6"",""g3e5""}",queen,3,intermediate,Queen 3 · Advantage,advantage,White to move.,1457,Club,"{""advantage"",""capturingDefender"",""middlegame"",""short""}",Find the strongest continuation and seize the advantage.,true,lichess,qG9z1,39227,96,"{""Ruy_Lopez"",""Ruy_Lopez_Morphy_Defense""}"
lc_ErNQd,r3r1k1/pp3ppp/2p5/3bQ3/R6q/1P6/1P3PPP/2B2RK1 w - - 5 20,"{""e5e8"",""a8e8"",""a4h4""}",queen,3,intermediate,Queen 3 · Advantage,advantage,White to move.,1457,Club,"{""advantage"",""kingsideAttack"",""middlegame"",""short""}",Find the strongest continuation and seize the advantage.,true,lichess,ErNQd,37053,95,"{""Vienna_Game"",""Vienna_Game_Stanley_Variation""}"
lc_b0g2j,r5k1/3R1rp1/p2Bp1p1/8/8/P1R5/1P3bPP/7K w - - 2 26,"{""d7f7"",""g8f7"",""c3f3"",""f7g8"",""f3f2""}",queen,3,intermediate,Queen 3 · Fork,fork,White to move.,1457,Club,"{""attraction"",""crushing"",""endgame"",""fork"",""long""}","A fork — one piece attacks two enemy pieces at once, forcing a material win.",true,lichess,b0g2j,36483,96,{}
lc_ZpfZM,r4rk1/ppp2pp1/2np2qp/4p3/2B1P3/2PQ1N1b/PPP2PP1/R4RK1 w - - 0 12,"{""f3h4"",""g6g4"",""d3h3"",""g4h3"",""g2h3""}",queen,3,intermediate,Queen 3 · Discovered Attack,discoveredAttack,White to move.,1457,Club,"{""advantage"",""discoveredAttack"",""long"",""middlegame""}",A discovered attack — moving one piece uncovers a deadly attack from another.,true,lichess,ZpfZM,36360,95,"{""Four_Knights_Game"",""Four_Knights_Game_Italian_Variation""}"
lc_2aHMM,rn2k2r/p2p1p2/1p1Pp1bp/2p1b1q1/8/P4PB1/1PP1N1P1/R2QKB1R w KQkq - 0 16,"{""f3f4"",""e5f4"",""g3f4""}",queen,3,intermediate,Queen 3 · Fork,fork,White to move.,1457,Club,"{""advantage"",""fork"",""middlegame"",""short""}","A fork — one piece attacks two enemy pieces at once, forcing a material win.",true,lichess,2aHMM,35352,96,"{""Owen_Defense"",""Owen_Defense_Other_variations""}"
lc_D3aye,rnbq1rk1/1pp2pp1/1p3n1p/4N3/2B1P3/3P4/PPP1Q1PP/R1B2RK1 b - - 2 12,"{""d8d4"",""g1h1"",""d4e5""}",queen,3,intermediate,Queen 3 · Fork,fork,Black to move.,1457,Club,"{""advantage"",""fork"",""opening"",""short""}","A fork — one piece attacks two enemy pieces at once, forcing a material win.",true,lichess,D3aye,33634,96,"{""Bishops_Opening"",""Bishops_Opening_Berlin_Defense""}"
lc_8NyAh,r3r1k1/pp3pp1/5q2/2pPn2p/4QP2/BB4RP/P4P1K/3R4 b - - 0 29,"{""e5g4"",""h3g4"",""e8e4""}",queen,3,intermediate,Queen 3 · Discovered Attack,discoveredAttack,Black to move.,1457,Club,"{""crushing"",""discoveredAttack"",""middlegame"",""short""}",A discovered attack — moving one piece uncovers a deadly attack from another.,true,lichess,8NyAh,33508,96,{}
lc_q3I7u,rnbqkb1r/ppp2ppp/3p4/4P3/4nP2/8/PP4PP/RNBQKBNR w KQkq - 0 7,"{""d1a4"",""b8c6"",""a4e4""}",queen,3,intermediate,Queen 3 · Fork,fork,White to move.,1457,Club,"{""advantage"",""fork"",""opening"",""short""}","A fork — one piece attacks two enemy pieces at once, forcing a material win.",true,lichess,q3I7u,33409,95,"{""Bird_Opening"",""Bird_Opening_Mujannah""}"
lc_kpZFb,2r2k2/5pp1/R3p2p/PRbp4/1r6/6BP/5PP1/6K1 w - - 3 30,"{""b5c5"",""c8c5"",""g3d6""}",queen,3,intermediate,Queen 3 · Sacrifice,sacrifice,White to move.,1457,Club,"{""advantage"",""endgame"",""sacrifice"",""short""}",A sacrifice — give up material to gain a decisive tactical or positional advantage.,true,lichess,kpZFb,33381,96,{}
lc_rjP52,2b2rk1/2p2ppp/p2p4/1p4q1/8/2P2B2/PP3QPP/RN5K b - - 0 18,"{""g5c1"",""f2g1"",""c1b2"",""b1d2"",""b2d2""}",queen,3,intermediate,Queen 3 · Deflection,deflection,Black to move.,1457,Club,"{""crushing"",""deflection"",""long"",""middlegame""}",A deflection — lure a defending piece away from the square it was guarding.,true,lichess,rjP52,33340,95,"{""Ruy_Lopez"",""Ruy_Lopez_Berlin_Defense""}"
lc_PpzVk,4r1k1/p2p1p2/1q4pp/3P2n1/3Q4/R4PP1/3NNK1P/8 b - - 4 31,"{""e8e2"",""f2e2"",""b6d4""}",queen,3,intermediate,Queen 3 · Crushing,crushing,Black to move.,1457,Club,"{""crushing"",""middlegame"",""short""}",Find the strongest continuation and seize the advantage.,true,lichess,PpzVk,33230,95,{}
lc_yMwT0,r4rk1/pp3pp1/2n5/4P2R/1p2R1QP/8/PqP3P1/5K2 w - - 0 22,"{""g4g7"",""g8g7"",""e4g4""}",queen,3,intermediate,Queen 3 · Mate In2,mateIn2,White to move.,1457,Club,"{""attraction"",""mate"",""mateIn2"",""middlegame"",""sacrifice"",""short""}",Checkmate in two — a forced sequence that delivers checkmate on move two.,true,lichess,yMwT0,33051,95,{}
lc_V0LKQ,rnbqkb1r/pp3pp1/2p2n1p/1B2p1N1/8/2N5/PPP2PPP/R1BQK2R w KQkq - 0 8,"{""d1d8"",""e8d8"",""g5f7""}",queen,3,intermediate,Queen 3 · Attraction,attraction,White to move.,1457,Club,"{""advantage"",""attraction"",""opening"",""short""}",An attraction — force an enemy piece onto a square where it can be exploited.,true,lichess,V0LKQ,32904,95,"{""Zukertort_Opening"",""Zukertort_Opening_Tennison_Gambit""}"
lc_SdCWE,8/Q6p/2p3p1/3bPp1k/3P4/4q2P/6B1/R6K b - - 0 41,"{""e3h3"",""h1g1"",""h3g2""}",queen,3,intermediate,Queen 3 · Mate In2,mateIn2,Black to move.,1457,Club,"{""endgame"",""master"",""mate"",""mateIn2"",""pin"",""short""}",Checkmate in two — a forced sequence that delivers checkmate on move two.,true,lichess,SdCWE,32902,96,{}
lc_EAbjL,2r1r1k1/5pp1/bpp2q1p/p2pN3/Pb1P4/1Pn1PP1P/2Q2KP1/1BRR4 w - - 0 27,"{""c2h7"",""g8f8"",""e5d7"",""f8e7"",""d7f6""}",queen,3,intermediate,Queen 3 · Fork,fork,White to move.,1457,Club,"{""advantage"",""fork"",""long"",""middlegame""}","A fork — one piece attacks two enemy pieces at once, forcing a material win.",true,lichess,EAbjL,32633,95,{}
lc_TD2Lg,2rr2k1/1p1qbppp/p1n1p3/3pN3/QP1P1B2/P1R1P3/5PPP/5RK1 b - - 1 17,"{""c6e5"",""a4d7"",""e5d7""}",queen,3,intermediate,Queen 3 · Advantage,advantage,Black to move.,1457,Club,"{""advantage"",""middlegame"",""short""}",Find the strongest continuation and seize the advantage.,true,lichess,TD2Lg,32462,96,"{""Queens_Pawn_Game"",""Queens_Pawn_Game_Accelerated_London_System""}"
lc_63OFO,7r/4bppp/p3p3/8/2k1nP2/R5P1/P1P4P/2K2R2 w - - 0 27,"{""a3a4"",""e7b4"",""a2a3"",""a6a5"",""a3b4""}",queen,3,intermediate,Queen 3 · Endgame,endgame,White to move.,1457,Club,"{""advantage"",""endgame"",""long""}",An endgame technique — precise play with few pieces where every tempo counts.,true,lichess,63OFO,32452,95,{}
lc_w6C9g,6rk/1p1b1p1p/p2ppPpQ/8/2P3P1/1P3R2/P3q2P/6K1 w - - 0 29,"{""h6h7"",""h8h7"",""f3h3""}",queen,3,intermediate,Queen 3 · Mate In2,mateIn2,White to move.,1457,Club,"{""attraction"",""endgame"",""kingsideAttack"",""mate"",""mateIn2"",""sacrifice"",""short""}",Checkmate in two — a forced sequence that delivers checkmate on move two.,true,lichess,w6C9g,32425,95,{}
lc_exSVR,8/p4R2/8/2P1Nqpk/3Pb2p/7P/P4PP1/4R2K b - - 0 43,"{""f5h3"",""h1g1"",""h3g2""}",queen,3,intermediate,Queen 3 · Mate In2,mateIn2,Black to move.,1457,Club,"{""endgame"",""mate"",""mateIn2"",""pin"",""short""}",Checkmate in two — a forced sequence that delivers checkmate on move two.,true,lichess,exSVR,32311,95,{}
lc_vQ1qY,r1b2rk1/5pbp/6p1/p2q4/3p4/P7/2RBBPPP/3Q1RK1 w - - 0 20,"{""e2f3"",""d5d8"",""f3a8""}",queen,3,intermediate,Queen 3 · Skewer,skewer,White to move.,1457,Club,"{""advantage"",""middlegame"",""short"",""skewer""}","A skewer — the higher-value piece is forced to move, losing the piece behind it.",true,lichess,vQ1qY,32218,95,"{""Sicilian_Defense"",""Sicilian_Defense_Other_variations""}"
lc_IgYNV,r1b2rk1/pp3pp1/2n1p3/1N1p2N1/1P3P2/P3q3/2P3PP/R2Q3K w - - 2 20,"{""d1h5"",""e3e4"",""g5e4""}",queen,3,intermediate,Queen 3 · Advantage,advantage,White to move.,1457,Club,"{""advantage"",""master"",""middlegame"",""short""}",Find the strongest continuation and seize the advantage.,true,lichess,IgYNV,32161,95,"{""Rapport-Jobava_System"",""Rapport-Jobava_System_Other_variations""}"
lc_gaSFs,1rb5/p1p1rQpk/2q4p/4pp2/1b6/2NP4/PPPB1P1P/2KR2R1 w - - 10 19,"{""g1g7"",""h7h8"",""g7h7""}",queen,3,intermediate,Queen 3 · Mate In2,mateIn2,White to move.,1458,Club,"{""mate"",""mateIn2"",""middlegame"",""short""}",Checkmate in two — a forced sequence that delivers checkmate on move two.,true,lichess,gaSFs,43530,96,"{""Italian_Game"",""Italian_Game_Two_Knights_Defense""}"
lc_NMA2d,rn1qkb1r/pp2pppp/2p5/5b2/2B5/2N2N2/PPn2PPP/R1BQ1RK1 w kq - 2 10,"{""c4f7"",""e8f7"",""d1d8""}",queen,3,intermediate,Queen 3 · Deflection,deflection,White to move.,1458,Club,"{""attackingF2F7"",""crushing"",""deflection"",""opening"",""short""}",A deflection — lure a defending piece away from the square it was guarding.,true,lichess,NMA2d,39484,95,"{""Scandinavian_Defense"",""Scandinavian_Defense_Marshall_Variation""}"
lc_EKQuP,1Q6/1b3pbk/1p4p1/1Pp5/2P1PP2/5rP1/4R3/1q3BK1 w - - 4 38,"{""e2h2"",""g7h6"",""h2h6"",""h7h6"",""b8h8""}",queen,3,intermediate,Queen 3 · Mate In3,mateIn3,White to move.,1458,Club,"{""attraction"",""long"",""master"",""mate"",""mateIn3"",""middlegame"",""sacrifice"",""superGM""}",Checkmate in three — calculate the forcing line all the way to mate.,true,lichess,EKQuP,36688,95,{}
lc_UbV0n,r1b1k1nr/ppp2ppp/4q3/b3p3/4P3/2P5/P3BPPP/RNBQR1K1 w kq - 0 13,"{""d1a4"",""c8d7"",""a4a5""}",queen,3,intermediate,Queen 3 · Fork,fork,White to move.,1458,Club,"{""advantage"",""fork"",""opening"",""short""}","A fork — one piece attacks two enemy pieces at once, forcing a material win.",true,lichess,UbV0n,35947,95,"{""Kings_Pawn_Game"",""Kings_Pawn_Game_Busch-Gass_Gambit""}"
lc_BoK18,2r5/1pk2ppp/4p3/4Pn2/2q5/Q4N2/5PPP/3R2K1 w - - 2 24,"{""d1c1"",""c4c1"",""a3c1""}",queen,3,intermediate,Queen 3 · Pin,pin,White to move.,1458,Club,"{""advantage"",""endgame"",""pin"",""short""}",A pin — the attacked piece can't move without exposing a more valuable piece behind it.,true,lichess,BoK18,35037,95,{}
lc_WKyoY,4r1k1/ppqnR1bp/2p2np1/3p2B1/3P4/2NQ1N2/PP3PPP/6K1 w - - 1 19,"{""g5f6"",""e8e7"",""f6e7""}",queen,3,intermediate,Queen 3 · Advantage,advantage,White to move.,1458,Club,"{""advantage"",""middlegame"",""short""}",Find the strongest continuation and seize the advantage.,true,lichess,WKyoY,34347,95,"{""Slav_Defense"",""Slav_Defense_Other_variations""}"
lc_YvM52,r4r1k/p5R1/2p2n1P/1q1b1P2/1p1P4/P6P/8/R3K1Q1 w Q - 4 33,"{""g7h7"",""f6h7"",""g1g7""}",queen,3,intermediate,Queen 3 · Mate In2,mateIn2,White to move.,1458,Club,"{""clearance"",""mate"",""mateIn2"",""middlegame"",""sacrifice"",""short""}",Checkmate in two — a forced sequence that delivers checkmate on move two.,true,lichess,YvM52,33774,95,{}
lc_Tyamc,5rk1/4n1b1/b2p1pPR/3Pp3/4P1P1/qp3NB1/P1rQ1P2/1K5R w - - 2 30,"{""h6h8"",""g7h8"",""h1h8"",""g8h8"",""d2h6"",""h8g8"",""h6h7""}",queen,3,intermediate,Queen 3 · Attraction,attraction,White to move.,1458,Club,"{""attraction"",""exposedKing"",""mate"",""mateIn4"",""middlegame"",""sacrifice"",""veryLong""}",An attraction — force an enemy piece onto a square where it can be exploited.,true,lichess,Tyamc,33713,96,{}
lc_3N7jM,8/5pQ1/4p2p/p2pP2k/5q2/2r3RP/6PK/8 w - - 5 43,"{""g7g4"",""f4g4"",""h3g4"",""h5g6"",""g3c3""}",queen,3,intermediate,Queen 3 · Endgame,endgame,White to move.,1458,Club,"{""crushing"",""endgame"",""long""}",An endgame technique — precise play with few pieces where every tempo counts.,true,lichess,3N7jM,33581,95,{}
lc_kixYj,6k1/2Nb2p1/3p2pp/p7/3q1P1P/1P2r3/P1P2QPK/4R3 b - - 1 31,"{""e3h3"",""h2g1"",""h3h1"",""g1h1"",""d4f2""}",queen,3,intermediate,Queen 3 · Deflection,deflection,Black to move.,1458,Club,"{""crushing"",""deflection"",""endgame"",""long""}",A deflection — lure a defending piece away from the square it was guarding.,true,lichess,kixYj,33292,96,{}
lc_wT2D1,8/p3R1pr/5pk1/2N2p2/3P2n1/1P3PP1/PB6/3q1QK1 b - - 2 34,"{""h7h1"",""g1h1"",""d1f1""}",queen,3,intermediate,Queen 3 · Mate In2,mateIn2,Black to move.,1458,Club,"{""attraction"",""deflection"",""mate"",""mateIn2"",""middlegame"",""short""}",Checkmate in two — a forced sequence that delivers checkmate on move two.,true,lichess,wT2D1,33276,96,{}
lc_6V6Ht,1kr4Q/pp3p2/7p/P7/1R2qp2/8/5PPP/6K1 w - - 1 27,"{""h8c8"",""b8c8"",""b4e4""}",queen,3,intermediate,Queen 3 · Endgame,endgame,White to move.,1458,Club,"{""crushing"",""endgame"",""short""}",An endgame technique — precise play with few pieces where every tempo counts.,true,lichess,6V6Ht,32931,95,{}
lc_I30Aa,r3k1nr/2p2ppp/p1pp1q2/4p1B1/3PP3/2P2b1P/PP3PP1/R2QR1K1 w kq - 0 13,"{""g5f6"",""f3d1"",""f6g7""}",queen,3,intermediate,Queen 3 · Advantage,advantage,White to move.,1458,Club,"{""advantage"",""middlegame"",""short""}",Find the strongest continuation and seize the advantage.,true,lichess,I30Aa,32889,96,"{""Ruy_Lopez"",""Ruy_Lopez_Exchange_Variation""}"
lc_9di8s,7k/1p2PQpp/p1b5/3p4/6q1/8/PP3B1P/R4K2 b - - 3 28,"{""c6b5"",""f1e1"",""g4e2""}",queen,3,intermediate,Queen 3 · Mate In2,mateIn2,Black to move.,1458,Club,"{""endgame"",""mate"",""mateIn2"",""short""}",Checkmate in two — a forced sequence that delivers checkmate on move two.,true,lichess,9di8s,32726,97,{}
lc_ywpP7,rn1qk2r/pp3pp1/2p2b1p/5N2/2PPp3/4P3/PP3PPP/R2QKB1R b KQkq - 0 10,"{""d8a5"",""b2b4"",""a5f5""}",queen,3,intermediate,Queen 3 · Fork,fork,Black to move.,1458,Club,"{""advantage"",""fork"",""middlegame"",""short""}","A fork — one piece attacks two enemy pieces at once, forcing a material win.",true,lichess,ywpP7,32605,95,"{""Slav_Defense"",""Slav_Defense_Three_Knights_Variation""}"
lc_T3owy,r5k1/pb3rp1/2pb1q1p/Qp2p3/PP2B2P/2P1P1B1/5PP1/3RK2R b K a3 0 19,"{""d6c7"",""a5c7"",""f7c7""}",queen,3,intermediate,Queen 3 · Trapped Piece,trappedPiece,Black to move.,1458,Club,"{""crushing"",""middlegame"",""short"",""trappedPiece""}",A trapped piece — the enemy piece has no safe squares and can be won.,true,lichess,T3owy,32602,95,"{""Indian_Defense"",""Indian_Defense_Other_variations""}"
lc_8eNVS,8/4qp2/p3b1pk/8/1r1QB1P1/4P3/PP3PP1/1K6 w - - 0 29,"{""d4h8"",""h6g5"",""f2f4"",""g5g4"",""h8h3""}",queen,3,intermediate,Queen 3 · Mate In3,mateIn3,White to move.,1458,Club,"{""endgame"",""long"",""mate"",""mateIn3""}",Checkmate in three — calculate the forcing line all the way to mate.,true,lichess,8eNVS,32324,96,{}
lc_axQZi,rnbq1bnr/pp2k2p/8/2p1p1pQ/3pP3/3P4/PPP2PPP/RNB1KB1R w KQ - 0 9,"{""c1g5"",""g8f6"",""g5f6"",""e7f6"",""h5h4"",""f6g6"",""h4d8""}",queen,3,intermediate,Queen 3 · Skewer,skewer,White to move.,1458,Club,"{""attraction"",""crushing"",""exposedKing"",""opening"",""skewer"",""veryLong""}","A skewer — the higher-value piece is forced to move, losing the piece behind it.",true,lichess,axQZi,32015,96,"{""Zukertort_Opening"",""Zukertort_Opening_Tennison_Gambit""}"
lc_J3PCz,8/4k3/p5R1/6NP/2r1nPK1/4B3/r7/8 w - - 1 57,"{""g6e6"",""e7d7"",""e6e4""}",queen,3,intermediate,Queen 3 · Endgame,endgame,White to move.,1458,Club,"{""crushing"",""endgame"",""short""}",An endgame technique — precise play with few pieces where every tempo counts.,true,lichess,J3PCz,31890,95,{}
lc_1wnxm,5r1k/pp1n2pp/4B1p1/8/3PQ3/1Pq3P1/P4rP1/1K1R3R w - - 0 24,"{""h1h7"",""h8h7"",""e4h4""}",queen,3,intermediate,Queen 3 · Mate In2,mateIn2,White to move.,1458,Club,"{""attraction"",""kingsideAttack"",""mate"",""mateIn2"",""middlegame"",""sacrifice"",""short""}",Checkmate in two — a forced sequence that delivers checkmate on move two.,true,lichess,1wnxm,31623,95,{}
lc_D5HUM,5r1k/pp4pp/8/2qB4/6b1/1P4PP/PQ1R4/7K b - - 0 30,"{""f8f1"",""h1g2"",""c5g1""}",queen,3,intermediate,Queen 3 · Mate In2,mateIn2,Black to move.,1458,Club,"{""endgame"",""mate"",""mateIn2"",""short""}",Checkmate in two — a forced sequence that delivers checkmate on move two.,true,lichess,D5HUM,31535,96,{}
lc_ZtKFS,q6k/4rpp1/p1R4p/1p1Q4/1P1b1P2/P5P1/6P1/5K2 w - - 0 31,"{""c6h6"",""g7h6"",""d5a8""}",queen,3,intermediate,Queen 3 · Discovered Attack,discoveredAttack,White to move.,1459,Club,"{""advantage"",""discoveredAttack"",""endgame"",""short""}",A discovered attack — moving one piece uncovers a deadly attack from another.,true,lichess,ZtKFS,39009,96,{}
lc_VLioI,rn1qkb1r/ppp1pppp/8/2P5/5nb1/5N2/PP1PBP1P/RNBQ1K1R w kq - 2 8,"{""d1a4"",""b8c6"",""a4f4""}",queen,3,intermediate,Queen 3 · Fork,fork,White to move.,1459,Club,"{""advantage"",""fork"",""opening"",""short""}","A fork — one piece attacks two enemy pieces at once, forcing a material win.",true,lichess,VLioI,38070,94,"{""Zukertort_Opening"",""Zukertort_Opening_Tennison_Gambit""}"
lc_2oFpu,8/7p/8/2kp2P1/1Rb5/5B2/3KP3/7r w - - 3 43,"{""b4c4"",""c5c4"",""f3h1""}",queen,3,intermediate,Queen 3 · Endgame,endgame,White to move.,1459,Club,"{""crushing"",""endgame"",""short""}",An endgame technique — precise play with few pieces where every tempo counts.,true,lichess,2oFpu,35579,95,{}
lc_LSSt3,8/3k4/1p5p/p1ppb1p1/P5P1/2P1KP1P/1P6/2N5 b - - 5 36,"{""e5f4"",""e3d3"",""f4c1""}",queen,3,intermediate,Queen 3 · Skewer,skewer,Black to move.,1459,Club,"{""crushing"",""endgame"",""short"",""skewer""}","A skewer — the higher-value piece is forced to move, losing the piece behind it.",true,lichess,LSSt3,35485,95,{}
lc_wDkjt,k5r1/pR6/P3p3/3pPp1p/1QpP2qP/2P3r1/2P2R1K/8 w - - 5 41,"{""b7a7"",""a8a7"",""b4b7""}",queen,3,intermediate,Queen 3 · Mate In2,mateIn2,White to move.,1459,Club,"{""attraction"",""endgame"",""mate"",""mateIn2"",""queensideAttack"",""sacrifice"",""short""}",Checkmate in two — a forced sequence that delivers checkmate on move two.,true,lichess,wDkjt,34965,95,{}
lc_kCeRB,8/5p1p/8/2p2k2/4n3/1P1NK2P/6P1/8 w - - 2 36,"{""g2g4"",""f5e6"",""e3e4""}",queen,3,intermediate,Queen 3 · Deflection,deflection,White to move.,1459,Club,"{""crushing"",""deflection"",""endgame"",""knightEndgame"",""short""}",A deflection — lure a defending piece away from the square it was guarding.,true,lichess,kCeRB,34867,95,{}
lc_IynmF,r2qkbnr/pQpnpppp/8/8/3PP3/2P5/P4PPP/1RB1KBNR b Kkq - 0 7,"{""a8b8"",""b7b8"",""d7b8""}",queen,3,intermediate,Queen 3 · Advantage,advantage,Black to move.,1459,Club,"{""advantage"",""opening"",""short""}",Find the strongest continuation and seize the advantage.,true,lichess,IynmF,34854,95,"{""Queens_Gambit_Declined"",""Queens_Gambit_Declined_Baltic_Defense""}"
lc_grNY2,r1q1kbnr/pp4pp/2n1pp2/1N1pN3/3P4/5Q1P/PPP2PP1/R1B2RK1 w kq - 0 13,"{""f3h5"",""g7g6"",""e5g6"",""h7g6"",""h5h8""}",queen,3,intermediate,Queen 3 · Trapped Piece,trappedPiece,White to move.,1459,Club,"{""crushing"",""long"",""opening"",""trappedPiece""}",A trapped piece — the enemy piece has no safe squares and can be won.,true,lichess,grNY2,34657,95,"{""Caro-Kann_Defense"",""Caro-Kann_Defense_Other_variations""}"
lc_MCoV5,r2qrbk1/5pp1/p6p/1p1pPN2/2p3Q1/7P/PPPnRPP1/R5K1 w - - 0 22,"{""f5h6"",""g8h7"",""h6f7""}",queen,3,intermediate,Queen 3 · Pin,pin,White to move.,1459,Club,"{""crushing"",""deflection"",""kingsideAttack"",""middlegame"",""pin"",""short""}",A pin — the attacked piece can't move without exposing a more valuable piece behind it.,true,lichess,MCoV5,34548,96,{}
lc_yB1V9,5k2/2Q2p1p/6p1/3Bp3/2p2q2/7P/1P4P1/6K1 b - - 1 39,"{""f4d4"",""g1h2"",""d4d5""}",queen,3,intermediate,Queen 3 · Fork,fork,Black to move.,1459,Club,"{""crushing"",""endgame"",""fork"",""short""}","A fork — one piece attacks two enemy pieces at once, forcing a material win.",true,lichess,yB1V9,34383,95,{}
lc_1yNoJ,r1b4k/ppp2qp1/2n3Rp/4p2Q/4Pp2/P1P5/2P2P1P/3RK3 w - - 0 28,"{""g6h6"",""g7h6"",""h5f7""}",queen,3,intermediate,Queen 3 · Discovered Attack,discoveredAttack,White to move.,1459,Club,"{""crushing"",""discoveredAttack"",""kingsideAttack"",""middlegame"",""short""}",A discovered attack — moving one piece uncovers a deadly attack from another.,true,lichess,1yNoJ,34360,95,{}
lc_aMNvo,1k1r3r/1pq1n3/p3p3/2N5/3P1Rp1/3Q2P1/PP5P/4R1K1 b - - 5 25,"{""c7c5"",""d4c5"",""d8d3""}",queen,3,intermediate,Queen 3 · Advantage,advantage,Black to move.,1459,Club,"{""advantage"",""middlegame"",""short""}",Find the strongest continuation and seize the advantage.,true,lichess,aMNvo,34035,95,{}
lc_0PsJY,rn1qk1r1/pbppb2Q/1p2P2p/8/3P1p2/2P5/PPBN1PPP/R1B2RK1 b q - 2 13,"{""g8g2"",""g1h1"",""g2g7"",""f2f3"",""g7h7""}",queen,3,intermediate,Queen 3 · Discovered Attack,discoveredAttack,Black to move.,1459,Club,"{""advantage"",""discoveredAttack"",""discoveredCheck"",""long"",""opening""}",A discovered attack — moving one piece uncovers a deadly attack from another.,true,lichess,0PsJY,33933,97,"{""French_Defense"",""French_Defense_Normal_Variation""}"
lc_19uXJ,5rk1/2p2qp1/2P1R1B1/3P4/1P3r2/4Q3/5P1P/6K1 b - - 6 36,"{""f4g4"",""g1f1"",""g4g6"",""e6g6"",""f7g6""}",queen,3,intermediate,Queen 3 · Endgame,endgame,Black to move.,1459,Club,"{""crushing"",""endgame"",""long""}",An endgame technique — precise play with few pieces where every tempo counts.,true,lichess,19uXJ,33385,96,{}
lc_o3ba5,r2k1r2/pp2bRpp/4p3/2QpP1q1/4p3/2P1P1P1/PP5P/R1B3K1 w - - 6 19,"{""f7f8"",""e7f8"",""c5f8""}",queen,3,intermediate,Queen 3 · X Ray Attack,xRayAttack,White to move.,1459,Club,"{""crushing"",""middlegame"",""short"",""xRayAttack""}",An x-ray — a piece attacks through an enemy piece to the target behind it.,true,lichess,o3ba5,33308,95,"{""Indian_Defense"",""Indian_Defense_Other_variations""}"
lc_v4wv5,2R5/8/r6p/6p1/2bk4/5B2/6PP/6K1 w - - 8 57,"{""c8c4"",""d4c4"",""f3e2"",""c4d4"",""e2a6""}",queen,3,intermediate,Queen 3 · Skewer,skewer,White to move.,1459,Club,"{""attraction"",""crushing"",""endgame"",""long"",""sacrifice"",""skewer""}","A skewer — the higher-value piece is forced to move, losing the piece behind it.",true,lichess,v4wv5,33046,95,{}
lc_9UGlz,4r1k1/5p2/4pPp1/pp1pP3/4r3/P1P1Q2R/1P3K1P/3q4 w - - 0 31,"{""h3h8"",""g8h8"",""e3h6"",""h8g8"",""h6g7""}",queen,3,intermediate,Queen 3 · Mate In3,mateIn3,White to move.,1459,Club,"{""attraction"",""endgame"",""long"",""mate"",""mateIn3"",""sacrifice""}",Checkmate in three — calculate the forcing line all the way to mate.,true,lichess,9UGlz,32877,96,{}
lc_iMcvg,2r3k1/5pp1/3q3p/pp6/1P2r1Q1/P1bN3P/2P1RPP1/6K1 w - - 0 32,"{""g4c8"",""d6f8"",""c8f8"",""g8f8"",""e2e4""}",queen,3,intermediate,Queen 3 · Fork,fork,White to move.,1459,Club,"{""crushing"",""fork"",""hangingPiece"",""long"",""middlegame""}","A fork — one piece attacks two enemy pieces at once, forcing a material win.",true,lichess,iMcvg,32698,96,{}
lc_Rm6F9,8/6p1/7p/6p1/R5P1/4rk2/1PK4P/8 w - - 1 44,"{""a4a3"",""e3a3"",""b2a3"",""f3g4"",""a3a4"",""g4h3"",""a4a5"",""g5g4"",""a5a6"",""h3h2"",""a6a7"",""g4g3"",""a7a8q"",""g3g2"",""a8b8""}",queen,3,intermediate,Queen 3 · Sacrifice,sacrifice,White to move.,1459,Club,"{""advancedPawn"",""crushing"",""endgame"",""promotion"",""quietMove"",""rookEndgame"",""sacrifice"",""veryLong""}",A sacrifice — give up material to gain a decisive tactical or positional advantage.,true,lichess,Rm6F9,32363,96,{}
lc_bJtoh,3R1bk1/5p1p/4p1p1/2q5/3Q1P2/7P/P5P1/6K1 b - - 5 29,"{""c5d4"",""d8d4"",""f8c5"",""g1h2"",""c5d4""}",queen,3,intermediate,Queen 3 · Pin,pin,Black to move.,1459,Club,"{""advantage"",""attraction"",""clearance"",""endgame"",""long"",""pin""}",A pin — the attacked piece can't move without exposing a more valuable piece behind it.,true,lichess,bJtoh,32270,95,{}
lc_D9Clc,5r2/ppp1k1p1/8/4b2B/b3P3/1NP5/PP4PP/5RK1 b - - 0 20,"{""e5h2"",""g1h2"",""f8f1""}",queen,3,intermediate,Queen 3 · Deflection,deflection,Black to move.,1459,Club,"{""advantage"",""deflection"",""endgame"",""short""}",A deflection — lure a defending piece away from the square it was guarding.,true,lichess,D9Clc,31492,96,{}
lc_VPOvX,2kr1b1r/pp3ppp/2n1p3/1N1pP1P1/3P1B1P/8/Pq6/R2QKB1R b KQ - 1 16,"{""f8b4"",""f4d2"",""b4d2"",""d1d2"",""b2a1""}",queen,3,intermediate,Queen 3 · Crushing,crushing,Black to move.,1459,Club,"{""crushing"",""exposedKing"",""long"",""middlegame""}",Find the strongest continuation and seize the advantage.,true,lichess,VPOvX,31452,96,"{""Caro-Kann_Defense"",""Caro-Kann_Defense_Advance_Variation""}"
lc_B4HvI,6k1/2q4p/pp2b3/2p1b3/2P1Q1n1/1P2P3/P4PP1/3R1NK1 b - - 0 31,"{""e5h2"",""f1h2"",""c7h2"",""g1f1"",""h2h1"",""f1e2"",""h1d1"",""e2d1"",""g4f2"",""d1e2"",""f2e4""}",queen,3,intermediate,Queen 3 · Fork,fork,Black to move.,1459,Club,"{""attraction"",""crushing"",""fork"",""middlegame"",""sacrifice"",""veryLong""}","A fork — one piece attacks two enemy pieces at once, forcing a material win.",true,lichess,B4HvI,31401,95,{}
lc_xHLDG,r1b2Bk1/p4ppp/1p2p3/3nP3/2Bp2q1/3Q1N2/PP3PPP/2R2RK1 b - - 0 20,"{""d5f4"",""f3e1"",""f4d3""}",queen,3,intermediate,Queen 3 · Advantage,advantage,Black to move.,1460,Club,"{""advantage"",""middlegame"",""short""}",Find the strongest continuation and seize the advantage.,true,lichess,xHLDG,48328,95,{}
lc_PMmVF,r4rk1/1p2p3/pq1pb1P1/4b3/4P3/2N2P2/PPPQ4/2KR1B1R b - - 0 17,"{""e5f4"",""d2f4"",""f8f4""}",queen,3,intermediate,Queen 3 · Pin,pin,Black to move.,1460,Club,"{""advantage"",""middlegame"",""pin"",""short""}",A pin — the attacked piece can't move without exposing a more valuable piece behind it.,true,lichess,PMmVF,36977,95,"{""Sicilian_Defense"",""Sicilian_Defense_Dragon_Variation""}"
lc_OvZi9,r4rk1/5p2/3p2pB/4P1R1/1Pb3Q1/8/1q4PP/q2R3K w - - 0 35,"{""g5g6"",""g8h7"",""g6g7"",""h7h8"",""g7h7"",""h8h7"",""g4g7""}",queen,3,intermediate,Queen 3 · Attraction,attraction,White to move.,1460,Club,"{""attraction"",""mate"",""mateIn4"",""middlegame"",""sacrifice"",""veryLong""}",An attraction — force an enemy piece onto a square where it can be exploited.,true,lichess,OvZi9,36305,96,{}
lc_5wauK,1r4k1/1p2rppp/p1p2n2/q2nN3/P1BP4/1Q6/1P3PPP/3R1RK1 w - - 3 20,"{""e5c6"",""b7c6"",""b3b8""}",queen,3,intermediate,Queen 3 · Advantage,advantage,White to move.,1460,Club,"{""advantage"",""middlegame"",""short""}",Find the strongest continuation and seize the advantage.,true,lichess,5wauK,35779,96,"{""Caro-Kann_Defense"",""Caro-Kann_Defense_Other_variations""}"
lc_fuMiK,br4kn/4b1pp/p2p4/q1p2pPP/1nP2P2/P3B3/NP1QB2R/R3K3 b Q - 2 22,"{""b4c2"",""e1d1"",""a5d2"",""e3d2"",""c2a1""}",queen,3,intermediate,Queen 3 · Pin,pin,Black to move.,1460,Club,"{""advantage"",""discoveredAttack"",""exposedKing"",""long"",""middlegame"",""pin""}",A pin — the attacked piece can't move without exposing a more valuable piece behind it.,true,lichess,fuMiK,35626,96,{}
lc_qLTJx,8/6pk/R4pqp/1pp2Q2/4p3/8/Pr4PP/5RK1 b - - 1 30,"{""b2g2"",""g1h1"",""g2g1"",""f1g1"",""g6f5""}",queen,3,intermediate,Queen 3 · Deflection,deflection,Black to move.,1460,Club,"{""crushing"",""deflection"",""endgame"",""long""}",A deflection — lure a defending piece away from the square it was guarding.,true,lichess,qLTJx,34976,96,{}
lc_k5g5z,1k1r1Q2/ppp5/3p4/4p3/3nP3/3P4/PPPNq1rP/1K1R1R2 b - - 3 19,"{""e2d1"",""f1d1"",""d8f8""}",queen,3,intermediate,Queen 3 · Crushing,crushing,Black to move.,1460,Club,"{""crushing"",""middlegame"",""short""}",Find the strongest continuation and seize the advantage.,true,lichess,k5g5z,34371,96,"{""Russian_Game"",""Russian_Game_Italian_Variation""}"
lc_LoSVR,r1b2qrk/pp3p1p/2p2PpQ/5p2/8/4BR2/P1P3PP/1R4K1 w - - 4 20,"{""h6h7"",""h8h7"",""f3h3"",""f8h6"",""h3h6""}",queen,3,intermediate,Queen 3 · Mate In3,mateIn3,White to move.,1460,Club,"{""attraction"",""kingsideAttack"",""long"",""mate"",""mateIn3"",""middlegame"",""operaMate"",""sacrifice""}",Checkmate in three — calculate the forcing line all the way to mate.,true,lichess,LoSVR,34301,96,"{""Modern_Defense"",""Modern_Defense_Other_variations""}"
lc_HMzLq,6k1/1p2rpb1/2bR3B/8/8/1P1B1PK1/6PP/8 b - - 0 32,"{""g7e5"",""h6f4"",""e5d6"",""f4d6"",""e7d7""}",queen,3,intermediate,Queen 3 · Fork,fork,Black to move.,1460,Club,"{""advantage"",""endgame"",""fork"",""long"",""master"",""masterVsMaster""}","A fork — one piece attacks two enemy pieces at once, forcing a material win.",true,lichess,HMzLq,33561,96,{}
lc_ujAMF,3r4/p7/7p/1p1nR1p1/3PNpk1/2P5/PP3K1P/8 w - - 0 37,"{""e5d5"",""d8d5"",""e4f6"",""g4f5"",""f6d5""}",queen,3,intermediate,Queen 3 · Fork,fork,White to move.,1460,Club,"{""attraction"",""crushing"",""endgame"",""fork"",""long"",""master"",""sacrifice""}","A fork — one piece attacks two enemy pieces at once, forcing a material win.",true,lichess,ujAMF,33429,95,{}
lc_XMdVC,8/8/1Q1p1qpk/3Pb2p/1pP1P3/1P3P1P/6P1/R4NK1 b - - 0 36,"{""e5d4"",""g1h1"",""d4b6""}",queen,3,intermediate,Queen 3 · Fork,fork,Black to move.,1460,Club,"{""crushing"",""endgame"",""fork"",""short""}","A fork — one piece attacks two enemy pieces at once, forcing a material win.",true,lichess,XMdVC,33144,96,{}
lc_1keOc,r2k1b1N/ppp3pp/5q2/4p3/2Bn4/3P3b/PPP1nPPP/RNBQ1R1K b - - 4 12,"{""h3g2"",""h1g2"",""f6f3""}",queen,3,intermediate,Queen 3 · Mate In2,mateIn2,Black to move.,1460,Club,"{""attraction"",""kingsideAttack"",""mate"",""mateIn2"",""middlegame"",""sacrifice"",""short""}",Checkmate in two — a forced sequence that delivers checkmate on move two.,true,lichess,1keOc,33006,96,"{""Italian_Game"",""Italian_Game_Two_Knights_Defense""}"
lc_EZ9IE,8/ppp3k1/6p1/8/5Q1K/2q2P2/P2r3P/R6R b - - 0 36,"{""d2d4"",""f4d4"",""c3d4""}",queen,3,intermediate,Queen 3 · Pin,pin,Black to move.,1460,Club,"{""advantage"",""endgame"",""pin"",""short""}",A pin — the attacked piece can't move without exposing a more valuable piece behind it.,true,lichess,EZ9IE,32791,95,{}
lc_zrFfY,2k2r2/p7/1p1pp3/2pR2p1/P5Qp/4R2P/2q2PP1/6K1 b - - 0 32,"{""c2f2"",""g1h1"",""f2e3""}",queen,3,intermediate,Queen 3 · Fork,fork,Black to move.,1460,Club,"{""crushing"",""endgame"",""fork"",""short""}","A fork — one piece attacks two enemy pieces at once, forcing a material win.",true,lichess,zrFfY,32531,95,{}
lc_dr6h2,8/2k5/8/3P4/R2K4/8/pr6/8 b - - 5 64,"{""b2b4"",""a4b4"",""a2a1q""}",queen,3,intermediate,Queen 3 · Deflection,deflection,Black to move.,1460,Club,"{""advancedPawn"",""crushing"",""deflection"",""endgame"",""promotion"",""rookEndgame"",""short""}",A deflection — lure a defending piece away from the square it was guarding.,true,lichess,dr6h2,32194,96,{}
lc_ws5gE,8/8/8/8/R5pp/4P1k1/1P3r2/4K3 w - - 2 36,"{""a4g4"",""g3g4"",""e1f2""}",queen,3,intermediate,Queen 3 · Deflection,deflection,White to move.,1460,Club,"{""crushing"",""deflection"",""endgame"",""rookEndgame"",""short""}",A deflection — lure a defending piece away from the square it was guarding.,true,lichess,ws5gE,31857,95,{}
lc_h0YzC,4r1k1/6p1/3p3p/p5b1/2N3P1/P1P1p3/1P3PP1/4R1K1 b - - 0 37,"{""e3f2"",""g1f2"",""g5h4"",""g2g3"",""h4g3"",""f2g3"",""e8e1""}",queen,3,intermediate,Queen 3 · Deflection,deflection,Black to move.,1460,Club,"{""advancedPawn"",""advantage"",""attraction"",""deflection"",""endgame"",""veryLong""}",A deflection — lure a defending piece away from the square it was guarding.,true,lichess,h0YzC,31686,96,{}
lc_HfQ5w,r4r1k/pb4pp/4Q2B/3pR3/nq1P4/5P2/2p3PP/R5K1 w - - 0 30,"{""h6g7"",""h8g7"",""e5g5"",""g7h8"",""e6e5"",""f8f6"",""e5f6""}",queen,3,intermediate,Queen 3 · Attraction,attraction,White to move.,1461,Club,"{""attraction"",""kingsideAttack"",""mate"",""mateIn4"",""middlegame"",""sacrifice"",""veryLong""}",An attraction — force an enemy piece onto a square where it can be exploited.,true,lichess,HfQ5w,37324,96,{}
lc_67VRu,1k1r1b1r/pp2n2p/2bPB1p1/4P3/2p2P2/P1P3P1/1Pq2Q1P/R1B2RK1 b - - 2 21,"{""c2e4"",""f2f3"",""e4f3"",""f1f3"",""c6f3""}",queen,3,intermediate,Queen 3 · Advantage,advantage,Black to move.,1461,Club,"{""advantage"",""long"",""middlegame""}",Find the strongest continuation and seize the advantage.,true,lichess,67VRu,36286,95,{}
lc_xLT3G,r3r1k1/ppp1bpp1/1q2bn1p/1N1pN3/1PPP3B/P2Q4/5PPP/4RRK1 b - c3 0 16,"{""d5c4"",""e5c4"",""b6b5""}",queen,3,intermediate,Queen 3 · Capturing Defender,capturingDefender,Black to move.,1461,Club,"{""capturingDefender"",""crushing"",""middlegame"",""short""}",Find the strongest continuation and seize the advantage.,true,lichess,xLT3G,35559,94,"{""French_Defense"",""French_Defense_Knight_Variation""}"
lc_kH1Pc,r3k2r/pp1b1ppp/1n2p2q/4Q3/2P5/P5P1/1P1N1PBP/R3K2R b KQkq - 2 16,"{""h6d2"",""e1d2"",""b6c4"",""d2c3"",""c4e5""}",queen,3,intermediate,Queen 3 · Fork,fork,Black to move.,1461,Club,"{""attraction"",""crushing"",""fork"",""long"",""middlegame"",""sacrifice""}","A fork — one piece attacks two enemy pieces at once, forcing a material win.",true,lichess,kH1Pc,34546,95,"{""French_Defense"",""French_Defense_Chigorin_Variation""}"
lc_7tqP1,8/2kr4/p5nN/1p1pn1p1/1P6/P1N1RPP1/6P1/6K1 b - - 0 29,"{""d5d4"",""e3e5"",""g6e5""}",queen,3,intermediate,Queen 3 · Fork,fork,Black to move.,1461,Club,"{""advantage"",""endgame"",""fork"",""short""}","A fork — one piece attacks two enemy pieces at once, forcing a material win.",true,lichess,7tqP1,34306,95,{}
lc_gXycb,8/4k1p1/7p/5P1P/5K2/8/8/8 b - - 4 52,"{""e7f6"",""f4g4"",""f6e5""}",queen,3,intermediate,Queen 3 · Zugzwang,zugzwang,Black to move.,1461,Club,"{""crushing"",""endgame"",""pawnEndgame"",""short"",""zugzwang""}",Zugzwang — every move worsens the opponent's position; force them to move.,true,lichess,gXycb,34162,95,{}
lc_LLG5B,5k1r/NR3ppp/6B1/8/8/2P1nPP1/P3r1P1/R5K1 b - - 0 27,"{""e2g2"",""g1h1"",""h7g6""}",queen,3,intermediate,Queen 3 · Mate In2,mateIn2,Black to move.,1461,Club,"{""discoveredAttack"",""discoveredCheck"",""intermezzo"",""mate"",""mateIn2"",""middlegame"",""short""}",Checkmate in two — a forced sequence that delivers checkmate on move two.,true,lichess,LLG5B,34122,96,{}
lc_YHbW4,6k1/pQ4p1/6np/4pb2/2r5/q7/P4PPP/R3R1K1 w - - 0 25,"{""b7d5"",""g8h8"",""d5c4""}",queen,3,intermediate,Queen 3 · Fork,fork,White to move.,1461,Club,"{""crushing"",""fork"",""middlegame"",""short""}","A fork — one piece attacks two enemy pieces at once, forcing a material win.",true,lichess,YHbW4,33590,95,{}
lc_5x76H,7k/2p3p1/5pnp/3P4/1Q1qP3/6B1/1R3PPP/rR4K1 b - - 5 36,"{""d4d1"",""b1d1"",""a1d1"",""b4e1"",""d1e1""}",queen,3,intermediate,Queen 3 · Mate In3,mateIn3,Black to move.,1461,Club,"{""backRankMate"",""long"",""mate"",""mateIn3"",""middlegame"",""sacrifice"",""xRayAttack""}",Checkmate in three — calculate the forcing line all the way to mate.,true,lichess,5x76H,33084,95,{}
lc_Wpv69,8/5p2/5npp/1pk1K3/2p2PPP/P1P2N2/1P6/8 b - - 6 39,"{""f6g4"",""e5e4"",""f7f5""}",queen,3,intermediate,Queen 3 · Mate In2,mateIn2,Black to move.,1461,Club,"{""endgame"",""knightEndgame"",""mate"",""mateIn2"",""short""}",Checkmate in two — a forced sequence that delivers checkmate on move two.,true,lichess,Wpv69,32988,96,{}
lc_Ncf7u,3r2k1/p5p1/1p2R2p/3q4/4Q3/P6P/6P1/6K1 w - - 0 39,"{""e6e8"",""d8e8"",""e4d5""}",queen,3,intermediate,Queen 3 · Deflection,deflection,White to move.,1461,Club,"{""advantage"",""deflection"",""endgame"",""short""}",A deflection — lure a defending piece away from the square it was guarding.,true,lichess,Ncf7u,32939,96,{}
lc_BrSzO,2R3r1/4kp1p/5np1/P7/8/2P2P1P/5P2/6K1 w - - 1 31,"{""c8g8"",""f6g8"",""a5a6"",""g8f6"",""a6a7""}",queen,3,intermediate,Queen 3 · Advanced Pawn,advancedPawn,White to move.,1461,Club,"{""advancedPawn"",""crushing"",""endgame"",""long""}",An advanced pawn — push the passer or use its threats to win material.,true,lichess,BrSzO,32783,95,{}
lc_wXTsY,8/7Q/4kp2/4q3/7P/8/8/1K6 b - - 0 55,"{""e5f5"",""h7f5"",""e6f5"",""h4h5"",""f5g5""}",queen,3,intermediate,Queen 3 · Queen Endgame,queenEndgame,Black to move.,1461,Club,"{""crushing"",""endgame"",""long"",""queenEndgame""}",A queen endgame — checks and centralisation steer the result.,true,lichess,wXTsY,32411,95,{}
lc_rqDMN,1q3k2/1r3p2/p5pp/6b1/8/1Q4NP/PP4PK/5R2 w - - 0 37,"{""f1f7"",""b7f7"",""b3b8""}",queen,3,intermediate,Queen 3 · Deflection,deflection,White to move.,1461,Club,"{""advantage"",""deflection"",""endgame"",""short""}",A deflection — lure a defending piece away from the square it was guarding.,true,lichess,rqDMN,32279,96,{}
lc_aBGwA,8/7p/3k1Pp1/2pP4/r7/4R1PP/1r3PK1/8 w - - 0 29,"{""f6f7"",""a4a8"",""e3e8"",""a8e8"",""f7e8q""}",queen,3,intermediate,Queen 3 · Promotion,promotion,White to move.,1461,Club,"{""advancedPawn"",""crushing"",""endgame"",""long"",""master"",""promotion"",""rookEndgame""}",Pawn promotion — advance the pawn to its final rank and choose your new piece wisely.,true,lichess,aBGwA,32200,96,{}
lc_jPWF3,2r5/p5kp/1p1p2p1/4p3/2PnQr2/1P2N3/P4qPP/1R2R2K w - - 2 24,"{""e4b7"",""f4f7"",""b7c8""}",queen,3,intermediate,Queen 3 · Fork,fork,White to move.,1461,Club,"{""crushing"",""fork"",""middlegame"",""short""}","A fork — one piece attacks two enemy pieces at once, forcing a material win.",true,lichess,jPWF3,32197,95,{}
lc_Gp3Vt,8/1pB2ppp/p1p5/P2p1k2/3P1b2/2PK1P1P/1P4P1/8 w - - 2 32,"{""g2g4"",""f5g5"",""h3h4"",""g5h4"",""c7f4""}",queen,3,intermediate,Queen 3 · Deflection,deflection,White to move.,1461,Club,"{""advantage"",""bishopEndgame"",""deflection"",""endgame"",""long""}",A deflection — lure a defending piece away from the square it was guarding.,true,lichess,Gp3Vt,32087,96,{}
lc_hVSLd,2k4r/Bpq2ppp/4p3/1B6/P3Q3/7r/1PP2P1b/RN3R1K b - - 0 17,"{""h2g1"",""h1g1"",""c7h2""}",queen,3,intermediate,Queen 3 · Mate In2,mateIn2,Black to move.,1461,Club,"{""attraction"",""discoveredAttack"",""discoveredCheck"",""kingsideAttack"",""mate"",""mateIn2"",""middlegame"",""sacrifice"",""short""}",Checkmate in two — a forced sequence that delivers checkmate on move two.,true,lichess,hVSLd,31981,95,"{""Scandinavian_Defense"",""Scandinavian_Defense_Blackburne_Gambit""}"
lc_onslz,2rr4/4ppkp/3p2p1/p2PP3/2p2q2/2Nn2Q1/PP1R2PP/3R3K w - - 0 27,"{""d2d3"",""f4g3"",""d3g3""}",queen,3,intermediate,Queen 3 · Advantage,advantage,White to move.,1461,Club,"{""advantage"",""middlegame"",""short""}",Find the strongest continuation and seize the advantage.,true,lichess,onslz,31892,95,{}
lc_gZy5A,2b2rk1/3nbppp/pq3n2/2pP4/4P3/3Q1N1P/PP4PB/RN3RK1 b - - 2 16,"{""c5c4"",""d3d4"",""e7c5""}",queen,3,intermediate,Queen 3 · Pin,pin,Black to move.,1461,Club,"{""clearance"",""crushing"",""discoveredAttack"",""discoveredCheck"",""middlegame"",""pin"",""short""}",A pin — the attacked piece can't move without exposing a more valuable piece behind it.,true,lichess,gZy5A,31884,96,"{""Benoni_Defense"",""Benoni_Defense_French_Benoni""}"
lc_hdKsu,3Q4/p1p2rp1/1p2k3/3p3R/6P1/2P1P3/qP6/2K4R b - - 0 34,"{""a2a1"",""c1c2"",""f7f2"",""c2d3"",""a1a6"",""c3c4"",""a6c4""}",queen,3,intermediate,Queen 3 · Endgame,endgame,Black to move.,1461,Club,"{""endgame"",""mate"",""mateIn4"",""veryLong""}",An endgame technique — precise play with few pieces where every tempo counts.,true,lichess,hdKsu,31776,97,{}
lc_wrLpL,r5k1/1p4p1/pqp2rQp/3pRp2/3P4/P6P/2P2PP1/4R1K1 w - - 2 23,"{""e5e8"",""a8e8"",""e1e8"",""f6f8"",""g6e6"",""g8h7"",""e8f8""}",queen,3,intermediate,Queen 3 · Deflection,deflection,White to move.,1461,Club,"{""crushing"",""deflection"",""endgame"",""kingsideAttack"",""veryLong""}",A deflection — lure a defending piece away from the square it was guarding.,true,lichess,wrLpL,31565,96,{}
lc_9Bx0w,r4r2/5p2/p3bk2/P2p3Q/5q2/2b3R1/6PP/3R3K w - - 2 30,"{""g3f3"",""f4f3"",""h5f3"",""f6e7"",""f3c3""}",queen,3,intermediate,Queen 3 · Fork,fork,White to move.,1461,Club,"{""advantage"",""exposedKing"",""fork"",""long"",""middlegame"",""pin""}","A fork — one piece attacks two enemy pieces at once, forcing a material win.",true,lichess,9Bx0w,31529,95,{}
lc_8Htqr,7k/5pp1/Q3pb1p/2p5/8/1P3KP1/P1r5/8 w - - 1 41,"{""a6a8"",""h8h7"",""a8e4"",""g7g6"",""e4c2""}",queen,3,intermediate,Queen 3 · Fork,fork,White to move.,1461,Club,"{""crushing"",""endgame"",""fork"",""long""}","A fork — one piece attacks two enemy pieces at once, forcing a material win.",true,lichess,8Htqr,31485,95,{}
lc_PlNt0,7r/p1p5/2p3p1/3k4/3P1P2/1P1K2N1/P6p/4R3 b - - 1 37,"{""h8h3"",""e1e5"",""d5d6"",""e5e3"",""h3g3"",""e3g3"",""h2h1q""}",queen,3,intermediate,Queen 3 · Pin,pin,Black to move.,1462,Club,"{""advancedPawn"",""crushing"",""endgame"",""pin"",""promotion"",""veryLong""}",A pin — the attacked piece can't move without exposing a more valuable piece behind it.,true,lichess,PlNt0,37140,95,{}
lc_rEMqb,5rk1/p1p3pp/1p3q2/8/2P5/1P4PP/P4r2/R3QRK1 b - - 3 26,"{""f2f1"",""e1f1"",""f6d4"",""g1h1"",""f8f1""}",queen,3,intermediate,Queen 3 · Fork,fork,Black to move.,1462,Club,"{""crushing"",""discoveredAttack"",""endgame"",""exposedKing"",""fork"",""long""}","A fork — one piece attacks two enemy pieces at once, forcing a material win.",true,lichess,rEMqb,36241,96,{}
lc_MLmAK,2r5/pQ4q1/4bk2/3pN3/4n3/P3P3/1P4P1/1K1R4 w - - 1 33,"{""d1f1"",""f6e5"",""b7g7""}",queen,3,intermediate,Queen 3 · Deflection,deflection,White to move.,1462,Club,"{""crushing"",""deflection"",""middlegame"",""short""}",A deflection — lure a defending piece away from the square it was guarding.,true,lichess,MLmAK,36130,95,{}
lc_Yc2Zh,8/6pk/8/1pp5/6Qq/2P4P/5PP1/6K1 b - - 2 40,"{""h4g4"",""h3g4"",""b5b4"",""g1f1"",""b4b3"",""f1e2"",""b3b2""}",queen,3,intermediate,Queen 3 · Advanced Pawn,advancedPawn,Black to move.,1462,Club,"{""advancedPawn"",""crushing"",""endgame"",""queenEndgame"",""veryLong""}",An advanced pawn — push the passer or use its threats to win material.,true,lichess,Yc2Zh,36017,96,{}
lc_arxjE,8/p1pRbkp1/5p2/8/5P2/BPP5/P3r2p/5KRB b - - 1 34,"{""e2e1"",""f1e1"",""h2g1q""}",queen,3,intermediate,Queen 3 · Deflection,deflection,Black to move.,1462,Club,"{""advancedPawn"",""attraction"",""crushing"",""deflection"",""endgame"",""promotion"",""short""}",A deflection — lure a defending piece away from the square it was guarding.,true,lichess,arxjE,35854,96,{}
lc_bAlfY,4r3/2q2ppk/7p/PN6/1P6/2n2Q1P/5PP1/2R3K1 b - - 1 31,"{""c3e2"",""f3e2"",""c7c1""}",queen,3,intermediate,Queen 3 · Fork,fork,Black to move.,1462,Club,"{""crushing"",""discoveredAttack"",""endgame"",""fork"",""short""}","A fork — one piece attacks two enemy pieces at once, forcing a material win.",true,lichess,bAlfY,35598,96,{}
lc_GYIez,r1b2rk1/ppqn1pbp/2p5/3ppPN1/8/1P1P4/PBPNB1PK/R2Q1R2 b - - 1 15,"{""e5e4"",""h2h1"",""g7b2""}",queen,3,intermediate,Queen 3 · Discovered Attack,discoveredAttack,Black to move.,1462,Club,"{""advantage"",""discoveredAttack"",""discoveredCheck"",""middlegame"",""short""}",A discovered attack — moving one piece uncovers a deadly attack from another.,true,lichess,GYIez,35447,95,"{""Bird_Opening"",""Bird_Opening_Other_variations""}"
lc_H1VFf,r1bq1rk1/p2n2pp/2p2pn1/1p2p3/1b1pP3/NPPP1NP1/PB1Q1PBP/R4RK1 b - - 0 15,"{""d4c3"",""b2c3"",""b4a3""}",queen,3,intermediate,Queen 3 · Fork,fork,Black to move.,1462,Club,"{""advantage"",""fork"",""middlegame"",""short""}","A fork — one piece attacks two enemy pieces at once, forcing a material win.",true,lichess,H1VFf,35407,95,"{""Kings_Indian_Attack"",""Kings_Indian_Attack_Other_variations""}"
lc_EUsZL,1r5r/2pqkppp/Q1pbpn2/3p2B1/N2P4/4PP2/PPP2P1P/2KR2R1 b - - 4 14,"{""b8a8"",""a6d3"",""a8a4""}",queen,3,intermediate,Queen 3 · Skewer,skewer,Black to move.,1462,Club,"{""advantage"",""middlegame"",""short"",""skewer""}","A skewer — the higher-value piece is forced to move, losing the piece behind it.",true,lichess,EUsZL,34866,95,"{""Queens_Pawn_Game"",""Queens_Pawn_Game_Chigorin_Variation""}"
lc_Wr8c0,r4qk1/5pn1/p1bpr3/1p2pNQ1/1P2Pn2/2N1R2P/P1P2P2/3R1BK1 b - - 5 25,"{""e6g6"",""e3g3"",""g6g5""}",queen,3,intermediate,Queen 3 · Pin,pin,Black to move.,1462,Club,"{""advantage"",""middlegame"",""pin"",""short""}",A pin — the attacked piece can't move without exposing a more valuable piece behind it.,true,lichess,Wr8c0,34433,96,{}
lc_0BALK,r1b1kb1r/1p3ppp/p1n5/q2Np1B1/4n3/5N2/PP1Q1PPP/R3KB1R w KQkq - 0 11,"{""d2a5"",""c6a5"",""d5c7""}",queen,3,intermediate,Queen 3 · Advantage,advantage,White to move.,1462,Club,"{""advantage"",""middlegame"",""short""}",Find the strongest continuation and seize the advantage.,true,lichess,0BALK,34064,95,"{""Philidor_Defense"",""Philidor_Defense_Other_variations""}"
lc_NmzlG,r2qr1k1/ppp4p/3p1bpQ/3N1p2/3n4/3P4/PPP2PPP/R1B1R1K1 w - - 7 18,"{""e1e8"",""d8e8"",""d5f6""}",queen,3,intermediate,Queen 3 · Crushing,crushing,White to move.,1462,Club,"{""crushing"",""kingsideAttack"",""middlegame"",""short""}",Find the strongest continuation and seize the advantage.,true,lichess,NmzlG,33947,96,"{""Nimzowitsch_Defense"",""Nimzowitsch_Defense_Colorado_Countergambit""}"
lc_ltdHc,r4rk1/p1pp2pp/1p4q1/3P4/2P2R2/2P2K1P/P5P1/R1BQ4 b - - 1 23,"{""g6h5"",""g2g4"",""h5h3""}",queen,3,intermediate,Queen 3 · Deflection,deflection,Black to move.,1462,Club,"{""crushing"",""deflection"",""master"",""middlegame"",""short""}",A deflection — lure a defending piece away from the square it was guarding.,true,lichess,ltdHc,33021,95,{}
lc_M25j4,r2q1r2/pp4kp/3p2p1/3P4/1Q3B1b/P7/1PP2P1P/2KR3R b - - 2 24,"{""f8f4"",""b4f4"",""h4g5"",""f4g5"",""d8g5""}",queen,3,intermediate,Queen 3 · Pin,pin,Black to move.,1462,Club,"{""advantage"",""long"",""middlegame"",""pin"",""sacrifice""}",A pin — the attacked piece can't move without exposing a more valuable piece behind it.,true,lichess,M25j4,32800,94,{}
lc_N5hID,rn1q1r2/4n1k1/p2p2pp/2pP1bN1/1p2p3/4N3/PP1QBPPP/R4RK1 w - - 0 17,"{""e3f5"",""e7f5"",""g5e6""}",queen,3,intermediate,Queen 3 · Crushing,crushing,White to move.,1462,Club,"{""crushing"",""middlegame"",""short""}",Find the strongest continuation and seize the advantage.,true,lichess,N5hID,32746,95,"{""Benoni_Defense"",""Benoni_Defense_Franco-Sicilian_Hybrid""}"
lc_rnrAp,5r1k/p5p1/6Bp/3Q4/4R3/8/Prq2PPP/5RK1 b - - 4 23,"{""c2f2"",""f1f2"",""b2b1"",""d5d1"",""b1d1"",""e4e1"",""d1e1"",""f2f1"",""f8f1""}",queen,3,intermediate,Queen 3 · Sacrifice,sacrifice,Black to move.,1462,Club,"{""mate"",""mateIn5"",""middlegame"",""sacrifice"",""veryLong""}",A sacrifice — give up material to gain a decisive tactical or positional advantage.,true,lichess,rnrAp,32643,94,{}
lc_ZKqX4,8/4kp2/4p3/2P1PbPp/4p2P/4P3/4K3/3R4 b - - 2 47,"{""f5g4"",""e2e1"",""g4d1"",""e1d1"",""e7d7"",""d1d2"",""d7c6"",""d2c3"",""c6c5""}",queen,3,intermediate,Queen 3 · Skewer,skewer,Black to move.,1462,Club,"{""crushing"",""endgame"",""skewer"",""veryLong""}","A skewer — the higher-value piece is forced to move, losing the piece behind it.",true,lichess,ZKqX4,32396,94,{}
lc_GElOE,8/p7/2pk1r1p/6p1/4P3/8/PPPB2PP/6K1 w - - 2 33,"{""e4e5"",""d6e5"",""d2c3"",""e5e6"",""c3f6""}",queen,3,intermediate,Queen 3 · Skewer,skewer,White to move.,1462,Club,"{""advantage"",""attraction"",""endgame"",""long"",""skewer""}","A skewer — the higher-value piece is forced to move, losing the piece behind it.",true,lichess,GElOE,32007,96,{}
lc_sCXak,3q1k2/3B1pp1/3p3r/3Pp1R1/1p6/1N2QP2/rPP5/2K4R b - - 0 25,"{""h6h1"",""g5g1"",""h1g1"",""e3g1"",""d8d7""}",queen,3,intermediate,Queen 3 · Hanging Piece,hangingPiece,Black to move.,1462,Club,"{""crushing"",""hangingPiece"",""long"",""middlegame""}",A hanging piece — an undefended enemy piece is free to capture.,true,lichess,sCXak,31979,96,{}
lc_f5MSV,3r1k2/1p2pp2/p4b1p/2P5/1P6/PB3P1P/5K2/4R3 b - - 2 31,"{""f6h4"",""f2e3"",""h4e1""}",queen,3,intermediate,Queen 3 · Skewer,skewer,Black to move.,1462,Club,"{""crushing"",""endgame"",""short"",""skewer""}","A skewer — the higher-value piece is forced to move, losing the piece behind it.",true,lichess,f5MSV,31815,95,{}
lc_I5Ba7,r4r1k/1pp4B/pnnp1q1Q/8/2PP4/P6P/1P3PP1/R4RK1 w - - 4 23,"{""h7g6"",""h8g8"",""h6h7""}",queen,3,intermediate,Queen 3 · Mate In2,mateIn2,White to move.,1462,Club,"{""discoveredAttack"",""discoveredCheck"",""kingsideAttack"",""mate"",""mateIn2"",""middlegame"",""short""}",Checkmate in two — a forced sequence that delivers checkmate on move two.,true,lichess,I5Ba7,31674,95,{}
lc_6Uvf3,rnb2rk1/ppb2pp1/2p3qp/2Pp3n/3P3N/1PN3PP/P2B1P1K/R2QRB2 b - - 2 18,"{""c7g3"",""f2g3"",""g6g3"",""h2h1"",""g3h4""}",queen,3,intermediate,Queen 3 · Fork,fork,Black to move.,1462,Club,"{""advantage"",""fork"",""long"",""opening""}","A fork — one piece attacks two enemy pieces at once, forcing a material win.",true,lichess,6Uvf3,31376,95,"{""French_Defense"",""French_Defense_Exchange_Variation""}"
lc_Uheec,b2k3r/2p1qp2/BpPp4/3Pn3/PP2Pp2/2N2P2/3K1Q1P/R7 b - - 1 30,"{""h8h2"",""f2h2"",""e5f3"",""d2c2"",""f3h2""}",queen,3,intermediate,Queen 3 · Fork,fork,Black to move.,1463,Club,"{""advantage"",""attraction"",""deflection"",""exposedKing"",""fork"",""long"",""middlegame"",""pin"",""sacrifice""}","A fork — one piece attacks two enemy pieces at once, forcing a material win.",true,lichess,Uheec,48956,96,{}
lc_MNOCA,r4r1k/1pN1n2p/p4q2/3p4/3p4/3P2R1/PPP1QP1P/2KR4 b - - 0 18,"{""f6f4"",""c1b1"",""f4c7""}",queen,3,intermediate,Queen 3 · Fork,fork,Black to move.,1463,Club,"{""advantage"",""fork"",""middlegame"",""short""}","A fork — one piece attacks two enemy pieces at once, forcing a material win.",true,lichess,MNOCA,37442,96,"{""Latvian_Gambit"",""Latvian_Gambit_Clam_Gambit""}"
lc_AUsEl,4rrk1/5ppp/2p2n2/p2p1NQ1/6q1/4P3/6PP/5RK1 w - - 6 29,"{""f5h6"",""g8h8"",""h6g4""}",queen,3,intermediate,Queen 3 · Pin,pin,White to move.,1463,Club,"{""advantage"",""middlegame"",""pin"",""short""}",A pin — the attacked piece can't move without exposing a more valuable piece behind it.,true,lichess,AUsEl,37015,95,{}
lc_VBI88,1rbqr1k1/4n1pp/3pn3/2p1pN2/1p2P2P/1P1P2Q1/P3N1BK/2R2R2 w - - 1 26,"{""f5h6"",""g8h8"",""h6f7""}",queen,3,intermediate,Queen 3 · Pin,pin,White to move.,1463,Club,"{""crushing"",""kingsideAttack"",""middlegame"",""pin"",""short""}",A pin — the attacked piece can't move without exposing a more valuable piece behind it.,true,lichess,VBI88,36182,95,{}
lc_fcMe7,7Q/4q3/1kp2n2/p2p4/P2P4/2PB4/3K4/8 w - - 15 61,"{""h8b8"",""e7b7"",""b8d8"",""b7c7"",""d8f6""}",queen,3,intermediate,Queen 3 · Fork,fork,White to move.,1463,Club,"{""crushing"",""endgame"",""fork"",""long""}","A fork — one piece attacks two enemy pieces at once, forcing a material win.",true,lichess,fcMe7,35643,96,{}
lc_H9UTA,r1bq1rk1/p4ppp/2np4/1B6/5B2/2P2N1P/PP3KP1/RN1Q4 b - - 0 13,"{""d8b6"",""f3d4"",""c6d4"",""d1d4"",""b6b5""}",queen,3,intermediate,Queen 3 · Fork,fork,Black to move.,1463,Club,"{""advantage"",""capturingDefender"",""fork"",""long"",""middlegame""}","A fork — one piece attacks two enemy pieces at once, forcing a material win.",true,lichess,H9UTA,35567,95,"{""Italian_Game"",""Italian_Game_Giuoco_Piano""}"
lc_YM5Yl,r4kr1/2pb1p2/p2p1p1p/3N4/3bP1qN/6P1/PP1Q1P1P/R4R1K b - - 3 19,"{""g4e4"",""f2f3"",""e4d5""}",queen,3,intermediate,Queen 3 · Fork,fork,Black to move.,1463,Club,"{""crushing"",""fork"",""middlegame"",""short""}","A fork — one piece attacks two enemy pieces at once, forcing a material win.",true,lichess,YM5Yl,35326,96,"{""Ruy_Lopez"",""Ruy_Lopez_Classical_Variation""}"
lc_uBH4H,8/8/4k1P1/pp2P3/5K2/P6p/1PP5/8 b - - 1 39,"{""h3h2"",""g6g7"",""e6f7""}",queen,3,intermediate,Queen 3 · Advanced Pawn,advancedPawn,Black to move.,1463,Club,"{""advancedPawn"",""crushing"",""endgame"",""pawnEndgame"",""short""}",An advanced pawn — push the passer or use its threats to win material.,true,lichess,uBH4H,34896,95,{}
lc_jBHcr,r4rk1/1pp2ppp/p7/4q3/1PPnN3/5P1P/1Q3PP1/R4RK1 b - - 3 19,"{""d4f3"",""g2f3"",""e5b2""}",queen,3,intermediate,Queen 3 · Discovered Attack,discoveredAttack,Black to move.,1463,Club,"{""crushing"",""discoveredAttack"",""middlegame"",""short""}",A discovered attack — moving one piece uncovers a deadly attack from another.,true,lichess,jBHcr,34871,96,"{""Queens_Gambit_Declined"",""Queens_Gambit_Declined_Albin_Countergambit""}"
lc_YWcAX,rr3b1k/6q1/3p1Q2/3Pp1P1/pp6/4BP2/PPP5/2KR4 w - - 2 28,"{""d1h1"",""h8g8"",""f6e6"",""g7f7"",""h1h8"",""g8h8"",""e6f7""}",queen,3,intermediate,Queen 3 · Pin,pin,White to move.,1463,Club,"{""crushing"",""deflection"",""exposedKing"",""middlegame"",""pin"",""veryLong""}",A pin — the attacked piece can't move without exposing a more valuable piece behind it.,true,lichess,YWcAX,34825,96,{}
lc_5XxQB,8/5rbk/1RR4p/8/4P3/8/Pp6/1K6 b - - 2 54,"{""f7f1"",""b1c2"",""f1c1""}",queen,3,intermediate,Queen 3 · Endgame,endgame,Black to move.,1463,Club,"{""crushing"",""endgame"",""short""}",An endgame technique — precise play with few pieces where every tempo counts.,true,lichess,5XxQB,34492,96,{}
lc_uyUoV,6rk/Q4R1p/2p3rq/5p2/3P1P2/2P1P2B/P4R1K/8 b - - 4 29,"{""h6h3"",""h2h3"",""g6h6""}",queen,3,intermediate,Queen 3 · Mate In2,mateIn2,Black to move.,1463,Club,"{""attraction"",""mate"",""mateIn2"",""middlegame"",""sacrifice"",""short""}",Checkmate in two — a forced sequence that delivers checkmate on move two.,true,lichess,uyUoV,33976,95,{}
lc_hJQP9,5rk1/pp5p/5p1b/3p3r/2p4B/5qPK/PPQ3BP/3R3R b - - 1 26,"{""h5h4"",""h3h4"",""h6g5"",""h4h3"",""f3h5""}",queen,3,intermediate,Queen 3 · Mate In3,mateIn3,Black to move.,1463,Club,"{""attraction"",""long"",""mate"",""mateIn3"",""middlegame"",""pin"",""sacrifice""}",Checkmate in three — calculate the forcing line all the way to mate.,true,lichess,hJQP9,33835,94,{}
lc_qeqfe,r4rk1/5pp1/p2qb1np/1p1Nn3/2p1P3/P3QN1P/1PB2PP1/3RR1K1 w - - 8 24,"{""d5f6"",""g7f6"",""d1d6""}",queen,3,intermediate,Queen 3 · Discovered Attack,discoveredAttack,White to move.,1463,Club,"{""crushing"",""discoveredAttack"",""middlegame"",""short""}",A discovered attack — moving one piece uncovers a deadly attack from another.,true,lichess,qeqfe,33801,96,{}
lc_1u1T8,5k2/2p5/4P3/3P4/1p4R1/8/2r5/6K1 b - - 5 38,"{""b4b3"",""g4b4"",""b3b2""}",queen,3,intermediate,Queen 3 · Advanced Pawn,advancedPawn,Black to move.,1463,Club,"{""advancedPawn"",""crushing"",""endgame"",""rookEndgame"",""short""}",An advanced pawn — push the passer or use its threats to win material.,true,lichess,1u1T8,33556,96,{}
lc_ZTJuf,k1q2r2/p3bp2/1Q6/4P1pp/8/3P4/5PPP/R1R3K1 b - - 2 27,"{""c8c1"",""a1c1"",""a7b6""}",queen,3,intermediate,Queen 3 · Endgame,endgame,Black to move.,1463,Club,"{""advantage"",""endgame"",""short""}",An endgame technique — precise play with few pieces where every tempo counts.,true,lichess,ZTJuf,33264,95,{}
lc_j84EA,3q4/5Qpk/2p4p/2Pp4/3r1PK1/4r1P1/8/7R w - - 1 37,"{""h1h6"",""h7h6"",""f7h5""}",queen,3,intermediate,Queen 3 · Mate In2,mateIn2,White to move.,1463,Club,"{""attraction"",""endgame"",""mate"",""mateIn2"",""pin"",""sacrifice"",""short""}",Checkmate in two — a forced sequence that delivers checkmate on move two.,true,lichess,j84EA,33237,96,{}
lc_gx3bn,3b4/1R4pk/6r1/p6K/8/4P1P1/1B3P2/8 b - - 0 37,"{""g6g5"",""h5h4"",""g5b5"",""h4h3"",""b5b7""}",queen,3,intermediate,Queen 3 · Discovered Attack,discoveredAttack,Black to move.,1463,Club,"{""crushing"",""discoveredAttack"",""discoveredCheck"",""endgame"",""long""}",A discovered attack — moving one piece uncovers a deadly attack from another.,true,lichess,gx3bn,32602,97,{}
lc_wPFwJ,r3k2r/p4pp1/B1q1p3/8/1P6/2P1B1Pp/P1Q2K1P/R6R b kq - 0 21,"{""c6g2"",""f2e1"",""g2c2""}",queen,3,intermediate,Queen 3 · Skewer,skewer,Black to move.,1463,Club,"{""crushing"",""middlegame"",""short"",""skewer""}","A skewer — the higher-value piece is forced to move, losing the piece behind it.",true,lichess,wPFwJ,32031,95,{}
lc_tBoZ4,2r3k1/1bq1bpp1/3p3p/PB1Pp3/8/2B3P1/1P1Q1P1P/2R3K1 b - - 0 25,"{""e7g5"",""d2d1"",""g5c1""}",queen,3,intermediate,Queen 3 · Skewer,skewer,Black to move.,1463,Club,"{""advantage"",""master"",""middlegame"",""short"",""skewer""}","A skewer — the higher-value piece is forced to move, losing the piece behind it.",true,lichess,tBoZ4,31479,95,{}
lc_QW7Am,r1b1k2r/p2n1ppp/4p3/1p1pP3/5q2/2B5/PN4PP/R2QKB1R b KQkq - 1 15,"{""f4e3"",""f1e2"",""e3c3""}",queen,3,intermediate,Queen 3 · Fork,fork,Black to move.,1463,Club,"{""advantage"",""fork"",""opening"",""short""}","A fork — one piece attacks two enemy pieces at once, forcing a material win.",true,lichess,QW7Am,31293,96,"{""French_Defense"",""French_Defense_Steinitz_Variation""}"
lc_ZRvjk,4r1rk/1p3p1p/pq3PnQ/2pP1R2/P7/3P4/1P4PP/7K w - - 6 27,"{""h6h7"",""h8h7"",""f5h5""}",queen,3,intermediate,Queen 3 · Mate In2,mateIn2,White to move.,1464,Club,"{""attraction"",""endgame"",""kingsideAttack"",""mate"",""mateIn2"",""sacrifice"",""short""}",Checkmate in two — a forced sequence that delivers checkmate on move two.,true,lichess,ZRvjk,36487,96,{}
lc_drtRz,8/pppRb1pp/5k2/6N1/4p1PP/2P5/PP3r2/2K5 w - - 5 30,"{""g5e4"",""f6e6"",""d7e7"",""e6e7"",""e4f2""}",queen,3,intermediate,Queen 3 · Fork,fork,White to move.,1464,Club,"{""advantage"",""endgame"",""exposedKing"",""fork"",""long""}","A fork — one piece attacks two enemy pieces at once, forcing a material win.",true,lichess,drtRz,36240,96,{}
lc_hzowx,r3r1k1/1pq2ppp/8/3pn2P/p2Nb3/P1B2PQ1/1PP3P1/2KR3R b - - 0 22,"{""e5d3"",""d1d3"",""c7g3""}",queen,3,intermediate,Queen 3 · Discovered Attack,discoveredAttack,Black to move.,1464,Club,"{""crushing"",""discoveredAttack"",""middlegame"",""short""}",A discovered attack — moving one piece uncovers a deadly attack from another.,true,lichess,hzowx,36211,95,{}
lc_XMrk7,4r3/pp1k2pp/2pp2q1/2P1n3/4P3/2P2r2/P2Q2PP/3RKB1R w K - 0 19,"{""d2d6"",""g6d6"",""d1d6"",""d7c8"",""g2f3""}",queen,3,intermediate,Queen 3 · Crushing,crushing,White to move.,1464,Club,"{""crushing"",""long"",""middlegame""}",Find the strongest continuation and seize the advantage.,true,lichess,XMrk7,35210,96,"{""Scotch_Game"",""Scotch_Game_Classical_Variation""}"
lc_galyE,r4rk1/1ppn2p1/p1b1p2p/5q2/P2P2R1/1BPQ1P2/1P4PP/R5K1 w - - 3 21,"{""d3f5"",""f8f5"",""b3e6""}",queen,3,intermediate,Queen 3 · Pin,pin,White to move.,1464,Club,"{""advantage"",""capturingDefender"",""kingsideAttack"",""middlegame"",""pin"",""short""}",A pin — the attacked piece can't move without exposing a more valuable piece behind it.,true,lichess,galyE,35199,95,{}
lc_lnazm,rr4k1/2p1bppp/2p5/p7/2P1N1R1/3P1P1P/PP3P2/2KR4 b - - 2 19,"{""f7f5"",""g4g1"",""f5e4""}",queen,3,intermediate,Queen 3 · Fork,fork,Black to move.,1464,Club,"{""advantage"",""endgame"",""fork"",""short""}","A fork — one piece attacks two enemy pieces at once, forcing a material win.",true,lichess,lnazm,35177,96,{}
lc_blZQF,r1bk4/pp5B/4p3/4P3/3n4/8/PP4PP/5RK1 w - - 0 23,"{""f1d1"",""c8d7"",""d1d4""}",queen,3,intermediate,Queen 3 · Pin,pin,White to move.,1464,Club,"{""crushing"",""endgame"",""pin"",""short""}",A pin — the attacked piece can't move without exposing a more valuable piece behind it.,true,lichess,blZQF,34602,96,{}
lc_EElRo,r2qk1nr/1b1p1pbp/p1n1p1p1/1p2P3/5Q2/1PN2N2/PBP2PPP/2KR1B1R b kq - 1 10,"{""g7h6"",""f4h6"",""g8h6""}",queen,3,intermediate,Queen 3 · Pin,pin,Black to move.,1464,Club,"{""crushing"",""opening"",""pin"",""short""}",A pin — the attacked piece can't move without exposing a more valuable piece behind it.,true,lichess,EElRo,34201,95,"{""Sicilian_Defense"",""Sicilian_Defense_Hyperaccelerated_Dragon""}"
lc_Nse36,r2qkbnr/1b1ppp2/p1n3pp/1p3N2/4P2B/2N5/PPP2PPP/R2QKB1R w KQkq - 0 9,"{""f5d6"",""e7d6"",""h4d8""}",queen,3,intermediate,Queen 3 · Advantage,advantage,White to move.,1464,Club,"{""advantage"",""master"",""opening"",""short""}",Find the strongest continuation and seize the advantage.,true,lichess,Nse36,33902,95,"{""Sicilian_Defense"",""Sicilian_Defense_OKelly_Variation""}"
lc_RFw5X,r2qkbnr/ppp3pp/2n5/3Q4/6b1/2N1PpB1/PPP2PPP/R3KB1R w KQkq - 0 9,"{""d5e4"",""d8e7"",""e4g4""}",queen,3,intermediate,Queen 3 · Fork,fork,White to move.,1464,Club,"{""advantage"",""fork"",""master"",""masterVsMaster"",""opening"",""short""}","A fork — one piece attacks two enemy pieces at once, forcing a material win.",true,lichess,RFw5X,33715,95,"{""Mikenas_Defense"",""Mikenas_Defense_Other_variations""}"
lc_m5uxx,Q7/4B1bk/5p2/7p/4P3/5p2/Q2r1qPP/R4B1K b - - 1 43,"{""f3g2"",""f1g2"",""f2g2""}",queen,3,intermediate,Queen 3 · Mate In2,mateIn2,Black to move.,1464,Club,"{""advancedPawn"",""fork"",""mate"",""mateIn2"",""middlegame"",""short""}",Checkmate in two — a forced sequence that delivers checkmate on move two.,true,lichess,m5uxx,33539,96,{}
lc_DqgCc,r3r1k1/ppp2ppp/8/2nP4/2PN4/P1Pb1P2/4BKPP/2R4R b - - 5 19,"{""d3e2"",""d4e2"",""c5d3""}",queen,4,intermediate,Queen 4 · Advantage,advantage,Black to move.,1464,Club,"{""advantage"",""middlegame"",""short""}",Find the strongest continuation and seize the advantage.,true,lichess,DqgCc,33519,95,"{""Scandinavian_Defense"",""Scandinavian_Defense_Icelandic-Palme_Gambit""}"
lc_jxKUi,2rr4/4kp1p/p1R1p1p1/1q2P3/1P3P2/P7/2Q3PP/2R3K1 b - - 0 27,"{""c8c6"",""c2c6"",""d8d1"",""c1d1"",""b5c6""}",queen,4,intermediate,Queen 4 · Deflection,deflection,Black to move.,1464,Club,"{""advantage"",""deflection"",""endgame"",""long""}",A deflection — lure a defending piece away from the square it was guarding.,true,lichess,jxKUi,33309,96,{}
lc_LLzI7,2k3r1/ppp1np1p/1b2b3/4N2q/2pP2r1/2P1B3/PP1NQ1PP/R5RK b - - 12 19,"{""h5h2"",""h1h2"",""g4h4""}",queen,4,intermediate,Queen 4 · Mate In2,mateIn2,Black to move.,1464,Club,"{""attraction"",""kingsideAttack"",""mate"",""mateIn2"",""middlegame"",""sacrifice"",""short""}",Checkmate in two — a forced sequence that delivers checkmate on move two.,true,lichess,LLzI7,33227,95,"{""Bishops_Opening"",""Bishops_Opening_Other_variations""}"
lc_3nkLT,r4rk1/2pqbp1p/4p1p1/p2P4/1pP1b3/4P1Q1/PB2N1PP/R4RK1 w - - 0 18,"{""g3e5"",""f7f6"",""e5e4""}",queen,4,intermediate,Queen 4 · Advantage,advantage,White to move.,1464,Club,"{""advantage"",""middlegame"",""short""}",Find the strongest continuation and seize the advantage.,true,lichess,3nkLT,33221,96,"{""Nimzo-Larsen_Attack"",""Nimzo-Larsen_Attack_Classical_Variation""}"
lc_1HtCL,8/8/2b3p1/2k1Bp2/5P2/r7/P7/3RK3 w - - 0 39,"{""e5d6"",""c5c4"",""d6a3""}",queen,4,intermediate,Queen 4 · Skewer,skewer,White to move.,1464,Club,"{""crushing"",""endgame"",""short"",""skewer""}","A skewer — the higher-value piece is forced to move, losing the piece behind it.",true,lichess,1HtCL,32921,95,{}
lc_AJaH0,2rqk2r/3nb1p1/p1p1pnp1/1p1p4/3P1B2/2P1PN1P/PPQ2PP1/R3K2R w KQk - 0 14,"{""c2g6"",""e8f8"",""f3g5"",""d8e8"",""g5e6"",""f8g8"",""g6g7""}",queen,4,intermediate,Queen 4 · Exposed King,exposedKing,White to move.,1464,Club,"{""exposedKing"",""mate"",""mateIn4"",""middlegame"",""veryLong""}",Find the strongest continuation and seize the advantage.,true,lichess,AJaH0,32693,96,"{""Queens_Pawn_Game"",""Queens_Pawn_Game_Accelerated_London_System""}"
lc_FGmcP,7k/6rp/p5p1/1p2p1Q1/3pq3/P6P/1r4P1/5R1K w - - 0 38,"{""f1f8"",""g7g8"",""g5f6""}",queen,4,intermediate,Queen 4 · Mate In2,mateIn2,White to move.,1464,Club,"{""endgame"",""mate"",""mateIn2"",""short""}",Checkmate in two — a forced sequence that delivers checkmate on move two.,true,lichess,FGmcP,32628,96,{}
lc_4X8Fc,6k1/6p1/2p4p/p3p3/2Pqn3/1P3Q1P/P5P1/3N3K b - - 1 32,"{""d4d1"",""f3d1"",""e4f2"",""h1h2"",""f2d1""}",queen,4,intermediate,Queen 4 · Fork,fork,Black to move.,1464,Club,"{""attraction"",""crushing"",""endgame"",""fork"",""long"",""sacrifice""}","A fork — one piece attacks two enemy pieces at once, forcing a material win.",true,lichess,4X8Fc,32508,96,{}
lc_5qA6l,rn1qkb1r/1p3ppp/p3p3/3pN3/3PnPP1/3B4/PPP4P/R1BQK2R b KQkq - 1 10,"{""d8h4"",""e1f1"",""h4f2""}",queen,4,intermediate,Queen 4 · Mate In2,mateIn2,Black to move.,1464,Club,"{""mate"",""mateIn2"",""opening"",""short""}",Checkmate in two — a forced sequence that delivers checkmate on move two.,true,lichess,5qA6l,32467,96,"{""Caro-Kann_Defense"",""Caro-Kann_Defense_Other_variations""}"
lc_77Tku,6rk/1p4q1/p2p3p/3P4/2P5/3Q4/PP4rP/4RR1K b - - 5 32,"{""g2h2"",""h1h2"",""g7g2""}",queen,4,intermediate,Queen 4 · Mate In2,mateIn2,Black to move.,1464,Club,"{""attraction"",""endgame"",""mate"",""mateIn2"",""sacrifice"",""short""}",Checkmate in two — a forced sequence that delivers checkmate on move two.,true,lichess,77Tku,32463,96,{}
lc_9DXcm,2r3k1/p1p2p1p/1pN1q1p1/3r4/4n3/1P1QP2P/PR4P1/4R1K1 w - - 2 27,"{""d3d5"",""e6d5"",""c6e7"",""g8f8"",""e7d5""}",queen,4,intermediate,Queen 4 · Fork,fork,White to move.,1464,Club,"{""attraction"",""crushing"",""fork"",""long"",""middlegame"",""sacrifice""}","A fork — one piece attacks two enemy pieces at once, forcing a material win.",true,lichess,9DXcm,32346,95,{}
lc_KaW2N,3q3r/p5k1/2p3P1/3r4/1P1b1p2/2Q2N1P/P1B3P1/R6K w - - 1 30,"{""f3d4"",""d5d4"",""a1d1""}",queen,4,intermediate,Queen 4 · Crushing,crushing,White to move.,1464,Club,"{""crushing"",""middlegame"",""short""}",Find the strongest continuation and seize the advantage.,true,lichess,KaW2N,31887,95,{}
lc_XHPyF,2r5/4kp1p/b2p4/3Ppp2/P1r5/R5P1/1KPR1P1P/5B2 b - - 4 25,"{""c4b4"",""a3b3"",""b4b3"",""c2b3"",""a6f1""}",queen,4,intermediate,Queen 4 · Endgame,endgame,Black to move.,1464,Club,"{""advantage"",""endgame"",""long""}",An endgame technique — precise play with few pieces where every tempo counts.,true,lichess,XHPyF,31517,96,{}
lc_BwMxF,1q5r/1p1k4/3bp3/p4p2/2R3rN/PP2R1PQ/5P1P/6K1 b - - 1 26,"{""h8h4"",""h3h4"",""g4h4""}",queen,4,intermediate,Queen 4 · Pin,pin,Black to move.,1464,Club,"{""advantage"",""middlegame"",""pin"",""short""}",A pin — the attacked piece can't move without exposing a more valuable piece behind it.,true,lichess,BwMxF,31401,95,{}
lc_b8eJ9,r2qk2r/ppp2ppp/2nbpn2/8/3PNQb1/4B3/PPP3PP/R3KBNR w KQkq - 2 9,"{""e4f6"",""d8f6"",""f4g4""}",queen,4,intermediate,Queen 4 · Advantage,advantage,White to move.,1465,Club,"{""advantage"",""opening"",""short""}",Find the strongest continuation and seize the advantage.,true,lichess,b8eJ9,38597,96,"{""Blackmar-Diemer_Gambit"",""Blackmar-Diemer_Gambit_Ryder_Gambit""}"
lc_uguUZ,4r1k1/1p4pp/6q1/3p1r2/P4n2/BP2P3/2Q3PP/3R1RK1 b - - 1 25,"{""f4h3"",""g1h1"",""f5f1"",""d1f1"",""g6c2""}",queen,4,intermediate,Queen 4 · Pin,pin,Black to move.,1465,Club,"{""crushing"",""deflection"",""discoveredAttack"",""long"",""middlegame"",""pin""}",A pin — the attacked piece can't move without exposing a more valuable piece behind it.,true,lichess,uguUZ,38346,96,{}
lc_em0Qs,2b1Rrk1/5q1p/2N3pb/B1Pp4/1P1P1n1P/P7/3Q1PP1/4R1K1 b - - 0 34,"{""f4h3"",""g2h3"",""h6d2""}",queen,4,intermediate,Queen 4 · Discovered Attack,discoveredAttack,Black to move.,1465,Club,"{""crushing"",""discoveredAttack"",""middlegame"",""short""}",A discovered attack — moving one piece uncovers a deadly attack from another.,true,lichess,em0Qs,38113,96,{}
lc_wWLeL,rnb1k1nr/ppp2ppp/4p3/8/4p3/8/PqPBNPPP/R2QKB1R w KQkq - 0 8,"{""d2c3"",""b2a3"",""c3g7""}",queen,4,intermediate,Queen 4 · Interference,interference,White to move.,1465,Club,"{""advantage"",""interference"",""opening"",""short""}",Interference — block the line between two enemy pieces to break their coordination.,true,lichess,wWLeL,37506,95,"{""French_Defense"",""French_Defense_Perseus_Gambit""}"
lc_ya5JW,3r1rk1/pp3ppp/8/8/1Q1pq3/5N2/PPn2RPP/4R1K1 w - - 2 24,"{""b4f8"",""g8f8"",""e1e4""}",queen,4,intermediate,Queen 4 · Crushing,crushing,White to move.,1465,Club,"{""crushing"",""kingsideAttack"",""middlegame"",""short""}",Find the strongest continuation and seize the advantage.,true,lichess,ya5JW,36759,95,{}
lc_4IquJ,5rkb/p4p1p/1p2pPpQ/3q2P1/3p1P2/3P3P/PPR2R1K/4q3 w - - 0 26,"{""h6f8"",""g8f8"",""c2c8"",""d5d8"",""c8d8""}",queen,4,intermediate,Queen 4 · Mate In3,mateIn3,White to move.,1465,Club,"{""attraction"",""kingsideAttack"",""long"",""master"",""mate"",""mateIn3"",""middlegame"",""sacrifice""}",Checkmate in three — calculate the forcing line all the way to mate.,true,lichess,4IquJ,35310,95,{}
lc_Y0amr,3b4/3Pkpp1/2n1q2p/3Qp3/8/6P1/5P1P/3R2K1 w - - 5 36,"{""d5c5"",""e7f6"",""d1d6""}",queen,4,intermediate,Queen 4 · Pin,pin,White to move.,1465,Club,"{""clearance"",""crushing"",""endgame"",""pin"",""short""}",A pin — the attacked piece can't move without exposing a more valuable piece behind it.,true,lichess,Y0amr,35187,96,{}
lc_kPg2C,7r/1p1k1pp1/2r1pn2/PNPp4/1Q1P2p1/4PP2/5KPq/R6R b - - 1 30,"{""g4g3"",""f2e2"",""h2g2"",""e2d3"",""h8h1""}",queen,4,intermediate,Queen 4 · Discovered Attack,discoveredAttack,Black to move.,1465,Club,"{""crushing"",""deflection"",""discoveredAttack"",""long"",""middlegame""}",A discovered attack — moving one piece uncovers a deadly attack from another.,true,lichess,kPg2C,35008,95,{}
lc_u2ZWe,1r3r2/2pb1pkp/p2p2p1/3Pp1PP/1q2Pn2/1PN3Q1/P1P1B3/2KR3R b - - 0 22,"{""b4c3"",""g3c3"",""f4e2"",""c1d2"",""e2c3""}",queen,4,intermediate,Queen 4 · Fork,fork,Black to move.,1465,Club,"{""attraction"",""capturingDefender"",""crushing"",""fork"",""long"",""middlegame"",""sacrifice""}","A fork — one piece attacks two enemy pieces at once, forcing a material win.",true,lichess,u2ZWe,34966,95,{}
lc_x9wDR,5r2/4b3/1p1pq1k1/p3p1pp/P3Pn2/5QNP/1P3PPB/2R3K1 b - - 1 33,"{""f4h3"",""g2h3"",""f8f3""}",queen,4,intermediate,Queen 4 · Discovered Attack,discoveredAttack,Black to move.,1465,Club,"{""crushing"",""discoveredAttack"",""kingsideAttack"",""middlegame"",""short""}",A discovered attack — moving one piece uncovers a deadly attack from another.,true,lichess,x9wDR,34896,96,{}
lc_C6jWJ,r2q1rk1/1p3ppp/p2bbB2/2p5/8/P1N5/1PPQBPPP/R4RK1 b - - 0 15,"{""d6h2"",""g1h2"",""d8d2""}",queen,4,intermediate,Queen 4 · Discovered Attack,discoveredAttack,Black to move.,1465,Club,"{""crushing"",""discoveredAttack"",""kingsideAttack"",""middlegame"",""short""}",A discovered attack — moving one piece uncovers a deadly attack from another.,true,lichess,C6jWJ,34865,96,"{""Scotch_Game"",""Scotch_Game_Other_variations""}"
lc_Dq0in,2rqk2r/p2b1ppp/8/1p1QP3/1B2n3/4P2P/PP3PP1/RN2KB1R b KQk - 0 14,"{""c8c1"",""e1e2"",""d7g4"",""h3g4"",""d8d5""}",queen,4,intermediate,Queen 4 · Discovered Attack,discoveredAttack,Black to move.,1465,Club,"{""crushing"",""discoveredAttack"",""long"",""opening""}",A discovered attack — moving one piece uncovers a deadly attack from another.,true,lichess,Dq0in,33741,96,"{""Queens_Gambit_Declined"",""Queens_Gambit_Declined_Marshall_Defense""}"
lc_gACdA,2r2rk1/1p6/p2b1N1Q/6p1/3P4/2P3q1/PP4P1/R3R1K1 b - - 4 32,"{""f8f6"",""h6f6"",""g3h2"",""g1f1"",""c8f8""}",queen,4,intermediate,Queen 4 · Pin,pin,Black to move.,1465,Club,"{""advantage"",""long"",""middlegame"",""pin"",""sacrifice""}",A pin — the attacked piece can't move without exposing a more valuable piece behind it.,true,lichess,gACdA,33445,96,{}
lc_lNyRo,8/3R4/6kp/1q6/p1r5/6P1/P4P1P/3R2K1 w - - 2 36,"{""d1d6"",""g6f5"",""d6d5"",""b5d5"",""d7d5""}",queen,4,intermediate,Queen 4 · Fork,fork,White to move.,1465,Club,"{""crushing"",""endgame"",""fork"",""long"",""queenRookEndgame""}","A fork — one piece attacks two enemy pieces at once, forcing a material win.",true,lichess,lNyRo,33133,96,{}
lc_zTOic,6k1/6p1/6P1/pp1n4/8/P2Q3P/5qRK/8 b - - 16 66,"{""f2g2"",""h2g2"",""d5f4"",""g2f1"",""f4d3""}",queen,4,intermediate,Queen 4 · Fork,fork,Black to move.,1465,Club,"{""attraction"",""crushing"",""endgame"",""fork"",""long"",""sacrifice""}","A fork — one piece attacks two enemy pieces at once, forcing a material win.",true,lichess,zTOic,33040,95,{}
lc_arIm7,8/5k1p/p2Q3b/5r2/6R1/2P5/6PP/2q3NK b - - 2 33,"{""c1g1"",""h1g1"",""h6e3"",""g1h1"",""f5f1""}",queen,4,intermediate,Queen 4 · Mate In3,mateIn3,Black to move.,1465,Club,"{""attraction"",""backRankMate"",""endgame"",""long"",""mate"",""mateIn3"",""sacrifice""}",Checkmate in three — calculate the forcing line all the way to mate.,true,lichess,arIm7,32887,96,{}
lc_jL8FO,5qk1/1Q3pbp/p3p3/8/1PrP4/8/1B3PPP/5RK1 b - - 0 27,"{""c4b4"",""b7a6"",""b4b2""}",queen,4,intermediate,Queen 4 · Endgame,endgame,Black to move.,1465,Club,"{""advantage"",""endgame"",""short""}",An endgame technique — precise play with few pieces where every tempo counts.,true,lichess,jL8FO,32743,95,{}
lc_LMPTG,r1b2r1k/1pq4p/p5p1/8/2QPp3/P1P1P1nP/1PBN2PK/R1B1R3 b - - 0 23,"{""g3f1"",""h2g1"",""c7h2""}",queen,4,intermediate,Queen 4 · Mate In2,mateIn2,Black to move.,1465,Club,"{""discoveredCheck"",""doubleCheck"",""mate"",""mateIn2"",""middlegame"",""short""}",Checkmate in two — a forced sequence that delivers checkmate on move two.,true,lichess,LMPTG,32683,95,{}
lc_TN6oQ,1n3b1r/2N1pk1p/3p1qp1/1pp4Q/4P3/3P4/r4PPP/1R3RK1 w - - 0 21,"{""h5d5"",""e7e6"",""d5a2""}",queen,4,intermediate,Queen 4 · Fork,fork,White to move.,1465,Club,"{""advantage"",""fork"",""middlegame"",""short""}","A fork — one piece attacks two enemy pieces at once, forcing a material win.",true,lichess,TN6oQ,32645,97,{}
lc_C2WAP,rn2qrk1/pbN1p1bp/1p1p1np1/5p2/3P4/2P1P3/PP1NBPPP/R1BQ1RK1 b - - 0 10,"{""e8c6"",""e3e4"",""c6c7""}",queen,4,intermediate,Queen 4 · Advantage,advantage,Black to move.,1465,Club,"{""advantage"",""opening"",""short""}",Find the strongest continuation and seize the advantage.,true,lichess,C2WAP,31257,94,"{""Dutch_Defense"",""Dutch_Defense_Other_variations""}"
lc_cgiq6,5n2/8/5N1P/p4K2/8/1k6/8/8 w - - 2 54,"{""f6d7"",""f8d7"",""h6h7""}",queen,4,intermediate,Queen 4 · Sacrifice,sacrifice,White to move.,1466,Club,"{""advancedPawn"",""crushing"",""endgame"",""knightEndgame"",""sacrifice"",""short""}",A sacrifice — give up material to gain a decisive tactical or positional advantage.,true,lichess,cgiq6,36820,95,{}
lc_vZr0G,5r1k/p3Q1pp/7r/8/2BP4/2P2q2/PP3PRP/6RK b - - 0 24,"{""h6h2"",""h1h2"",""f3h5"",""h2g3"",""f8f3""}",queen,4,intermediate,Queen 4 · Mate In3,mateIn3,Black to move.,1466,Club,"{""attraction"",""killBoxMate"",""long"",""mate"",""mateIn3"",""middlegame"",""pin"",""sacrifice""}",Checkmate in three — calculate the forcing line all the way to mate.,true,lichess,vZr0G,36223,96,{}
lc_xNuEu,2kr3r/1b5p/2Bp1p2/b5p1/3B4/3N2P1/4qP1P/2R2RK1 w - - 0 26,"{""c6f3"",""c8d7"",""f3e2""}",queen,4,intermediate,Queen 4 · Discovered Attack,discoveredAttack,White to move.,1466,Club,"{""collinearMove"",""crushing"",""discoveredAttack"",""discoveredCheck"",""middlegame"",""short""}",A discovered attack — moving one piece uncovers a deadly attack from another.,true,lichess,xNuEu,35592,95,{}
lc_wMop5,6rk/4PQpp/p7/P7/2Pq4/8/2K1R1PP/3r4 w - - 0 45,"{""f7g8"",""h8g8"",""e7e8q""}",queen,4,intermediate,Queen 4 · Mate In2,mateIn2,White to move.,1466,Club,"{""advancedPawn"",""attraction"",""endgame"",""mate"",""mateIn2"",""promotion"",""short""}",Checkmate in two — a forced sequence that delivers checkmate on move two.,true,lichess,wMop5,35579,95,{}
lc_u5u1j,4r3/2Q1bkpp/2P1pp2/P1B5/8/R5PP/3q1P2/6K1 b - - 6 32,"{""d2c1"",""g1g2"",""c1c5""}",queen,4,intermediate,Queen 4 · Fork,fork,Black to move.,1466,Club,"{""advantage"",""endgame"",""fork"",""short""}","A fork — one piece attacks two enemy pieces at once, forcing a material win.",true,lichess,u5u1j,35569,96,{}
lc_DEA79,5rk1/5p2/4pPp1/6Pp/2P2Pr1/pP2R2K/P2Q1R1P/6q1 b - - 16 41,"{""g4h4"",""h3h4"",""g1g4""}",queen,4,intermediate,Queen 4 · Mate In2,mateIn2,Black to move.,1466,Club,"{""attraction"",""endgame"",""master"",""mate"",""mateIn2"",""sacrifice"",""short""}",Checkmate in two — a forced sequence that delivers checkmate on move two.,true,lichess,DEA79,35505,96,{}
lc_AUFj0,1k1r3r/ppp3p1/2n2p2/8/3P4/2PQq3/PBP3PP/R4R1K b - - 2 20,"{""h8h2"",""h1h2"",""d8h8"",""d3h7"",""h8h7""}",queen,4,intermediate,Queen 4 · Mate In3,mateIn3,Black to move.,1466,Club,"{""attraction"",""kingsideAttack"",""long"",""mate"",""mateIn3"",""middlegame"",""sacrifice""}",Checkmate in three — calculate the forcing line all the way to mate.,true,lichess,AUFj0,34720,95,{}
lc_pxLuK,4r1k1/pb4bp/1p6/7p/5B2/8/PP1p2P1/4R1K1 w - - 0 33,"{""e1e8"",""g8f7"",""e8d8""}",queen,4,intermediate,Queen 4 · Hanging Piece,hangingPiece,White to move.,1466,Club,"{""advantage"",""endgame"",""hangingPiece"",""short""}",A hanging piece — an undefended enemy piece is free to capture.,true,lichess,pxLuK,34442,95,{}
lc_uiZP6,r5rk/1pp2p2/p2p3p/2b1pP1N/6P1/P2P1Q1P/RPP1KP2/2q4R b - - 2 21,"{""c1c2"",""e2f1"",""c2b1"",""f1g2"",""b1a2""}",queen,4,intermediate,Queen 4 · Fork,fork,Black to move.,1466,Club,"{""crushing"",""fork"",""long"",""middlegame""}","A fork — one piece attacks two enemy pieces at once, forcing a material win.",true,lichess,uiZP6,34342,97,{}
lc_Ljyyo,r4rk1/pp1qbpp1/7p/3NPb2/8/3RQN2/PPP4P/2K4R w - - 1 19,"{""d5f6"",""e7f6"",""d3d7"",""f6g5"",""f3g5""}",queen,4,intermediate,Queen 4 · Discovered Attack,discoveredAttack,White to move.,1466,Club,"{""crushing"",""discoveredAttack"",""kingsideAttack"",""long"",""middlegame""}",A discovered attack — moving one piece uncovers a deadly attack from another.,true,lichess,Ljyyo,33932,96,"{""Caro-Kann_Defense"",""Caro-Kann_Defense_Hillbilly_Attack""}"
lc_KfMgP,8/1P3kp1/b1n4p/p2NP3/8/4B2P/2p3P1/6K1 w - - 1 51,"{""e5e6"",""f7e6"",""d5c7"",""e6e5"",""c7a6""}",queen,4,intermediate,Queen 4 · Fork,fork,White to move.,1466,Club,"{""advantage"",""attraction"",""endgame"",""fork"",""long""}","A fork — one piece attacks two enemy pieces at once, forcing a material win.",true,lichess,KfMgP,33789,96,{}
lc_XIkI6,r2q2r1/5ppk/3b3p/pp1PpN2/1Pp1P3/P2n1P1P/3QKP2/R1B3R1 w - - 6 23,"{""g1g7"",""g8g7"",""d2h6"",""h7g8"",""h6g7""}",queen,4,intermediate,Queen 4 · Mate In3,mateIn3,White to move.,1466,Club,"{""attraction"",""long"",""mate"",""mateIn3"",""middlegame"",""sacrifice""}",Checkmate in three — calculate the forcing line all the way to mate.,true,lichess,XIkI6,33720,97,{}
lc_VTUQK,r3r2k/2q2Bbn/2p3p1/pp2p1Pp/4Pp1P/1QP5/PP3P1B/2KR3R b - - 2 23,"{""a5a4"",""b3c2"",""c7f7""}",queen,4,intermediate,Queen 4 · Advantage,advantage,Black to move.,1466,Club,"{""advantage"",""middlegame"",""short""}",Find the strongest continuation and seize the advantage.,true,lichess,VTUQK,33145,94,{}
lc_OsPAD,3R4/p4b2/1p3k2/3B3p/3PrP2/5K2/PP6/8 b - - 0 37,"{""e4d4"",""d5f7"",""d4d8""}",queen,4,intermediate,Queen 4 · Endgame,endgame,Black to move.,1466,Club,"{""advantage"",""endgame"",""master"",""short""}",An endgame technique — precise play with few pieces where every tempo counts.,true,lichess,OsPAD,33136,95,{}
lc_YviLE,2R5/p6p/6pk/2b5/8/2rB2P1/P3PP1P/6K1 b - - 3 32,"{""c5f2"",""g1f2"",""c3c8""}",queen,4,intermediate,Queen 4 · Discovered Attack,discoveredAttack,Black to move.,1466,Club,"{""advantage"",""discoveredAttack"",""endgame"",""short""}",A discovered attack — moving one piece uncovers a deadly attack from another.,true,lichess,YviLE,33066,94,{}
lc_yyyKR,5r2/1p2k1Np/p6p/2b5/8/2Prp3/PP4PP/4RR1K w - - 3 26,"{""f1f8"",""e7f8"",""g7e6"",""f8f7"",""e6c5""}",queen,4,intermediate,Queen 4 · Fork,fork,White to move.,1466,Club,"{""advantage"",""attraction"",""endgame"",""exposedKing"",""fork"",""long""}","A fork — one piece attacks two enemy pieces at once, forcing a material win.",true,lichess,yyyKR,33056,96,{}
lc_qj9uX,6k1/5p1p/2P5/6p1/8/4PPP1/q6P/3R2K1 w - - 0 33,"{""c6c7"",""a2e6"",""d1d8"",""g8g7"",""c7c8q""}",queen,4,intermediate,Queen 4 · Promotion,promotion,White to move.,1466,Club,"{""advancedPawn"",""crushing"",""endgame"",""long"",""promotion"",""queenRookEndgame""}",Pawn promotion — advance the pawn to its final rank and choose your new piece wisely.,true,lichess,qj9uX,32791,95,{}
lc_uFMn5,r4rk1/3qb1pp/b1p1p3/2PpQ3/1P6/P6P/1B2NPP1/R3R1K1 b - - 0 20,"{""e7f6"",""e5g3"",""f6b2""}",queen,4,intermediate,Queen 4 · Skewer,skewer,Black to move.,1466,Club,"{""advantage"",""middlegame"",""short"",""skewer""}","A skewer — the higher-value piece is forced to move, losing the piece behind it.",true,lichess,uFMn5,32316,95,{}
lc_glVoD,rnb1k1nr/ppp1bppp/8/3q4/3P1B2/5N2/PPP3PP/RN1QKB1R b KQkq - 1 6,"{""d5e4"",""f1e2"",""e4f4""}",queen,4,intermediate,Queen 4 · Fork,fork,Black to move.,1466,Club,"{""advantage"",""fork"",""opening"",""short""}","A fork — one piece attacks two enemy pieces at once, forcing a material win.",true,lichess,glVoD,32304,95,"{""Kings_Gambit_Declined"",""Kings_Gambit_Declined_Falkbeer_Countergambit""}"
lc_s1W2b,r3k2r/1p3p1p/2p1pp2/p4b2/QbP5/3qPN1P/P2N1PP1/1R2K2R w Kkq - 2 14,"{""b1b4"",""b7b5"",""c4b5""}",queen,4,intermediate,Queen 4 · Advantage,advantage,White to move.,1466,Club,"{""advantage"",""middlegame"",""short""}",Find the strongest continuation and seize the advantage.,true,lichess,s1W2b,32197,94,"{""Nimzo-Larsen_Attack"",""Nimzo-Larsen_Attack_Classical_Variation""}"
lc_qsNNY,5n2/5k1p/2p2ppQ/p1Pp4/P2q1N2/5PP1/6K1/8 w - - 0 38,"{""h6f8"",""f7f8"",""f4e6"",""f8e7"",""e6d4""}",queen,4,intermediate,Queen 4 · Fork,fork,White to move.,1466,Club,"{""attraction"",""crushing"",""endgame"",""fork"",""long"",""sacrifice""}","A fork — one piece attacks two enemy pieces at once, forcing a material win.",true,lichess,qsNNY,31980,95,{}
lc_r9mSV,5rk1/5p2/p3pPp1/2b1P3/q2r4/4Q2R/6PP/6K1 w - - 3 34,"{""h3h8"",""g8h8"",""e3h6"",""h8g8"",""h6g7""}",queen,4,intermediate,Queen 4 · Mate In3,mateIn3,White to move.,1466,Club,"{""attraction"",""endgame"",""long"",""mate"",""mateIn3"",""sacrifice""}",Checkmate in three — calculate the forcing line all the way to mate.,true,lichess,r9mSV,31763,97,{}
lc_pylTL,r5k1/pp3ppp/2p5/b3P3/8/4P1P1/bB3PBP/3R2K1 w - - 0 20,"{""d1a1"",""a5b4"",""a1a2""}",queen,4,intermediate,Queen 4 · Endgame,endgame,White to move.,1467,Club,"{""advantage"",""endgame"",""short""}",An endgame technique — precise play with few pieces where every tempo counts.,true,lichess,pylTL,40765,96,{}
lc_bqFIP,r2q1b2/1pp1k3/pn4Qr/4p3/4P3/2N5/PP3PPP/3RK2R w K - 3 17,"{""g6g5"",""e7e8"",""d1d8""}",queen,4,intermediate,Queen 4 · Crushing,crushing,White to move.,1467,Club,"{""crushing"",""middlegame"",""short""}",Find the strongest continuation and seize the advantage.,true,lichess,bqFIP,39651,96,"{""Queens_Gambit_Declined"",""Queens_Gambit_Declined_Marshall_Defense""}"
lc_jFDn5,rnbqk2r/ppp1bpp1/7p/4p3/2B1P3/8/PPPP2PP/RNBQ1RK1 b kq - 3 8,"{""d8d4"",""g1h1"",""d4c4""}",queen,4,intermediate,Queen 4 · Fork,fork,Black to move.,1467,Club,"{""advantage"",""fork"",""opening"",""short""}","A fork — one piece attacks two enemy pieces at once, forcing a material win.",true,lichess,jFDn5,37788,96,"{""Zukertort_Opening"",""Zukertort_Opening_Tennison_Gambit""}"
lc_nlCku,r1bqk2r/p1p2ppp/2p5/2b5/Np2P3/7P/PPP2PP1/R1BQKB1R b KQkq - 0 9,"{""c5f2"",""e1e2"",""c8a6"",""e2f2"",""d8d1""}",queen,4,intermediate,Queen 4 · Deflection,deflection,Black to move.,1467,Club,"{""attackingF2F7"",""crushing"",""deflection"",""long"",""opening""}",A deflection — lure a defending piece away from the square it was guarding.,true,lichess,nlCku,37302,95,"{""Russian_Game"",""Russian_Game_Stafford_Gambit""}"
lc_VZjVF,r5k1/5p2/p3p1P1/5q2/3r4/6QR/PPP2P1P/R5K1 b - - 0 23,"{""d4g4"",""g6f7"",""g8f7""}",queen,4,intermediate,Queen 4 · Pin,pin,Black to move.,1467,Club,"{""advantage"",""endgame"",""pin"",""short""}",A pin — the attacked piece can't move without exposing a more valuable piece behind it.,true,lichess,VZjVF,36473,95,{}
lc_nDPdy,r5rk/ppp2p1p/5PpQ/3pP3/1q6/5R2/P5PP/4R2K w - - 6 24,"{""h6h7"",""h8h7"",""f3h3"",""b4h4"",""h3h4""}",queen,4,intermediate,Queen 4 · Mate In3,mateIn3,White to move.,1467,Club,"{""attraction"",""endgame"",""kingsideAttack"",""long"",""mate"",""mateIn3"",""sacrifice""}",Checkmate in three — calculate the forcing line all the way to mate.,true,lichess,nDPdy,35715,96,{}
lc_wL6re,r3k1nr/1pp2p2/p1np1q2/4p2p/1PB1P3/P1PP2KP/5QP1/RNB3R1 b kq - 0 15,"{""h5h4"",""g3h2"",""f6f2""}",queen,4,intermediate,Queen 4 · Deflection,deflection,Black to move.,1467,Club,"{""crushing"",""deflection"",""middlegame"",""short""}",A deflection — lure a defending piece away from the square it was guarding.,true,lichess,wL6re,34795,96,"{""Italian_Game"",""Italian_Game_Giuoco_Piano""}"
lc_FPwdZ,R7/4qpk1/1p2p2p/4P1rP/2P5/1PP5/1K2Q3/8 b - - 16 42,"{""e7b7"",""a8a2"",""g5g2"",""e2g2"",""b7g2""}",queen,4,intermediate,Queen 4 · Pin,pin,Black to move.,1467,Club,"{""crushing"",""endgame"",""long"",""pin""}",A pin — the attacked piece can't move without exposing a more valuable piece behind it.,true,lichess,FPwdZ,34608,95,{}
lc_VyoIX,4rr1k/pp4R1/3p3p/2p4q/2PnP3/1P1P4/P5QP/6RK w - - 6 35,"{""g7h7"",""h8h7"",""g2g7""}",queen,4,intermediate,Queen 4 · Mate In2,mateIn2,White to move.,1467,Club,"{""attraction"",""kingsideAttack"",""mate"",""mateIn2"",""middlegame"",""sacrifice"",""short""}",Checkmate in two — a forced sequence that delivers checkmate on move two.,true,lichess,VyoIX,34398,96,{}
lc_aAi6V,8/7p/1k4p1/1Brppp2/1K6/p1N1P1P1/5PP1/8 w - - 0 39,"{""c3a4"",""b6c7"",""a4c5"",""a3a2"",""c5b3""}",queen,4,intermediate,Queen 4 · Fork,fork,White to move.,1467,Club,"{""crushing"",""defensiveMove"",""endgame"",""fork"",""long""}","A fork — one piece attacks two enemy pieces at once, forcing a material win.",true,lichess,aAi6V,34387,95,{}
lc_lrDi9,2k3nr/pp4b1/2n3pp/qQ6/5BP1/3P3P/PPb1N3/R3K2R w KQ - 1 20,"{""b5a5"",""c6a5"",""a1c1""}",queen,4,intermediate,Queen 4 · Pin,pin,White to move.,1467,Club,"{""advantage"",""middlegame"",""pin"",""short""}",A pin — the attacked piece can't move without exposing a more valuable piece behind it.,true,lichess,lrDi9,34379,96,"{""Modern_Defense"",""Modern_Defense_Other_variations""}"
lc_agZdT,3r4/4r1pp/5k2/p7/1p2R3/3p4/PP4PP/3R2K1 w - - 3 34,"{""d1f1"",""f6g6"",""e4e7""}",queen,4,intermediate,Queen 4 · Deflection,deflection,White to move.,1467,Club,"{""crushing"",""deflection"",""endgame"",""rookEndgame"",""short""}",A deflection — lure a defending piece away from the square it was guarding.,true,lichess,agZdT,34247,97,{}
lc_nlxyb,8/8/2p5/Bp1p4/3P3p/1P5k/8/1K6 b - - 1 53,"{""h3g2"",""a5d8"",""h4h3""}",queen,4,intermediate,Queen 4 · Bishop Endgame,bishopEndgame,Black to move.,1467,Club,"{""bishopEndgame"",""crushing"",""endgame"",""short""}",A bishop endgame — colour complexes and the wrong-bishop rule matter.,true,lichess,nlxyb,34108,95,{}
lc_aTPRR,r4r1k/pp4q1/2pb1nQN/8/3P2Pp/2P2N1P/PP3PK1/R7 w - - 3 23,"{""g6g7"",""h8g7"",""h6f5"",""g7g8"",""f5d6""}",queen,4,intermediate,Queen 4 · Fork,fork,White to move.,1467,Club,"{""advantage"",""attraction"",""exposedKing"",""fork"",""long"",""middlegame""}","A fork — one piece attacks two enemy pieces at once, forcing a material win.",true,lichess,aTPRR,33625,94,{}
lc_mPefF,r2r2k1/p3qpbp/6p1/2nPPp2/5P2/3PB3/1R2Q1PP/1R4K1 w - - 5 26,"{""d5d6"",""e7e8"",""e3c5""}",queen,4,intermediate,Queen 4 · Interference,interference,White to move.,1467,Club,"{""advantage"",""interference"",""middlegame"",""short""}",Interference — block the line between two enemy pieces to break their coordination.,true,lichess,mPefF,33502,95,{}
lc_Tc7Wb,rnr4k/pp3ppN/2p1p3/8/8/7R/P1P1qPPP/4R1K1 w - - 0 20,"{""h7f6"",""e2h5"",""h3h5""}",queen,4,intermediate,Queen 4 · Mate In2,mateIn2,White to move.,1467,Club,"{""discoveredAttack"",""discoveredCheck"",""kingsideAttack"",""mate"",""mateIn2"",""middlegame"",""short""}",Checkmate in two — a forced sequence that delivers checkmate on move two.,true,lichess,Tc7Wb,33492,95,"{""Scandinavian_Defense"",""Scandinavian_Defense_Mieses-Kotroc_Variation""}"
lc_WXb6h,2rqk2r/2pn1ppp/1p2pn2/pQ1pN3/3P4/4P1P1/PPP2PP1/R3K1NR w KQk - 2 12,"{""e5c6"",""e8g8"",""c6d8""}",queen,4,intermediate,Queen 4 · Trapped Piece,trappedPiece,White to move.,1467,Club,"{""crushing"",""middlegame"",""short"",""trappedPiece""}",A trapped piece — the enemy piece has no safe squares and can be won.,true,lichess,WXb6h,32786,94,"{""Queens_Pawn_Game"",""Queens_Pawn_Game_Accelerated_London_System""}"
lc_dHLuv,2r3k1/5pp1/Rp1p1n1p/1P6/3P4/2r1PN2/4KPPP/7R b - - 3 24,"{""c3c2"",""f3d2"",""f6e4"",""h1d1"",""e4c3"",""e2e1"",""c3d1""}",queen,4,intermediate,Queen 4 · Fork,fork,Black to move.,1467,Club,"{""advantage"",""endgame"",""fork"",""pin"",""veryLong""}","A fork — one piece attacks two enemy pieces at once, forcing a material win.",true,lichess,dHLuv,32581,95,{}
lc_SOuIk,6k1/5p1p/2Q5/2Pp1p2/1P6/5P1P/5qPK/r7 w - - 0 36,"{""c6e8"",""g8g7"",""e8e5"",""f7f6"",""e5a1""}",queen,4,intermediate,Queen 4 · Fork,fork,White to move.,1467,Club,"{""advantage"",""endgame"",""fork"",""long""}","A fork — one piece attacks two enemy pieces at once, forcing a material win.",true,lichess,SOuIk,32498,96,{}
lc_lEYVF,1r1r1k2/pB1P1ppp/5q2/3Qp3/1P2Pb2/P4NnP/6P1/3RR1K1 b - - 0 26,"{""f6b6"",""d5c5"",""b6c5"",""b4c5"",""b8b7""}",queen,4,intermediate,Queen 4 · Crushing,crushing,Black to move.,1467,Club,"{""crushing"",""long"",""master"",""middlegame""}",Find the strongest continuation and seize the advantage.,true,lichess,lEYVF,32300,96,{}
lc_Y36nX,1q1r2k1/2p2ppp/5n2/5b2/2P4Q/3B2P1/Pr1BPP1P/R4RK1 b - - 8 19,"{""f5d3"",""e2d3"",""b2d2""}",queen,4,intermediate,Queen 4 · Advantage,advantage,Black to move.,1467,Club,"{""advantage"",""middlegame"",""short""}",Find the strongest continuation and seize the advantage.,true,lichess,Y36nX,32259,95,"{""Queens_Gambit_Declined"",""Queens_Gambit_Declined_Albin_Countergambit""}"
lc_lEKwH,Q2b2r1/5p1k/2p4p/2Pp1K1B/3Pp3/4P2P/8/R7 b - - 0 41,"{""g8g5"",""f5f4"",""d8c7""}",queen,4,intermediate,Queen 4 · Mate In2,mateIn2,Black to move.,1467,Club,"{""endgame"",""fork"",""mate"",""mateIn2"",""short""}",Checkmate in two — a forced sequence that delivers checkmate on move two.,true,lichess,lEKwH,32148,96,{}
lc_NzCIi,4r1k1/p1p1qppp/8/6b1/8/2Pn1NPQ/PP1P1P1P/R1B2K1R b - - 0 16,"{""e7e2"",""f1g2"",""e2f2""}",queen,4,intermediate,Queen 4 · Mate In2,mateIn2,Black to move.,1467,Club,"{""fork"",""mate"",""mateIn2"",""middlegame"",""short""}",Checkmate in two — a forced sequence that delivers checkmate on move two.,true,lichess,NzCIi,31953,96,"{""Scandinavian_Defense"",""Scandinavian_Defense_Modern_Variation""}"
lc_xkpyT,2R5/8/8/1KN2k2/4n3/8/8/2r5 b - - 11 78,"{""e4d6"",""b5c6"",""d6c8""}",queen,4,intermediate,Queen 4 · Fork,fork,Black to move.,1467,Club,"{""crushing"",""endgame"",""fork"",""master"",""masterVsMaster"",""short""}","A fork — one piece attacks two enemy pieces at once, forcing a material win.",true,lichess,xkpyT,31899,95,{}
lc_zemPb,3r3k/1p3Q2/p4bp1/2P2p2/1P3B1P/P4pP1/4qP2/5RK1 b - - 1 34,"{""e2f1"",""g1f1"",""d8d1""}",queen,4,intermediate,Queen 4 · Mate In2,mateIn2,Black to move.,1467,Club,"{""attraction"",""endgame"",""mate"",""mateIn2"",""sacrifice"",""short""}",Checkmate in two — a forced sequence that delivers checkmate on move two.,true,lichess,zemPb,31896,95,{}
lc_Selyz,r1b4k/ppp2Bp1/2np1B1p/2b1pq1Q/8/2Pp3P/PP3PP1/R3R1K1 w - - 2 20,"{""h5h6"",""f5h7"",""f6g7""}",queen,4,intermediate,Queen 4 · Mate In2,mateIn2,White to move.,1467,Club,"{""kingsideAttack"",""mate"",""mateIn2"",""middlegame"",""pin"",""short""}",Checkmate in two — a forced sequence that delivers checkmate on move two.,true,lichess,Selyz,31739,96,"{""Four_Knights_Game"",""Four_Knights_Game_Italian_Variation""}"
lc_LPJSu,5krq/2Q5/p2pBp1r/1pb1p3/2P1P2P/3P2P1/P6K/1R3R2 b - - 2 29,"{""h6h4"",""g3h4"",""h8h4"",""e6h3"",""h4g3"",""h2h1"",""g3h3""}",queen,4,intermediate,Queen 4 · Deflection,deflection,Black to move.,1467,Club,"{""deflection"",""mate"",""mateIn4"",""middlegame"",""sacrifice"",""veryLong""}",A deflection — lure a defending piece away from the square it was guarding.,true,lichess,LPJSu,31611,96,{}
lc_C7CHU,2kr1r2/2p2ppp/4p3/4N3/pRPq1Q2/K7/7P/8 w - - 0 32,"{""b4b8"",""c8b8"",""e5c6"",""b8c8"",""c6d4""}",queen,4,intermediate,Queen 4 · Fork,fork,White to move.,1467,Club,"{""advantage"",""attraction"",""endgame"",""fork"",""long"",""sacrifice""}","A fork — one piece attacks two enemy pieces at once, forcing a material win.",true,lichess,C7CHU,31511,96,{}
lc_ndzAJ,6k1/pR2qp2/P1p1r1p1/3p3p/8/2P3P1/2P2P1P/3Q2K1 b - - 1 24,"{""e6e1"",""g1g2"",""e7e4"",""d1f3"",""e1g1"",""g2g1"",""e4f3""}",queen,4,intermediate,Queen 4 · Fork,fork,Black to move.,1467,Club,"{""advantage"",""deflection"",""endgame"",""fork"",""veryLong""}","A fork — one piece attacks two enemy pieces at once, forcing a material win.",true,lichess,ndzAJ,31427,96,{}
lc_ug0mx,N2Q1b1r/5ppp/p2p3k/1p3q2/3p4/8/PPP4P/2K3R1 w - - 2 27,"{""d8h4"",""f5h5"",""h4f4"",""g7g5"",""f4f6"",""h5g6"",""f6h8""}",queen,4,intermediate,Queen 4 · Fork,fork,White to move.,1468,Club,"{""advantage"",""endgame"",""exposedKing"",""fork"",""veryLong""}","A fork — one piece attacks two enemy pieces at once, forcing a material win.",true,lichess,ug0mx,39123,96,{}
lc_1MnWE,r2qk1nr/pppbppbp/3p2p1/1B1Pn3/4P3/2N1BN2/PPP2PPP/R2QK2R b KQkq - 2 7,"{""e5f3"",""d1f3"",""g7c3"",""b2c3"",""d7b5""}",queen,4,intermediate,Queen 4 · Discovered Attack,discoveredAttack,Black to move.,1468,Club,"{""advantage"",""discoveredAttack"",""long"",""opening""}",A discovered attack — moving one piece uncovers a deadly attack from another.,true,lichess,1MnWE,38482,95,"{""Modern_Defense"",""Modern_Defense_Other_variations""}"
lc_M8HqG,r4rk1/p4p1p/1pb1p1p1/2pq4/5P2/3PBN2/PbP1Q1PP/R4R1K w - - 0 15,"{""c2c4"",""d5d8"",""e2b2""}",queen,4,intermediate,Queen 4 · Discovered Attack,discoveredAttack,White to move.,1468,Club,"{""advantage"",""discoveredAttack"",""master"",""middlegame"",""short""}",A discovered attack — moving one piece uncovers a deadly attack from another.,true,lichess,M8HqG,37859,96,"{""Sicilian_Defense"",""Sicilian_Defense_Grand_Prix_Attack""}"
lc_6QXF3,2r4r/Qbq2p1p/4kp2/3pp3/B7/P7/1PP2PPP/2KR3R b - - 2 17,"{""c8a8"",""a7e3"",""a8a4""}",queen,4,intermediate,Queen 4 · Skewer,skewer,Black to move.,1468,Club,"{""advantage"",""middlegame"",""short"",""skewer""}","A skewer — the higher-value piece is forced to move, losing the piece behind it.",true,lichess,6QXF3,37561,96,"{""Sicilian_Defense"",""Sicilian_Defense_Open""}"
lc_8b9wj,2r1r1k1/5p1p/p4p2/5P2/2P1p3/P1Rp1P2/6PP/4R1K1 b - - 0 25,"{""d3d2"",""e1d1"",""e4e3"",""c3e3"",""e8e3""}",queen,4,intermediate,Queen 4 · Advanced Pawn,advancedPawn,Black to move.,1468,Club,"{""advancedPawn"",""crushing"",""endgame"",""long"",""rookEndgame""}",An advanced pawn — push the passer or use its threats to win material.,true,lichess,8b9wj,37553,96,{}
lc_RmGub,6rk/p4p1p/1p3PpQ/4p3/3pq3/P4R2/1Pr3PP/R5K1 w - - 0 24,"{""h6h7"",""h8h7"",""f3h3"",""e4h4"",""h3h4""}",queen,4,intermediate,Queen 4 · Mate In3,mateIn3,White to move.,1468,Club,"{""attraction"",""endgame"",""kingsideAttack"",""long"",""mate"",""mateIn3"",""sacrifice""}",Checkmate in three — calculate the forcing line all the way to mate.,true,lichess,RmGub,36672,96,{}
lc_0UKoL,r2q1rk1/ppp1bppp/2b2n2/4N3/4P3/2NP4/PPP3PP/R1BQ1RK1 b - - 2 10,"{""d8d4"",""g1h1"",""d4e5""}",queen,4,intermediate,Queen 4 · Fork,fork,Black to move.,1468,Club,"{""advantage"",""fork"",""opening"",""short""}","A fork — one piece attacks two enemy pieces at once, forcing a material win.",true,lichess,0UKoL,36495,95,"{""Rat_Defense"",""Rat_Defense_Harmonist""}"
lc_mMsjc,4k3/5pp1/7r/2K1P2p/1B6/5P2/n1R2P1P/8 b - - 0 28,"{""h6c6"",""c5c6"",""a2b4"",""c6d6"",""b4c2""}",queen,4,intermediate,Queen 4 · Fork,fork,Black to move.,1468,Club,"{""advantage"",""attraction"",""deflection"",""endgame"",""fork"",""long"",""sacrifice""}","A fork — one piece attacks two enemy pieces at once, forcing a material win.",true,lichess,mMsjc,35267,95,{}
lc_qDR6f,2r3rk/2q2p1p/p2p1PpQ/1p2p3/4n3/2P3R1/PP4PP/R5NK w - - 0 25,"{""h6h7"",""h8h7"",""g3h3""}",queen,4,intermediate,Queen 4 · Mate In2,mateIn2,White to move.,1468,Club,"{""attraction"",""kingsideAttack"",""mate"",""mateIn2"",""middlegame"",""sacrifice"",""short""}",Checkmate in two — a forced sequence that delivers checkmate on move two.,true,lichess,qDR6f,35218,95,{}
lc_JRV2X,r2q1rk1/1p5n/p1pp3p/6BQ/6b1/1PNP3P/1PP3P1/R5K1 w - - 0 21,"{""h5g6"",""g8h8"",""g5d8""}",queen,4,intermediate,Queen 4 · Crushing,crushing,White to move.,1468,Club,"{""crushing"",""middlegame"",""short""}",Find the strongest continuation and seize the advantage.,true,lichess,JRV2X,34849,95,{}
lc_TwKGg,8/4pk2/5p1P/5K2/8/6P1/8/8 b - - 2 50,"{""e7e6"",""f5g4"",""f7g6""}",queen,4,intermediate,Queen 4 · Pawn Endgame,pawnEndgame,Black to move.,1468,Club,"{""crushing"",""endgame"",""pawnEndgame"",""short""}",A pawn endgame — king opposition and the square of the pawn decide it.,true,lichess,TwKGg,34749,95,{}
lc_s75F3,8/6p1/8/6p1/8/P1P2Rrk/1P3K2/8 b - - 0 49,"{""g3f3"",""f2f3"",""g5g4"",""f3f2"",""h3h2""}",queen,4,intermediate,Queen 4 · Attraction,attraction,Black to move.,1468,Club,"{""attraction"",""crushing"",""defensiveMove"",""endgame"",""exposedKing"",""long"",""rookEndgame""}",An attraction — force an enemy piece onto a square where it can be exploited.,true,lichess,s75F3,34554,96,{}
lc_XeNQB,rnbqkb1r/p3pp1p/5np1/2p5/2B1P3/5N2/PPP2PPP/RN1QK2R w KQkq - 0 8,"{""c4f7"",""e8f7"",""d1d8""}",queen,4,intermediate,Queen 4 · Deflection,deflection,White to move.,1468,Club,"{""attackingF2F7"",""crushing"",""deflection"",""opening"",""short""}",A deflection — lure a defending piece away from the square it was guarding.,true,lichess,XeNQB,34145,96,"{""Sicilian_Defense"",""Sicilian_Defense_Modern_Variations""}"
lc_xA77Z,1k5r/pp3Q2/4p3/3pP3/6q1/6P1/PP3PK1/7R b - - 2 36,"{""g4e4"",""f7f3"",""e4f3"",""g2f3"",""h8h1""}",queen,4,intermediate,Queen 4 · Endgame,endgame,Black to move.,1468,Club,"{""crushing"",""endgame"",""long""}",An endgame technique — precise play with few pieces where every tempo counts.,true,lichess,xA77Z,33878,96,{}
lc_dAl0u,8/4q1kp/6p1/R4p2/4r3/1P5P/2P2QP1/7K b - - 0 46,"{""e4e1"",""h1h2"",""e7c7"",""g2g3"",""c7a5""}",queen,4,intermediate,Queen 4 · Fork,fork,Black to move.,1468,Club,"{""crushing"",""endgame"",""fork"",""long""}","A fork — one piece attacks two enemy pieces at once, forcing a material win.",true,lichess,dAl0u,33797,95,{}
lc_Iiac4,3n2k1/p1b1q1p1/1p2bp1p/8/1P1Q4/P3P1PP/1B1N1PB1/6K1 b - - 1 31,"{""c7e5"",""d4d3"",""e5b2""}",queen,4,intermediate,Queen 4 · Skewer,skewer,Black to move.,1468,Club,"{""advantage"",""middlegame"",""short"",""skewer""}","A skewer — the higher-value piece is forced to move, losing the piece behind it.",true,lichess,Iiac4,33792,95,{}
lc_cu6v3,2kr2n1/ppp2p1p/6p1/8/b2q4/1N6/P3PPPP/2RQKB1R b K - 3 15,"{""d4b4"",""d1d2"",""d8d2""}",queen,4,intermediate,Queen 4 · Crushing,crushing,Black to move.,1468,Club,"{""crushing"",""middlegame"",""short""}",Find the strongest continuation and seize the advantage.,true,lichess,cu6v3,33149,96,"{""Polish_Opening"",""Polish_Opening_Czech_Defense""}"
lc_uFFMq,8/4k3/p5p1/1p1K4/3Pp2p/1P4P1/P7/2B5 b - - 0 37,"{""h4h3"",""d5e4"",""h3h2""}",queen,4,intermediate,Queen 4 · Advanced Pawn,advancedPawn,Black to move.,1468,Club,"{""advancedPawn"",""bishopEndgame"",""crushing"",""endgame"",""short""}",An advanced pawn — push the passer or use its threats to win material.,true,lichess,uFFMq,33073,95,{}
lc_YyMvU,3r2k1/pp3ppp/5n2/8/4r3/P5qP/1P2N1P1/2KR3R w - - 0 23,"{""d1d8"",""e4e8"",""d8e8"",""f6e8"",""e2g3""}",queen,4,intermediate,Queen 4 · Hanging Piece,hangingPiece,White to move.,1468,Club,"{""crushing"",""hangingPiece"",""long"",""middlegame""}",A hanging piece — an undefended enemy piece is free to capture.,true,lichess,YyMvU,32921,96,{}
lc_hehoI,4rk2/4pp1p/5Np1/p1q5/2P3P1/3P3P/2P3K1/4Q3 w - - 4 31,"{""f6d7"",""f8g8"",""d7c5""}",queen,4,intermediate,Queen 4 · Fork,fork,White to move.,1468,Club,"{""crushing"",""endgame"",""fork"",""short""}","A fork — one piece attacks two enemy pieces at once, forcing a material win.",true,lichess,hehoI,32827,95,{}
lc_Lksrg,4r3/2B2kp1/pp1P1p2/4nP2/1Pr2RP1/P2R2K1/8/8 b - - 2 33,"{""c4f4"",""g3f4"",""e5d3""}",queen,4,intermediate,Queen 4 · Attraction,attraction,Black to move.,1468,Club,"{""attraction"",""crushing"",""endgame"",""short""}",An attraction — force an enemy piece onto a square where it can be exploited.,true,lichess,Lksrg,32445,96,{}
lc_0Yh7D,1r3k2/Qp6/4brq1/4b3/1P2pp1P/P5P1/4PPB1/3R1RK1 w - - 2 27,"{""a7c5"",""f8g7"",""c5e5""}",queen,4,intermediate,Queen 4 · Fork,fork,White to move.,1468,Club,"{""advantage"",""fork"",""middlegame"",""short""}","A fork — one piece attacks two enemy pieces at once, forcing a material win.",true,lichess,0Yh7D,32431,96,{}
lc_4CWMa,4r1k1/p6p/4p1p1/1Prp1p2/8/4Q3/PPq3PP/K3RR2 w - - 2 28,"{""e1c1"",""c2c1"",""f1c1""}",queen,4,intermediate,Queen 4 · Endgame,endgame,White to move.,1468,Club,"{""advantage"",""endgame"",""short""}",An endgame technique — precise play with few pieces where every tempo counts.,true,lichess,4CWMa,31785,95,{}
lc_0Vjfw,r4rk1/p2nbppp/2p1p3/2Pp4/P2P4/1q1bPNP1/3Q1PBP/R1B1K2R w KQ - 5 23,"{""a1a3"",""b3c2"",""a3d3""}",queen,4,intermediate,Queen 4 · Advantage,advantage,White to move.,1468,Club,"{""advantage"",""middlegame"",""short""}",Find the strongest continuation and seize the advantage.,true,lichess,0Vjfw,31736,95,{}
lc_lIMhi,8/4k2r/r3P3/2pP2K1/2P5/p7/7R/7R b - - 0 55,"{""h7h2"",""h1h2"",""a3a2""}",queen,4,intermediate,Queen 4 · Advanced Pawn,advancedPawn,Black to move.,1468,Club,"{""advancedPawn"",""crushing"",""endgame"",""rookEndgame"",""short""}",An advanced pawn — push the passer or use its threats to win material.,true,lichess,lIMhi,31718,96,{}
lc_X8PX2,r2q1rk1/pp2b1pp/2p1p3/3pPp2/3P2b1/3BP1Q1/PPPB2PP/R4RK1 b - - 1 15,"{""e7h4"",""g3f4"",""g7g5""}",queen,4,intermediate,Queen 4 · Crushing,crushing,Black to move.,1468,Club,"{""crushing"",""middlegame"",""short""}",Find the strongest continuation and seize the advantage.,true,lichess,X8PX2,31712,95,"{""Queens_Pawn_Game"",""Queens_Pawn_Game_Stonewall_Attack""}"
lc_wJlNs,6rk/5Qpp/p3N2b/4p3/8/5RP1/P1q4P/3r1R1K w - - 9 29,"{""f7g8"",""h8g8"",""f3f8""}",queen,4,intermediate,Queen 4 · Mate In2,mateIn2,White to move.,1468,Club,"{""attraction"",""mate"",""mateIn2"",""middlegame"",""sacrifice"",""short""}",Checkmate in two — a forced sequence that delivers checkmate on move two.,true,lichess,wJlNs,31657,96,{}
lc_A7nAo,8/6pp/6b1/3P4/5QPk/4PP2/p6K/4q3 w - - 1 47,"{""g4g5"",""h4h5"",""f4g4""}",queen,4,intermediate,Queen 4 · Mate In2,mateIn2,White to move.,1468,Club,"{""discoveredAttack"",""discoveredCheck"",""endgame"",""mate"",""mateIn2"",""short""}",Checkmate in two — a forced sequence that delivers checkmate on move two.,true,lichess,A7nAo,31424,96,{}
lc_NgduC,3r2k1/p4p2/2p1q2p/2R3P1/8/6QP/5P2/6K1 w - - 1 32,"{""g5h6"",""e6g6"",""c5g5""}",queen,4,intermediate,Queen 4 · Pin,pin,White to move.,1468,Club,"{""clearance"",""crushing"",""discoveredAttack"",""discoveredCheck"",""endgame"",""pin"",""short""}",A pin — the attacked piece can't move without exposing a more valuable piece behind it.,true,lichess,NgduC,31335,95,{}
lc_xR2N4,8/2r5/R3pk1p/2np4/5N2/4K3/6PP/8 w - - 4 43,"{""f4d5"",""f6g5"",""d5c7"",""c5a6"",""c7a6""}",queen,4,intermediate,Queen 4 · Pin,pin,White to move.,1469,Club,"{""crushing"",""endgame"",""long"",""master"",""masterVsMaster"",""pin"",""superGM""}",A pin — the attacked piece can't move without exposing a more valuable piece behind it.,true,lichess,xR2N4,40747,95,{}
lc_g4vv0,r4r1k/p3QpRp/4p3/n2pq3/6R1/2P5/PP5P/7K w - - 0 24,"{""g7h7"",""h8h7"",""e7h4"",""e5h5"",""h4h5""}",queen,4,intermediate,Queen 4 · Mate In3,mateIn3,White to move.,1469,Club,"{""attraction"",""long"",""master"",""mate"",""mateIn3"",""middlegame"",""sacrifice""}",Checkmate in three — calculate the forcing line all the way to mate.,true,lichess,g4vv0,37200,95,{}
lc_jmQd6,1k1r1r2/pp4bp/5p2/8/2PPP3/qP3Q2/P5PP/3RR1K1 w - - 3 22,"{""f3g3"",""b8a8"",""g3g7""}",queen,4,intermediate,Queen 4 · Fork,fork,White to move.,1469,Club,"{""advantage"",""fork"",""middlegame"",""short""}","A fork — one piece attacks two enemy pieces at once, forcing a material win.",true,lichess,jmQd6,36286,95,{}
lc_9jwAD,r3r1k1/pp3ppp/8/5b2/3P4/P4P2/1P2B1PP/2R1K2R b K - 0 19,"{""f5d3"",""e1d2"",""d3e2""}",queen,4,intermediate,Queen 4 · Pin,pin,Black to move.,1469,Club,"{""advantage"",""endgame"",""pin"",""short""}",A pin — the attacked piece can't move without exposing a more valuable piece behind it.,true,lichess,9jwAD,35924,94,{}
lc_xB0O9,8/kp6/p7/P4p2/1P1Pq1p1/1K4P1/1Q1R1P2/7r b - - 2 58,"{""h1b1"",""b3a2"",""b1b2""}",queen,4,intermediate,Queen 4 · Pin,pin,Black to move.,1469,Club,"{""advantage"",""endgame"",""master"",""pin"",""short""}",A pin — the attacked piece can't move without exposing a more valuable piece behind it.,true,lichess,xB0O9,35682,95,{}
lc_I2Zb3,q4rk1/3n2p1/2p2p1p/1pb5/3NP1PP/4Q3/rP6/1K1RB2R w - - 0 26,"{""e3b3"",""f8f7"",""b3a2"",""a8a2"",""b1a2""}",queen,4,intermediate,Queen 4 · Advantage,advantage,White to move.,1469,Club,"{""advantage"",""long"",""middlegame""}",Find the strongest continuation and seize the advantage.,true,lichess,I2Zb3,35659,95,{}
lc_YipIi,1rr4k/p5p1/7p/3Qq3/2p4P/P2n2P1/6BK/3R1R2 w - - 2 30,"{""d1d3"",""e5d5"",""d3d5""}",queen,4,intermediate,Queen 4 · Advantage,advantage,White to move.,1469,Club,"{""advantage"",""middlegame"",""short""}",Find the strongest continuation and seize the advantage.,true,lichess,YipIi,35512,95,{}
lc_yahGO,8/p2k4/2p3pp/3p1p2/3P3P/P4P1n/1P2N3/5K2 w - - 0 34,"{""f1g2"",""h3g5"",""h4g5""}",queen,4,intermediate,Queen 4 · Trapped Piece,trappedPiece,White to move.,1469,Club,"{""advantage"",""endgame"",""knightEndgame"",""short"",""trappedPiece""}",A trapped piece — the enemy piece has no safe squares and can be won.,true,lichess,yahGO,35144,95,{}
lc_jBzXu,3k4/7p/4p3/R2bP3/5P2/P2p4/6r1/3R1KBr w - - 4 45,"{""a5d5"",""e6d5"",""f1g2""}",queen,4,intermediate,Queen 4 · Endgame,endgame,White to move.,1469,Club,"{""crushing"",""endgame"",""short""}",An endgame technique — precise play with few pieces where every tempo counts.,true,lichess,jBzXu,34968,95,{}
lc_jfaix,8/8/1p4p1/pPp4p/P1R2PkP/6r1/5K2/8 w - - 0 46,"{""f4f5"",""g4h3"",""f5f6""}",queen,4,intermediate,Queen 4 · Discovered Attack,discoveredAttack,White to move.,1469,Club,"{""advantage"",""discoveredAttack"",""discoveredCheck"",""endgame"",""rookEndgame"",""short""}",A discovered attack — moving one piece uncovers a deadly attack from another.,true,lichess,jfaix,34591,95,{}
lc_4fCge,r7/p2k4/Pb3RBr/2pPp1pP/K1P1P1P1/8/8/8 w - - 1 78,"{""g6f5"",""d7e7"",""f6h6""}",queen,4,intermediate,Queen 4 · Discovered Attack,discoveredAttack,White to move.,1469,Club,"{""crushing"",""discoveredAttack"",""endgame"",""short""}",A discovered attack — moving one piece uncovers a deadly attack from another.,true,lichess,4fCge,34588,96,{}
lc_KFNig,8/1p6/7p/5kp1/3Qb3/6Pq/8/6K1 w - - 1 40,"{""d4d7"",""f5e5"",""d7h3""}",queen,4,intermediate,Queen 4 · Skewer,skewer,White to move.,1469,Club,"{""advantage"",""endgame"",""short"",""skewer""}","A skewer — the higher-value piece is forced to move, losing the piece behind it.",true,lichess,KFNig,34337,96,{}
lc_gEbin,r3k1nr/ppq1pp1p/2p3p1/2p1b3/2P3b1/3P1N2/PP2QPPP/RNB1K2R w KQkq - 0 9,"{""e2e5"",""c7e5"",""f3e5""}",queen,4,intermediate,Queen 4 · Advantage,advantage,White to move.,1469,Club,"{""advantage"",""opening"",""short""}",Find the strongest continuation and seize the advantage.,true,lichess,gEbin,34232,94,"{""Sicilian_Defense"",""Sicilian_Defense_Nyezhmetdinov-Rossolimo_Attack""}"
lc_8lUdS,4rr2/5p1k/p3p1bq/3p2QP/1p4R1/5P2/PP4P1/4R1K1 w - - 1 32,"{""h5g6"",""f7g6"",""g4h4"",""h6h4"",""g5h4""}",queen,4,intermediate,Queen 4 · Pin,pin,White to move.,1469,Club,"{""crushing"",""long"",""middlegame"",""pin""}",A pin — the attacked piece can't move without exposing a more valuable piece behind it.,true,lichess,8lUdS,34110,95,{}
lc_rLScp,2rqr1k1/3n1pp1/p2P3p/1p2p3/1Q2B3/P3P2P/1P3PP1/R4RK1 b - - 7 23,"{""c8c4"",""b4d2"",""c4e4""}",queen,4,intermediate,Queen 4 · Interference,interference,Black to move.,1469,Club,"{""advantage"",""interference"",""middlegame"",""short""}",Interference — block the line between two enemy pieces to break their coordination.,true,lichess,rLScp,33797,95,{}
lc_8juCE,r6r/pp2n1k1/3p1pp1/6B1/1q2P1Q1/7P/P4PK1/R4R2 w - - 0 25,"{""g5f6"",""g7f6"",""e4e5"",""d6e5"",""g4b4""}",queen,4,intermediate,Queen 4 · Discovered Attack,discoveredAttack,White to move.,1469,Club,"{""attraction"",""crushing"",""discoveredAttack"",""long"",""middlegame"",""sacrifice""}",A discovered attack — moving one piece uncovers a deadly attack from another.,true,lichess,8juCE,33589,95,{}
lc_TE0iB,r3k1r1/pp3p2/1bn2p1p/1N1p4/1P1P1P2/P4N1b/4BP1P/R2Q1R1K b q - 0 18,"{""h3g2"",""h1g1"",""g2f3""}",queen,4,intermediate,Queen 4 · Mate In2,mateIn2,Black to move.,1469,Club,"{""discoveredAttack"",""discoveredCheck"",""fork"",""mate"",""mateIn2"",""middlegame"",""pillsburysMate"",""short""}",Checkmate in two — a forced sequence that delivers checkmate on move two.,true,lichess,TE0iB,33213,96,"{""Queens_Gambit_Declined"",""Queens_Gambit_Declined_Tarrasch_Defense""}"
lc_ZlVEx,8/8/1R6/6PP/2b5/5P2/1pk2K2/8 b - - 0 42,"{""c4b3"",""g5g6"",""b2b1q""}",queen,4,intermediate,Queen 4 · Promotion,promotion,Black to move.,1469,Club,"{""advancedPawn"",""crushing"",""endgame"",""promotion"",""quietMove"",""short""}",Pawn promotion — advance the pawn to its final rank and choose your new piece wisely.,true,lichess,ZlVEx,32894,96,{}
lc_TZAKl,r1b2r1k/4bpR1/p2p3P/2p1p3/5q2/2P1N1Q1/1P1K1P2/R7 w - - 2 30,"{""g7h7"",""h8h7"",""g3g7""}",queen,4,intermediate,Queen 4 · Mate In2,mateIn2,White to move.,1469,Club,"{""attraction"",""kingsideAttack"",""mate"",""mateIn2"",""middlegame"",""sacrifice"",""short""}",Checkmate in two — a forced sequence that delivers checkmate on move two.,true,lichess,TZAKl,32887,95,{}
lc_7LOVi,6rk/6qp/p2p1p2/1p1Qp3/4B3/8/PPP2PrP/R4R1K b - - 2 29,"{""g2h2"",""h1h2"",""g7h6""}",queen,4,intermediate,Queen 4 · Mate In2,mateIn2,Black to move.,1469,Club,"{""attraction"",""kingsideAttack"",""mate"",""mateIn2"",""middlegame"",""sacrifice"",""short""}",Checkmate in two — a forced sequence that delivers checkmate on move two.,true,lichess,7LOVi,32554,96,{}
lc_q2mWT,r1bqr1n1/pp4kp/6p1/2pN4/3nB3/3P2P1/PPPQNP2/R3K2R b KQ - 2 16,"{""e8e4"",""d3e4"",""d4f3"",""e1d1"",""f3d2""}",queen,4,intermediate,Queen 4 · Fork,fork,Black to move.,1469,Club,"{""crushing"",""fork"",""long"",""middlegame"",""sacrifice""}","A fork — one piece attacks two enemy pieces at once, forcing a material win.",true,lichess,q2mWT,32412,96,"{""Sicilian_Defense"",""Sicilian_Defense_Closed""}"
lc_1eCId,8/pp3kpp/1b2p3/8/B7/B6P/P2r1PP1/5RK1 b - - 1 27,"{""d2a2"",""a4d7"",""a2a3""}",queen,4,intermediate,Queen 4 · Endgame,endgame,Black to move.,1469,Club,"{""advantage"",""endgame"",""short""}",An endgame technique — precise play with few pieces where every tempo counts.,true,lichess,1eCId,32074,96,{}
lc_AdwK8,r7/pp2kbQ1/3q1p1p/8/8/6P1/7P/1N3RK1 w - - 0 29,"{""f1e1"",""e7d8"",""g7f7""}",queen,4,intermediate,Queen 4 · Deflection,deflection,White to move.,1469,Club,"{""crushing"",""deflection"",""endgame"",""short""}",A deflection — lure a defending piece away from the square it was guarding.,true,lichess,AdwK8,32055,96,{}
lc_zVPib,r2q1rk1/pp2bppp/2p5/3b4/3Q4/1P4P1/PBP2P1P/RN3RK1 b - - 2 15,"{""e7f6"",""d4d3"",""f6b2""}",queen,4,intermediate,Queen 4 · Skewer,skewer,Black to move.,1469,Club,"{""crushing"",""middlegame"",""short"",""skewer""}","A skewer — the higher-value piece is forced to move, losing the piece behind it.",true,lichess,zVPib,31823,95,"{""Mieses_Opening"",""Mieses_Opening_Other_variations""}"
lc_WpJob,6rk/r1p3pp/1p5P/5q2/3B4/1PP5/1P3PP1/4R1K1 w - - 0 27,"{""h6g7"",""g8g7"",""e1e8"",""f5f8"",""e8f8""}",queen,4,intermediate,Queen 4 · Mate In3,mateIn3,White to move.,1469,Club,"{""advancedPawn"",""endgame"",""long"",""mate"",""mateIn3"",""pin""}",Checkmate in three — calculate the forcing line all the way to mate.,true,lichess,WpJob,31632,96,{}
lc_56HG0,1rb1k2r/5pQp/p2pp3/2p5/R7/2P5/4NPPP/Rq4K1 w k - 1 24,"{""e2c1"",""b1g6"",""g7h8""}",queen,4,intermediate,Queen 4 · Advantage,advantage,White to move.,1469,Club,"{""advantage"",""middlegame"",""short""}",Find the strongest continuation and seize the advantage.,true,lichess,56HG0,31620,95,{}
lc_sDQeW,7k/4b3/2p1N3/5Qp1/pp6/1P4q1/KP5r/3R4 w - - 0 41,"{""d1d8"",""e7d8"",""f5f8"",""h8h7"",""f8g7""}",queen,4,intermediate,Queen 4 · Mate In3,mateIn3,White to move.,1469,Club,"{""endgame"",""exposedKing"",""fork"",""long"",""mate"",""mateIn3"",""sacrifice""}",Checkmate in three — calculate the forcing line all the way to mate.,true,lichess,sDQeW,31496,97,{}
lc_ksP3l,8/8/8/8/5pk1/6p1/6Kp/R7 b - - 3 62,"{""f4f3"",""g2h1"",""g4h3"",""a1a2"",""g3g2"",""a2g2"",""f3g2""}",queen,4,intermediate,Queen 4 · Advanced Pawn,advancedPawn,Black to move.,1470,Club,"{""advancedPawn"",""endgame"",""exposedKing"",""mate"",""mateIn4"",""rookEndgame"",""veryLong""}",An advanced pawn — push the passer or use its threats to win material.,true,lichess,ksP3l,38111,97,{}
lc_nMgWq,r5k1/pp1qQppp/2p2n2/3p4/3P4/2N5/PPP2PPP/4R1K1 b - - 5 20,"{""a8e8"",""e7e8"",""f6e8""}",queen,4,intermediate,Queen 4 · Endgame,endgame,Black to move.,1470,Club,"{""advantage"",""endgame"",""short""}",An endgame technique — precise play with few pieces where every tempo counts.,true,lichess,nMgWq,36898,95,{}
lc_hUL3N,8/1p3k1p/3r2p1/2Qq1p2/1P2p3/6PP/4BP1K/8 w - - 0 43,"{""e2c4"",""d5c4"",""c5c4""}",queen,4,intermediate,Queen 4 · Pin,pin,White to move.,1470,Club,"{""advantage"",""endgame"",""master"",""pin"",""short""}",A pin — the attacked piece can't move without exposing a more valuable piece behind it.,true,lichess,hUL3N,36897,95,{}
lc_i5V2D,rn1qkb1r/pp1b1ppp/2p2n2/4N3/2P1P3/3B4/PP3PPP/RNBQK2R b KQkq - 0 7,"{""d8a5"",""b1d2"",""a5e5""}",queen,4,intermediate,Queen 4 · Fork,fork,Black to move.,1470,Club,"{""advantage"",""fork"",""opening"",""short""}","A fork — one piece attacks two enemy pieces at once, forcing a material win.",true,lichess,i5V2D,36831,96,"{""Pirc_Defense"",""Pirc_Defense_Other_variations""}"
lc_gnmM8,r2qkbnr/1pp5/p2p4/4p1Qp/4P3/2N2N2/PPP1B2R/2KR4 b kq - 1 17,"{""f8h6"",""h2h5"",""h6g5""}",queen,4,intermediate,Queen 4 · Pin,pin,Black to move.,1470,Club,"{""advantage"",""middlegame"",""pin"",""queensideAttack"",""short""}",A pin — the attacked piece can't move without exposing a more valuable piece behind it.,true,lichess,gnmM8,36765,95,"{""Scotch_Game"",""Scotch_Game_Other_variations""}"
lc_0ecsr,2rq1rk1/pp2ppbp/3p2p1/3N3n/2Q1P3/7P/PP3PPB/3RR1K1 w - - 1 18,"{""c4c8"",""d8c8"",""d5e7"",""g8h8"",""e7c8""}",queen,4,intermediate,Queen 4 · Fork,fork,White to move.,1470,Club,"{""attraction"",""crushing"",""fork"",""long"",""middlegame"",""sacrifice""}","A fork — one piece attacks two enemy pieces at once, forcing a material win.",true,lichess,0ecsr,36762,96,"{""Sicilian_Defense"",""Sicilian_Defense_Smith-Morra_Gambit_Accepted""}"
lc_uR5l9,2r1kbnr/pp3ppp/1qn1p3/3pPb2/1P1P4/P3BN2/3Q1PPP/RN2KB1R b KQk - 0 10,"{""c6b4"",""a3b4"",""f8b4""}",queen,4,intermediate,Queen 4 · Pin,pin,Black to move.,1470,Club,"{""crushing"",""middlegame"",""pin"",""short""}",A pin — the attacked piece can't move without exposing a more valuable piece behind it.,true,lichess,uR5l9,36591,95,"{""Caro-Kann_Defense"",""Caro-Kann_Defense_Advance_Variation""}"
lc_nNRZo,r5k1/4b1p1/p1n3p1/q1pr2N1/1p4P1/1P2BP2/P1P1N3/1KQ4R w - - 0 24,"{""h1h8"",""g8h8"",""c1h1"",""h8g8"",""h1h7"",""g8f8"",""h7h8""}",queen,4,intermediate,Queen 4 · Attraction,attraction,White to move.,1470,Club,"{""attraction"",""kingsideAttack"",""master"",""mate"",""mateIn4"",""middlegame"",""sacrifice"",""veryLong""}",An attraction — force an enemy piece onto a square where it can be exploited.,true,lichess,nNRZo,36555,96,{}
lc_o4n7i,rr6/2qnbkp1/3p3p/pb2p2P/4P3/1P3P2/1BPQ4/1K1R1BNR w - - 0 21,"{""d2d5"",""f7f8"",""f1b5""}",queen,4,intermediate,Queen 4 · Crushing,crushing,White to move.,1470,Club,"{""crushing"",""middlegame"",""short""}",Find the strongest continuation and seize the advantage.,true,lichess,o4n7i,36202,95,{}
lc_TQ3y6,8/3k2p1/3p1bRp/2pP1p2/2N2P2/p3r2P/6P1/3K4 w - - 2 45,"{""c4e3"",""a3a2"",""e3c2"",""a2a1r"",""c2a1""}",queen,4,intermediate,Queen 4 · Hanging Piece,hangingPiece,White to move.,1470,Club,"{""advantage"",""endgame"",""hangingPiece"",""long"",""quietMove""}",A hanging piece — an undefended enemy piece is free to capture.,true,lichess,TQ3y6,35880,95,{}
lc_PWt9f,r4rk1/pp3qpp/2p1pb2/8/P3PR2/1QN5/1P4PP/5R1K w - - 0 19,"{""e4e5"",""f7e7"",""e5f6""}",queen,4,intermediate,Queen 4 · Advantage,advantage,White to move.,1470,Club,"{""advantage"",""middlegame"",""short""}",Find the strongest continuation and seize the advantage.,true,lichess,PWt9f,35657,95,"{""Philidor_Defense"",""Philidor_Defense_Hanham_Variation""}"
lc_R5nKm,k1r4q/bpQ5/6p1/3p4/R7/8/6PP/R6K b - - 5 32,"{""h8a1"",""a4a1"",""c8c7""}",queen,4,intermediate,Queen 4 · Endgame,endgame,Black to move.,1470,Club,"{""crushing"",""endgame"",""short""}",An endgame technique — precise play with few pieces where every tempo counts.,true,lichess,R5nKm,35100,96,{}
lc_0MqXO,5k2/5p2/4b3/6p1/1p3nN1/4R1PP/1r3P2/4R1K1 b - - 0 33,"{""f4h3"",""g1h1"",""e6g4""}",queen,4,intermediate,Queen 4 · Endgame,endgame,Black to move.,1470,Club,"{""crushing"",""endgame"",""short""}",An endgame technique — precise play with few pieces where every tempo counts.,true,lichess,0MqXO,34904,95,{}
lc_mwiHn,5rk1/ppq3pp/2pb1p2/8/2NPQ3/7P/PPP3P1/5RK1 w - - 2 22,"{""e4e6"",""c7f7"",""e6f7"",""f8f7"",""c4d6""}",queen,4,intermediate,Queen 4 · Endgame,endgame,White to move.,1470,Club,"{""advantage"",""endgame"",""kingsideAttack"",""long""}",An endgame technique — precise play with few pieces where every tempo counts.,true,lichess,mwiHn,34797,95,{}
lc_FwrUy,6k1/p1r3p1/8/2p1K3/3pP2P/5PP1/P1R5/8 b - - 5 41,"{""d4d3"",""c2d2"",""c5c4"",""e5d4"",""c4c3"",""d4d3"",""c3d2""}",queen,4,intermediate,Queen 4 · Advanced Pawn,advancedPawn,Black to move.,1470,Club,"{""advancedPawn"",""crushing"",""endgame"",""quietMove"",""rookEndgame"",""veryLong""}",An advanced pawn — push the passer or use its threats to win material.,true,lichess,FwrUy,34619,95,{}
lc_Me6X2,8/8/5K2/1pk1r1p1/1R6/6P1/8/8 w - - 32 53,"{""b4b5"",""c5b5"",""f6e5""}",queen,4,intermediate,Queen 4 · Rook Endgame,rookEndgame,White to move.,1470,Club,"{""crushing"",""endgame"",""rookEndgame"",""short""}",A rook endgame — master the Lucena and Philidor ideas to convert.,true,lichess,Me6X2,33881,95,{}
lc_kEgxV,6q1/k4p2/p1p1pP2/3pP2p/P1PP3p/Q4NrP/1R5K/8 b - - 0 32,"{""g3h3"",""h2h3"",""g8g3""}",queen,4,intermediate,Queen 4 · Mate In2,mateIn2,Black to move.,1470,Club,"{""attraction"",""endgame"",""mate"",""mateIn2"",""sacrifice"",""short""}",Checkmate in two — a forced sequence that delivers checkmate on move two.,true,lichess,kEgxV,33718,96,{}
lc_EwxSw,4rrk1/1pp2R2/p2p2p1/4n1Q1/4PR2/2P1q2P/1P4PK/8 w - - 1 37,"{""f7f8"",""e8f8"",""f4f8"",""g8f8"",""g5e3""}",queen,4,intermediate,Queen 4 · Crushing,crushing,White to move.,1470,Club,"{""crushing"",""exposedKing"",""long"",""middlegame""}",Find the strongest continuation and seize the advantage.,true,lichess,EwxSw,33587,95,{}
lc_CvTe3,1b3rk1/5pp1/1N3n2/p2p2np/3P4/P1R1PP2/1B2qRPP/1Q4K1 b - - 1 27,"{""b8h2"",""g1h2"",""e2f2""}",queen,4,intermediate,Queen 4 · Deflection,deflection,Black to move.,1470,Club,"{""advantage"",""deflection"",""kingsideAttack"",""middlegame"",""short""}",A deflection — lure a defending piece away from the square it was guarding.,true,lichess,CvTe3,33531,95,{}
lc_khJPb,8/8/1p6/8/2BK4/p7/1k6/8 b - - 3 56,"{""b6b5"",""c4d5"",""b5b4""}",queen,4,intermediate,Queen 4 · Bishop Endgame,bishopEndgame,Black to move.,1470,Club,"{""bishopEndgame"",""crushing"",""defensiveMove"",""endgame"",""short""}",A bishop endgame — colour complexes and the wrong-bishop rule matter.,true,lichess,khJPb,33436,95,{}
lc_Fdvi9,5rk1/p1qr2pp/1p2pQ2/8/1PP1b3/P3B3/4KP2/2R3R1 w - - 0 26,"{""f6e6"",""g8h8"",""e6e4""}",queen,4,intermediate,Queen 4 · Fork,fork,White to move.,1470,Club,"{""advantage"",""fork"",""middlegame"",""short""}","A fork — one piece attacks two enemy pieces at once, forcing a material win.",true,lichess,Fdvi9,33391,96,{}
lc_6ZxyH,r1bk3r/ppp4p/3b1p2/8/4N3/8/PPP2PPP/3RKB1R b K - 0 12,"{""h8e8"",""f2f3"",""f6f5""}",queen,4,intermediate,Queen 4 · Pin,pin,Black to move.,1470,Club,"{""advantage"",""middlegame"",""pin"",""short""}",A pin — the attacked piece can't move without exposing a more valuable piece behind it.,true,lichess,6ZxyH,33201,95,"{""Philidor_Defense"",""Philidor_Defense_Other_variations""}"
lc_2d9Cv,8/5pp1/r2k3p/1p6/1K2p3/p3P2N/2R2PPP/8 b - - 3 33,"{""a3a2"",""c2a2"",""a6a2""}",queen,4,intermediate,Queen 4 · Advanced Pawn,advancedPawn,Black to move.,1470,Club,"{""advancedPawn"",""crushing"",""endgame"",""short""}",An advanced pawn — push the passer or use its threats to win material.,true,lichess,2d9Cv,33184,95,{}
lc_rpUEg,8/p5kp/3p2p1/3P4/4P1Q1/P1N3nP/1P4PK/2q5 b - - 7 34,"{""g3f1"",""h2g1"",""f1e3"",""g1f2"",""e3g4""}",queen,4,intermediate,Queen 4 · Discovered Attack,discoveredAttack,Black to move.,1470,Club,"{""crushing"",""discoveredAttack"",""discoveredCheck"",""endgame"",""long""}",A discovered attack — moving one piece uncovers a deadly attack from another.,true,lichess,rpUEg,32812,95,{}
lc_zn5eI,7r/4p1kp/3p2p1/4P1P1/p1R5/p1n2P2/2P4R/2K5 b - - 2 35,"{""a3a2"",""c4c3"",""a2a1q""}",queen,4,intermediate,Queen 4 · Promotion,promotion,Black to move.,1470,Club,"{""advancedPawn"",""crushing"",""endgame"",""promotion"",""short""}",Pawn promotion — advance the pawn to its final rank and choose your new piece wisely.,true,lichess,zn5eI,32681,95,{}
lc_maeHn,4rQ2/p7/Pp5Q/1P2Rp1P/6k1/2P3p1/5qP1/4R2K b - - 0 45,"{""f2e1"",""e5e1"",""e8e1""}",queen,4,intermediate,Queen 4 · Mate In2,mateIn2,Black to move.,1470,Club,"{""endgame"",""mate"",""mateIn2"",""short"",""xRayAttack""}",Checkmate in two — a forced sequence that delivers checkmate on move two.,true,lichess,maeHn,32570,95,{}
lc_pjLv9,rn3rk1/3p1ppp/p3pB2/7q/1Q6/1P2Pb2/P4PPP/2R2RK1 w - - 0 21,"{""b4f8"",""g8f8"",""c1c8""}",queen,4,intermediate,Queen 4 · Mate In2,mateIn2,White to move.,1470,Club,"{""attraction"",""kingsideAttack"",""mate"",""mateIn2"",""middlegame"",""pillsburysMate"",""sacrifice"",""short""}",Checkmate in two — a forced sequence that delivers checkmate on move two.,true,lichess,pjLv9,32501,95,{}
lc_iJ4Ri,8/5pp1/7p/pp2PpP1/1k5P/8/4K3/8 w - - 0 47,"{""g5g6"",""f7g6"",""e5e6""}",queen,4,intermediate,Queen 4 · Pawn Endgame,pawnEndgame,White to move.,1470,Club,"{""crushing"",""endgame"",""pawnEndgame"",""short""}",A pawn endgame — king opposition and the square of the pawn decide it.,true,lichess,iJ4Ri,32299,95,{}
lc_hVzcb,8/8/4p1kp/1p4p1/8/2Brb1P1/1P5P/4RK2 w - - 4 37,"{""f1e2"",""d3d5"",""e2e3""}",queen,4,intermediate,Queen 4 · Endgame,endgame,White to move.,1470,Club,"{""advantage"",""endgame"",""short""}",An endgame technique — precise play with few pieces where every tempo counts.,true,lichess,hVzcb,32240,95,{}
lc_uoYtR,6B1/1pp5/1p6/3P1kp1/5p2/1Pr4P/2P1R1K1/8 b - - 12 38,"{""f4f3"",""g2f2"",""f3e2""}",queen,4,intermediate,Queen 4 · Fork,fork,Black to move.,1470,Club,"{""advancedPawn"",""crushing"",""endgame"",""fork"",""short""}","A fork — one piece attacks two enemy pieces at once, forcing a material win.",true,lichess,uoYtR,32091,96,{}
lc_etxFO,6k1/p3b3/1p2N2p/3bp1p1/1P2p1q1/P3P1N1/5P1K/2Q5 w - - 0 33,"{""c1c8"",""g8f7"",""e6d8"",""e7d8"",""c8g4""}",queen,4,intermediate,Queen 4 · Discovered Attack,discoveredAttack,White to move.,1470,Club,"{""crushing"",""discoveredAttack"",""endgame"",""exposedKing"",""long"",""master""}",A discovered attack — moving one piece uncovers a deadly attack from another.,true,lichess,etxFO,31969,96,{}
lc_3c4G5,8/4r2p/4p2R/bB1p1k2/P2P1pr1/1K6/8/7R w - - 4 63,"{""b5d3"",""f5g5"",""h1h5""}",queen,4,intermediate,Queen 4 · Mate In2,mateIn2,White to move.,1470,Club,"{""blindSwineMate"",""endgame"",""mate"",""mateIn2"",""short""}",Checkmate in two — a forced sequence that delivers checkmate on move two.,true,lichess,3c4G5,31831,96,{}
lc_9RG5X,2k5/pp6/3p4/3Pn1qB/5P2/1P5b/P5rP/R2Q1R1K b - f3 0 24,"{""g2h2"",""h1h2"",""g5g2""}",queen,4,intermediate,Queen 4 · Mate In2,mateIn2,Black to move.,1470,Club,"{""attraction"",""mate"",""mateIn2"",""middlegame"",""sacrifice"",""short""}",Checkmate in two — a forced sequence that delivers checkmate on move two.,true,lichess,9RG5X,31795,97,{}
lc_I9cCj,1k2r3/1p4p1/p7/8/2PQ1q2/1P6/P5PP/3R2K1 b - - 0 27,"{""e8e1"",""d1e1"",""f4d4""}",queen,4,intermediate,Queen 4 · Deflection,deflection,Black to move.,1470,Club,"{""advantage"",""deflection"",""endgame"",""master"",""short""}",A deflection — lure a defending piece away from the square it was guarding.,true,lichess,I9cCj,31601,96,{}
lc_IXrVl,r2Q1bk1/p2n2r1/2p1N3/1p2p3/8/4q3/PPP5/1K4R1 w - - 0 29,"{""g1g7"",""g8h8"",""d8h4"",""e3h6"",""h4h6""}",queen,4,intermediate,Queen 4 · Mate In3,mateIn3,White to move.,1470,Club,"{""exposedKing"",""long"",""mate"",""mateIn3"",""middlegame"",""pin""}",Checkmate in three — calculate the forcing line all the way to mate.,true,lichess,IXrVl,31316,96,{}
lc_LeqtU,6k1/1q3pp1/p6p/1pR1pP2/1n5P/3R1P2/PP3B2/1K6 w - - 2 29,"{""d3d8"",""g8h7"",""c5c8"",""b7c8"",""d8c8""}",queen,4,intermediate,Queen 4 · Endgame,endgame,White to move.,1470,Club,"{""crushing"",""endgame"",""long"",""quietMove""}",An endgame technique — precise play with few pieces where every tempo counts.,true,lichess,LeqtU,31309,95,{}
lc_qZjFz,Qr5r/1P1kp3/1Qpp1p2/8/3P4/4P1P1/3N1PPp/1R1q1b1K b - - 1 36,"{""f1g2"",""h1g2"",""h2h1q""}",queen,4,intermediate,Queen 4 · Mate In2,mateIn2,Black to move.,1471,Club,"{""advancedPawn"",""attraction"",""discoveredCheck"",""doubleCheck"",""kingsideAttack"",""mate"",""mateIn2"",""middlegame"",""promotion"",""short""}",Checkmate in two — a forced sequence that delivers checkmate on move two.,true,lichess,qZjFz,43380,95,{}
lc_BmQJZ,r4rk1/p3bppp/2b1p3/q1Pp4/3Pn3/2N1BN2/P2Q1PPP/R3K2R w KQ - 3 15,"{""c3e4"",""a5d2"",""e4d2""}",queen,4,intermediate,Queen 4 · Advantage,advantage,White to move.,1471,Club,"{""advantage"",""middlegame"",""short""}",Find the strongest continuation and seize the advantage.,true,lichess,BmQJZ,36312,95,"{""Caro-Kann_Defense"",""Caro-Kann_Defense_Exchange_Variation""}"
lc_AZyIh,2r5/p3kp2/4p2p/5p2/1n1K1P2/1P1B2P1/5P1P/4R3 b - - 5 34,"{""c8d8"",""d4c4"",""b4d3""}",queen,4,intermediate,Queen 4 · Endgame,endgame,Black to move.,1471,Club,"{""crushing"",""endgame"",""short""}",An endgame technique — precise play with few pieces where every tempo counts.,true,lichess,AZyIh,36111,95,{}
lc_339kc,8/6pk/7p/1Rr1N1n1/2P5/6P1/5P1K/8 b - - 11 42,"{""c5e5"",""b5e5"",""g5f3"",""h2g2"",""f3e5""}",queen,4,intermediate,Queen 4 · Fork,fork,Black to move.,1471,Club,"{""advantage"",""attraction"",""endgame"",""fork"",""long"",""sacrifice""}","A fork — one piece attacks two enemy pieces at once, forcing a material win.",true,lichess,339kc,35888,95,{}
lc_7MPEZ,2rqkb1r/N2n1ppp/1p2pn2/3p1b2/3P4/1Q2P3/PP1B1PPP/2R1KBNR b Kk - 0 10,"{""c8c1"",""d2c1"",""d8c7"",""g1e2"",""c7a7""}",queen,4,intermediate,Queen 4 · Fork,fork,Black to move.,1471,Club,"{""advantage"",""fork"",""long"",""opening""}","A fork — one piece attacks two enemy pieces at once, forcing a material win.",true,lichess,7MPEZ,35866,95,"{""Queens_Pawn_Game"",""Queens_Pawn_Game_Other_variations""}"
lc_HhVqB,r1bqkb1r/pp3ppp/2n1p3/1B6/3Q4/4PN2/PP3PPP/R1B1K2R b KQkq - 2 10,"{""d8a5"",""f3d2"",""a5b5""}",queen,4,intermediate,Queen 4 · Fork,fork,Black to move.,1471,Club,"{""advantage"",""fork"",""opening"",""short""}","A fork — one piece attacks two enemy pieces at once, forcing a material win.",true,lichess,HhVqB,35838,95,"{""Semi-Slav_Defense"",""Semi-Slav_Defense_Main_Line""}"
lc_KwKzE,2k5/8/1p1R1p2/4n3/2P1P3/4K3/r2N4/8 b - - 4 50,"{""a2d2"",""d6d2"",""e5c4"",""e3e2"",""c4d2""}",queen,4,intermediate,Queen 4 · Fork,fork,Black to move.,1471,Club,"{""attraction"",""capturingDefender"",""crushing"",""endgame"",""fork"",""long""}","A fork — one piece attacks two enemy pieces at once, forcing a material win.",true,lichess,KwKzE,35804,95,{}
lc_yZUqX,5r1k/1p5p/2p5/2P1N3/3q4/6R1/4R1PK/8 w - - 11 37,"{""e5f7"",""f8f7"",""e2e8"",""f7f8"",""e8f8""}",queen,4,intermediate,Queen 4 · Mate In3,mateIn3,White to move.,1471,Club,"{""clearance"",""endgame"",""long"",""mate"",""mateIn3"",""sacrifice""}",Checkmate in three — calculate the forcing line all the way to mate.,true,lichess,yZUqX,34985,97,{}
lc_e8gT2,4r3/p5kp/2pr1p2/5p2/4qPp1/P3B3/2Q1KP2/2R3R1 b - - 1 34,"{""e4f3"",""e2f1"",""e8e3"",""g1g3"",""f3h1""}",queen,4,intermediate,Queen 4 · Pin,pin,Black to move.,1471,Club,"{""crushing"",""deflection"",""discoveredAttack"",""long"",""middlegame"",""pin""}",A pin — the attacked piece can't move without exposing a more valuable piece behind it.,true,lichess,e8gT2,34969,95,{}
lc_0Deuc,r4r2/pp2qpkp/2n1b1p1/3p2Q1/2pP3N/2P1R3/PP3PPP/R4BK1 w - - 8 20,"{""h4f5"",""e6f5"",""e3e7""}",queen,4,intermediate,Queen 4 · Pin,pin,White to move.,1471,Club,"{""crushing"",""middlegame"",""pin"",""short""}",A pin — the attacked piece can't move without exposing a more valuable piece behind it.,true,lichess,0Deuc,34740,96,"{""Russian_Game"",""Russian_Game_Other_variations""}"
lc_YbHNu,8/1Br3p1/1R5p/2r1n2P/P7/k3K3/8/1R6 b - - 4 51,"{""e5c4"",""e3d4"",""c4b6""}",queen,4,intermediate,Queen 4 · Fork,fork,Black to move.,1471,Club,"{""advantage"",""endgame"",""fork"",""short""}","A fork — one piece attacks two enemy pieces at once, forcing a material win.",true,lichess,YbHNu,34728,95,{}
lc_6rKZt,3r3k/6pp/3B3q/4Q2P/3PP3/2P5/6PK/8 b - - 4 38,"{""h6d6"",""e5d6"",""d8d6""}",queen,4,intermediate,Queen 4 · Endgame,endgame,Black to move.,1471,Club,"{""advantage"",""endgame"",""short""}",An endgame technique — precise play with few pieces where every tempo counts.,true,lichess,6rKZt,34639,95,{}
lc_rRczL,rn5k/pppbP1b1/6pp/6Nn/2p4K/2P5/PP4P1/RN3R2 w - - 1 28,"{""f1f8"",""g7f8"",""e7f8q""}",queen,4,intermediate,Queen 4 · Mate In2,mateIn2,White to move.,1471,Club,"{""advancedPawn"",""kingsideAttack"",""mate"",""mateIn2"",""middlegame"",""promotion"",""short""}",Checkmate in two — a forced sequence that delivers checkmate on move two.,true,lichess,rRczL,34217,97,{}
lc_l8gEo,r2k4/p1Rb1ppp/4p3/3pP3/N7/1r6/1P3PPP/R5K1 w - - 2 21,"{""c7d7"",""d8d7"",""a4c5"",""d7c8"",""c5b3""}",queen,4,intermediate,Queen 4 · Fork,fork,White to move.,1471,Club,"{""advantage"",""attraction"",""endgame"",""exposedKing"",""fork"",""long"",""sacrifice""}","A fork — one piece attacks two enemy pieces at once, forcing a material win.",true,lichess,l8gEo,33567,96,{}
lc_eViYE,2r1r1k1/1b1n1ppp/pp1p1b2/3Pp3/P1q1N3/1Q4P1/1P2NPBP/R4R1K w - - 0 18,"{""b3c4"",""c8c4"",""e4d6""}",queen,4,intermediate,Queen 4 · Advantage,advantage,White to move.,1471,Club,"{""advantage"",""middlegame"",""short""}",Find the strongest continuation and seize the advantage.,true,lichess,eViYE,33138,96,"{""English_Opening"",""English_Opening_Agincourt_Defense""}"
lc_QCqXQ,r4rk1/pppq1pp1/2n4p/4p3/1PP5/P2P1Q2/6PP/RNB2RK1 b - - 0 16,"{""d7d4"",""f3f2"",""d4a1"",""c1b2"",""a1a2""}",queen,4,intermediate,Queen 4 · Fork,fork,Black to move.,1471,Club,"{""advantage"",""fork"",""long"",""middlegame""}","A fork — one piece attacks two enemy pieces at once, forcing a material win.",true,lichess,QCqXQ,33126,96,"{""Italian_Game"",""Italian_Game_Two_Knights_Defense""}"
lc_KGSzo,2kr3r/ppp1qppp/5n2/2b1p3/N1BnP3/2PQB3/PP3PPP/R2R2K1 b - - 0 13,"{""d4f3"",""g2f3"",""d8d3""}",queen,4,intermediate,Queen 4 · Discovered Attack,discoveredAttack,Black to move.,1471,Club,"{""advantage"",""discoveredAttack"",""middlegame"",""short""}",A discovered attack — moving one piece uncovers a deadly attack from another.,true,lichess,KGSzo,32962,94,"{""Vienna_Game"",""Vienna_Game_Stanley_Variation""}"
lc_X7oAO,2r5/p4kr1/2b1p1p1/1p2P1R1/3PqP2/4B2Q/PPRK3P/8 b - - 4 33,"{""e4c2"",""d2c2"",""c6g2"",""c2b3"",""g2h3""}",queen,4,intermediate,Queen 4 · Discovered Attack,discoveredAttack,Black to move.,1471,Club,"{""advantage"",""discoveredAttack"",""discoveredCheck"",""exposedKing"",""long"",""middlegame"",""sacrifice""}",A discovered attack — moving one piece uncovers a deadly attack from another.,true,lichess,X7oAO,32732,96,{}
lc_RcfNa,1r3rk1/5pbp/p2B1np1/q2P4/1p2P3/1P1Q3B/P3R1PP/1R4K1 b - - 0 21,"{""a5b6"",""g1h1"",""b6d6"",""e4e5"",""d6d5""}",queen,4,intermediate,Queen 4 · Fork,fork,Black to move.,1471,Club,"{""advantage"",""fork"",""long"",""middlegame""}","A fork — one piece attacks two enemy pieces at once, forcing a material win.",true,lichess,RcfNa,32509,95,{}
lc_UAMR2,r4rk1/p1p2pp1/1p1pq2b/8/2Q1P3/2NK4/PPP5/6RR w - - 2 22,"{""c4e6"",""f7e6"",""h1h6""}",queen,4,intermediate,Queen 4 · Pin,pin,White to move.,1471,Club,"{""advantage"",""middlegame"",""pin"",""short""}",A pin — the attacked piece can't move without exposing a more valuable piece behind it.,true,lichess,UAMR2,32503,95,{}
lc_z2uKd,8/R6p/3p1kp1/4b3/4K3/2p3P1/P4P1P/8 b - - 0 38,"{""c3c2"",""a7c7"",""d6d5"",""e4d3"",""e5c7""}",queen,4,intermediate,Queen 4 · Discovered Attack,discoveredAttack,Black to move.,1471,Club,"{""advancedPawn"",""advantage"",""discoveredAttack"",""endgame"",""long""}",A discovered attack — moving one piece uncovers a deadly attack from another.,true,lichess,z2uKd,32476,96,{}
lc_NN4q1,r2qk2r/ppp1b1p1/4p1p1/3pP1Pp/7n/2P1PP2/PP1N4/R1BQK1R1 w Qkq - 0 16,"{""d1a4"",""b7b5"",""a4h4""}",queen,4,intermediate,Queen 4 · Fork,fork,White to move.,1471,Club,"{""advantage"",""fork"",""middlegame"",""short""}","A fork — one piece attacks two enemy pieces at once, forcing a material win.",true,lichess,NN4q1,32162,96,"{""Queens_Pawn_Game"",""Queens_Pawn_Game_Chigorin_Variation""}"
lc_3v4Hj,2rb4/1b5k/p2pp1pp/5p2/1n1P1P1P/4PBP1/1P1K3Q/4N3 b - - 1 34,"{""b7f3"",""e1f3"",""c8c2"",""d2d1"",""c2h2""}",queen,4,intermediate,Queen 4 · Skewer,skewer,Black to move.,1471,Club,"{""crushing"",""long"",""middlegame"",""skewer""}","A skewer — the higher-value piece is forced to move, losing the piece behind it.",true,lichess,3v4Hj,32040,96,{}
lc_2VsJU,r1b1k2r/1p4pp/p3p3/2b1q3/6n1/1QNRB3/PP3PPP/4KB1R w Kkq - 4 17,"{""b3a4"",""b7b5"",""a4g4""}",queen,4,intermediate,Queen 4 · Fork,fork,White to move.,1471,Club,"{""crushing"",""fork"",""middlegame"",""short""}","A fork — one piece attacks two enemy pieces at once, forcing a material win.",true,lichess,2VsJU,32040,95,"{""Sicilian_Defense"",""Sicilian_Defense_Delayed_Alapin""}"
lc_4nfK5,r7/pp1b2RB/2nk3r/2pp4/8/2P2N2/PPK3P1/3R4 b - - 1 26,"{""h6h7"",""g7h7"",""d7f5"",""c2d2"",""f5h7""}",queen,4,intermediate,Queen 4 · Fork,fork,Black to move.,1471,Club,"{""advantage"",""attraction"",""fork"",""long"",""middlegame"",""sacrifice""}","A fork — one piece attacks two enemy pieces at once, forcing a material win.",true,lichess,4nfK5,31651,95,{}
lc_vyvIG,r7/8/3p1k2/2p1p1p1/b4p2/5P2/2BNKBP1/R7 b - - 1 40,"{""a4b5"",""c2d3"",""b5d3""}",queen,4,intermediate,Queen 4 · Endgame,endgame,Black to move.,1471,Club,"{""advantage"",""endgame"",""short""}",An endgame technique — precise play with few pieces where every tempo counts.,true,lichess,vyvIG,31344,97,{}
lc_vXodk,1r6/r2k2p1/2Rbp2p/p4p2/P2P4/5P1P/3B2P1/2R3K1 w - - 1 27,"{""c6d6"",""d7d6"",""d2f4"",""d6e7"",""f4b8""}",queen,4,intermediate,Queen 4 · Skewer,skewer,White to move.,1472,Club,"{""attraction"",""crushing"",""endgame"",""long"",""sacrifice"",""skewer""}","A skewer — the higher-value piece is forced to move, losing the piece behind it.",true,lichess,vXodk,36231,95,{}
lc_P5iDL,6rr/pp1kp1Qp/2np2p1/q1pN1bP1/8/8/PPPP2PP/R1B2RK1 w - - 3 17,"{""d5f6"",""d7c7"",""f6g8""}",queen,4,intermediate,Queen 4 · Pin,pin,White to move.,1472,Club,"{""crushing"",""middlegame"",""pin"",""short""}",A pin — the attacked piece can't move without exposing a more valuable piece behind it.,true,lichess,P5iDL,35877,95,"{""Sicilian_Defense"",""Sicilian_Defense_Old_Sicilian""}"
lc_LQtvh,2kr3r/ppp2bp1/2pb1p2/5P2/3NP1pP/1P4B1/P1P3PK/3R1R2 b - - 6 20,"{""h8h4"",""h2g1"",""d6g3""}",queen,4,intermediate,Queen 4 · Pin,pin,Black to move.,1472,Club,"{""crushing"",""deflection"",""middlegame"",""pin"",""short""}",A pin — the attacked piece can't move without exposing a more valuable piece behind it.,true,lichess,LQtvh,34921,96,{}
lc_3nqD6,8/3Q2pk/1p3p1p/2b5/5P1P/6PK/3pr3/8 w - - 0 51,"{""d7d3"",""f6f5"",""d3e2""}",queen,4,intermediate,Queen 4 · Fork,fork,White to move.,1472,Club,"{""crushing"",""endgame"",""fork"",""short""}","A fork — one piece attacks two enemy pieces at once, forcing a material win.",true,lichess,3nqD6,34751,96,{}
lc_8ZbK3,r5k1/1p5r/3N4/p2PpNb1/4Pp2/P7/1P2KB2/2R5 b - - 0 41,"{""f4f3"",""e2f3"",""g5c1""}",queen,4,intermediate,Queen 4 · Discovered Attack,discoveredAttack,Black to move.,1472,Club,"{""advantage"",""discoveredAttack"",""middlegame"",""short""}",A discovered attack — moving one piece uncovers a deadly attack from another.,true,lichess,8ZbK3,34517,95,{}
lc_J02zG,R2b1rk1/5ppp/1q1Q1n2/2BP4/4P3/2N2P1P/1P4P1/6K1 b - - 0 25,"{""b6d6"",""c5d6"",""d8b6"",""g1f1"",""f8a8""}",queen,4,intermediate,Queen 4 · Discovered Attack,discoveredAttack,Black to move.,1472,Club,"{""advantage"",""clearance"",""discoveredAttack"",""long"",""middlegame""}",A discovered attack — moving one piece uncovers a deadly attack from another.,true,lichess,J02zG,34327,95,{}
lc_trB0A,3r1rk1/ppp2pp1/7p/2q1pN2/3nP3/1P1P4/1PP2QPP/2R2RK1 b - - 8 18,"{""d4e2"",""g1h1"",""c5f2"",""f1f2"",""e2c1""}",queen,4,intermediate,Queen 4 · Pin,pin,Black to move.,1472,Club,"{""crushing"",""deflection"",""discoveredAttack"",""long"",""middlegame"",""pin""}",A pin — the attacked piece can't move without exposing a more valuable piece behind it.,true,lichess,trB0A,34303,96,"{""Italian_Game"",""Italian_Game_Giuoco_Pianissimo""}"
lc_6Id8M,3k4/3n4/p7/3Qp1n1/P7/6qP/1PP3P1/3R2K1 b - - 2 27,"{""g5h3"",""g1h1"",""h3f2""}",queen,4,intermediate,Queen 4 · Pin,pin,Black to move.,1472,Club,"{""advantage"",""endgame"",""pin"",""short""}",A pin — the attacked piece can't move without exposing a more valuable piece behind it.,true,lichess,6Id8M,34055,95,{}
lc_asjF2,rnb1kb1r/p3pppp/2p2n2/3q4/B7/5N2/PPPP1PPP/RNBQK2R b KQkq - 3 6,"{""d5e4"",""d1e2"",""e4a4""}",queen,4,intermediate,Queen 4 · Fork,fork,Black to move.,1472,Club,"{""advantage"",""fork"",""opening"",""short""}","A fork — one piece attacks two enemy pieces at once, forcing a material win.",true,lichess,asjF2,33721,97,"{""Scandinavian_Defense"",""Scandinavian_Defense_Modern_Variation""}"
lc_sg4lo,5rk1/5rp1/bp5p/p2Pp3/Pqp1P3/2N4P/1P1Q2P1/R4RK1 b - - 2 27,"{""b4c5"",""g1h2"",""f7f1"",""a1f1"",""f8f1""}",queen,4,intermediate,Queen 4 · Deflection,deflection,Black to move.,1472,Club,"{""crushing"",""deflection"",""kingsideAttack"",""long"",""middlegame""}",A deflection — lure a defending piece away from the square it was guarding.,true,lichess,sg4lo,33512,95,{}
lc_XAOnM,5rkb/pp2Qp1p/5Pp1/4p3/8/7P/5qP1/3R3K w - - 3 27,"{""e7f8"",""g8f8"",""d1d8""}",queen,4,intermediate,Queen 4 · Mate In2,mateIn2,White to move.,1472,Club,"{""attraction"",""endgame"",""mate"",""mateIn2"",""sacrifice"",""short""}",Checkmate in two — a forced sequence that delivers checkmate on move two.,true,lichess,XAOnM,32887,95,{}
lc_0zbMk,r3r3/pbp2k2/1p2p3/3pq2p/7R/2PQPP2/PP4P1/2KR4 w - - 2 22,"{""d3h7"",""f7f8"",""h4f4"",""e5f4"",""e3f4""}",queen,4,intermediate,Queen 4 · Crushing,crushing,White to move.,1472,Club,"{""crushing"",""long"",""middlegame""}",Find the strongest continuation and seize the advantage.,true,lichess,0zbMk,32808,95,{}
lc_iPtiB,8/6p1/6p1/1pPk4/1r1p1RPP/5P2/4K3/8 b - - 1 45,"{""d4d3"",""e2d3"",""b4f4""}",queen,4,intermediate,Queen 4 · Discovered Attack,discoveredAttack,Black to move.,1472,Club,"{""crushing"",""discoveredAttack"",""endgame"",""rookEndgame"",""short""}",A discovered attack — moving one piece uncovers a deadly attack from another.,true,lichess,iPtiB,32479,95,{}
lc_CO7WX,2rq1rk1/pp2pp1p/3p1p1b/3Nn3/2Q1P3/P7/1P3PPP/R3KB1R w KQ - 1 15,"{""c4c8"",""d8c8"",""d5e7"",""g8g7"",""e7c8""}",queen,4,intermediate,Queen 4 · Fork,fork,White to move.,1472,Club,"{""advantage"",""attraction"",""fork"",""long"",""middlegame"",""sacrifice""}","A fork — one piece attacks two enemy pieces at once, forcing a material win.",true,lichess,CO7WX,32229,95,"{""Sicilian_Defense"",""Sicilian_Defense_Delayed_Alapin""}"
lc_ArwqM,r2q1r1k/1pp1n1p1/p2bQ2B/5p2/3P4/P2B3P/1P3PP1/R4RK1 b - - 0 17,"{""f8f6"",""h6g7"",""h8g7""}",queen,4,intermediate,Queen 4 · Advantage,advantage,Black to move.,1472,Club,"{""advantage"",""middlegame"",""short""}",Find the strongest continuation and seize the advantage.,true,lichess,ArwqM,32119,95,"{""Indian_Defense"",""Indian_Defense_Normal_Variation""}"
lc_aSktQ,5rk1/1r1R1ppp/2p5/pq6/8/1P3Q2/P5PP/5R1K w - - 2 30,"{""f3f7"",""f8f7"",""d7d8"",""f7f8"",""d8f8""}",queen,4,intermediate,Queen 4 · Mate In3,mateIn3,White to move.,1472,Club,"{""endgame"",""long"",""mate"",""mateIn3"",""sacrifice""}",Checkmate in three — calculate the forcing line all the way to mate.,true,lichess,aSktQ,31610,95,{}
lc_9vepo,k5r1/p1p1rp2/R4n2/2p5/4P2p/1QNP2qP/1P4P1/3R2K1 w - - 1 30,"{""a6a7"",""a8a7"",""d1a1""}",queen,4,intermediate,Queen 4 · Mate In2,mateIn2,White to move.,1472,Club,"{""attraction"",""mate"",""mateIn2"",""middlegame"",""queensideAttack"",""sacrifice"",""short""}",Checkmate in two — a forced sequence that delivers checkmate on move two.,true,lichess,9vepo,31476,96,{}
lc_btIza,8/5p1k/p7/1pp1p2p/3PNq1b/2P4P/PPB3R1/6K1 w - - 9 34,"{""e4f6"",""h7h6"",""f6g8""}",queen,4,intermediate,Queen 4 · Mate In2,mateIn2,White to move.,1472,Club,"{""discoveredCheck"",""doubleCheck"",""endgame"",""mate"",""mateIn2"",""short""}",Checkmate in two — a forced sequence that delivers checkmate on move two.,true,lichess,btIza,31277,95,{}
lc_JBtUY,1k1r3r/2p4q/pPP5/5Rp1/3Pp3/1QP1P1b1/1B2B2n/RN4K1 b - - 0 24,"{""h2f3"",""e2f3"",""h7h2"",""g1f1"",""h2f2""}",queen,4,intermediate,Queen 4 · Mate In3,mateIn3,Black to move.,1473,Club,"{""clearance"",""exposedKing"",""kingsideAttack"",""long"",""mate"",""mateIn3"",""middlegame"",""sacrifice""}",Checkmate in three — calculate the forcing line all the way to mate.,true,lichess,JBtUY,48670,95,{}
lc_Btw4w,1r2r2k/2p1P1pp/p1Q5/1p6/6q1/2P3B1/P1P4P/5RK1 w - - 3 26,"{""c6e8"",""b8e8"",""f1f8"",""e8f8"",""e7f8q""}",queen,4,intermediate,Queen 4 · Mate In3,mateIn3,White to move.,1473,Club,"{""advancedPawn"",""endgame"",""long"",""mate"",""mateIn3"",""promotion"",""sacrifice""}",Checkmate in three — calculate the forcing line all the way to mate.,true,lichess,Btw4w,38442,96,{}
lc_Udkj5,8/p4q1k/1p4pp/2p4P/3n4/1P1Q2P1/r4PB1/5RK1 w - - 0 36,"{""h5g6"",""f7g6"",""g2e4""}",queen,4,intermediate,Queen 4 · Fork,fork,White to move.,1473,Club,"{""crushing"",""endgame"",""fork"",""pin"",""short""}","A fork — one piece attacks two enemy pieces at once, forcing a material win.",true,lichess,Udkj5,35983,95,{}
lc_wqYst,8/PR6/8/r2kp1p1/3p2P1/3K4/5P2/8 w - - 6 46,"{""b7b5"",""a5b5"",""a7a8q""}",queen,4,intermediate,Queen 4 · Deflection,deflection,White to move.,1473,Club,"{""advancedPawn"",""crushing"",""deflection"",""endgame"",""promotion"",""rookEndgame"",""short""}",A deflection — lure a defending piece away from the square it was guarding.,true,lichess,wqYst,35765,96,{}
lc_5TWPd,2r3k1/3R1ppp/p7/1p2P3/2r1q1P1/7B/PP1Q3P/K3R3 b - - 0 26,"{""e4e1"",""d2e1"",""c4c1"",""e1c1"",""c8c1""}",queen,4,intermediate,Queen 4 · Mate In3,mateIn3,Black to move.,1473,Club,"{""backRankMate"",""fork"",""long"",""mate"",""mateIn3"",""middlegame"",""sacrifice""}",Checkmate in three — calculate the forcing line all the way to mate.,true,lichess,5TWPd,35578,95,{}
lc_0WPYk,8/1p3p1p/p2p1kp1/r2Pp3/P1r5/2P4P/1P1R1KP1/R7 w - - 7 34,"{""b2b4"",""a5a4"",""a1a4""}",queen,4,intermediate,Queen 4 · Trapped Piece,trappedPiece,White to move.,1473,Club,"{""advantage"",""endgame"",""rookEndgame"",""short"",""trappedPiece""}",A trapped piece — the enemy piece has no safe squares and can be won.,true,lichess,0WPYk,35543,95,{}
lc_6UwOV,r1b1r3/p4q1k/1p3p1p/2p5/4p2n/7B/PPPN1P1Q/R5RK w - - 0 27,"{""h3c8"",""a8c8"",""h2h4""}",queen,4,intermediate,Queen 4 · Discovered Attack,discoveredAttack,White to move.,1473,Club,"{""advantage"",""discoveredAttack"",""master"",""middlegame"",""short""}",A discovered attack — moving one piece uncovers a deadly attack from another.,true,lichess,6UwOV,35228,95,{}
lc_orvuF,6rk/p4Qpp/2p1N1r1/8/3PP3/P5qP/6P1/5R1K w - - 7 33,"{""f7g8"",""h8g8"",""f1f8""}",queen,4,intermediate,Queen 4 · Mate In2,mateIn2,White to move.,1473,Club,"{""attraction"",""endgame"",""mate"",""mateIn2"",""sacrifice"",""short""}",Checkmate in two — a forced sequence that delivers checkmate on move two.,true,lichess,orvuF,35034,96,{}
lc_aQzDx,r5k1/2q2ppp/p2b4/1p1Q1P2/3p4/3B3P/PPP3P1/4rRK1 w - - 0 22,"{""d5a8"",""c7b8"",""a8b8"",""d6b8"",""f1e1""}",queen,4,intermediate,Queen 4 · Hanging Piece,hangingPiece,White to move.,1473,Club,"{""crushing"",""hangingPiece"",""long"",""middlegame""}",A hanging piece — an undefended enemy piece is free to capture.,true,lichess,aQzDx,34904,95,{}
lc_jZIco,rn5r/pp3Rp1/1kp4p/2q1p3/8/4Q3/1PP3PP/2KR4 w - - 4 23,"{""f7b7"",""b6b7"",""e3c5""}",queen,4,intermediate,Queen 4 · Deflection,deflection,White to move.,1473,Club,"{""advantage"",""deflection"",""middlegame"",""short""}",A deflection — lure a defending piece away from the square it was guarding.,true,lichess,jZIco,34727,97,{}
lc_L2RgQ,5k2/3R4/8/8/8/Pn1pB2P/2r3P1/4K3 b - - 3 37,"{""c2e2"",""e1d1"",""e2e3""}",queen,4,intermediate,Queen 4 · Fork,fork,Black to move.,1473,Club,"{""advantage"",""endgame"",""fork"",""short""}","A fork — one piece attacks two enemy pieces at once, forcing a material win.",true,lichess,L2RgQ,34487,96,{}
lc_xZnu4,4rrk1/p6p/N1P5/bP1n2p1/3P4/4P1PP/1BR5/5RK1 b - - 0 34,"{""f8f1"",""g1f1"",""d5e3"",""f1e2"",""e3c2""}",queen,4,intermediate,Queen 4 · Fork,fork,Black to move.,1473,Club,"{""advantage"",""attraction"",""discoveredAttack"",""discoveredCheck"",""exposedKing"",""fork"",""intermezzo"",""long"",""middlegame""}","A fork — one piece attacks two enemy pieces at once, forcing a material win.",true,lichess,xZnu4,34306,96,{}
lc_YBpCv,3r3k/p5p1/1p4Qp/8/8/P3pPR1/BP3qPP/6RK b - - 1 33,"{""f2g1"",""h1g1"",""d8d1""}",queen,4,intermediate,Queen 4 · Mate In2,mateIn2,Black to move.,1473,Club,"{""attraction"",""endgame"",""mate"",""mateIn2"",""sacrifice"",""short""}",Checkmate in two — a forced sequence that delivers checkmate on move two.,true,lichess,YBpCv,33639,96,{}
lc_tnOeJ,2r2rk1/5ppn/pq2p2p/1p2P3/4Q2B/2P5/PP3PPP/R4RK1 b - - 0 21,"{""c8c4"",""e4e2"",""c4h4""}",queen,4,intermediate,Queen 4 · Skewer,skewer,Black to move.,1473,Club,"{""advantage"",""middlegame"",""short"",""skewer""}","A skewer — the higher-value piece is forced to move, losing the piece behind it.",true,lichess,tnOeJ,33166,95,{}
lc_tQMUy,rnbq1rk1/pp1pbppp/2p2n2/4N3/4P3/3P2P1/PPP2PBP/RNBQK2R b KQ - 1 6,"{""d8a5"",""b1c3"",""a5e5""}",queen,4,intermediate,Queen 4 · Fork,fork,Black to move.,1473,Club,"{""advantage"",""fork"",""opening"",""short""}","A fork — one piece attacks two enemy pieces at once, forcing a material win.",true,lichess,tQMUy,33029,94,"{""Russian_Game"",""Russian_Game_Other_variations""}"
lc_w7RHA,4r1k1/5pp1/p3q2p/3N4/2P5/6QP/P4PPK/8 w - - 5 33,"{""d5c7"",""e6c6"",""c7e8""}",queen,4,intermediate,Queen 4 · Fork,fork,White to move.,1473,Club,"{""advantage"",""endgame"",""fork"",""short""}","A fork — one piece attacks two enemy pieces at once, forcing a material win.",true,lichess,w7RHA,32848,95,{}
lc_abrbG,r4rk1/1pp2p2/p4q1p/2Pnp3/4R3/P4Q1P/1PP2PP1/R5K1 w - - 1 19,"{""e4g4"",""g8h8"",""f3d5""}",queen,4,intermediate,Queen 4 · Discovered Attack,discoveredAttack,White to move.,1473,Club,"{""advantage"",""discoveredAttack"",""middlegame"",""short""}",A discovered attack — moving one piece uncovers a deadly attack from another.,true,lichess,abrbG,32828,96,"{""Three_Knights_Opening"",""Three_Knights_Opening_Other_variations""}"
lc_ZSjcA,r7/p3kpp1/1pP1p3/3pP3/P2P2P1/2P2Pq1/5QPr/R4RK1 b - - 2 28,"{""h2h1"",""g1h1"",""a8h8"",""h1g1"",""g3h2""}",queen,4,intermediate,Queen 4 · Mate In3,mateIn3,Black to move.,1473,Club,"{""attraction"",""endgame"",""kingsideAttack"",""long"",""mate"",""mateIn3"",""sacrifice""}",Checkmate in three — calculate the forcing line all the way to mate.,true,lichess,ZSjcA,32611,95,{}
lc_6CWjc,8/1bk5/3q1b2/3pp1pP/1Q2P3/1P1B2B1/2P3PK/r7 w - - 1 38,"{""b4c3"",""c7d8"",""c3a1""}",queen,4,intermediate,Queen 4 · Fork,fork,White to move.,1473,Club,"{""advantage"",""fork"",""master"",""middlegame"",""short""}","A fork — one piece attacks two enemy pieces at once, forcing a material win.",true,lichess,6CWjc,32432,97,{}
lc_M5EuC,2k3rr/1p6/p1np1p2/2pN1q2/Q1P4p/7P/PP3PP1/3R1RK1 w - - 0 24,"{""a4c6"",""b7c6"",""d5e7"",""c8c7"",""e7f5""}",queen,4,intermediate,Queen 4 · Fork,fork,White to move.,1473,Club,"{""crushing"",""fork"",""long"",""middlegame"",""sacrifice""}","A fork — one piece attacks two enemy pieces at once, forcing a material win.",true,lichess,M5EuC,32038,95,{}
lc_RZpdG,r4r2/1b2kpQR/p3pqn1/1p1P4/4P3/P1N5/1P3PP1/1K6 w - - 1 31,"{""d5d6"",""e7d6"",""g7f6""}",queen,4,intermediate,Queen 4 · Deflection,deflection,White to move.,1473,Club,"{""crushing"",""deflection"",""middlegame"",""short""}",A deflection — lure a defending piece away from the square it was guarding.,true,lichess,RZpdG,32033,96,{}
lc_NhoTO,Q3b3/4bkp1/1q2np1p/NPp1p3/2P1P3/4BP1P/4B1P1/7K b - - 6 35,"{""e6c7"",""a8c8"",""b6a5""}",queen,4,intermediate,Queen 4 · Advantage,advantage,Black to move.,1473,Club,"{""advantage"",""middlegame"",""short""}",Find the strongest continuation and seize the advantage.,true,lichess,NhoTO,32023,96,{}
lc_J4YOV,5r1k/1p4p1/1p5p/p2p4/3Bn1q1/PQ6/1P1N1PPP/4R1K1 b - - 0 24,"{""e4d2"",""b3d5"",""d2f3"",""d5f3"",""f8f3""}",queen,4,intermediate,Queen 4 · Pin,pin,Black to move.,1473,Club,"{""crushing"",""kingsideAttack"",""long"",""middlegame"",""pin""}",A pin — the attacked piece can't move without exposing a more valuable piece behind it.,true,lichess,J4YOV,31894,95,{}
lc_DPFaH,7k/p1p2bp1/1p6/4BP1p/3P2p1/2P1QqP1/1P5P/6K1 w - - 3 36,"{""e3h6"",""h8g8"",""h6g7""}",queen,4,intermediate,Queen 4 · Mate In2,mateIn2,White to move.,1473,Club,"{""endgame"",""mate"",""mateIn2"",""pin"",""short""}",Checkmate in two — a forced sequence that delivers checkmate on move two.,true,lichess,DPFaH,31456,97,{}
lc_gFLCr,4r1k1/1pq2p1p/6p1/Pp1P4/2p2P2/R1Q5/6PP/5RK1 b - - 1 29,"{""c7c5"",""g1h1"",""b5b4"",""c3c1"",""b4a3""}",queen,4,intermediate,Queen 4 · Fork,fork,Black to move.,1473,Club,"{""crushing"",""endgame"",""fork"",""long""}","A fork — one piece attacks two enemy pieces at once, forcing a material win.",true,lichess,gFLCr,31396,95,{}
lc_XXVi8,r5nB/pQp1k2p/2npb3/6q1/4P3/8/P2N3P/2KR1R2 b - - 0 17,"{""g5c5"",""c1b2"",""a8b8"",""b7b8"",""c6b8""}",queen,5,intermediate,Queen 5 · Pin,pin,Black to move.,1473,Club,"{""crushing"",""long"",""middlegame"",""pin""}",A pin — the attacked piece can't move without exposing a more valuable piece behind it.,true,lichess,XXVi8,31310,96,"{""Danish_Gambit_Accepted"",""Danish_Gambit_Accepted_Copenhagen_Defense""}"
lc_jftKc,2n1rk2/5qp1/2p1Qp1p/1p1p4/3P4/2P2PP1/2B3KP/4R3 w - - 4 34,"{""e6f7"",""f8f7"",""c2g6"",""f7g6"",""e1e8""}",queen,5,intermediate,Queen 5 · Deflection,deflection,White to move.,1473,Club,"{""advantage"",""attraction"",""deflection"",""endgame"",""long""}",A deflection — lure a defending piece away from the square it was guarding.,true,lichess,jftKc,31251,96,{}
lc_hXUzs,8/6R1/5p1k/7r/6KP/4P3/5P2/8 b - - 0 35,"{""f6f5"",""g4f4"",""h6g7""}",queen,5,intermediate,Queen 5 · Rook Endgame,rookEndgame,Black to move.,1474,Club,"{""crushing"",""endgame"",""intermezzo"",""rookEndgame"",""short""}",A rook endgame — master the Lucena and Philidor ideas to convert.,true,lichess,hXUzs,37198,95,{}
lc_VrQtA,5rk1/4ppbp/3q2p1/1pB5/r2PQ3/P3P3/5PPP/R4RK1 b - - 0 24,"{""d6c5"",""d4c5"",""a4e4""}",queen,5,intermediate,Queen 5 · Advantage,advantage,Black to move.,1474,Club,"{""advantage"",""middlegame"",""short""}",Find the strongest continuation and seize the advantage.,true,lichess,VrQtA,36476,96,{}
lc_1cyms,r1bqrbk1/ppp2ppp/3p1n2/2n2N2/4PP2/1BN3Q1/PPP3PP/R1B2RK1 w - - 7 13,"{""f5h6"",""g8h8"",""h6f7""}",queen,5,intermediate,Queen 5 · Pin,pin,White to move.,1474,Club,"{""crushing"",""deflection"",""kingsideAttack"",""opening"",""pin"",""short""}",A pin — the attacked piece can't move without exposing a more valuable piece behind it.,true,lichess,1cyms,36331,95,"{""Four_Knights_Game"",""Four_Knights_Game_Italian_Variation""}"
lc_MgDfo,3r1k2/1b3rb1/pR6/5p1P/2P1pP2/2N1K3/PP3N2/6R1 b - - 0 28,"{""g7d4"",""e3e2"",""d4b6""}",queen,5,intermediate,Queen 5 · Fork,fork,Black to move.,1474,Club,"{""crushing"",""fork"",""middlegame"",""short""}","A fork — one piece attacks two enemy pieces at once, forcing a material win.",true,lichess,MgDfo,35578,96,{}
lc_cDfcn,5q1k/7P/3r1pp1/p3Q3/6r1/8/PP6/1K3R1R b - - 0 35,"{""d6d1"",""f1d1"",""f6e5""}",queen,5,intermediate,Queen 5 · Endgame,endgame,Black to move.,1474,Club,"{""crushing"",""endgame"",""intermezzo"",""short""}",An endgame technique — precise play with few pieces where every tempo counts.,true,lichess,cDfcn,35509,96,{}
lc_EIm37,2R2r1k/1p4pp/3Q4/1P1Np1qn/8/4Nn2/P5PP/4R2K b - - 1 25,"{""h5g3"",""h2g3"",""g5h5""}",queen,5,intermediate,Queen 5 · Mate In2,mateIn2,Black to move.,1474,Club,"{""clearance"",""mate"",""mateIn2"",""middlegame"",""sacrifice"",""short""}",Checkmate in two — a forced sequence that delivers checkmate on move two.,true,lichess,EIm37,35183,96,{}
lc_wIqak,r4rk1/ppp2pbp/6p1/2P5/4NP2/1b4PP/1q1Q1PB1/3RK2R w K - 1 19,"{""d2b2"",""g7b2"",""d1b1""}",queen,5,intermediate,Queen 5 · Advantage,advantage,White to move.,1474,Club,"{""advantage"",""middlegame"",""short""}",Find the strongest continuation and seize the advantage.,true,lichess,wIqak,34634,96,"{""Indian_Defense"",""Indian_Defense_Other_variations""}"
lc_RUYgt,6k1/p3q2p/1p4p1/5nP1/1P3p2/P7/4RKP1/7Q b - - 0 43,"{""e7e2"",""f2e2"",""f5g3"",""e2f3"",""g3h1""}",queen,5,intermediate,Queen 5 · Fork,fork,Black to move.,1474,Club,"{""attraction"",""crushing"",""endgame"",""fork"",""long"",""sacrifice""}","A fork — one piece attacks two enemy pieces at once, forcing a material win.",true,lichess,RUYgt,34372,96,{}
lc_00aDl,r5k1/1p3p2/2p1ppp1/3p4/2nP4/1QB4P/rPP1BPP1/qNKR3R b - - 4 22,"{""a1b1"",""c1b1"",""a2a1""}",queen,5,intermediate,Queen 5 · Mate In2,mateIn2,Black to move.,1474,Club,"{""attraction"",""mate"",""mateIn2"",""middlegame"",""queensideAttack"",""sacrifice"",""short""}",Checkmate in two — a forced sequence that delivers checkmate on move two.,true,lichess,00aDl,34255,95,{}
lc_Ya8KG,5r1k/1p2r2p/4Bn2/2pP2Q1/2P5/pP4RP/P5PK/3q4 w - - 9 32,"{""g5f6"",""f8f6"",""g3g8""}",queen,5,intermediate,Queen 5 · Mate In2,mateIn2,White to move.,1474,Club,"{""clearance"",""mate"",""mateIn2"",""middlegame"",""operaMate"",""sacrifice"",""short""}",Checkmate in two — a forced sequence that delivers checkmate on move two.,true,lichess,Ya8KG,33846,95,{}
lc_fTtgC,8/8/nPnN2pp/P1P1k3/6P1/1K5P/8/8 b - - 4 47,"{""a6c5"",""b3c4"",""e5d6""}",queen,5,intermediate,Queen 5 · Knight Endgame,knightEndgame,Black to move.,1474,Club,"{""crushing"",""endgame"",""knightEndgame"",""short""}",A knight endgame — calculate carefully; knights are slow to switch wings.,true,lichess,fTtgC,33801,95,{}
lc_YN1Uf,3r3k/4b2p/p4qp1/8/2PrQp2/1P6/P4PPP/R3R1K1 w - - 0 32,"{""e4e7"",""f6e7"",""e1e7"",""d4d1"",""e7e1""}",queen,5,intermediate,Queen 5 · Advantage,advantage,White to move.,1474,Club,"{""advantage"",""long"",""middlegame""}",Find the strongest continuation and seize the advantage.,true,lichess,YN1Uf,33764,95,{}
lc_e5tHI,r3r2k/2R2Qpp/p7/P7/8/B2P4/2n1qPPP/5RK1 b - - 0 28,"{""e2f1"",""g1f1"",""e8e1""}",queen,5,intermediate,Queen 5 · Mate In2,mateIn2,Black to move.,1474,Club,"{""attraction"",""mate"",""mateIn2"",""middlegame"",""sacrifice"",""short""}",Checkmate in two — a forced sequence that delivers checkmate on move two.,true,lichess,e5tHI,33483,96,{}
lc_9YK3W,b1r5/8/5r2/NpPp2kp/1P1Kp3/4P1B1/5P2/7R w - - 10 39,"{""g3h4"",""g5f5"",""h4f6""}",queen,5,intermediate,Queen 5 · Skewer,skewer,White to move.,1474,Club,"{""crushing"",""endgame"",""short"",""skewer""}","A skewer — the higher-value piece is forced to move, losing the piece behind it.",true,lichess,9YK3W,33393,96,{}
lc_vU3mq,r2r2k1/pp3ppp/2n1b3/8/4P3/P1BBQ1qP/1P4P1/2R1R1K1 b - - 0 24,"{""d8d3"",""e3g3"",""d3g3""}",queen,5,intermediate,Queen 5 · Advantage,advantage,Black to move.,1474,Club,"{""advantage"",""middlegame"",""short""}",Find the strongest continuation and seize the advantage.,true,lichess,vU3mq,33370,95,{}
lc_V4xVb,1Q6/5ppk/1P1r3p/6r1/5q2/3p3P/3N1PP1/3R1RK1 b - - 0 30,"{""g5g2"",""g1g2"",""d6g6"",""g2h1"",""f4b8""}",queen,5,intermediate,Queen 5 · Discovered Attack,discoveredAttack,Black to move.,1474,Club,"{""advantage"",""attraction"",""discoveredAttack"",""long"",""middlegame"",""sacrifice""}",A discovered attack — moving one piece uncovers a deadly attack from another.,true,lichess,V4xVb,33004,95,{}
lc_ubk11,8/8/4kPK1/7p/7P/3b4/8/8 w - - 8 71,"{""g6g7"",""d3f5"",""f6f7""}",queen,5,intermediate,Queen 5 · Advanced Pawn,advancedPawn,White to move.,1474,Club,"{""advancedPawn"",""bishopEndgame"",""crushing"",""defensiveMove"",""endgame"",""short""}",An advanced pawn — push the passer or use its threats to win material.,true,lichess,ubk11,31727,94,{}
lc_zDFoH,5k2/1p1b1p2/2pp3r/1P2PPn1/2PP2B1/r1N3Pp/2R4K/4R3 b - - 0 34,"{""d7f5"",""g4f5"",""g5f3"",""h2h1"",""f3e1""}",queen,5,intermediate,Queen 5 · Fork,fork,Black to move.,1474,Club,"{""crushing"",""fork"",""long"",""middlegame"",""sacrifice""}","A fork — one piece attacks two enemy pieces at once, forcing a material win.",true,lichess,zDFoH,31509,96,{}
lc_QvXXG,8/2Q5/4ppkp/1p6/p3qP1P/P1P3PK/8/8 w - - 0 39,"{""h4h5"",""g6h5"",""c7f7"",""e4g6"",""g3g4""}",queen,5,intermediate,Queen 5 · Mate In3,mateIn3,White to move.,1475,Club,"{""attraction"",""endgame"",""long"",""mate"",""mateIn3"",""queenEndgame""}",Checkmate in three — calculate the forcing line all the way to mate.,true,lichess,QvXXG,36903,95,{}
lc_YXO4g,rnb2rk1/pppp1ppp/5q2/3N4/1bP1P3/5Q2/PP1B1PPP/R3KB1R b KQ - 0 9,"{""b4d2"",""e1d2"",""f6b2""}",queen,5,intermediate,Queen 5 · Attraction,attraction,Black to move.,1475,Club,"{""attraction"",""crushing"",""opening"",""short""}",An attraction — force an enemy piece onto a square where it can be exploited.,true,lichess,YXO4g,36706,96,"{""Indian_Defense"",""Indian_Defense_Budapest_Defense""}"
lc_QXNeu,3r4/2Rb4/3p1pk1/1p1Pp3/1P2Pp2/6P1/4Q1P1/4KB1q w - - 3 33,"{""c7d7"",""d8d7"",""e2g4"",""g6h6"",""g4d7""}",queen,5,intermediate,Queen 5 · Fork,fork,White to move.,1475,Club,"{""attraction"",""crushing"",""endgame"",""fork"",""long"",""sacrifice""}","A fork — one piece attacks two enemy pieces at once, forcing a material win.",true,lichess,QXNeu,36672,95,{}
lc_NBrqC,r2qk2r/pp4pp/3bpB2/8/2p5/2N5/PPPQ1PPP/R4RK1 b kq - 0 13,"{""d6h2"",""g1h2"",""d8d2""}",queen,5,intermediate,Queen 5 · Discovered Attack,discoveredAttack,Black to move.,1475,Club,"{""crushing"",""discoveredAttack"",""kingsideAttack"",""middlegame"",""short""}",A discovered attack — moving one piece uncovers a deadly attack from another.,true,lichess,NBrqC,36234,95,"{""French_Defense"",""French_Defense_Exchange_Variation""}"
lc_ViRdh,2k3r1/1p4q1/p3R3/7p/3P1PrP/PR2Q2K/1P3P2/8 b - - 0 39,"{""g4h4"",""h3h4"",""g7g4""}",queen,5,intermediate,Queen 5 · Mate In2,mateIn2,Black to move.,1475,Club,"{""attraction"",""endgame"",""mate"",""mateIn2"",""sacrifice"",""short""}",Checkmate in two — a forced sequence that delivers checkmate on move two.,true,lichess,ViRdh,35647,96,{}
lc_ebjfR,3Q1nk1/p2q3p/1p2p1p1/4P3/2Bp4/1P5P/2P3P1/7K w - - 4 29,"{""d8d7"",""f8d7"",""c4e6"",""g8f8"",""e6d7""}",queen,5,intermediate,Queen 5 · Fork,fork,White to move.,1475,Club,"{""capturingDefender"",""crushing"",""endgame"",""fork"",""long""}","A fork — one piece attacks two enemy pieces at once, forcing a material win.",true,lichess,ebjfR,35549,95,{}
lc_BSj8h,r3kb1r/pppq2pp/2nppn2/6N1/4P3/N7/PB3PPP/R2Q1RK1 w kq - 2 11,"{""b2f6"",""g7f6"",""d1h5"",""e8d8"",""g5f7"",""d8c8"",""f7h8""}",queen,5,intermediate,Queen 5 · Fork,fork,White to move.,1475,Club,"{""advantage"",""exposedKing"",""fork"",""opening"",""veryLong""}","A fork — one piece attacks two enemy pieces at once, forcing a material win.",true,lichess,BSj8h,34970,96,"{""Danish_Gambit_Accepted"",""Danish_Gambit_Accepted_Other_variations""}"
lc_2eWKZ,1r4k1/1pp2pp1/p7/8/1PP1r3/7R/5PK1/R7 w - - 2 31,"{""a1h1"",""g8f8"",""h3h8"",""f8e7"",""h8b8""}",queen,5,intermediate,Queen 5 · Skewer,skewer,White to move.,1475,Club,"{""advantage"",""endgame"",""long"",""quietMove"",""rookEndgame"",""skewer""}","A skewer — the higher-value piece is forced to move, losing the piece behind it.",true,lichess,2eWKZ,34592,94,{}
lc_1Kmkq,8/1p6/p4p2/6k1/3P2p1/6K1/PP2rRPP/8 b - - 5 33,"{""e2e3"",""f2f3"",""g4f3""}",queen,5,intermediate,Queen 5 · Rook Endgame,rookEndgame,Black to move.,1475,Club,"{""crushing"",""endgame"",""rookEndgame"",""short""}",A rook endgame — master the Lucena and Philidor ideas to convert.,true,lichess,1Kmkq,34221,95,{}
lc_Yf0YJ,4Rnk1/ppp2pp1/8/3b2NR/8/8/r6P/5K2 w - - 1 27,"{""h5h8"",""g8h8"",""e8f8""}",queen,5,intermediate,Queen 5 · Mate In2,mateIn2,White to move.,1475,Club,"{""attraction"",""deflection"",""endgame"",""mate"",""mateIn2"",""sacrifice"",""short""}",Checkmate in two — a forced sequence that delivers checkmate on move two.,true,lichess,Yf0YJ,33225,96,{}
lc_smYHR,r7/p1p2k2/1p5p/3bB3/1P3P2/2P5/P4P1P/R5K1 b - - 2 25,"{""a8g8"",""g1f1"",""d5c4"",""f1e1"",""g8g1"",""e1d2"",""g1a1""}",queen,5,intermediate,Queen 5 · Skewer,skewer,Black to move.,1475,Club,"{""advantage"",""endgame"",""skewer"",""veryLong""}","A skewer — the higher-value piece is forced to move, losing the piece behind it.",true,lichess,smYHR,32820,97,{}
lc_C9nWh,r4r2/pp1k1Npp/2pb4/5p2/1PPPp3/BP2P3/3K1PPP/7R w - - 2 19,"{""f7d6"",""d7d6"",""b4b5""}",queen,5,intermediate,Queen 5 · Discovered Attack,discoveredAttack,White to move.,1475,Club,"{""advantage"",""discoveredAttack"",""discoveredCheck"",""endgame"",""short""}",A discovered attack — moving one piece uncovers a deadly attack from another.,true,lichess,C9nWh,31766,95,"{""Queens_Gambit_Declined"",""Queens_Gambit_Declined_Baltic_Defense""}"
lc_t8oLB,8/4kp1p/1q2p1p1/8/1P6/5PnP/5QP1/2R3K1 b - - 5 41,"{""g3e2"",""g1f1"",""b6f2"",""f1f2"",""e2c1""}",queen,5,intermediate,Queen 5 · Pin,pin,Black to move.,1475,Club,"{""advantage"",""endgame"",""long"",""pin""}",A pin — the attacked piece can't move without exposing a more valuable piece behind it.,true,lichess,t8oLB,31611,95,{}
lc_mTDTV,6k1/p2P1p1p/1pQ3p1/8/8/1P2r1qP/P3r1P1/1R4RK b - - 0 32,"{""g3h3"",""g2h3"",""e3h3""}",queen,5,intermediate,Queen 5 · Mate In2,mateIn2,Black to move.,1475,Club,"{""endgame"",""mate"",""mateIn2"",""sacrifice"",""short""}",Checkmate in two — a forced sequence that delivers checkmate on move two.,true,lichess,mTDTV,31435,96,{}
lc_3UHzo,8/2p5/2p5/p1PPK3/2k5/8/8/8 w - - 1 38,"{""d5d6"",""c7d6"",""c5d6"",""a5a4"",""d6d7"",""a4a3"",""d7d8q""}",queen,5,intermediate,Queen 5 · Promotion,promotion,White to move.,1475,Club,"{""advancedPawn"",""crushing"",""endgame"",""pawnEndgame"",""promotion"",""veryLong""}",Pawn promotion — advance the pawn to its final rank and choose your new piece wisely.,true,lichess,3UHzo,31350,94,{}
lc_23tlH,5rk1/2R2ppp/p7/1p2pQ2/3qP3/3P4/6PP/r4R1K w - - 1 26,"{""f5f7"",""f8f7"",""c7c8"",""d4d8"",""c8d8"",""f7f8"",""d8f8""}",queen,5,intermediate,Queen 5 · Sacrifice,sacrifice,White to move.,1475,Club,"{""endgame"",""master"",""mate"",""mateIn4"",""sacrifice"",""veryLong""}",A sacrifice — give up material to gain a decisive tactical or positional advantage.,true,lichess,23tlH,31337,95,{}
lc_wRW8D,rn1qkb1r/pQpbpppp/8/4P3/8/8/PPP2PPP/RNB1K1NR b KQkq - 0 9,"{""d7c6"",""b7b3"",""c6g2""}",queen,5,intermediate,Queen 5 · Interference,interference,Black to move.,1476,Club,"{""advantage"",""interference"",""opening"",""short""}",Interference — block the line between two enemy pieces to break their coordination.,true,lichess,wRW8D,38932,95,"{""Alekhine_Defense"",""Alekhine_Defense_Balogh_Variation""}"
lc_m66GJ,r5k1/p2r2p1/2N2p1p/2QP2q1/2P1R1b1/8/P4PPP/R5K1 b - - 0 24,"{""g4f3"",""g2g3"",""f3e4""}",queen,5,intermediate,Queen 5 · Pin,pin,Black to move.,1476,Club,"{""advantage"",""middlegame"",""pin"",""short""}",A pin — the attacked piece can't move without exposing a more valuable piece behind it.,true,lichess,m66GJ,38893,95,{}
lc_Bm17g,RQ6/5ppk/7p/4p3/4P2b/8/P4r2/1RB1n1K1 b - - 2 49,"{""e1f3"",""g1h1"",""f2h2""}",queen,5,intermediate,Queen 5 · Mate In2,mateIn2,Black to move.,1476,Club,"{""arabianMate"",""mate"",""mateIn2"",""middlegame"",""short""}",Checkmate in two — a forced sequence that delivers checkmate on move two.,true,lichess,Bm17g,38661,95,{}
lc_o3dEH,1rq2r1k/pn1bbpp1/2p4p/4Q3/BP2P3/P7/2P2PPP/RNB2RK1 b - - 0 17,"{""e7f6"",""e5g3"",""f6a1""}",queen,5,intermediate,Queen 5 · Skewer,skewer,Black to move.,1476,Club,"{""advantage"",""opening"",""short"",""skewer""}","A skewer — the higher-value piece is forced to move, losing the piece behind it.",true,lichess,o3dEH,36853,95,"{""Italian_Game"",""Italian_Game_Two_Knights_Defense""}"
lc_l7k44,6k1/8/2p2r2/p2p1p2/Pp1P1Rn1/1P4Q1/3K2Pq/2B5 w - - 3 41,"{""f4g4"",""f5g4"",""g3h2""}",queen,5,intermediate,Queen 5 · Endgame,endgame,White to move.,1476,Club,"{""crushing"",""endgame"",""short""}",An endgame technique — precise play with few pieces where every tempo counts.,true,lichess,l7k44,36764,95,{}
lc_0DIB4,rnb1r1k1/pp2Pp1p/6p1/q3b1B1/2P5/2N5/PPQ2PPP/R3KB1R b KQ - 2 12,"{""e5c3"",""c2c3"",""a5g5""}",queen,5,intermediate,Queen 5 · Discovered Attack,discoveredAttack,Black to move.,1476,Club,"{""crushing"",""discoveredAttack"",""opening"",""short""}",A discovered attack — moving one piece uncovers a deadly attack from another.,true,lichess,0DIB4,36444,95,"{""Kings_Indian_Defense"",""Kings_Indian_Defense_Zinnowitz_Variation""}"
lc_Zjw9r,r6k/2p2p1p/p2p1qrP/1p2p3/4P1bR/1P1P1NP1/1PP2PK1/R2Q4 b - - 6 21,"{""g4f3"",""d1f3"",""f6h4""}",queen,5,intermediate,Queen 5 · Fork,fork,Black to move.,1476,Club,"{""crushing"",""fork"",""middlegame"",""pin"",""short""}","A fork — one piece attacks two enemy pieces at once, forcing a material win.",true,lichess,Zjw9r,36214,95,{}
lc_PlWgk,2krr3/1pb3p1/p3b2p/2p5/Q1Np4/P2P1BPP/2P1KP2/1R6 b - - 0 32,"{""e6d7"",""e2d2"",""d7a4""}",queen,5,intermediate,Queen 5 · Discovered Attack,discoveredAttack,Black to move.,1476,Club,"{""crushing"",""discoveredAttack"",""discoveredCheck"",""middlegame"",""short""}",A discovered attack — moving one piece uncovers a deadly attack from another.,true,lichess,PlWgk,35532,95,{}
lc_WXXp1,r2q1r1k/pp3ppB/4b3/2np2b1/8/2N1P3/PPQ2PP1/R3K2R w KQ - 0 16,"{""h7g8"",""h8g8"",""c2h7""}",queen,5,intermediate,Queen 5 · Mate In2,mateIn2,White to move.,1476,Club,"{""attraction"",""discoveredAttack"",""discoveredCheck"",""kingsideAttack"",""mate"",""mateIn2"",""middlegame"",""sacrifice"",""short""}",Checkmate in two — a forced sequence that delivers checkmate on move two.,true,lichess,WXXp1,35523,95,"{""Queens_Gambit_Declined"",""Queens_Gambit_Declined_Exchange_Variation""}"
lc_7lfPH,2b2rk1/pp2Qpp1/2p1n1qp/8/5PB1/P5KP/6P1/2BR4 w - - 0 34,"{""f4f5"",""g6f6"",""e7f6"",""g7f6"",""f5e6""}",queen,5,intermediate,Queen 5 · Fork,fork,White to move.,1476,Club,"{""advantage"",""fork"",""long"",""middlegame""}","A fork — one piece attacks two enemy pieces at once, forcing a material win.",true,lichess,7lfPH,35301,95,{}
lc_nbbbh,8/2p3p1/p4k1p/4rP2/1pprpKPP/P3R3/2R5/8 w - - 0 40,"{""g4g5"",""f6e7"",""f4e5""}",queen,5,intermediate,Queen 5 · Deflection,deflection,White to move.,1476,Club,"{""crushing"",""deflection"",""endgame"",""rookEndgame"",""short""}",A deflection — lure a defending piece away from the square it was guarding.,true,lichess,nbbbh,35234,96,{}
lc_qiwFK,4rrk1/ppp2ppp/8/8/1bPqN1Q1/1P1P4/P4PPP/3R1RK1 b - - 4 18,"{""f7f5"",""g4g3"",""f5e4""}",queen,5,intermediate,Queen 5 · Fork,fork,Black to move.,1476,Club,"{""advantage"",""fork"",""middlegame"",""short""}","A fork — one piece attacks two enemy pieces at once, forcing a material win.",true,lichess,qiwFK,35097,96,"{""Four_Knights_Game"",""Four_Knights_Game_Other_variations""}"
lc_EKhpo,4R3/6pp/1q1pR3/2p2k1P/7K/1p3P2/p5P1/8 w - - 0 46,"{""g2g4"",""f5f4"",""e8f8""}",queen,5,intermediate,Queen 5 · Mate In2,mateIn2,White to move.,1476,Club,"{""endgame"",""mate"",""mateIn2"",""queenRookEndgame"",""short""}",Checkmate in two — a forced sequence that delivers checkmate on move two.,true,lichess,EKhpo,34803,96,{}
lc_hlHLE,r2qk1r1/2p1nR1Q/pp1p3B/3Pn3/2P1P2P/P1N3P1/1P6/6K1 w q - 1 21,"{""f7e7"",""d8e7"",""h7g8"",""e8d7"",""g8a8""}",queen,5,intermediate,Queen 5 · Skewer,skewer,White to move.,1476,Club,"{""crushing"",""exposedKing"",""long"",""middlegame"",""skewer""}","A skewer — the higher-value piece is forced to move, losing the piece behind it.",true,lichess,hlHLE,34678,96,{}
lc_Z5Sgy,r2qr3/p4kpp/1p1pbn2/2p5/4NP2/8/PPP3PP/R1B1QRK1 w - - 2 16,"{""e4g5"",""f7g8"",""g5e6"",""d8e7"",""f4f5""}",queen,5,intermediate,Queen 5 · Deflection,deflection,White to move.,1476,Club,"{""crushing"",""defensiveMove"",""deflection"",""long"",""middlegame""}",A deflection — lure a defending piece away from the square it was guarding.,true,lichess,Z5Sgy,33713,95,"{""Kings_Gambit_Declined"",""Kings_Gambit_Declined_Classical_Variation""}"
lc_oiLPW,6k1/pp3n2/4Q1p1/3p1r2/8/bPq4P/P4PP1/3R2K1 w - - 10 38,"{""e6g6"",""g8f8"",""g6f5""}",queen,5,intermediate,Queen 5 · Fork,fork,White to move.,1476,Club,"{""advantage"",""endgame"",""fork"",""short""}","A fork — one piece attacks two enemy pieces at once, forcing a material win.",true,lichess,oiLPW,33708,96,{}
lc_fdW76,8/6pr/5pk1/1P6/2p2p2/7R/8/4K3 w - - 0 42,"{""h3h7"",""g6h7"",""b5b6"",""c4c3"",""b6b7"",""c3c2"",""e1d2""}",queen,5,intermediate,Queen 5 · Advanced Pawn,advancedPawn,White to move.,1476,Club,"{""advancedPawn"",""crushing"",""endgame"",""rookEndgame"",""veryLong""}",An advanced pawn — push the passer or use its threats to win material.,true,lichess,fdW76,33381,96,{}
lc_FVJff,r3k1nr/pppb1ppp/8/4P3/4p3/2B5/PP3PPP/3RKB1R w Kkq - 1 12,"{""e5e6"",""d7e6"",""c3g7""}",queen,5,intermediate,Queen 5 · Discovered Attack,discoveredAttack,White to move.,1476,Club,"{""advantage"",""discoveredAttack"",""middlegame"",""short""}",A discovered attack — moving one piece uncovers a deadly attack from another.,true,lichess,FVJff,33192,97,"{""Ponziani_Opening"",""Ponziani_Opening_Other_variations""}"
lc_eSQhE,r4r1k/pp1R3p/2n2p1b/4pP1P/1P6/1BP5/P3qp2/1K4QR w - - 0 32,"{""d7h7"",""h8h7"",""g1g6"",""h7h8"",""g6h6""}",queen,5,intermediate,Queen 5 · Mate In3,mateIn3,White to move.,1476,Club,"{""attraction"",""deflection"",""kingsideAttack"",""long"",""mate"",""mateIn3"",""middlegame"",""sacrifice""}",Checkmate in three — calculate the forcing line all the way to mate.,true,lichess,eSQhE,33181,94,{}
lc_aNlTj,r5k1/p2R1ppp/bp2pb2/8/3NpB2/2P1P2P/PP3PP1/6K1 b - - 0 21,"{""e6e5"",""f4e5"",""f6e5""}",queen,5,intermediate,Queen 5 · Fork,fork,Black to move.,1476,Club,"{""advantage"",""endgame"",""fork"",""short""}","A fork — one piece attacks two enemy pieces at once, forcing a material win.",true,lichess,aNlTj,33167,95,{}
lc_vxIHh,r4rk1/1p2bppp/p1p2n2/4B3/3Q2q1/2N5/PPP3PP/3R1RK1 w - - 4 19,"{""e5f6"",""g4d4"",""f6d4""}",queen,5,intermediate,Queen 5 · Advantage,advantage,White to move.,1476,Club,"{""advantage"",""middlegame"",""short""}",Find the strongest continuation and seize the advantage.,true,lichess,vxIHh,32999,96,"{""Kings_Gambit_Accepted"",""Kings_Gambit_Accepted_Fischer_Defense""}"
lc_sUuBc,6r1/p6k/4p1rB/4P3/1p1PP2Q/2P3P1/6K1/1q6 w - - 0 31,"{""h6f8"",""g6h6"",""h4h6""}",queen,5,intermediate,Queen 5 · Mate In2,mateIn2,White to move.,1476,Club,"{""discoveredAttack"",""discoveredCheck"",""endgame"",""mate"",""mateIn2"",""short""}",Checkmate in two — a forced sequence that delivers checkmate on move two.,true,lichess,sUuBc,32869,96,{}
lc_UDlSQ,5R2/p3N1pk/1p6/5P1p/3P1q2/P2P3K/8/8 w - - 0 43,"{""f8h8"",""h7h8"",""e7g6"",""h8g8"",""g6f4""}",queen,5,intermediate,Queen 5 · Fork,fork,White to move.,1476,Club,"{""attraction"",""crushing"",""endgame"",""fork"",""long"",""sacrifice""}","A fork — one piece attacks two enemy pieces at once, forcing a material win.",true,lichess,UDlSQ,32800,97,{}
lc_e9fNP,2r4r/p3qkp1/2p1p1p1/2P1Pp2/1P3Pn1/P5P1/2Q3K1/3R1RB1 b - - 6 34,"{""h8h2"",""g1h2"",""g4e3"",""g2f3"",""e3c2""}",queen,5,intermediate,Queen 5 · Fork,fork,Black to move.,1476,Club,"{""crushing"",""fork"",""long"",""middlegame"",""sacrifice""}","A fork — one piece attacks two enemy pieces at once, forcing a material win.",true,lichess,e9fNP,32576,96,{}
lc_oSpO3,3r2k1/5p1p/B2Pq1p1/8/bP6/P7/3Q2PP/2R4K b - - 0 31,"{""d8d6"",""d2e2"",""d6a6""}",queen,5,intermediate,Queen 5 · Fork,fork,Black to move.,1476,Club,"{""advantage"",""endgame"",""fork"",""short""}","A fork — one piece attacks two enemy pieces at once, forcing a material win.",true,lichess,oSpO3,32544,96,{}
lc_dGWNm,2r4r/p4pk1/bp4p1/3p4/2pP2P1/4q3/PPQ3PP/1B2RR1K b - - 3 25,"{""h8h2"",""h1h2"",""c8h8""}",queen,5,intermediate,Queen 5 · Mate In2,mateIn2,Black to move.,1476,Club,"{""attraction"",""kingsideAttack"",""master"",""mate"",""mateIn2"",""middlegame"",""sacrifice"",""short""}",Checkmate in two — a forced sequence that delivers checkmate on move two.,true,lichess,dGWNm,32471,95,{}
lc_CLic4,2k1r3/1pq1b1p1/p7/6Q1/1PP5/P6P/4rPP1/3R1RK1 w - - 1 28,"{""g5g4"",""c8b8"",""g4e2""}",queen,5,intermediate,Queen 5 · Fork,fork,White to move.,1476,Club,"{""crushing"",""fork"",""middlegame"",""short""}","A fork — one piece attacks two enemy pieces at once, forcing a material win.",true,lichess,CLic4,31543,95,{}
lc_6cKj3,8/p2R4/5pBp/1p3P2/2k1b2P/2p5/r7/2K5 w - - 9 48,"{""g6f7"",""c4c5"",""f7a2""}",queen,5,intermediate,Queen 5 · Skewer,skewer,White to move.,1476,Club,"{""advantage"",""endgame"",""short"",""skewer""}","A skewer — the higher-value piece is forced to move, losing the piece behind it.",true,lichess,6cKj3,31506,95,{}
lc_ZuAAs,rn2k2r/p3pp1p/2p2npb/q4bN1/2NP4/2PBP3/P1Q2PPP/R1B1K2R b KQkq - 5 12,"{""f5d3"",""c2d3"",""a5g5""}",queen,5,intermediate,Queen 5 · Discovered Attack,discoveredAttack,Black to move.,1477,Club,"{""advantage"",""discoveredAttack"",""middlegame"",""short""}",A discovered attack — moving one piece uncovers a deadly attack from another.,true,lichess,ZuAAs,49682,95,"{""Queens_Gambit_Accepted"",""Queens_Gambit_Accepted_Old_Variation""}"
lc_WZbjW,3q1rk1/1b1nb2p/4p1p1/r2pPp2/3P1Q2/PP5R/1B1NB1PP/R5K1 b - - 3 23,"{""e7g5"",""f4f2"",""g5d2""}",queen,5,intermediate,Queen 5 · Skewer,skewer,Black to move.,1477,Club,"{""advantage"",""middlegame"",""short"",""skewer""}","A skewer — the higher-value piece is forced to move, losing the piece behind it.",true,lichess,WZbjW,36365,96,{}
lc_FqCLj,4r1k1/5pp1/5b1p/p1B5/2B5/2P2bP1/PP5P/R4K2 b - - 0 21,"{""e8c8"",""c4e2"",""f3e2"",""f1e2"",""c8c5""}",queen,5,intermediate,Queen 5 · Endgame,endgame,Black to move.,1477,Club,"{""advantage"",""endgame"",""exposedKing"",""long""}",An endgame technique — precise play with few pieces where every tempo counts.,true,lichess,FqCLj,36090,95,{}
lc_cDRyP,r4r1k/7p/1p2p2R/pB2p1Q1/P1p1P3/2qbKPP1/6P1/3R4 w - - 0 30,"{""h6h7"",""h8h7"",""d1h1""}",queen,5,intermediate,Queen 5 · Mate In2,mateIn2,White to move.,1477,Club,"{""attraction"",""kingsideAttack"",""mate"",""mateIn2"",""middlegame"",""sacrifice"",""short""}",Checkmate in two — a forced sequence that delivers checkmate on move two.,true,lichess,cDRyP,34639,96,{}
lc_pKrPh,1k1r3r/pbp2ppp/1p3n2/1B1p1Q2/Nb1P4/q4N2/P4PPP/R3R1K1 w - - 0 19,"{""e1e3"",""a3e3"",""f2e3""}",queen,5,intermediate,Queen 5 · Trapped Piece,trappedPiece,White to move.,1477,Club,"{""advantage"",""middlegame"",""short"",""trappedPiece""}",A trapped piece — the enemy piece has no safe squares and can be won.,true,lichess,pKrPh,34455,96,"{""Englund_Gambit_Declined"",""Englund_Gambit_Declined_Reversed_French""}"
lc_wRSoJ,r3r1k1/pp4p1/1b5p/3pN2P/1q1P3R/1P6/P1R2PP1/3Q2K1 b - - 3 25,"{""e8e5"",""d4e5"",""b4h4""}",queen,5,intermediate,Queen 5 · Advantage,advantage,Black to move.,1477,Club,"{""advantage"",""middlegame"",""short""}",Find the strongest continuation and seize the advantage.,true,lichess,wRSoJ,34249,95,{}
lc_zsplG,r2qk1nr/pp1nppbp/6p1/1BP5/8/8/PPP2PPP/RNBQK2R b KQkq - 0 8,"{""d8a5"",""b1c3"",""g7c3"",""b2c3"",""a5b5""}",queen,5,intermediate,Queen 5 · Fork,fork,Black to move.,1477,Club,"{""advantage"",""fork"",""long"",""opening""}","A fork — one piece attacks two enemy pieces at once, forcing a material win.",true,lichess,zsplG,34094,96,"{""Modern_Defense"",""Modern_Defense_Other_variations""}"
lc_FV14j,5rk1/ppp3pp/5pb1/q1P5/3Q4/P4R1P/PB2r1P1/2R3K1 w - - 1 24,"{""d4c4"",""f8f7"",""c4e2""}",queen,5,intermediate,Queen 5 · Fork,fork,White to move.,1477,Club,"{""crushing"",""fork"",""middlegame"",""short""}","A fork — one piece attacks two enemy pieces at once, forcing a material win.",true,lichess,FV14j,33989,95,{}
lc_8XMF1,r3r3/pp3k1p/2n1RP1B/6pq/3P4/2P1Q3/P4P1P/4R1K1 b - - 0 25,"{""h5g4"",""e3g3"",""g4g3"",""h2g3"",""e8e6"",""e1e6"",""f7e6""}",queen,5,intermediate,Queen 5 · Advantage,advantage,Black to move.,1477,Club,"{""advantage"",""master"",""masterVsMaster"",""middlegame"",""veryLong""}",Find the strongest continuation and seize the advantage.,true,lichess,8XMF1,33959,96,{}
lc_Qe69m,1k6/1p4pp/p3Qn2/2rP4/8/3q4/P4PPP/2R3K1 w - - 0 30,"{""e6d6"",""b8a7"",""d6c5""}",queen,5,intermediate,Queen 5 · Fork,fork,White to move.,1477,Club,"{""crushing"",""endgame"",""fork"",""short""}","A fork — one piece attacks two enemy pieces at once, forcing a material win.",true,lichess,Qe69m,33898,95,{}
lc_6HDcX,3rr1k1/pb3p2/1pp2p1p/3P4/1P6/P4P2/2P1N1PP/R2R2K1 b - - 0 21,"{""e8e2"",""d5c6"",""d8d1"",""a1d1"",""b7c6""}",queen,5,intermediate,Queen 5 · Hanging Piece,hangingPiece,Black to move.,1477,Club,"{""advantage"",""endgame"",""hangingPiece"",""long""}",A hanging piece — an undefended enemy piece is free to capture.,true,lichess,6HDcX,33216,96,{}
lc_1trqL,2r2rk1/5p1p/1p4p1/p2p1N2/4qPn1/P2QP1P1/1P5P/1R3RK1 w - - 1 25,"{""d3e4"",""d5e4"",""f5e7"",""g8g7"",""e7c8""}",queen,5,intermediate,Queen 5 · Fork,fork,White to move.,1477,Club,"{""advantage"",""fork"",""long"",""middlegame""}","A fork — one piece attacks two enemy pieces at once, forcing a material win.",true,lichess,1trqL,32879,95,{}
lc_XVXVo,6k1/4R1p1/p6p/1p6/1P6/P1Q4P/6PK/3r1q2 b - - 4 36,"{""f1f4"",""c3g3"",""d1h1"",""h2h1"",""f4g3""}",queen,5,intermediate,Queen 5 · Deflection,deflection,Black to move.,1477,Club,"{""clearance"",""crushing"",""deflection"",""endgame"",""long""}",A deflection — lure a defending piece away from the square it was guarding.,true,lichess,XVXVo,32716,96,{}
lc_qOurj,1k1r3r/p5p1/1p2p3/2p1Pp2/Q1Pp1P1b/P2N1Bq1/1P4P1/R1B2RK1 b - - 0 25,"{""g3h2"",""g1h2"",""h4f2"",""f3h5"",""h8h5""}",queen,5,intermediate,Queen 5 · Mate In3,mateIn3,Black to move.,1477,Club,"{""discoveredAttack"",""discoveredCheck"",""kingsideAttack"",""long"",""mate"",""mateIn3"",""middlegame"",""pillsburysMate"",""sacrifice""}",Checkmate in three — calculate the forcing line all the way to mate.,true,lichess,qOurj,32476,96,{}
lc_dH6Jh,3rk2r/1bq1bppp/p3p3/1pp1n3/2P5/1P1Q1N2/PB3PPP/R3RNK1 w k - 0 17,"{""b2e5"",""d8d3"",""e5c7""}",queen,5,intermediate,Queen 5 · Advantage,advantage,White to move.,1477,Club,"{""advantage"",""middlegame"",""short""}",Find the strongest continuation and seize the advantage.,true,lichess,dH6Jh,32069,96,"{""Horwitz_Defense"",""Horwitz_Defense_Other_variations""}"
lc_QMDCU,r1b1kb1r/1ppq2pp/p1p5/8/4PR2/N1P5/PP4PP/R1BQ3K w kq - 3 16,"{""d1h5"",""g7g6"",""h5e5"",""d7e7"",""e5h8""}",queen,5,intermediate,Queen 5 · Fork,fork,White to move.,1478,Club,"{""crushing"",""exposedKing"",""fork"",""long"",""middlegame""}","A fork — one piece attacks two enemy pieces at once, forcing a material win.",true,lichess,QMDCU,37149,95,"{""Ruy_Lopez"",""Ruy_Lopez_Morphy_Defense""}"
lc_FhDQB,r4r2/p3Npkp/1p1p2p1/6Q1/3bPP2/1R5P/2q3P1/5R1K w - - 0 24,"{""e7f5"",""g7g8"",""f5d4""}",queen,5,intermediate,Queen 5 · Pin,pin,White to move.,1478,Club,"{""advantage"",""middlegame"",""pin"",""short""}",A pin — the attacked piece can't move without exposing a more valuable piece behind it.,true,lichess,FhDQB,36594,95,{}
lc_xaE5A,2kr4/7p/6p1/Rpqp4/4p3/1Q5P/PPP3PK/8 b - - 1 33,"{""c5c7"",""g2g3"",""c7a5""}",queen,5,intermediate,Queen 5 · Fork,fork,Black to move.,1478,Club,"{""crushing"",""endgame"",""fork"",""short""}","A fork — one piece attacks two enemy pieces at once, forcing a material win.",true,lichess,xaE5A,36304,96,{}
lc_G79Dz,2r2r2/5pkp/4pqp1/pp1p4/6Pn/1BP1R1QP/PP3P2/R5K1 w - a6 0 22,"{""g4g5"",""f6e7"",""g3h4""}",queen,5,intermediate,Queen 5 · Interference,interference,White to move.,1478,Club,"{""advantage"",""interference"",""middlegame"",""short""}",Interference — block the line between two enemy pieces to break their coordination.,true,lichess,G79Dz,35493,95,{}
lc_qKPXp,R7/5Qpk/4p2p/4P3/8/6P1/3pqPKP/8 b - - 0 42,"{""e2e4"",""f7f3"",""e4f3"",""g2f3"",""d2d1q""}",queen,5,intermediate,Queen 5 · Fork,fork,Black to move.,1478,Club,"{""advancedPawn"",""attraction"",""crushing"",""endgame"",""fork"",""long"",""promotion""}","A fork — one piece attacks two enemy pieces at once, forcing a material win.",true,lichess,qKPXp,35435,97,{}
lc_WR3Pp,7k/1p6/p1pRP3/8/4b1p1/6P1/PPPKN1rP/8 b - - 0 31,"{""e4f3"",""d2e3"",""g2e2""}",queen,5,intermediate,Queen 5 · Endgame,endgame,Black to move.,1478,Club,"{""advantage"",""endgame"",""short""}",An endgame technique — precise play with few pieces where every tempo counts.,true,lichess,WR3Pp,35385,95,{}
lc_L7bQY,r1bqk2r/pp3pp1/2nbp2p/1B2N3/3PpB2/4P2P/PP3PP1/R2QK2R b KQkq - 1 11,"{""d8a5"",""e1f1"",""a5b5""}",queen,5,intermediate,Queen 5 · Fork,fork,Black to move.,1478,Club,"{""advantage"",""fork"",""opening"",""short""}","A fork — one piece attacks two enemy pieces at once, forcing a material win.",true,lichess,L7bQY,35265,95,"{""Queens_Pawn_Game"",""Queens_Pawn_Game_Zukertort_Variation""}"
lc_8IXrZ,r4r1k/pp4R1/2qbp2P/8/3Pp2P/2P3Q1/PP6/1K6 w - - 3 28,"{""g7h7"",""h8h7"",""g3g7""}",queen,5,intermediate,Queen 5 · Mate In2,mateIn2,White to move.,1478,Club,"{""attraction"",""endgame"",""mate"",""mateIn2"",""sacrifice"",""short""}",Checkmate in two — a forced sequence that delivers checkmate on move two.,true,lichess,8IXrZ,35122,96,{}
lc_h7QtX,r5k1/2p2p2/7p/1pbPp3/p2PQn1q/P1P4P/BP3PP1/R4RK1 b - - 0 24,"{""f4h3"",""g2h3"",""h4e4""}",queen,5,intermediate,Queen 5 · Discovered Attack,discoveredAttack,Black to move.,1478,Club,"{""advantage"",""discoveredAttack"",""kingsideAttack"",""middlegame"",""short""}",A discovered attack — moving one piece uncovers a deadly attack from another.,true,lichess,h7QtX,34823,97,{}
lc_LeUss,8/pp1Q2pp/1r2Rqk1/3p1r2/3P4/2P5/PP4PP/4R1K1 b - - 0 26,"{""b6e6"",""d7e6"",""f5f1"",""e1f1"",""f6e6""}",queen,5,intermediate,Queen 5 · Deflection,deflection,Black to move.,1478,Club,"{""advantage"",""deflection"",""endgame"",""long""}",A deflection — lure a defending piece away from the square it was guarding.,true,lichess,LeUss,34479,96,{}
lc_QclZV,8/8/7p/p1k4B/P5p1/1PK4P/2P1b3/8 b - - 0 36,"{""g4g3"",""h5e2"",""g3g2""}",queen,5,intermediate,Queen 5 · Sacrifice,sacrifice,Black to move.,1478,Club,"{""advancedPawn"",""bishopEndgame"",""crushing"",""endgame"",""sacrifice"",""short""}",A sacrifice — give up material to gain a decisive tactical or positional advantage.,true,lichess,QclZV,34049,96,{}
lc_YTDtC,2r5/p1R2p2/2p1bkpp/3p4/2pP4/r1P3P1/2P1RPBP/6K1 w - - 4 25,"{""e2e6"",""f7e6"",""c7c8""}",queen,5,intermediate,Queen 5 · Endgame,endgame,White to move.,1478,Club,"{""advantage"",""endgame"",""short""}",An endgame technique — precise play with few pieces where every tempo counts.,true,lichess,YTDtC,33880,95,{}
lc_qGdJZ,r4rk1/pp1qbppp/4pn2/4B3/3QpNP1/P3P2P/1P3P2/2R1K2R w K - 0 16,"{""e5f6"",""d7d4"",""f6d4""}",queen,5,intermediate,Queen 5 · Advantage,advantage,White to move.,1478,Club,"{""advantage"",""middlegame"",""short""}",Find the strongest continuation and seize the advantage.,true,lichess,qGdJZ,33804,96,"{""Indian_Defense"",""Indian_Defense_Other_variations""}"
lc_uQaVw,r5k1/pR4p1/6qp/5p2/2PB1Q1P/P2P2P1/5PK1/4r3 b - - 2 27,"{""g6c6"",""f4f3"",""e1g1"",""g2g1"",""c6f3"",""b7g7"",""g8f8""}",queen,5,intermediate,Queen 5 · Fork,fork,Black to move.,1478,Club,"{""advantage"",""deflection"",""endgame"",""fork"",""pin"",""veryLong""}","A fork — one piece attacks two enemy pieces at once, forcing a material win.",true,lichess,uQaVw,33422,94,{}
lc_G8hIh,8/3Nk3/8/1r5P/8/p5P1/5P2/3R2K1 b - - 0 65,"{""a3a2"",""g1g2"",""b5b1"",""d1d3"",""a2a1q""}",queen,5,intermediate,Queen 5 · Promotion,promotion,Black to move.,1478,Club,"{""advancedPawn"",""crushing"",""endgame"",""long"",""promotion""}",Pawn promotion — advance the pawn to its final rank and choose your new piece wisely.,true,lichess,G8hIh,33298,97,{}
lc_dPPij,4r1k1/p4p1p/1p2pqp1/2P5/2PnR3/P7/1Q3PPP/2R3K1 b - - 0 24,"{""d4f3"",""g2f3"",""f6b2""}",queen,5,intermediate,Queen 5 · Discovered Attack,discoveredAttack,Black to move.,1478,Club,"{""crushing"",""discoveredAttack"",""endgame"",""short""}",A discovered attack — moving one piece uncovers a deadly attack from another.,true,lichess,dPPij,33271,95,{}
lc_QMjYX,r4rk1/1pp2pp1/6p1/p2p4/1Q1PnPP1/P2Bq2P/1PK5/4R2R w - a6 0 21,"{""b4f8"",""a8f8"",""e1e3""}",queen,5,intermediate,Queen 5 · Crushing,crushing,White to move.,1478,Club,"{""crushing"",""middlegame"",""short""}",Find the strongest continuation and seize the advantage.,true,lichess,QMjYX,33197,95,{}
lc_vBIBt,R7/5p2/p2k3r/3N4/4p1K1/6P1/P7/4n3 w - - 18 51,"{""a8a6"",""d6d5"",""a6h6""}",queen,5,intermediate,Queen 5 · Skewer,skewer,White to move.,1478,Club,"{""advantage"",""endgame"",""short"",""skewer""}","A skewer — the higher-value piece is forced to move, losing the piece behind it.",true,lichess,vBIBt,32179,96,{}
lc_alkAA,2kr2R1/ppb2p1r/2p2p1p/4p1N1/2B5/3PB2K/PPP2P2/6R1 b - - 0 23,"{""h6g5"",""h3g2"",""d8g8""}",queen,5,intermediate,Queen 5 · Discovered Attack,discoveredAttack,Black to move.,1478,Club,"{""crushing"",""discoveredAttack"",""discoveredCheck"",""middlegame"",""short""}",A discovered attack — moving one piece uncovers a deadly attack from another.,true,lichess,alkAA,32081,95,{}
lc_IAjjA,2kr1bnr/pppbp1pp/8/1B2Pp2/3N1P2/8/PPP3PP/RNBK3R b - - 0 9,"{""d7b5"",""c2c3"",""c7c5""}",queen,5,intermediate,Queen 5 · Pin,pin,Black to move.,1478,Club,"{""advantage"",""opening"",""pin"",""short""}",A pin — the attacked piece can't move without exposing a more valuable piece behind it.,true,lichess,IAjjA,32044,96,"{""Duras_Gambit"",""Duras_Gambit_Other_variations""}"
lc_2xT2v,r2qr1k1/ppp2ppb/3p1b1p/3P1P2/2B3P1/4B2P/PPPQ4/2K3RR b - - 2 17,"{""e8e3"",""d2e3"",""f6g5""}",queen,5,intermediate,Queen 5 · Pin,pin,Black to move.,1478,Club,"{""advantage"",""middlegame"",""pin"",""sacrifice"",""short""}",A pin — the attacked piece can't move without exposing a more valuable piece behind it.,true,lichess,2xT2v,31945,95,"{""Scotch_Game"",""Scotch_Game_Other_variations""}"
lc_q785g,r1b2qk1/ppp1b1pp/2n1p2r/3n1pNQ/2BP4/6R1/PP3PPP/RNB3K1 w - - 6 16,"{""h5h6"",""g7h6"",""g5e6"",""g8h8"",""e6f8""}",queen,5,intermediate,Queen 5 · Discovered Attack,discoveredAttack,White to move.,1478,Club,"{""crushing"",""discoveredAttack"",""discoveredCheck"",""kingsideAttack"",""long"",""middlegame"",""sacrifice""}",A discovered attack — moving one piece uncovers a deadly attack from another.,true,lichess,q785g,31611,95,"{""Alekhine_Defense"",""Alekhine_Defense_Normal_Variation""}"
lc_PtsFb,r2r2k1/1Qnq2pp/2p2p2/4p3/P3P3/2PP2P1/5NKP/R4R2 b - - 0 28,"{""d8b8"",""b7b8"",""a8b8""}",queen,5,intermediate,Queen 5 · Trapped Piece,trappedPiece,Black to move.,1478,Club,"{""advantage"",""middlegame"",""short"",""trappedPiece""}",A trapped piece — the enemy piece has no safe squares and can be won.,true,lichess,PtsFb,31412,96,{}
lc_gBgrM,r2qrbk1/p2b1p2/4p3/1p1pP3/1P1PN2n/P3QN2/5PP1/R1R3K1 w - - 0 21,"{""e4f6"",""d8f6"",""e5f6""}",queen,5,intermediate,Queen 5 · Fork,fork,White to move.,1478,Club,"{""crushing"",""fork"",""middlegame"",""short""}","A fork — one piece attacks two enemy pieces at once, forcing a material win.",true,lichess,gBgrM,31361,96,{}
lc_2Ohkb,r3kb1r/2pb1ppp/p1pp1n2/8/8/3PNQP1/PPP4q/RNB1KR2 w Qkq - 2 13,"{""f1h1"",""h2h1"",""f3h1""}",queen,5,intermediate,Queen 5 · Trapped Piece,trappedPiece,White to move.,1479,Club,"{""advantage"",""opening"",""short"",""trappedPiece""}",A trapped piece — the enemy piece has no safe squares and can be won.,true,lichess,2Ohkb,40053,95,"{""Ruy_Lopez"",""Ruy_Lopez_Exchange_Variation""}"
lc_9iQ7C,r1bqkb1r/pp2pp1p/2n2p2/1B6/3Q4/5N2/PPP2PPP/R1B1K2R b KQkq - 0 8,"{""d8a5"",""c1d2"",""a5b5""}",queen,5,intermediate,Queen 5 · Fork,fork,Black to move.,1479,Club,"{""crushing"",""fork"",""opening"",""short""}","A fork — one piece attacks two enemy pieces at once, forcing a material win.",true,lichess,9iQ7C,38237,96,"{""Queens_Pawn_Game"",""Queens_Pawn_Game_Chigorin_Variation""}"
lc_YNSF9,2r3k1/4bppp/8/qR1pp3/P3P3/Q4P2/6PP/5R1K b - - 0 27,"{""a5b5"",""a4b5"",""e7a3""}",queen,5,intermediate,Queen 5 · Endgame,endgame,Black to move.,1479,Club,"{""advantage"",""endgame"",""short""}",An endgame technique — precise play with few pieces where every tempo counts.,true,lichess,YNSF9,36574,95,{}
lc_hK8ry,3q1rk1/2p4p/1p2N1p1/r3Pn2/p2P4/P1PQ4/5PP1/R3K2R b KQ - 0 20,"{""a5e5"",""e1f1"",""e5e6""}",queen,5,intermediate,Queen 5 · Crushing,crushing,Black to move.,1479,Club,"{""crushing"",""middlegame"",""short""}",Find the strongest continuation and seize the advantage.,true,lichess,hK8ry,36514,95,{}
lc_ECrjd,5nk1/p1N3pp/8/8/3q4/3p1Q2/P5PP/5K2 w - - 4 34,"{""f3f8"",""g8f8"",""c7e6"",""f8e7"",""e6d4""}",queen,5,intermediate,Queen 5 · Fork,fork,White to move.,1479,Club,"{""advantage"",""attraction"",""endgame"",""fork"",""long"",""sacrifice""}","A fork — one piece attacks two enemy pieces at once, forcing a material win.",true,lichess,ECrjd,36018,96,{}
lc_cSN1c,rn2k1nr/p1p2pp1/1pb1p2p/8/Q3N2q/2PP1P1N/PP2B1KP/R6R w kq - 4 15,"{""e4d6"",""c7d6"",""a4h4""}",queen,5,intermediate,Queen 5 · Discovered Attack,discoveredAttack,White to move.,1479,Club,"{""crushing"",""discoveredAttack"",""middlegame"",""short""}",A discovered attack — moving one piece uncovers a deadly attack from another.,true,lichess,cSN1c,35382,95,"{""Owen_Defense"",""Owen_Defense_Other_variations""}"
lc_7gZP2,5rk1/1p4p1/7q/p3Bp2/3Q4/P6P/4r1P1/5R1K w - - 0 33,"{""d4c4"",""f8f7"",""c4e2""}",queen,5,intermediate,Queen 5 · Fork,fork,White to move.,1479,Club,"{""advantage"",""endgame"",""fork"",""short""}","A fork — one piece attacks two enemy pieces at once, forcing a material win.",true,lichess,7gZP2,35362,95,{}
lc_Tubqi,5r2/pp2p1k1/2p3pp/3p1q2/3P3Q/2N1n3/PPP3PP/4R1K1 w - - 2 20,"{""h4e7"",""f8f7"",""e7e3""}",queen,5,intermediate,Queen 5 · Fork,fork,White to move.,1479,Club,"{""advantage"",""endgame"",""fork"",""short""}","A fork — one piece attacks two enemy pieces at once, forcing a material win.",true,lichess,Tubqi,35288,95,{}
lc_AqS7g,5r2/6pk/5qp1/8/r5P1/3Q1P2/5RK1/4R3 w - - 2 40,"{""e1h1"",""h7g8"",""d3b3"",""f6f7"",""b3a4""}",queen,5,intermediate,Queen 5 · Fork,fork,White to move.,1479,Club,"{""crushing"",""endgame"",""fork"",""long""}","A fork — one piece attacks two enemy pieces at once, forcing a material win.",true,lichess,AqS7g,35157,95,{}
lc_ByKAs,7r/1p1q1kb1/rB4p1/p2p1p2/5PpP/1P1PQ1P1/P3P3/2R2RK1 b - - 3 27,"{""d5d4"",""e3d2"",""a6b6""}",queen,5,intermediate,Queen 5 · Interference,interference,Black to move.,1479,Club,"{""advantage"",""interference"",""middlegame"",""short""}",Interference — block the line between two enemy pieces to break their coordination.,true,lichess,ByKAs,35037,95,{}
lc_ruo1m,rn6/p2k1p2/2p5/1p2Q3/P2P4/2P1Bb2/2r3qP/1R2K1NR w K - 0 19,"{""e5f5"",""d7e8"",""f5f3""}",queen,5,intermediate,Queen 5 · Advantage,advantage,White to move.,1479,Club,"{""advantage"",""middlegame"",""short""}",Find the strongest continuation and seize the advantage.,true,lichess,ruo1m,34754,95,"{""Bishops_Opening"",""Bishops_Opening_Berlin_Defense""}"
lc_tRSNr,4r1k1/1p3ppp/p1nBr3/4Pb2/8/1PP1RN2/P5PP/R5K1 b - - 6 23,"{""e6d6"",""e5d6"",""e8e3""}",queen,5,intermediate,Queen 5 · Discovered Attack,discoveredAttack,Black to move.,1479,Club,"{""advantage"",""discoveredAttack"",""middlegame"",""short""}",A discovered attack — moving one piece uncovers a deadly attack from another.,true,lichess,tRSNr,34462,94,{}
lc_4T0iq,8/5pk1/pp3np1/2pP3p/P1P5/2N2Q1P/1P1q2PK/8 w - - 5 31,"{""f3f6"",""g7f6"",""c3e4"",""f6f5"",""e4d2""}",queen,5,intermediate,Queen 5 · Fork,fork,White to move.,1479,Club,"{""attraction"",""crushing"",""endgame"",""fork"",""long"",""sacrifice""}","A fork — one piece attacks two enemy pieces at once, forcing a material win.",true,lichess,4T0iq,34337,96,{}
lc_v3hu9,r4br1/3k2pp/p4p2/1N1Pn3/R3N3/1P6/1P1K2PP/5R2 b - - 0 24,"{""a6b5"",""a4a8"",""f8b4"",""d2e3"",""g8a8""}",queen,5,intermediate,Queen 5 · Discovered Attack,discoveredAttack,Black to move.,1479,Club,"{""advantage"",""discoveredAttack"",""exposedKing"",""long"",""master"",""middlegame"",""sacrifice""}",A discovered attack — moving one piece uncovers a deadly attack from another.,true,lichess,v3hu9,34296,95,{}
lc_QOwqE,1r1qr1k1/1p3ppn/p6p/2p1bN2/8/1P1BpQ1P/P1P3RP/6K1 w - - 2 25,"{""f5h6"",""g8h8"",""h6f7""}",queen,5,intermediate,Queen 5 · Pin,pin,White to move.,1479,Club,"{""crushing"",""deflection"",""kingsideAttack"",""middlegame"",""pin"",""short""}",A pin — the attacked piece can't move without exposing a more valuable piece behind it.,true,lichess,QOwqE,34128,95,{}
lc_tGD2S,r4rk1/pppq1ppp/3p4/2bNnb2/2P1QP2/4P3/PP1B2PP/2KR1B1R w - - 1 14,"{""e4f5"",""d7f5"",""d5e7"",""g8h8"",""e7f5""}",queen,5,intermediate,Queen 5 · Fork,fork,White to move.,1479,Club,"{""advantage"",""attraction"",""fork"",""long"",""middlegame"",""sacrifice""}","A fork — one piece attacks two enemy pieces at once, forcing a material win.",true,lichess,tGD2S,33284,96,"{""Indian_Defense"",""Indian_Defense_Budapest_Defense""}"
lc_txz0H,rnbqk2r/pp2bpQp/2p5/8/8/2P3P1/P3PPBP/R1B1K1NR b KQkq - 0 9,"{""e7f6"",""g7h6"",""f6c3"",""c1d2"",""c3a1""}",queen,5,intermediate,Queen 5 · Fork,fork,Black to move.,1479,Club,"{""advantage"",""fork"",""interference"",""long"",""opening""}","A fork — one piece attacks two enemy pieces at once, forcing a material win.",true,lichess,txz0H,33283,96,"{""English_Opening"",""English_Opening_Kings_English_Variation""}"
lc_uPWZB,5rk1/4Qp2/2nN1Pp1/1p1q3p/1Pp5/4R2P/2P3P1/7K w - - 2 32,"{""e7f8"",""g8f8"",""e3e8""}",queen,5,intermediate,Queen 5 · Mate In2,mateIn2,White to move.,1479,Club,"{""attraction"",""endgame"",""mate"",""mateIn2"",""sacrifice"",""short""}",Checkmate in two — a forced sequence that delivers checkmate on move two.,true,lichess,uPWZB,33218,95,{}
lc_ve3Z1,6k1/ppR2pp1/7p/4r2P/1P3q2/P2Q3P/5PK1/8 b - - 0 24,"{""e5g5"",""g2f1"",""f4c7""}",queen,5,intermediate,Queen 5 · Discovered Attack,discoveredAttack,Black to move.,1479,Club,"{""crushing"",""discoveredAttack"",""endgame"",""short""}",A discovered attack — moving one piece uncovers a deadly attack from another.,true,lichess,ve3Z1,33009,95,{}
lc_0ZojH,3rr3/8/pp2pbk1/5qp1/3P4/5NQ1/PP2KPP1/3R4 w - - 6 36,"{""f3h4"",""g6g7"",""h4f5"",""e6f5"",""e2f1""}",queen,5,intermediate,Queen 5 · Pin,pin,White to move.,1479,Club,"{""advantage"",""defensiveMove"",""long"",""middlegame"",""pin""}",A pin — the attacked piece can't move without exposing a more valuable piece behind it.,true,lichess,0ZojH,32965,95,{}
lc_LWJka,4r1k1/ppq3pp/2p5/5p2/P7/1PQ3RP/R3b1PK/8 w - - 4 31,"{""a2e2"",""e8e2"",""c3c4"",""g8f8"",""c4e2""}",queen,5,intermediate,Queen 5 · Fork,fork,White to move.,1479,Club,"{""attraction"",""crushing"",""endgame"",""fork"",""long"",""sacrifice""}","A fork — one piece attacks two enemy pieces at once, forcing a material win.",true,lichess,LWJka,32860,96,{}
lc_RcgEQ,5rk1/p1p2ppp/3p4/7r/2QNPqb1/2N1R3/PPPK4/5R2 b - - 11 22,"{""h5h2"",""d2c1"",""f4e3""}",queen,5,intermediate,Queen 5 · Deflection,deflection,Black to move.,1479,Club,"{""crushing"",""deflection"",""middlegame"",""short""}",A deflection — lure a defending piece away from the square it was guarding.,true,lichess,RcgEQ,32693,95,{}
lc_wHDBv,r5k1/3nbpp1/2p1p1p1/1pPp4/1P1P1B2/qRn1PN1P/2Q2PP1/2N3K1 b - - 8 21,"{""a3c1"",""c2c1"",""c3e2"",""g1f1"",""e2c1""}",queen,5,intermediate,Queen 5 · Fork,fork,Black to move.,1479,Club,"{""attraction"",""crushing"",""fork"",""long"",""middlegame"",""sacrifice""}","A fork — one piece attacks two enemy pieces at once, forcing a material win.",true,lichess,wHDBv,32674,96,{}
lc_WYMV5,rb2r1k1/p2p1p1p/1p3BpQ/8/1PqP4/6P1/4PPKP/1R3R2 b - - 1 22,"{""c4c6"",""e2e4"",""c6f6""}",queen,5,intermediate,Queen 5 · Fork,fork,Black to move.,1479,Club,"{""crushing"",""fork"",""middlegame"",""short""}","A fork — one piece attacks two enemy pieces at once, forcing a material win.",true,lichess,WYMV5,31502,96,{}
lc_u5V2j,8/8/2pK4/1kPpB3/8/8/p7/8 b - - 1 49,"{""b5c4"",""e5b2"",""d5d4"",""d6c6"",""d4d3""}",queen,5,intermediate,Queen 5 · Bishop Endgame,bishopEndgame,Black to move.,1479,Club,"{""bishopEndgame"",""crushing"",""endgame"",""long"",""master"",""quietMove""}",A bishop endgame — colour complexes and the wrong-bishop rule matter.,true,lichess,u5V2j,31481,96,{}
lc_BTONU,8/2k3K1/8/6P1/2p1B3/1p6/8/8 b - - 0 61,"{""c4c3"",""g5g6"",""c3c2"",""g7f6"",""c2c1q""}",queen,5,intermediate,Queen 5 · Promotion,promotion,Black to move.,1479,Club,"{""advancedPawn"",""bishopEndgame"",""crushing"",""endgame"",""long"",""promotion""}",Pawn promotion — advance the pawn to its final rank and choose your new piece wisely.,true,lichess,BTONU,31291,95,{}
lc_OdRwW,5rk1/5p1p/p5p1/1p6/3r4/P2qQ2P/BP3PR1/1R2K3 b - - 1 26,"{""d4e4"",""e3e4"",""d3e4""}",queen,5,intermediate,Queen 5 · Pin,pin,Black to move.,1479,Club,"{""advantage"",""middlegame"",""pin"",""short""}",A pin — the attacked piece can't move without exposing a more valuable piece behind it.,true,lichess,OdRwW,31289,96,{}
lc_ivvv1,2n5/1r3p2/R1r1p2p/1k1p2pP/1Pp1P1P1/5P2/1KP5/R7 w - - 0 37,"{""a1a5"",""b5b4"",""c2c3""}",queen,5,intermediate,Queen 5 · Mate In2,mateIn2,White to move.,1480,Club,"{""endgame"",""master"",""mate"",""mateIn2"",""short""}",Checkmate in two — a forced sequence that delivers checkmate on move two.,true,lichess,ivvv1,43372,96,{}
lc_NMfaZ,rn1qkb1r/ppp1p1pp/5n2/5b2/4p3/1BN5/PPP2PPP/R1BQK1NR w KQkq - 0 7,"{""b3f7"",""e8f7"",""d1d8""}",queen,5,intermediate,Queen 5 · Deflection,deflection,White to move.,1480,Club,"{""crushing"",""deflection"",""opening"",""short""}",A deflection — lure a defending piece away from the square it was guarding.,true,lichess,NMfaZ,38404,96,"{""Duras_Gambit"",""Duras_Gambit_Other_variations""}"
lc_MBiql,4r2k/4qQp1/6Pp/p2pr3/1p6/1P6/P1P5/1K1R3R w - - 12 37,"{""h1h6"",""g7h6"",""g6g7"",""h8h7"",""g7g8q""}",queen,5,intermediate,Queen 5 · Mate In3,mateIn3,White to move.,1480,Club,"{""advancedPawn"",""discoveredCheck"",""doubleCheck"",""endgame"",""long"",""mate"",""mateIn3"",""promotion"",""sacrifice""}",Checkmate in three — calculate the forcing line all the way to mate.,true,lichess,MBiql,38140,96,{}
lc_wu01y,r1b1kb1r/ppqp1ppp/4p3/3Qn1N1/5P2/8/P1PB2PP/3RKB1R w Kkq - 0 14,"{""d5e5"",""c7e5"",""f4e5""}",queen,5,intermediate,Queen 5 · Advantage,advantage,White to move.,1480,Club,"{""advantage"",""opening"",""short""}",Find the strongest continuation and seize the advantage.,true,lichess,wu01y,37255,95,"{""Benoni_Defense"",""Benoni_Defense_Benoni_Gambit_Accepted""}"
lc_l1XFv,1r1qk2r/Q2n1ppp/4bn2/8/3P4/B1P5/P4PPP/R3KBNR b KQk - 1 12,"{""b8a8"",""a7b7"",""a8a3""}",queen,5,intermediate,Queen 5 · Skewer,skewer,Black to move.,1480,Club,"{""advantage"",""opening"",""short"",""skewer""}","A skewer — the higher-value piece is forced to move, losing the piece behind it.",true,lichess,l1XFv,36414,96,"{""Caro-Kann_Defense"",""Caro-Kann_Defense_Panov_Attack""}"
lc_kIwT6,r4r1k/7p/6p1/8/6P1/Pp3P1R/1PqQ4/K2R4 b - - 2 31,"{""a8a3"",""b2a3"",""b3b2"",""a1a2"",""b2b1q""}",queen,5,intermediate,Queen 5 · Mate In3,mateIn3,Black to move.,1480,Club,"{""advancedPawn"",""discoveredCheck"",""doubleCheck"",""endgame"",""long"",""mate"",""mateIn3"",""promotion"",""sacrifice""}",Checkmate in three — calculate the forcing line all the way to mate.,true,lichess,kIwT6,35945,96,{}
lc_0pxxY,3r3r/pp1P2k1/2pQ1p2/P7/8/4q1P1/1P1R2PP/3R3K b - - 5 35,"{""h8h2"",""h1h2"",""d8h8""}",queen,5,intermediate,Queen 5 · Mate In2,mateIn2,Black to move.,1480,Club,"{""attraction"",""endgame"",""mate"",""mateIn2"",""sacrifice"",""short""}",Checkmate in two — a forced sequence that delivers checkmate on move two.,true,lichess,0pxxY,35816,96,{}
lc_04jgc,1r4k1/p1q1bppp/2rpb3/2nnp3/2N1P3/P3BP2/1PB1Q1PP/1R1R2K1 w - - 1 22,"{""e4d5"",""e6d5"",""d1d5""}",queen,5,intermediate,Queen 5 · Fork,fork,White to move.,1480,Club,"{""advantage"",""fork"",""middlegame"",""short""}","A fork — one piece attacks two enemy pieces at once, forcing a material win.",true,lichess,04jgc,35778,95,{}
lc_jEmKN,5k1b/7P/p2P1r1N/1p2n3/2p1B1P1/4K2R/P7/8 b - g3 0 40,"{""f6h6"",""h3h6"",""e5g4"",""e3f4"",""g4h6""}",queen,5,intermediate,Queen 5 · Fork,fork,Black to move.,1480,Club,"{""advantage"",""attraction"",""capturingDefender"",""endgame"",""exposedKing"",""fork"",""long""}","A fork — one piece attacks two enemy pieces at once, forcing a material win.",true,lichess,jEmKN,34960,95,{}
lc_iaf5s,r1b1r2k/pp3Bpp/1n1P4/b1p5/3p1B2/P2P2Q1/1PP1qPPP/RN3RK1 b - - 0 17,"{""e2f1"",""g1f1"",""e8e1""}",queen,5,intermediate,Queen 5 · Mate In2,mateIn2,Black to move.,1480,Club,"{""attraction"",""kingsideAttack"",""mate"",""mateIn2"",""middlegame"",""operaMate"",""sacrifice"",""short""}",Checkmate in two — a forced sequence that delivers checkmate on move two.,true,lichess,iaf5s,34674,96,"{""Ruy_Lopez"",""Ruy_Lopez_Berlin_Defense""}"
lc_hgyJZ,6rk/1q3p1p/1p2pPpQ/p7/4R3/6P1/2r4P/4R1K1 w - - 4 37,"{""h6h7"",""h8h7"",""e4h4""}",queen,5,intermediate,Queen 5 · Mate In2,mateIn2,White to move.,1480,Club,"{""attraction"",""endgame"",""mate"",""mateIn2"",""sacrifice"",""short""}",Checkmate in two — a forced sequence that delivers checkmate on move two.,true,lichess,hgyJZ,33819,96,{}
lc_6y0Dj,r3r1k1/pb3ppp/1p6/2bpP3/3q2Q1/3B4/PPP3PP/3RR2K w - - 2 18,"{""d3h7"",""g8h7"",""d1d4""}",queen,5,intermediate,Queen 5 · Discovered Attack,discoveredAttack,White to move.,1480,Club,"{""advantage"",""discoveredAttack"",""kingsideAttack"",""middlegame"",""short""}",A discovered attack — moving one piece uncovers a deadly attack from another.,true,lichess,6y0Dj,33723,95,"{""Scotch_Game"",""Scotch_Game_Other_variations""}"
lc_VfWLx,r5k1/p1p3pp/1p6/4p2q/1PP1Rr2/5P2/P5PP/R2Q2K1 w - - 1 22,"{""d1d5"",""h5f7"",""d5a8""}",queen,5,intermediate,Queen 5 · Fork,fork,White to move.,1480,Club,"{""crushing"",""endgame"",""fork"",""short""}","A fork — one piece attacks two enemy pieces at once, forcing a material win.",true,lichess,VfWLx,33611,95,{}
lc_k3E3a,rnbqkb1r/ppp2p1p/3p1np1/4p3/3P3B/5P2/PPP1Q1PP/RN2KBNR w KQkq e6 0 7,"{""d4e5"",""d6e5"",""e2e5"",""f8e7"",""h4f6""}",queen,5,intermediate,Queen 5 · Advantage,advantage,White to move.,1480,Club,"{""advantage"",""long"",""opening""}",Find the strongest continuation and seize the advantage.,true,lichess,k3E3a,32877,96,"{""Pirc_Defense"",""Pirc_Defense_Other_variations""}"
lc_ZxW4b,3r2k1/5p2/2B4p/2B5/2P2P2/1P6/P6P/b6K b - - 0 30,"{""d8c8"",""c6d5"",""c8c5""}",queen,5,intermediate,Queen 5 · Endgame,endgame,Black to move.,1480,Club,"{""advantage"",""endgame"",""short""}",An endgame technique — precise play with few pieces where every tempo counts.,true,lichess,ZxW4b,32733,95,{}
lc_qGZqC,8/2r1k1p1/RKB1p2p/3p4/3P2P1/4P3/1P2b2P/8 b - - 0 28,"{""c7c6"",""b6c6"",""e2a6""}",queen,5,intermediate,Queen 5 · Endgame,endgame,Black to move.,1480,Club,"{""advantage"",""endgame"",""short""}",An endgame technique — precise play with few pieces where every tempo counts.,true,lichess,qGZqC,32587,95,{}
lc_fBqTt,4r1k1/3Q1ppp/p2b4/1p6/3qB2n/5P2/PP3P1P/RNB2RK1 b - - 2 19,"{""d6h2"",""g1h2"",""d4d7""}",queen,5,intermediate,Queen 5 · Discovered Attack,discoveredAttack,Black to move.,1480,Club,"{""advantage"",""discoveredAttack"",""middlegame"",""short""}",A discovered attack — moving one piece uncovers a deadly attack from another.,true,lichess,fBqTt,32563,95,"{""Ruy_Lopez"",""Ruy_Lopez_Cozio_Defense""}"
lc_Ah63p,r4rk1/pp1b1ppp/3pp1q1/4n2n/5N2/P2P1P1P/BPP2KP1/R1BQ1R2 b - - 4 15,"{""g6g3"",""f2g1"",""h5f4"",""c1f4"",""g3f4""}",queen,5,intermediate,Queen 5 · Crushing,crushing,Black to move.,1480,Club,"{""crushing"",""long"",""middlegame""}",Find the strongest continuation and seize the advantage.,true,lichess,Ah63p,32260,94,"{""Scandinavian_Defense"",""Scandinavian_Defense_Mieses-Kotroc_Variation""}"
lc_2ilQa,r1bqk2r/pp3pp1/5n1p/2b5/4P3/5P2/PPP1N1PP/R1BQKB1R b KQkq - 2 12,"{""c5f2"",""e1f2"",""d8d1""}",queen,5,intermediate,Queen 5 · Deflection,deflection,Black to move.,1480,Club,"{""crushing"",""deflection"",""opening"",""short""}",A deflection — lure a defending piece away from the square it was guarding.,true,lichess,2ilQa,31726,95,"{""Caro-Kann_Defense"",""Caro-Kann_Defense_Breyer_Variation""}"
lc_ktoYm,r2qk1nr/1pp2pp1/p3b2p/4p3/1bP5/2N5/PP2BPPP/R1BQK2R w KQkq - 2 11,"{""d1a4"",""d8d7"",""a4b4""}",queen,5,intermediate,Queen 5 · Fork,fork,White to move.,1481,Club,"{""advantage"",""fork"",""opening"",""short""}","A fork — one piece attacks two enemy pieces at once, forcing a material win.",true,lichess,ktoYm,37785,95,"{""French_Defense"",""French_Defense_Knight_Variation""}"
lc_JdDCw,r2qkb1r/pp1b2pp/2np4/1B3n2/4NP2/5N2/PPP3PP/R1BQ1RK1 b kq - 3 10,"{""d8b6"",""f1f2"",""b6b5""}",queen,5,intermediate,Queen 5 · Fork,fork,Black to move.,1481,Club,"{""advantage"",""fork"",""opening"",""short""}","A fork — one piece attacks two enemy pieces at once, forcing a material win.",true,lichess,JdDCw,37745,95,"{""Englund_Gambit"",""Englund_Gambit_Other_variations""}"
lc_Npjq7,r5k1/pp2Bp2/2pp1Pq1/2b1p3/8/1P1P1NP1/1PPQ1P2/5RK1 b - - 0 23,"{""g6g3"",""g1h1"",""g3f3""}",queen,5,intermediate,Queen 5 · Pin,pin,Black to move.,1481,Club,"{""crushing"",""kingsideAttack"",""middlegame"",""pin"",""short""}",A pin — the attacked piece can't move without exposing a more valuable piece behind it.,true,lichess,Npjq7,36515,95,{}
lc_oSwLR,1r1q1r1k/4bpR1/2p2n1P/p2p2Q1/3P4/P1p5/2P2P2/K5R1 w - - 6 33,"{""g7h7"",""f6h7"",""g5g7""}",queen,5,intermediate,Queen 5 · Mate In2,mateIn2,White to move.,1481,Club,"{""clearance"",""kingsideAttack"",""mate"",""mateIn2"",""middlegame"",""sacrifice"",""short""}",Checkmate in two — a forced sequence that delivers checkmate on move two.,true,lichess,oSwLR,35599,96,{}
lc_ufUn1,r4rk1/5ppp/2Q5/3p4/PP2p1b1/4P1q1/1N1B2B1/R3R1K1 b - - 0 24,"{""g4f3"",""e1e2"",""f3e2""}",queen,5,intermediate,Queen 5 · Advantage,advantage,Black to move.,1481,Club,"{""advantage"",""middlegame"",""short""}",Find the strongest continuation and seize the advantage.,true,lichess,ufUn1,33935,95,{}
lc_kKgZB,8/5kp1/6p1/3qP3/8/pr2P2P/Q2R1KP1/8 b - - 2 42,"{""d5d2"",""a2d2"",""b3b2""}",queen,5,intermediate,Queen 5 · Pin,pin,Black to move.,1481,Club,"{""crushing"",""endgame"",""pin"",""sacrifice"",""short""}",A pin — the attacked piece can't move without exposing a more valuable piece behind it.,true,lichess,kKgZB,33934,95,{}
lc_0IcCP,4r3/5pkp/p2p2p1/1ppP2qr/4P3/1P3P1b/P1BQKP2/R6R w - - 2 27,"{""d2g5"",""h5g5"",""h1h3""}",queen,5,intermediate,Queen 5 · Advantage,advantage,White to move.,1481,Club,"{""advantage"",""middlegame"",""short""}",Find the strongest continuation and seize the advantage.,true,lichess,0IcCP,33456,96,{}
lc_WbDJM,rn1qkb1r/pp3ppp/2p2B2/4p3/2B3b1/2NP1Q2/PPP2PPP/R3K1NR b KQkq - 0 8,"{""g4f3"",""f6d8"",""f3g2""}",queen,5,intermediate,Queen 5 · Advantage,advantage,Black to move.,1481,Club,"{""advantage"",""opening"",""short""}",Find the strongest continuation and seize the advantage.,true,lichess,WbDJM,33419,96,"{""Bishops_Opening"",""Bishops_Opening_Berlin_Defense""}"
lc_EH02u,r5k1/pppb1r1p/3p2p1/3Pp1N1/5PPq/1P2Q2P/P1P5/2KR1R2 b - - 2 22,"{""e5f4"",""f1f4"",""h4g5""}",queen,5,intermediate,Queen 5 · Capturing Defender,capturingDefender,Black to move.,1481,Club,"{""capturingDefender"",""crushing"",""middlegame"",""short""}",Find the strongest continuation and seize the advantage.,true,lichess,EH02u,33380,96,{}
lc_h6tnP,1Q6/pP3p2/6k1/3PpNq1/4P3/7p/P5r1/2R2R1K b - - 0 40,"{""g2h2"",""h1h2"",""g5g2""}",queen,5,intermediate,Queen 5 · Mate In2,mateIn2,Black to move.,1481,Club,"{""attraction"",""endgame"",""mate"",""mateIn2"",""sacrifice"",""short""}",Checkmate in two — a forced sequence that delivers checkmate on move two.,true,lichess,h6tnP,32258,96,{}
lc_JPOkV,r7/p4k2/3pb3/5B2/1Pn5/2K1PP2/5P2/6R1 w - - 2 35,"{""f5e6"",""f7e6"",""c3c4""}",queen,5,intermediate,Queen 5 · Endgame,endgame,White to move.,1481,Club,"{""crushing"",""endgame"",""short""}",An endgame technique — precise play with few pieces where every tempo counts.,true,lichess,JPOkV,31904,95,{}
lc_IAQWJ,r5k1/3R1ppp/p1n1p3/1p3n2/8/1P6/PB2BPPP/6K1 w - b6 0 25,"{""e2f3"",""f5e7"",""d7e7"",""c6e7"",""f3a8""}",queen,5,intermediate,Queen 5 · Endgame,endgame,White to move.,1481,Club,"{""advantage"",""endgame"",""long""}",An endgame technique — precise play with few pieces where every tempo counts.,true,lichess,IAQWJ,31356,95,{}
lc_BGzsP,8/2Rr4/ppb1p2p/1k1pPpp1/8/P3B1PP/1P2KP2/8 w - - 0 28,"{""a3a4"",""b5a4"",""c7c6""}",queen,5,intermediate,Queen 5 · Deflection,deflection,White to move.,1482,Club,"{""crushing"",""deflection"",""endgame"",""short""}",A deflection — lure a defending piece away from the square it was guarding.,true,lichess,BGzsP,36301,96,{}
lc_qg8w5,rn1qk2r/pbp2ppp/1p3n2/2b5/2p2N2/3QP1P1/PP3PBP/RNB2RK1 w kq - 0 10,"{""d3d8"",""e8d8"",""g2b7""}",queen,5,intermediate,Queen 5 · Crushing,crushing,White to move.,1482,Club,"{""crushing"",""opening"",""short""}",Find the strongest continuation and seize the advantage.,true,lichess,qg8w5,36091,95,"{""Hungarian_Opening"",""Hungarian_Opening_Other_variations""}"
lc_RIq5L,7r/p2p2Q1/1k2pn1p/q7/Pp1P4/1P3P2/5P1P/2R2RK1 b - - 0 26,"{""h8g8"",""g7g8"",""f6g8"",""c1c5"",""a5a6""}",queen,5,intermediate,Queen 5 · Pin,pin,Black to move.,1482,Club,"{""advantage"",""endgame"",""long"",""pin""}",A pin — the attacked piece can't move without exposing a more valuable piece behind it.,true,lichess,RIq5L,35057,95,{}
lc_JdbPs,3R4/1b4pk/p3p2p/npp1qp2/4N1PP/P1P5/1P4B1/2K1R3 w - f6 0 23,"{""e4g5"",""h6g5"",""e1e5""}",queen,5,intermediate,Queen 5 · Discovered Attack,discoveredAttack,White to move.,1482,Club,"{""advantage"",""discoveredAttack"",""middlegame"",""short""}",A discovered attack — moving one piece uncovers a deadly attack from another.,true,lichess,JdbPs,34636,97,{}
lc_ab8Fi,3q2rk/6b1/p6p/1pB1p3/2P1PpQ1/8/PPP3PP/5RK1 b - - 0 33,"{""g7f8"",""g4h3"",""f8c5""}",queen,5,intermediate,Queen 5 · Endgame,endgame,Black to move.,1482,Club,"{""advantage"",""endgame"",""short""}",An endgame technique — precise play with few pieces where every tempo counts.,true,lichess,ab8Fi,34461,95,{}
lc_Tbrdl,r4b1r/pp6/5nk1/3p1Rp1/2pp3p/5P2/PPP1BBPP/2KR4 w - - 1 23,"{""f5f6"",""g6f6"",""f2d4"",""f6e6"",""d4h8""}",queen,5,intermediate,Queen 5 · Skewer,skewer,White to move.,1482,Club,"{""advantage"",""attraction"",""long"",""middlegame"",""skewer""}","A skewer — the higher-value piece is forced to move, losing the piece behind it.",true,lichess,Tbrdl,34368,97,{}
lc_DLcGe,r5rk/2pqbp1n/p2p3R/3P4/Np2Pp2/1P3Q2/1PP2P1P/2K3R1 w - - 0 22,"{""h6h7"",""h8h7"",""f3h5""}",queen,5,intermediate,Queen 5 · Mate In2,mateIn2,White to move.,1482,Club,"{""attraction"",""kingsideAttack"",""mate"",""mateIn2"",""middlegame"",""sacrifice"",""short""}",Checkmate in two — a forced sequence that delivers checkmate on move two.,true,lichess,DLcGe,34215,96,{}
lc_Kw4j3,1kn1r2r/1p6/pq1p1p2/1p1P1P2/1P1QPBpp/6P1/1P5P/2R2NK1 w - - 2 34,"{""c1c8"",""b8c8"",""d4b6""}",queen,5,intermediate,Queen 5 · Crushing,crushing,White to move.,1482,Club,"{""crushing"",""middlegame"",""queensideAttack"",""short""}",Find the strongest continuation and seize the advantage.,true,lichess,Kw4j3,33697,95,{}
lc_59GpF,r7/ppR5/5nk1/7p/5Rb1/2N5/PPPr2PP/6K1 w - - 1 21,"{""f4f6"",""g6f6"",""c3e4""}",queen,5,intermediate,Queen 5 · Attraction,attraction,White to move.,1482,Club,"{""advantage"",""attraction"",""middlegame"",""sacrifice"",""short""}",An attraction — force an enemy piece onto a square where it can be exploited.,true,lichess,59GpF,33502,95,{}
lc_G7Yhh,8/1p5p/5kp1/2b5/1p2R3/7P/1Pb2PP1/6K1 w - - 0 28,"{""e4c4"",""b7b6"",""c4c2""}",queen,5,intermediate,Queen 5 · Fork,fork,White to move.,1482,Club,"{""advantage"",""endgame"",""fork"",""short""}","A fork — one piece attacks two enemy pieces at once, forcing a material win.",true,lichess,G7Yhh,33361,97,{}
lc_d1ChM,2r5/3k1p1p/b2p1Pp1/P2P4/1K3B2/6PP/8/1R6 b - - 14 42,"{""c8b8"",""b4c3"",""b8b1""}",queen,5,intermediate,Queen 5 · Skewer,skewer,Black to move.,1482,Club,"{""crushing"",""endgame"",""short"",""skewer""}","A skewer — the higher-value piece is forced to move, losing the piece behind it.",true,lichess,d1ChM,33219,95,{}
lc_q8uU9,6k1/7p/p3p1rp/4bp2/2q1N3/4Q2P/PPP1R1P1/5RK1 b - - 0 27,"{""e5d4"",""e3d4"",""c4d4""}",queen,5,intermediate,Queen 5 · Pin,pin,Black to move.,1482,Club,"{""advantage"",""middlegame"",""pin"",""short""}",A pin — the attacked piece can't move without exposing a more valuable piece behind it.,true,lichess,q8uU9,33109,96,{}
lc_ovhEu,r1b1r2k/1p2qppB/p7/7R/1P6/P3P2P/2Q2PP1/b5K1 w - - 0 21,"{""h7g8"",""h8g8"",""c2h7"",""g8f8"",""h7h8""}",queen,5,intermediate,Queen 5 · Mate In3,mateIn3,White to move.,1482,Club,"{""attraction"",""discoveredAttack"",""discoveredCheck"",""kingsideAttack"",""long"",""mate"",""mateIn3"",""middlegame"",""sacrifice""}",Checkmate in three — calculate the forcing line all the way to mate.,true,lichess,ovhEu,32844,95,{}
lc_mu5My,8/3R4/7P/8/2b5/2k5/3p1PP1/6K1 b - - 0 39,"{""c4d3"",""g1h2"",""d2d1q""}",queen,5,intermediate,Queen 5 · Promotion,promotion,Black to move.,1482,Club,"{""advancedPawn"",""advantage"",""endgame"",""promotion"",""quietMove"",""short""}",Pawn promotion — advance the pawn to its final rank and choose your new piece wisely.,true,lichess,mu5My,32807,95,{}
lc_9nMPa,2k1r3/pp3N1R/2p3p1/3nPn2/3PK3/1BP5/PP6/8 b - - 12 29,"{""d5f6"",""e4f4"",""f6h7""}",queen,5,intermediate,Queen 5 · Pin,pin,Black to move.,1482,Club,"{""advantage"",""endgame"",""pin"",""short""}",A pin — the attacked piece can't move without exposing a more valuable piece behind it.,true,lichess,9nMPa,32763,95,{}
lc_lDCkq,1r1qr1k1/5pp1/pp5p/2nN4/2P3Q1/P3R1P1/6KP/1R6 w - - 5 28,"{""e3e8"",""d8e8"",""d5f6"",""g8h8"",""f6e8""}",queen,5,intermediate,Queen 5 · Pin,pin,White to move.,1482,Club,"{""attraction"",""crushing"",""long"",""middlegame"",""pin""}",A pin — the attacked piece can't move without exposing a more valuable piece behind it.,true,lichess,lDCkq,32632,95,{}
lc_6dFfp,2rq1b1r/p2k2pp/Pp2b3/3pP3/5Q2/2R1B3/P1P2PPP/R5K1 w - - 1 22,"{""f4a4"",""d7e7"",""e3g5""}",queen,5,intermediate,Queen 5 · Crushing,crushing,White to move.,1482,Club,"{""crushing"",""middlegame"",""short""}",Find the strongest continuation and seize the advantage.,true,lichess,6dFfp,32608,95,{}
lc_1RlGF,r3r2k/3n1ppp/pq3n2/3N1P2/1p3B2/1P6/PP3PPP/2RQR1K1 b - - 0 19,"{""e8e1"",""d1e1"",""f6d5""}",queen,5,intermediate,Queen 5 · Advantage,advantage,Black to move.,1482,Club,"{""advantage"",""kingsideAttack"",""middlegame"",""short""}",Find the strongest continuation and seize the advantage.,true,lichess,1RlGF,32341,95,"{""Philidor_Defense"",""Philidor_Defense_Exchange_Variation""}"
lc_sd7qs,3r1rk1/pp2qpp1/1np1p2p/4n3/3PN3/2PQ1R2/PPB3PP/5RK1 w - - 3 18,"{""e4f6"",""e7f6"",""d3h7""}",queen,5,intermediate,Queen 5 · Mate In2,mateIn2,White to move.,1482,Club,"{""clearance"",""kingsideAttack"",""mate"",""mateIn2"",""middlegame"",""sacrifice"",""short""}",Checkmate in two — a forced sequence that delivers checkmate on move two.,true,lichess,sd7qs,32275,97,"{""Caro-Kann_Defense"",""Caro-Kann_Defense_Rasa-Studier_Gambit""}"
lc_aeRN9,r5k1/ppp3p1/3pb3/4p1p1/3nP3/2N2PR1/PPP2nPP/2K4R w - - 1 21,"{""h1f1"",""f2h3"",""g2h3""}",queen,5,intermediate,Queen 5 · Trapped Piece,trappedPiece,White to move.,1482,Club,"{""advantage"",""middlegame"",""short"",""trappedPiece""}",A trapped piece — the enemy piece has no safe squares and can be won.,true,lichess,aeRN9,32272,95,{}
lc_DEjd4,3rqb1r/2pk1ppp/2bp4/Q3P3/8/2N4P/2P2PP1/R1B1R1K1 b - - 0 19,"{""d8a8"",""a5a8"",""c6a8""}",queen,5,intermediate,Queen 5 · Advantage,advantage,Black to move.,1482,Club,"{""advantage"",""middlegame"",""short""}",Find the strongest continuation and seize the advantage.,true,lichess,DEjd4,32232,96,"{""Italian_Game"",""Italian_Game_Other_variations""}"
lc_oaFW6,r1b3k1/1p3ppp/1q2p3/1p2P3/1B1r4/P1Q5/5PPP/R4RK1 w - - 0 21,"{""b4c5"",""d4c4"",""c3c4"",""b5c4"",""c5b6""}",queen,5,intermediate,Queen 5 · Fork,fork,White to move.,1482,Club,"{""advantage"",""fork"",""long"",""middlegame""}","A fork — one piece attacks two enemy pieces at once, forcing a material win.",true,lichess,oaFW6,32083,96,{}
lc_yn1R8,4rrk1/ppp3p1/4p1q1/3pR2p/3P4/P1P4b/3Q1PP1/4RBK1 w - - 0 22,"{""e5g5"",""g6f6"",""g2h3""}",queen,5,intermediate,Queen 5 · Advantage,advantage,White to move.,1482,Club,"{""advantage"",""middlegame"",""short""}",Find the strongest continuation and seize the advantage.,true,lichess,yn1R8,31437,95,{}
lc_eaCoO,r1q2k1r/pppR1p2/2n2B1p/4P3/1bP5/1Q2PP2/PP5P/2K2B1R b - - 0 17,"{""c8d7"",""f1d3"",""h8g8""}",queen,5,intermediate,Queen 5 · Hanging Piece,hangingPiece,Black to move.,1483,Club,"{""advantage"",""defensiveMove"",""hangingPiece"",""middlegame"",""short""}",A hanging piece — an undefended enemy piece is free to capture.,true,lichess,eaCoO,39237,92,"{""Queens_Gambit_Declined"",""Queens_Gambit_Declined_Albin_Countergambit""}"
lc_NCuv9,rnbq1b1r/pp4pp/5k2/2pp4/2Q5/2P5/PP3PPP/RNB1K1NR w KQ d6 0 10,"{""c4h4"",""f6f7"",""h4d8""}",queen,5,intermediate,Queen 5 · Skewer,skewer,White to move.,1483,Club,"{""crushing"",""opening"",""short"",""skewer""}","A skewer — the higher-value piece is forced to move, losing the piece behind it.",true,lichess,NCuv9,38186,96,"{""Sicilian_Defense"",""Sicilian_Defense_Bowdler_Attack""}"
lc_Fu5Lh,r3kb1r/pbp2pp1/1pnq3p/3Q4/2B1P3/2N5/PPP2PPP/R3K2R w KQkq - 0 13,"{""d5f7"",""e8d8"",""a1d1""}",queen,5,intermediate,Queen 5 · Pin,pin,White to move.,1483,Club,"{""attackingF2F7"",""crushing"",""middlegame"",""pin"",""short""}",A pin — the attacked piece can't move without exposing a more valuable piece behind it.,true,lichess,Fu5Lh,37301,95,"{""Scotch_Game"",""Scotch_Game_Other_variations""}"
lc_crj1K,5rk1/5p1p/6P1/6R1/8/1B4n1/1P3P1K/2q5 w - - 0 34,"{""g6f7"",""g8h8"",""g5g8"",""f8g8"",""f7g8q""}",queen,5,intermediate,Queen 5 · Mate In3,mateIn3,White to move.,1483,Club,"{""advancedPawn"",""discoveredCheck"",""doubleCheck"",""endgame"",""fork"",""long"",""mate"",""mateIn3"",""promotion""}",Checkmate in three — calculate the forcing line all the way to mate.,true,lichess,crj1K,36526,96,{}
lc_vv1DY,r7/ppp2p1k/5p1p/8/3N1P2/6PP/PPPb2r1/1K4RR b - - 4 23,"{""g2g1"",""h1g1"",""d2e3"",""g1d1"",""a8d8""}",queen,5,intermediate,Queen 5 · Fork,fork,Black to move.,1483,Club,"{""advantage"",""endgame"",""fork"",""long""}","A fork — one piece attacks two enemy pieces at once, forcing a material win.",true,lichess,vv1DY,35800,96,{}
lc_pMrUY,1r3r1k/3Rq2p/p5p1/1Bb1pp2/2Q5/2P3P1/PP4PP/5R1K b - - 1 27,"{""a6b5"",""d7e7"",""b5c4""}",queen,5,intermediate,Queen 5 · Advantage,advantage,Black to move.,1483,Club,"{""advantage"",""middlegame"",""short""}",Find the strongest continuation and seize the advantage.,true,lichess,pMrUY,35557,94,{}
lc_QspE2,2r5/pp1k1p2/2n1p2p/3p4/3P2rP/1P3NP1/P4P1K/2R2R2 w - - 2 24,"{""c1c6"",""b7c6"",""f3e5"",""d7d6"",""e5g4""}",queen,5,intermediate,Queen 5 · Fork,fork,White to move.,1483,Club,"{""advantage"",""endgame"",""fork"",""long"",""sacrifice""}","A fork — one piece attacks two enemy pieces at once, forcing a material win.",true,lichess,QspE2,35548,95,{}
lc_FCCUS,r1b4r/1p2kppp/p1nNp3/n7/P1Pq4/8/1P1Q1PPP/R3R1K1 w - - 2 20,"{""d6f5"",""e7f8"",""f5d4""}",queen,5,intermediate,Queen 5 · Pin,pin,White to move.,1483,Club,"{""crushing"",""middlegame"",""pin"",""short""}",A pin — the attacked piece can't move without exposing a more valuable piece behind it.,true,lichess,FCCUS,35465,96,"{""Sicilian_Defense"",""Sicilian_Defense_Modern_Variations""}"
lc_gVtqU,r4r2/1b3p1k/p3p2p/1p1qN3/1Pp2RQ1/P5P1/2P3PP/7K w - - 6 30,"{""f4f7"",""f8f7"",""g4g6"",""h7h8"",""e5f7""}",queen,5,intermediate,Queen 5 · Mate In3,mateIn3,White to move.,1483,Club,"{""attraction"",""cornerMate"",""fork"",""intermezzo"",""long"",""mate"",""mateIn3"",""middlegame"",""sacrifice""}",Checkmate in three — calculate the forcing line all the way to mate.,true,lichess,gVtqU,35228,96,{}
lc_iW80r,6rk/p2P3p/4r3/2P1p3/PP2Q1p1/5pPq/5P1P/R5RK b - - 0 30,"{""h3h2"",""h1h2"",""e6h6""}",queen,5,intermediate,Queen 5 · Mate In2,mateIn2,Black to move.,1483,Club,"{""attraction"",""endgame"",""kingsideAttack"",""mate"",""mateIn2"",""sacrifice"",""short""}",Checkmate in two — a forced sequence that delivers checkmate on move two.,true,lichess,iW80r,35054,95,{}
lc_YkuhP,r4rk1/pppn2nR/3p2Q1/3P2P1/3qBp2/8/P4P2/4K3 w - - 4 31,"{""h7h8"",""g8h8"",""g6h7""}",queen,5,intermediate,Queen 5 · Mate In2,mateIn2,White to move.,1483,Club,"{""attraction"",""mate"",""mateIn2"",""middlegame"",""sacrifice"",""short""}",Checkmate in two — a forced sequence that delivers checkmate on move two.,true,lichess,YkuhP,34900,97,{}
lc_MtI99,r4r2/4n1k1/2p1P1p1/3p2p1/p2P3P/Pp3R2/1P4B1/5RK1 w - - 0 38,"{""f3f7"",""g7g8"",""f7e7""}",queen,5,intermediate,Queen 5 · Fork,fork,White to move.,1483,Club,"{""collinearMove"",""crushing"",""endgame"",""fork"",""short""}","A fork — one piece attacks two enemy pieces at once, forcing a material win.",true,lichess,MtI99,34702,97,{}
lc_irxDi,r7/2p2pkp/2pr1qp1/8/P4P2/2Q1P3/5P1P/R1R4K b - - 4 22,"{""d6d1"",""h1g2"",""f6c3"",""c1c3"",""d1a1""}",queen,5,intermediate,Queen 5 · Endgame,endgame,Black to move.,1483,Club,"{""capturingDefender"",""crushing"",""endgame"",""long""}",An endgame technique — precise play with few pieces where every tempo counts.,true,lichess,irxDi,34514,96,{}
lc_LPLdm,5rk1/p2p2pp/Q7/2PpP3/1p3q2/5PN1/P1P3PP/R5K1 b - - 0 25,"{""f4d4"",""g1h1"",""d4a1""}",queen,5,intermediate,Queen 5 · Fork,fork,Black to move.,1483,Club,"{""advantage"",""endgame"",""fork"",""short""}","A fork — one piece attacks two enemy pieces at once, forcing a material win.",true,lichess,LPLdm,34501,96,{}
lc_nozqX,r5k1/p1p3b1/1p2pqQ1/8/7R/3PP2P/P1P5/6K1 w - - 1 25,"{""g6h7"",""g8f7"",""h4f4""}",queen,5,intermediate,Queen 5 · Pin,pin,White to move.,1483,Club,"{""advantage"",""endgame"",""pin"",""short""}",A pin — the attacked piece can't move without exposing a more valuable piece behind it.,true,lichess,nozqX,34136,95,{}
lc_XgVZY,5rk1/1p1b1pp1/p3pq1p/3P4/1P1Q4/P1r2N1P/B4KP1/R3R3 b - - 2 24,"{""c3f3"",""g2f3"",""f6d4""}",queen,5,intermediate,Queen 5 · Crushing,crushing,Black to move.,1483,Club,"{""crushing"",""middlegame"",""short""}",Find the strongest continuation and seize the advantage.,true,lichess,XgVZY,33843,97,{}
lc_66n3Q,B4r1k/2p2pp1/p4b1p/n1P5/8/P3BP2/qPQ4P/2KR2R1 b - - 0 24,"{""a5b3"",""c2b3"",""a2b3""}",queen,5,intermediate,Queen 5 · Crushing,crushing,Black to move.,1483,Club,"{""crushing"",""middlegame"",""queensideAttack"",""short""}",Find the strongest continuation and seize the advantage.,true,lichess,66n3Q,33513,95,{}
lc_dc2rL,r5k1/ppnbrpbp/3p2p1/2pP2N1/PqB5/1P5P/2Q2PP1/1NB2RK1 w - - 5 20,"{""c1d2"",""b4b6"",""a4a5""}",queen,5,intermediate,Queen 5 · Advantage,advantage,White to move.,1483,Club,"{""advantage"",""middlegame"",""short""}",Find the strongest continuation and seize the advantage.,true,lichess,dc2rL,32764,95,"{""Sicilian_Defense"",""Sicilian_Defense_Delayed_Alapin""}"
lc_8mWxc,2R5/5P2/8/1kb5/2p5/8/r1P3K1/8 w - - 5 48,"{""c8c5"",""b5c5"",""f7f8q""}",queen,5,intermediate,Queen 5 · Attraction,attraction,White to move.,1483,Club,"{""advancedPawn"",""attraction"",""crushing"",""endgame"",""promotion"",""short""}",An attraction — force an enemy piece onto a square where it can be exploited.,true,lichess,8mWxc,32729,94,{}
lc_CMX8e,2b5/p6k/p5p1/4P2P/n2PQ1P1/8/P1PK4/1r6 b - - 2 37,"{""b1d1"",""d2d1"",""a4c3"",""d1d2"",""c3e4""}",queen,5,intermediate,Queen 5 · Fork,fork,Black to move.,1483,Club,"{""advantage"",""attraction"",""endgame"",""fork"",""long"",""sacrifice""}","A fork — one piece attacks two enemy pieces at once, forcing a material win.",true,lichess,CMX8e,32618,94,{}
lc_mgEE9,4r1k1/6b1/p1n3pp/1p1b1p2/1PpPq3/P4N1P/1B1Q1PP1/3R1BK1 w - - 0 27,"{""d1e1"",""e4e1"",""f3e1""}",queen,5,intermediate,Queen 5 · Trapped Piece,trappedPiece,White to move.,1483,Club,"{""advantage"",""middlegame"",""short"",""trappedPiece""}",A trapped piece — the enemy piece has no safe squares and can be won.,true,lichess,mgEE9,32194,96,{}
lc_8pmhr,1R6/8/8/8/2k5/6K1/rp3BP1/8 b - - 5 48,"{""a2a3"",""g3h2"",""a3b3""}",queen,5,intermediate,Queen 5 · Endgame,endgame,Black to move.,1483,Club,"{""crushing"",""endgame"",""short""}",An endgame technique — precise play with few pieces where every tempo counts.,true,lichess,8pmhr,32188,95,{}
lc_F6MKB,1k5r/2r1b1pp/2Qppq1n/2p5/P2pP3/R7/1PP2PPP/2B2RK1 w - - 3 19,"{""a3b3"",""b8c8"",""c6a8"",""c8d7"",""a8h8""}",queen,5,intermediate,Queen 5 · Skewer,skewer,White to move.,1483,Club,"{""crushing"",""exposedKing"",""long"",""middlegame"",""skewer""}","A skewer — the higher-value piece is forced to move, losing the piece behind it.",true,lichess,F6MKB,32130,96,"{""Italian_Game"",""Italian_Game_Other_variations""}"
lc_S4NJ4,8/3q4/6kp/1pQP4/1P4p1/6P1/6K1/8 w - - 2 39,"{""c5c6"",""d7c6"",""d5c6"",""g6f5"",""c6c7""}",queen,5,intermediate,Queen 5 · Advanced Pawn,advancedPawn,White to move.,1483,Club,"{""advancedPawn"",""crushing"",""endgame"",""long"",""queenEndgame""}",An advanced pawn — push the passer or use its threats to win material.,true,lichess,S4NJ4,32032,95,{}
lc_YAZda,5rk1/1pp3p1/1p1p2Qp/4p3/4nqN1/2P3RP/1P3PP1/6K1 w - - 0 24,"{""g4h6"",""f4h6"",""g6h6""}",queen,5,intermediate,Queen 5 · Pin,pin,White to move.,1483,Club,"{""advantage"",""endgame"",""kingsideAttack"",""pin"",""short""}",A pin — the attacked piece can't move without exposing a more valuable piece behind it.,true,lichess,YAZda,31923,95,{}
lc_N5uCx,5r2/pp4b1/2pk1q1p/3p4/6P1/2NQ4/PP5P/1K2R3 w - - 6 31,"{""c3e4"",""d6c7"",""e4f6""}",queen,5,intermediate,Queen 5 · Pin,pin,White to move.,1483,Club,"{""crushing"",""endgame"",""pin"",""short""}",A pin — the attacked piece can't move without exposing a more valuable piece behind it.,true,lichess,N5uCx,31895,95,{}
lc_Rx9In,7k/p1Q3p1/1p1p3p/5r2/3q4/P7/1PP3PP/5R1K w - - 0 28,"{""c7c8"",""h8h7"",""c8f5""}",queen,5,intermediate,Queen 5 · Fork,fork,White to move.,1483,Club,"{""crushing"",""endgame"",""fork"",""short""}","A fork — one piece attacks two enemy pieces at once, forcing a material win.",true,lichess,Rx9In,31738,96,{}
lc_TzULj,r7/BR1n2pp/2p1k3/3p4/P1pP2P1/2b2P2/7P/1R4K1 b - g3 0 27,"{""a8a7"",""b7a7"",""c3d4"",""g1f1"",""d4a7""}",queen,5,intermediate,Queen 5 · Fork,fork,Black to move.,1483,Club,"{""attraction"",""capturingDefender"",""crushing"",""endgame"",""fork"",""long""}","A fork — one piece attacks two enemy pieces at once, forcing a material win.",true,lichess,TzULj,31629,94,{}
lc_VaowG,r2r4/5pkp/3pn1p1/4p3/p3P3/1P1Q1NPP/1qP2P1K/R2R4 w - - 0 32,"{""d1b1"",""b2b1"",""a1b1""}",queen,5,intermediate,Queen 5 · Trapped Piece,trappedPiece,White to move.,1483,Club,"{""advantage"",""middlegame"",""short"",""trappedPiece""}",A trapped piece — the enemy piece has no safe squares and can be won.,true,lichess,VaowG,31427,95,{}
lc_71emT,rn2k2r/pb3ppp/4p3/1N1q4/2pP2n1/2P2N2/PPB2PP1/R1BQ1R1K b kq - 2 12,"{""d5h5"",""h1g1"",""b7f3""}",queen,5,intermediate,Queen 5 · Fork,fork,Black to move.,1484,Club,"{""advantage"",""discoveredAttack"",""fork"",""opening"",""short""}","A fork — one piece attacks two enemy pieces at once, forcing a material win.",true,lichess,71emT,48698,95,"{""Sicilian_Defense"",""Sicilian_Defense_Alapin_Variation""}"
lc_f3eJc,r4rk1/1p5n/1ppp4/6q1/2Ppp2P/5Q2/PPP2PP1/R3K2R w KQ - 0 20,"{""f3f8"",""a8f8"",""h4g5""}",queen,5,intermediate,Queen 5 · Advantage,advantage,White to move.,1484,Club,"{""advantage"",""kingsideAttack"",""middlegame"",""short""}",Find the strongest continuation and seize the advantage.,true,lichess,f3eJc,38011,96,"{""Italian_Game"",""Italian_Game_Giuoco_Pianissimo""}"
lc_s6T75,r4rk1/3b1p1p/p2pp3/6b1/4P3/5P2/NPPR4/2K2B1R w - - 0 21,"{""h1g1"",""f7f6"",""f3f4"",""g8f7"",""f4g5""}",queen,5,intermediate,Queen 5 · Pin,pin,White to move.,1484,Club,"{""advantage"",""long"",""middlegame"",""pin""}",A pin — the attacked piece can't move without exposing a more valuable piece behind it.,true,lichess,s6T75,36588,97,{}
lc_1I6Rp,5k2/5r1p/p5p1/1p2Q3/8/2N3P1/PqP3PK/8 w - - 4 37,"{""e5h8"",""f8e7"",""c3d5"",""e7d6"",""h8b2""}",queen,5,intermediate,Queen 5 · Discovered Attack,discoveredAttack,White to move.,1484,Club,"{""crushing"",""discoveredAttack"",""endgame"",""exposedKing"",""long""}",A discovered attack — moving one piece uncovers a deadly attack from another.,true,lichess,1I6Rp,36391,95,{}
lc_rPxdS,2r2rk1/6pp/p4nb1/1p1pqNQ1/4p3/7P/PPP1NPP1/R4RK1 w - - 7 25,"{""f5h6"",""g7h6"",""g5e5""}",queen,5,intermediate,Queen 5 · Discovered Attack,discoveredAttack,White to move.,1484,Club,"{""crushing"",""discoveredAttack"",""kingsideAttack"",""middlegame"",""short""}",A discovered attack — moving one piece uncovers a deadly attack from another.,true,lichess,rPxdS,36388,95,{}
lc_Uwy0N,6rk/2R3b1/2pp2Qp/6p1/p4r2/8/5P2/5KR1 b - - 0 35,"{""f4f2"",""f1f2"",""g7d4"",""f2g2"",""g8g6""}",queen,5,intermediate,Queen 5 · Discovered Attack,discoveredAttack,Black to move.,1484,Club,"{""attraction"",""crushing"",""discoveredAttack"",""endgame"",""long"",""sacrifice""}",A discovered attack — moving one piece uncovers a deadly attack from another.,true,lichess,Uwy0N,36285,96,{}
lc_lmaUk,4Qn1k/pp5p/2p3pq/3p4/3P4/P1P2P1r/B1P2R2/4R1K1 b - - 1 33,"{""h3h1"",""g1g2"",""h6h2""}",queen,5,intermediate,Queen 5 · Mate In2,mateIn2,Black to move.,1484,Club,"{""kingsideAttack"",""mate"",""mateIn2"",""middlegame"",""short""}",Checkmate in two — a forced sequence that delivers checkmate on move two.,true,lichess,lmaUk,36283,95,{}
lc_ZXnIO,3r1rk1/1p2bpp1/p3p2p/4PN2/4p3/1q2B3/PP3PPP/2R2RK1 w - - 0 24,"{""f5e7"",""g8h7"",""a2b3""}",queen,5,intermediate,Queen 5 · Hanging Piece,hangingPiece,White to move.,1484,Club,"{""crushing"",""hangingPiece"",""intermezzo"",""middlegame"",""short""}",A hanging piece — an undefended enemy piece is free to capture.,true,lichess,ZXnIO,35364,95,{}
lc_Ujiem,8/pp5p/6k1/5rp1/2P5/PPq5/3R2PP/3Q2K1 b - - 9 36,"{""c3e3"",""g1h1"",""e3d2""}",queen,5,intermediate,Queen 5 · Endgame,endgame,Black to move.,1484,Club,"{""crushing"",""endgame"",""short""}",An endgame technique — precise play with few pieces where every tempo counts.,true,lichess,Ujiem,34971,96,{}
lc_97PN6,r1br2k1/p4ppn/1bp4p/8/2B2B2/6N1/PPP2PPP/R4RK1 b - - 2 16,"{""d8d4"",""c4f7"",""g8f7""}",queen,5,intermediate,Queen 5 · Fork,fork,Black to move.,1484,Club,"{""advantage"",""fork"",""middlegame"",""short""}","A fork — one piece attacks two enemy pieces at once, forcing a material win.",true,lichess,97PN6,34886,95,"{""Italian_Game"",""Italian_Game_Anti-Fried_Liver_Defense""}"
lc_JDRFs,r1b1kbnr/pp1p1ppp/2p5/6q1/2BnP3/5N2/PPPP1PPP/RNBQK2R b KQkq - 2 6,"{""g5g2"",""f3d4"",""g2h1""}",queen,5,intermediate,Queen 5 · Advantage,advantage,Black to move.,1484,Club,"{""advantage"",""opening"",""short""}",Find the strongest continuation and seize the advantage.,true,lichess,JDRFs,34855,95,"{""Ruy_Lopez"",""Ruy_Lopez_Bird_Variation""}"
lc_B9Rff,8/PR6/8/8/r5kp/8/8/5K2 w - - 2 58,"{""b7b4"",""a4b4"",""a7a8q""}",queen,5,intermediate,Queen 5 · Deflection,deflection,White to move.,1484,Club,"{""advancedPawn"",""advantage"",""deflection"",""endgame"",""promotion"",""rookEndgame"",""short""}",A deflection — lure a defending piece away from the square it was guarding.,true,lichess,B9Rff,34833,95,{}
lc_Ghazn,2r1q2r/1b3kpQ/1p2p3/p2pPp2/8/1PR5/P4PPP/2R3K1 w - - 10 26,"{""c3c7"",""c8c7"",""c1c7"",""e8e7"",""c7e7""}",queen,5,intermediate,Queen 5 · Fork,fork,White to move.,1484,Club,"{""collinearMove"",""crushing"",""fork"",""long"",""middlegame""}","A fork — one piece attacks two enemy pieces at once, forcing a material win.",true,lichess,Ghazn,34811,95,{}
lc_bDJv6,2r3k1/pp3p1p/6p1/3B4/2P2P2/2Qbq1P1/P2R3P/R6K b - - 0 24,"{""d3e4"",""d5e4"",""e3c3""}",queen,5,intermediate,Queen 5 · Discovered Attack,discoveredAttack,Black to move.,1484,Club,"{""advantage"",""discoveredAttack"",""middlegame"",""short""}",A discovered attack — moving one piece uncovers a deadly attack from another.,true,lichess,bDJv6,34630,95,{}
lc_axtoc,2r3k1/5p2/p6p/1p3Q2/8/7P/P1q3P1/3R3K w - - 0 28,"{""d1d8"",""c8d8"",""f5c2""}",queen,5,intermediate,Queen 5 · Deflection,deflection,White to move.,1484,Club,"{""advantage"",""deflection"",""endgame"",""short""}",A deflection — lure a defending piece away from the square it was guarding.,true,lichess,axtoc,34236,95,{}
lc_X4rRm,r1b2b1r/ppk4p/2p1p2p/3p3Q/4p3/8/PPP2PPP/4R1K1 w - - 0 19,"{""h5e5"",""f8d6"",""e5h8""}",queen,5,intermediate,Queen 5 · Fork,fork,White to move.,1484,Club,"{""advantage"",""endgame"",""fork"",""short""}","A fork — one piece attacks two enemy pieces at once, forcing a material win.",true,lichess,X4rRm,34172,97,"{""Nimzowitsch_Defense"",""Nimzowitsch_Defense_Other_variations""}"
lc_zrgii,8/1r6/R3pp2/3kn3/1p6/1P4p1/PKP5/5B2 w - - 2 42,"{""f1g2"",""d5d4"",""g2b7""}",queen,5,intermediate,Queen 5 · Skewer,skewer,White to move.,1484,Club,"{""crushing"",""endgame"",""short"",""skewer""}","A skewer — the higher-value piece is forced to move, losing the piece behind it.",true,lichess,zrgii,33891,96,{}
lc_HGv2y,6k1/1b3p2/ppq5/2p3PQ/5r2/8/P4RPP/5R1K b - - 3 29,"{""c6g2"",""f2g2"",""f4f1""}",queen,5,intermediate,Queen 5 · Mate In2,mateIn2,Black to move.,1484,Club,"{""deflection"",""endgame"",""mate"",""mateIn2"",""pin"",""sacrifice"",""short""}",Checkmate in two — a forced sequence that delivers checkmate on move two.,true,lichess,HGv2y,33653,96,{}
lc_RCLMB,2kr3r/ppp2ppp/2np4/1B2pb2/4q3/2P1PN1P/PP1K2P1/RN1QR3 b - - 7 12,"{""e4d5"",""d2c1"",""d5b5""}",queen,5,intermediate,Queen 5 · Fork,fork,Black to move.,1484,Club,"{""advantage"",""fork"",""middlegame"",""short""}","A fork — one piece attacks two enemy pieces at once, forcing a material win.",true,lichess,RCLMB,33460,95,"{""Kings_Pawn_Game"",""Kings_Pawn_Game_Macleod_Attack""}"
lc_yfza6,1n1q1rk1/1p1b1pp1/2pbpn1p/1P1p2N1/2P5/4P3/2QP1PPP/BN2KB1R w K - 0 12,"{""a1f6"",""h6g5"",""f6d8""}",queen,5,intermediate,Queen 5 · Crushing,crushing,White to move.,1484,Club,"{""crushing"",""opening"",""short""}",Find the strongest continuation and seize the advantage.,true,lichess,yfza6,33179,95,"{""Polish_Opening"",""Polish_Opening_Schiffler-Sokolsky_Variation""}"
lc_avnxU,5k1r/2q2ppp/1pn1pb2/r1n5/8/P1P1BN1P/1PQ2PP1/1R3RK1 w - - 12 21,"{""b2b4"",""a5a8"",""b4c5""}",queen,5,intermediate,Queen 5 · Fork,fork,White to move.,1484,Club,"{""advantage"",""fork"",""middlegame"",""short""}","A fork — one piece attacks two enemy pieces at once, forcing a material win.",true,lichess,avnxU,32795,95,{}
lc_ZaM7w,r7/pkp1r2p/b3p2P/2R5/3Pp1Q1/2p1P3/Pq3PP1/2RK4 w - - 3 27,"{""g4e4"",""b7b8"",""c1b1""}",queen,5,intermediate,Queen 5 · Pin,pin,White to move.,1484,Club,"{""crushing"",""middlegame"",""pin"",""short""}",A pin — the attacked piece can't move without exposing a more valuable piece behind it.,true,lichess,ZaM7w,32710,95,{}
lc_31hjr,3k2r1/1bp5/pp1pP2q/5p2/2P5/1P1B2PP/P1Q4K/6R1 b - - 0 29,"{""h6h3"",""h2h3"",""g8h8""}",queen,5,intermediate,Queen 5 · Mate In2,mateIn2,Black to move.,1484,Club,"{""attraction"",""endgame"",""mate"",""mateIn2"",""pillsburysMate"",""sacrifice"",""short""}",Checkmate in two — a forced sequence that delivers checkmate on move two.,true,lichess,31hjr,32332,96,{}
lc_tl8T3,r2qr1k1/1p3pp1/p1np1b1p/3N1P2/5PQ1/2PB4/PP6/R3R1K1 w - - 1 22,"{""e1e8"",""d8e8"",""d5f6""}",queen,5,intermediate,Queen 5 · Pin,pin,White to move.,1484,Club,"{""crushing"",""kingsideAttack"",""middlegame"",""pin"",""short""}",A pin — the attacked piece can't move without exposing a more valuable piece behind it.,true,lichess,tl8T3,32065,96,{}
lc_VBRSt,r4rk1/2p1npp1/2n2q1p/ppb1p3/4p1b1/1BPP1NN1/PP2QPPP/R1B1K2R w KQ - 0 14,"{""g3e4"",""f6f5"",""e4c5""}",queen,5,intermediate,Queen 5 · Fork,fork,White to move.,1484,Club,"{""advantage"",""fork"",""middlegame"",""short""}","A fork — one piece attacks two enemy pieces at once, forcing a material win.",true,lichess,VBRSt,31649,95,"{""Ruy_Lopez"",""Ruy_Lopez_Other_variations""}"
lc_K409R,8/2Q4p/4Rpk1/1p4p1/4P3/P4PK1/3q2PP/8 b - - 6 35,"{""d2e1"",""g3h3"",""e1h4""}",queen,5,intermediate,Queen 5 · Mate In2,mateIn2,Black to move.,1484,Club,"{""endgame"",""mate"",""mateIn2"",""short""}",Checkmate in two — a forced sequence that delivers checkmate on move two.,true,lichess,K409R,31612,97,{}
lc_HZuGF,r6k/4n1pp/p5rq/1p2Qp2/5n2/1NP4P/PP1N1PBK/R5R1 b - - 0 24,"{""g6g2"",""g1g2"",""h6h3"",""h2g1"",""h3g2""}",queen,5,intermediate,Queen 5 · Mate In3,mateIn3,Black to move.,1484,Club,"{""attraction"",""long"",""mate"",""mateIn3"",""middlegame""}",Checkmate in three — calculate the forcing line all the way to mate.,true,lichess,HZuGF,31492,96,{}
lc_PBx2O,r2q1rk1/pb1pnppp/1bp5/2B5/N3P3/3P1N2/PPP2PPP/R2QK2R b KQ - 0 11,"{""b6c5"",""a4c5"",""d8a5"",""d1d2"",""a5c5""}",queen,5,intermediate,Queen 5 · Fork,fork,Black to move.,1484,Club,"{""advantage"",""clearance"",""fork"",""long"",""opening""}","A fork — one piece attacks two enemy pieces at once, forcing a material win.",true,lichess,PBx2O,31472,96,"{""Sicilian_Defense"",""Sicilian_Defense_Nyezhmetdinov-Rossolimo_Attack""}"
lc_fB3oB,r4r1k/ppp2pRp/3p1N1q/4p3/2P5/8/PPP2p2/1K5R w - - 0 26,"{""g7h7"",""h6h7"",""h1h7""}",queen,5,intermediate,Queen 5 · Mate In2,mateIn2,White to move.,1485,Club,"{""arabianMate"",""endgame"",""fork"",""mate"",""mateIn2"",""short"",""xRayAttack""}",Checkmate in two — a forced sequence that delivers checkmate on move two.,true,lichess,fB3oB,40458,95,{}
lc_UkTMD,rn3rk1/1bp3q1/p2p1npp/8/3P4/2N5/PP3PPP/R1BQR1K1 w - - 1 18,"{""d1b3"",""g7f7"",""b3b7""}",queen,5,intermediate,Queen 5 · Fork,fork,White to move.,1485,Club,"{""advantage"",""fork"",""opening"",""short""}","A fork — one piece attacks two enemy pieces at once, forcing a material win.",true,lichess,UkTMD,38734,96,"{""Modern_Defense"",""Modern_Defense_Two_Knights_Variation""}"
lc_T3Uhx,r5k1/5pp1/7p/2Q5/p3n3/B1P1P3/3q1PP1/5RK1 w - - 4 34,"{""c5c6"",""a8b8"",""c6e4""}",queen,5,intermediate,Queen 5 · Fork,fork,White to move.,1485,Club,"{""advantage"",""endgame"",""fork"",""short""}","A fork — one piece attacks two enemy pieces at once, forcing a material win.",true,lichess,T3Uhx,36821,95,{}
lc_7omEc,5k2/1Q3p1p/3Rp1p1/8/4PP2/1Pq5/6PP/r2R3K b - - 0 28,"{""c3e1"",""d1e1"",""a1e1""}",queen,5,intermediate,Queen 5 · Mate In2,mateIn2,Black to move.,1485,Club,"{""backRankMate"",""endgame"",""mate"",""mateIn2"",""sacrifice"",""short"",""xRayAttack""}",Checkmate in two — a forced sequence that delivers checkmate on move two.,true,lichess,7omEc,36741,95,{}
lc_QDT7n,rnbq1b1r/pppkp1p1/6Qp/3p4/3PnP2/4P3/PPP5/RNB1KB1R w KQ - 1 11,"{""f1h3"",""e7e6"",""g6e6""}",queen,5,intermediate,Queen 5 · Mate In2,mateIn2,White to move.,1485,Club,"{""dovetailMate"",""mate"",""mateIn2"",""opening"",""short""}",Checkmate in two — a forced sequence that delivers checkmate on move two.,true,lichess,QDT7n,36563,97,"{""Dutch_Defense"",""Dutch_Defense_Krejcik_Gambit""}"
lc_r3VAY,r1bqk3/pppp1pQr/2nb1n1p/4p3/2B4N/3P4/PPP2PPP/RNB2RK1 w q - 1 9,"{""c4f7"",""e8e7"",""h4f5""}",queen,5,intermediate,Queen 5 · Mate In2,mateIn2,White to move.,1485,Club,"{""attackingF2F7"",""mate"",""mateIn2"",""opening"",""short""}",Checkmate in two — a forced sequence that delivers checkmate on move two.,true,lichess,r3VAY,35609,96,"{""Kings_Knight_Opening"",""Kings_Knight_Opening_Other_variations""}"
lc_woizG,5rk1/1p4pp/p5r1/3P4/2PPR2q/6pP/PP1BQpP1/5R1K b - - 7 26,"{""h4h3"",""g2h3"",""g3g2"",""h1h2"",""g2g1q"",""f1g1"",""f2g1q""}",queen,5,intermediate,Queen 5 · Fork,fork,Black to move.,1485,Club,"{""advancedPawn"",""fork"",""mate"",""mateIn4"",""middlegame"",""promotion"",""sacrifice"",""veryLong""}","A fork — one piece attacks two enemy pieces at once, forcing a material win.",true,lichess,woizG,35525,96,{}
lc_biiiD,3r2k1/pp2n1p1/1bp4p/3r1q2/PP2N3/R2P1N2/5PPP/3Q1RK1 b - - 2 21,"{""f5e4"",""d3e4"",""d5d1""}",queen,5,intermediate,Queen 5 · Advantage,advantage,Black to move.,1485,Club,"{""advantage"",""middlegame"",""short""}",Find the strongest continuation and seize the advantage.,true,lichess,biiiD,35250,96,{}
lc_hIzQg,r3kb1r/3nn1pp/p2p1p2/qN1Pp2b/Bp2P3/5N1P/P1P2PP1/RQ2K2R w KQkq - 0 18,"{""b5d6"",""e8d8"",""d6b7"",""d8c7"",""b7a5""}",queen,5,intermediate,Queen 5 · Fork,fork,White to move.,1485,Club,"{""crushing"",""exposedKing"",""fork"",""long"",""middlegame""}","A fork — one piece attacks two enemy pieces at once, forcing a material win.",true,lichess,hIzQg,34776,95,"{""Philidor_Defense"",""Philidor_Defense_Other_variations""}"
lc_q2SpM,rnbq2k1/pp3pp1/2p2n1p/2P1r3/5B2/2pB4/PP1Q1PPP/R4RK1 w - - 0 16,"{""d3h7"",""g8h7"",""d2d8""}",queen,5,intermediate,Queen 5 · Discovered Attack,discoveredAttack,White to move.,1485,Club,"{""advantage"",""discoveredAttack"",""middlegame"",""short""}",A discovered attack — moving one piece uncovers a deadly attack from another.,true,lichess,q2SpM,34684,96,"{""French_Defense"",""French_Defense_Knight_Variation""}"
lc_rCaMu,3r1rk1/pp4qp/3p2p1/4pn2/7Q/2P1N2R/5PPP/3R2K1 w - - 0 30,"{""e3f5"",""g6f5"",""h3g3""}",queen,5,intermediate,Queen 5 · Pin,pin,White to move.,1485,Club,"{""advantage"",""middlegame"",""pin"",""short""}",A pin — the attacked piece can't move without exposing a more valuable piece behind it.,true,lichess,rCaMu,34430,95,{}
lc_cimOa,2k1r2r/p1p1n1pp/Pp3p2/5q2/2NP2b1/4BN2/1P3PPP/2RQb1K1 w - - 0 19,"{""c4d6"",""c8b8"",""d6f5""}",queen,5,intermediate,Queen 5 · Pin,pin,White to move.,1485,Club,"{""crushing"",""middlegame"",""pin"",""short""}",A pin — the attacked piece can't move without exposing a more valuable piece behind it.,true,lichess,cimOa,34380,96,"{""French_Defense"",""French_Defense_Exchange_Variation""}"
lc_rMcsu,2kr3r/pp2b3/3p3p/2p2N2/P5pP/2P3P1/1P1B1P2/R3nK2 w - - 0 24,"{""f5e7"",""c8d7"",""a1e1""}",queen,5,intermediate,Queen 5 · Hanging Piece,hangingPiece,White to move.,1485,Club,"{""advantage"",""hangingPiece"",""intermezzo"",""middlegame"",""short""}",A hanging piece — an undefended enemy piece is free to capture.,true,lichess,rMcsu,34361,96,{}
lc_CBc5I,4b3/2k3pp/p7/P2n4/1PN1p1B1/4P3/4K1PP/8 b - - 13 47,"{""e8b5"",""e2d2"",""b5c4""}",queen,5,intermediate,Queen 5 · Pin,pin,Black to move.,1485,Club,"{""advantage"",""endgame"",""pin"",""short""}",A pin — the attacked piece can't move without exposing a more valuable piece behind it.,true,lichess,CBc5I,33853,96,{}
lc_iqLLY,r6r/2R1b3/5k2/P1p2Pp1/1pPp1P2/1N1n2K1/3B3p/7R w - g6 0 53,"{""f4g5"",""f6f5"",""c7e7""}",queen,5,intermediate,Queen 5 · Advantage,advantage,White to move.,1485,Club,"{""advantage"",""middlegame"",""short""}",Find the strongest continuation and seize the advantage.,true,lichess,iqLLY,33593,95,{}
lc_pWFfd,6k1/R7/4rPb1/7p/1P3p2/P4P2/6PK/8 w - - 1 46,"{""a7g7"",""g8f8"",""g7g6""}",queen,5,intermediate,Queen 5 · Fork,fork,White to move.,1485,Club,"{""crushing"",""endgame"",""fork"",""short""}","A fork — one piece attacks two enemy pieces at once, forcing a material win.",true,lichess,pWFfd,33501,95,{}
lc_qwxrc,5rk1/p3b1p1/4p2p/1p1pP2q/2pP2N1/P3PQ1P/1P6/5RK1 w - - 1 26,"{""g4f6"",""e7f6"",""f3h5""}",queen,5,intermediate,Queen 5 · Discovered Attack,discoveredAttack,White to move.,1485,Club,"{""crushing"",""discoveredAttack"",""endgame"",""kingsideAttack"",""short""}",A discovered attack — moving one piece uncovers a deadly attack from another.,true,lichess,qwxrc,33290,96,{}
lc_cHleq,4r1rk/p1p2p2/4q2P/2p3Q1/3p4/8/PPP5/1K4RR w - - 3 34,"{""g5g7"",""g8g7"",""h6g7"",""h8g8"",""h1h8""}",queen,5,intermediate,Queen 5 · Mate In3,mateIn3,White to move.,1485,Club,"{""advancedPawn"",""collinearMove"",""discoveredCheck"",""doubleCheck"",""endgame"",""exposedKing"",""long"",""mate"",""mateIn3"",""sacrifice""}",Checkmate in three — calculate the forcing line all the way to mate.,true,lichess,cHleq,33145,96,{}
lc_ko8Hl,r2qbrk1/1p4p1/p1pp1pB1/2nPp3/2P1P3/2N3P1/PP1Q3R/2K5 w - - 6 21,"{""h2h8"",""g8h8"",""d2h2"",""h8g8"",""h2h7""}",queen,5,intermediate,Queen 5 · Mate In3,mateIn3,White to move.,1485,Club,"{""attraction"",""kingsideAttack"",""long"",""mate"",""mateIn3"",""middlegame"",""sacrifice""}",Checkmate in three — calculate the forcing line all the way to mate.,true,lichess,ko8Hl,32771,96,{}
lc_pqifC,1R6/p2BBkpp/5p2/3b3q/2n2P2/P5P1/7P/6K1 w - - 1 28,"{""d7e8"",""f7e7"",""e8h5""}",queen,5,intermediate,Queen 5 · Skewer,skewer,White to move.,1485,Club,"{""advantage"",""endgame"",""short"",""skewer""}","A skewer — the higher-value piece is forced to move, losing the piece behind it.",true,lichess,pqifC,32585,96,{}
lc_YdIzL,r3kb1r/ppp1pppp/5n2/q2N4/3n4/3P1B1P/PPPB1PP1/R2QK2R b KQkq - 2 10,"{""d4f3"",""d1f3"",""a5d5"",""f3d5"",""f6d5""}",queen,5,intermediate,Queen 5 · Advantage,advantage,Black to move.,1485,Club,"{""advantage"",""long"",""opening""}",Find the strongest continuation and seize the advantage.,true,lichess,YdIzL,31682,95,"{""Scandinavian_Defense"",""Scandinavian_Defense_Main_Line""}"
lc_k9EKK,r2qk2r/2pbbppp/p2p1n2/1p1Np1B1/4P3/1P1P1N2/1PP2PPP/R2Q1RK1 b kq - 2 11,"{""f6d5"",""g5e7"",""d5e7""}",queen,6,intermediate,Queen 6 · Advantage,advantage,Black to move.,1485,Club,"{""advantage"",""middlegame"",""short""}",Find the strongest continuation and seize the advantage.,true,lichess,k9EKK,31476,95,"{""Four_Knights_Game"",""Four_Knights_Game_Spanish_Variation""}"
lc_azJHO,r1bq1rk1/pp3ppp/2n5/1Bbp4/8/4PN1P/PP3PP1/R1BQK2R b KQ - 0 10,"{""d8a5"",""c1d2"",""a5b5""}",queen,6,intermediate,Queen 6 · Fork,fork,Black to move.,1486,Club,"{""advantage"",""fork"",""opening"",""short""}","A fork — one piece attacks two enemy pieces at once, forcing a material win.",true,lichess,azJHO,37766,96,"{""Queens_Gambit_Declined"",""Queens_Gambit_Declined_Other_variations""}"
lc_ATjKs,8/6pk/p5rn/1p2P3/2p1Qr2/2P4q/PP4N1/3RR1K1 w - - 0 38,"{""e4g6"",""h7g6"",""g2f4""}",queen,6,intermediate,Queen 6 · Attraction,attraction,White to move.,1486,Club,"{""attraction"",""crushing"",""middlegame"",""short""}",An attraction — force an enemy piece onto a square where it can be exploited.,true,lichess,ATjKs,36776,96,{}
lc_LVvOg,r3kbnr/1p2pppp/p7/3pq3/3nPPQ1/1P6/PBPN2PP/R3KB1R b KQkq - 0 10,"{""d4c2"",""e1e2"",""e5b2""}",queen,6,intermediate,Queen 6 · Fork,fork,Black to move.,1486,Club,"{""crushing"",""discoveredAttack"",""fork"",""opening"",""short""}","A fork — one piece attacks two enemy pieces at once, forcing a material win.",true,lichess,LVvOg,36299,96,"{""Sicilian_Defense"",""Sicilian_Defense_OKelly_Variation""}"
lc_mclyk,k5r1/ppq5/2p1Q2p/5P2/P2P2r1/2P5/2P1N2P/R5RK b - - 4 28,"{""c7h2"",""h1h2"",""g4h4""}",queen,6,intermediate,Queen 6 · Mate In2,mateIn2,Black to move.,1486,Club,"{""attraction"",""mate"",""mateIn2"",""middlegame"",""sacrifice"",""short""}",Checkmate in two — a forced sequence that delivers checkmate on move two.,true,lichess,mclyk,35453,97,{}
lc_fLQ2M,4Q3/1pq1n1kp/3p2p1/4p2P/1P1nP1P1/P7/1BP2r2/1K5R w - - 3 28,"{""h5h6"",""g7f6"",""e8f8"",""f6e6"",""f8f2""}",queen,6,intermediate,Queen 6 · Skewer,skewer,White to move.,1486,Club,"{""crushing"",""long"",""middlegame"",""skewer""}","A skewer — the higher-value piece is forced to move, losing the piece behind it.",true,lichess,fLQ2M,34802,96,{}
lc_cNsfM,8/5p1p/7k/6R1/4PK2/3r1P2/8/8 b - - 0 55,"{""d3f3"",""f4g4"",""f3g3"",""g4g3"",""h6g5""}",queen,6,intermediate,Queen 6 · Deflection,deflection,Black to move.,1486,Club,"{""crushing"",""deflection"",""endgame"",""long"",""rookEndgame""}",A deflection — lure a defending piece away from the square it was guarding.,true,lichess,cNsfM,34415,96,{}
lc_iDbVO,r1b2r1k/1p1n1pRp/p4n2/4pN2/4P3/2q3Q1/PPP2KPP/R7 w - - 0 18,"{""g7h7"",""f6h7"",""g3g7""}",queen,6,intermediate,Queen 6 · Mate In2,mateIn2,White to move.,1486,Club,"{""clearance"",""kingsideAttack"",""mate"",""mateIn2"",""middlegame"",""sacrifice"",""short""}",Checkmate in two — a forced sequence that delivers checkmate on move two.,true,lichess,iDbVO,33681,95,"{""Sicilian_Defense"",""Sicilian_Defense_Modern_Variations""}"
lc_DOUOL,7Q/8/1p6/1kn1p3/3qN3/2p2P2/2P1p1PP/6RK b - - 1 39,"{""d4g1"",""h1g1"",""e2e1q""}",queen,6,intermediate,Queen 6 · Mate In2,mateIn2,Black to move.,1486,Club,"{""advancedPawn"",""attraction"",""endgame"",""mate"",""mateIn2"",""promotion"",""short""}",Checkmate in two — a forced sequence that delivers checkmate on move two.,true,lichess,DOUOL,33592,96,{}
lc_5LiC5,8/p2N4/kpR4p/4p3/2P1q3/7P/6PK/8 w - - 0 36,"{""d7c5"",""a6a5"",""c5e4""}",queen,6,intermediate,Queen 6 · Pin,pin,White to move.,1486,Club,"{""crushing"",""endgame"",""pin"",""short""}",A pin — the attacked piece can't move without exposing a more valuable piece behind it.,true,lichess,5LiC5,32684,95,{}
lc_R1mbH,r1bk3r/ppN2ppp/2nBPq2/2pQ4/4n3/8/PPP2PPP/R3KBNR b KQ - 0 10,"{""f6f2"",""e1d1"",""f2f1""}",queen,6,intermediate,Queen 6 · Mate In2,mateIn2,Black to move.,1486,Club,"{""attackingF2F7"",""deflection"",""master"",""mate"",""mateIn2"",""opening"",""short""}",Checkmate in two — a forced sequence that delivers checkmate on move two.,true,lichess,R1mbH,32626,95,"{""Rapport-Jobava_System"",""Rapport-Jobava_System_Other_variations""}"
lc_WfNmm,4k3/P7/7p/2R5/6p1/1KP5/3qp3/R7 b - - 0 41,"{""d2d1"",""a1d1"",""e2d1q""}",queen,6,intermediate,Queen 6 · Promotion,promotion,Black to move.,1486,Club,"{""advancedPawn"",""crushing"",""endgame"",""promotion"",""queenRookEndgame"",""short""}",Pawn promotion — advance the pawn to its final rank and choose your new piece wisely.,true,lichess,WfNmm,32287,95,{}
lc_odjZj,r4rk1/1Q3ppp/4p3/4P3/2q2P2/6P1/7P/R2R2K1 b - - 0 24,"{""a8a1"",""d1a1"",""c4d4"",""g1g2"",""d4a1""}",queen,6,intermediate,Queen 6 · Fork,fork,Black to move.,1486,Club,"{""attraction"",""crushing"",""endgame"",""fork"",""long""}","A fork — one piece attacks two enemy pieces at once, forcing a material win.",true,lichess,odjZj,32280,95,{}
lc_zC6R1,5r1k/2p3b1/1p2Q3/4B1p1/3pP2p/PP1P3P/6P1/4qN1K w - - 0 37,"{""e6h6"",""h8g8"",""h6g7""}",queen,6,intermediate,Queen 6 · Mate In2,mateIn2,White to move.,1486,Club,"{""endgame"",""mate"",""mateIn2"",""pin"",""short""}",Checkmate in two — a forced sequence that delivers checkmate on move two.,true,lichess,zC6R1,31898,95,{}
lc_wosse,1r3r2/2pq1p1k/p5pp/1p2p1b1/3nP1N1/1B1P3P/PPPQ2P1/2KR3R w - - 2 22,"{""d2g5"",""h6g5"",""g4f6"",""h7g7"",""f6d7""}",queen,6,intermediate,Queen 6 · Fork,fork,White to move.,1486,Club,"{""crushing"",""fork"",""long"",""middlegame"",""sacrifice""}","A fork — one piece attacks two enemy pieces at once, forcing a material win.",true,lichess,wosse,31566,96,{}
lc_M7CVW,r1b2rk1/pp1n2p1/1q4P1/2pp1p2/3P4/4PN2/PP2B1P1/1K1Q3R w - - 0 18,"{""h1h8"",""g8h8"",""d1h1"",""h8g8"",""h1h7""}",queen,6,intermediate,Queen 6 · Mate In3,mateIn3,White to move.,1486,Club,"{""attraction"",""kingsideAttack"",""long"",""mate"",""mateIn3"",""middlegame"",""sacrifice""}",Checkmate in three — calculate the forcing line all the way to mate.,true,lichess,M7CVW,31419,95,"{""Queens_Gambit_Declined"",""Queens_Gambit_Declined_Ragozin_Defense""}"
lc_aUZdo,6k1/1pp3pp/p4p2/4P3/8/2N1Q3/PPqr1RPP/6K1 b - - 2 26,"{""c2c1"",""f2f1"",""d2g2"",""g1g2"",""c1e3""}",queen,6,intermediate,Queen 6 · Discovered Attack,discoveredAttack,Black to move.,1487,Club,"{""crushing"",""deflection"",""discoveredAttack"",""endgame"",""long""}",A discovered attack — moving one piece uncovers a deadly attack from another.,true,lichess,aUZdo,42912,96,{}
lc_ePjpR,r2qkbnr/pp3ppp/8/3p4/3n2b1/3B1N2/PP3PPP/R1BQK1NR w KQkq - 0 9,"{""d1a4"",""d4c6"",""a4g4""}",queen,6,intermediate,Queen 6 · Fork,fork,White to move.,1487,Club,"{""advantage"",""fork"",""opening"",""short""}","A fork — one piece attacks two enemy pieces at once, forcing a material win.",true,lichess,ePjpR,37817,95,"{""French_Defense"",""French_Defense_Tarrasch_Variation""}"
lc_LSfZw,r1b2rk1/5pbp/p3p1p1/1p1qN3/4pB2/2Q3P1/PP3PBP/4R1K1 w - - 2 18,"{""g2e4"",""d5d6"",""e4a8""}",queen,6,intermediate,Queen 6 · Skewer,skewer,White to move.,1487,Club,"{""advantage"",""middlegame"",""short"",""skewer""}","A skewer — the higher-value piece is forced to move, losing the piece behind it.",true,lichess,LSfZw,36273,95,"{""Slav_Defense"",""Slav_Defense_Schlechter_Variation""}"
lc_sZzGE,7k/6p1/3p3p/3q4/1P1r4/8/1PQ1R1PP/6K1 b - - 1 31,"{""d4d1"",""g1f2"",""d5d4"",""e2e3"",""d1d2"",""c2d2"",""d4d2""}",queen,6,intermediate,Queen 6 · Fork,fork,Black to move.,1487,Club,"{""crushing"",""endgame"",""fork"",""veryLong""}","A fork — one piece attacks two enemy pieces at once, forcing a material win.",true,lichess,sZzGE,35645,96,{}
lc_s200U,3r1r1k/2q2pp1/p3p2p/1p2Nn2/2pPRQ2/2P5/PP3PPP/R5K1 w - - 1 24,"{""e5g6"",""f7g6"",""f4c7""}",queen,6,intermediate,Queen 6 · Discovered Attack,discoveredAttack,White to move.,1487,Club,"{""crushing"",""discoveredAttack"",""middlegame"",""short""}",A discovered attack — moving one piece uncovers a deadly attack from another.,true,lichess,s200U,35361,96,{}
lc_0j0TV,8/1p4p1/p1b1R2p/P1N2kp1/1r6/5P2/6PP/6K1 w - - 1 32,"{""g2g4"",""f5f4"",""c5d3"",""f4f3"",""d3b4""}",queen,6,intermediate,Queen 6 · Fork,fork,White to move.,1487,Club,"{""crushing"",""endgame"",""fork"",""long""}","A fork — one piece attacks two enemy pieces at once, forcing a material win.",true,lichess,0j0TV,35054,96,{}
lc_lylVz,5r1k/2nP2q1/p3Q2p/2p2r2/P1R2P2/8/6PP/5RK1 w - - 1 31,"{""e6f5"",""f8f5"",""d7d8q""}",queen,6,intermediate,Queen 6 · Promotion,promotion,White to move.,1487,Club,"{""advancedPawn"",""crushing"",""middlegame"",""promotion"",""short""}",Pawn promotion — advance the pawn to its final rank and choose your new piece wisely.,true,lichess,lylVz,35007,95,{}
lc_K1uuL,r7/p1q1k1pp/b1p1pp2/3p4/2P5/1Q2P3/P2N1PPP/5RK1 w - - 2 21,"{""b3a3"",""c6c5"",""a3a6""}",queen,6,intermediate,Queen 6 · Fork,fork,White to move.,1487,Club,"{""advantage"",""endgame"",""fork"",""short""}","A fork — one piece attacks two enemy pieces at once, forcing a material win.",true,lichess,K1uuL,34827,96,{}
lc_FEyiK,8/6p1/4p2k/1P1b2r1/7p/P4p1q/3Q1RP1/6K1 w - - 0 43,"{""d2g5"",""h6g5"",""g2h3""}",queen,6,intermediate,Queen 6 · Endgame,endgame,White to move.,1487,Club,"{""advantage"",""endgame"",""short""}",An endgame technique — precise play with few pieces where every tempo counts.,true,lichess,FEyiK,34789,95,{}
lc_YBsKQ,r2qk2r/pp3ppp/2nbp3/1B6/3PQ3/7P/PP3PP1/R1B1K2R b KQkq - 0 12,"{""d8a5"",""c1d2"",""a5b5""}",queen,6,intermediate,Queen 6 · Fork,fork,Black to move.,1487,Club,"{""crushing"",""fork"",""middlegame"",""short""}","A fork — one piece attacks two enemy pieces at once, forcing a material win.",true,lichess,YBsKQ,34407,95,"{""English_Opening"",""English_Opening_Caro-Kann_Defensive_System""}"
lc_mxouQ,r3k3/1p4p1/p3p3/8/P2qB3/B1R1n1P1/8/R5K1 w q - 0 25,"{""e4g6"",""e8d7"",""c3d3"",""d4d3"",""g6d3""}",queen,6,intermediate,Queen 6 · Pin,pin,White to move.,1487,Club,"{""advantage"",""long"",""middlegame"",""pin""}",A pin — the attacked piece can't move without exposing a more valuable piece behind it.,true,lichess,mxouQ,34113,96,{}
lc_HD1WG,2r2rk1/5ppp/R3pn2/1qNp4/1P1P4/3QP2P/5PP1/5RK1 b - - 0 25,"{""c8c5"",""d3b5"",""c5b5""}",queen,6,intermediate,Queen 6 · Advantage,advantage,Black to move.,1487,Club,"{""advantage"",""middlegame"",""short""}",Find the strongest continuation and seize the advantage.,true,lichess,HD1WG,34097,95,{}
lc_slFyJ,5rk1/3b1p1p/p3p1p1/1p1p4/1P1R4/P6P/2r1BPP1/2NR2K1 b - - 3 21,"{""f8c8"",""c1d3"",""c2e2""}",queen,6,intermediate,Queen 6 · Advantage,advantage,Black to move.,1487,Club,"{""advantage"",""middlegame"",""quietMove"",""short""}",Find the strongest continuation and seize the advantage.,true,lichess,slFyJ,33931,95,{}
lc_I9Po5,1k1r1r2/ppp5/7p/3p4/6Q1/1RP3pP/P2q1P2/1R4K1 w - - 2 26,"{""b3b7"",""b8a8"",""b7a7"",""a8a7"",""g4a4""}",queen,6,intermediate,Queen 6 · Mate In3,mateIn3,White to move.,1487,Club,"{""attraction"",""endgame"",""long"",""mate"",""mateIn3"",""queensideAttack"",""sacrifice""}",Checkmate in three — calculate the forcing line all the way to mate.,true,lichess,I9Po5,33773,96,{}
lc_nyFcL,6rk/5p1p/P2q2r1/3N4/3pQ3/1P6/P6P/4RR1K b - - 0 34,"{""d6h2"",""h1h2"",""g6h6"",""e4h4"",""h6h4""}",queen,6,intermediate,Queen 6 · Mate In3,mateIn3,Black to move.,1487,Club,"{""attraction"",""long"",""mate"",""mateIn3"",""middlegame"",""sacrifice""}",Checkmate in three — calculate the forcing line all the way to mate.,true,lichess,nyFcL,33689,95,{}
lc_OzT8i,r1bq2k1/pp4bp/2p1prp1/3p3P/3P2n1/2NB1N2/PPPQ1PP1/2KR3R b - - 0 17,"{""g7h6"",""d2h6"",""g4h6""}",queen,6,intermediate,Queen 6 · Pin,pin,Black to move.,1487,Club,"{""advantage"",""middlegame"",""pin"",""short""}",A pin — the attacked piece can't move without exposing a more valuable piece behind it.,true,lichess,OzT8i,33621,95,"{""French_Defense"",""French_Defense_Normal_Variation""}"
lc_FsOli,r4rk1/p3qppp/8/2p1n2b/2NpPR2/2PB3P/PP4P1/R3Q1K1 w - - 1 18,"{""c4e5"",""e7e5"",""f4f5""}",queen,6,intermediate,Queen 6 · Advantage,advantage,White to move.,1487,Club,"{""advantage"",""middlegame"",""short""}",Find the strongest continuation and seize the advantage.,true,lichess,FsOli,33123,95,"{""Sicilian_Defense"",""Sicilian_Defense_Lowenthal_Variation""}"
lc_V1Q8C,4rrk1/6p1/2Qp4/8/5p1p/P1PP1Pq1/1P2B1P1/4RRK1 b - - 0 27,"{""h4h3"",""f1f2"",""h3h2"",""g1h1"",""g3f2"",""e1f1"",""f2e2""}",queen,6,intermediate,Queen 6 · Deflection,deflection,Black to move.,1487,Club,"{""advancedPawn"",""crushing"",""deflection"",""middlegame"",""veryLong""}",A deflection — lure a defending piece away from the square it was guarding.,true,lichess,V1Q8C,32808,95,{}
lc_PjZmJ,r2q1rk1/1pp1bppp/p1n5/8/P2PN3/B1P1P3/4QPPP/R4RK1 b - - 1 14,"{""e7a3"",""a1a3"",""d8e7"",""e2b2"",""e7e4""}",queen,6,intermediate,Queen 6 · Fork,fork,Black to move.,1487,Club,"{""advantage"",""clearance"",""fork"",""long"",""middlegame""}","A fork — one piece attacks two enemy pieces at once, forcing a material win.",true,lichess,PjZmJ,32531,95,"{""English_Opening"",""English_Opening_Kings_English_Variation""}"
lc_9BnST,r1r3k1/3Q1pp1/2P1p2p/8/8/2q5/5PPP/R1R3K1 w - - 3 28,"{""d7c8"",""a8c8"",""c1c3""}",queen,6,intermediate,Queen 6 · Endgame,endgame,White to move.,1487,Club,"{""crushing"",""endgame"",""short""}",An endgame technique — precise play with few pieces where every tempo counts.,true,lichess,9BnST,31733,96,{}
lc_cASjY,1rb1k2r/p1q2ppp/2pbpn2/8/4P3/B2B4/PPPNQ1P1/R2K3R w k - 6 15,"{""a3d6"",""c7d6"",""e4e5""}",queen,6,intermediate,Queen 6 · Advantage,advantage,White to move.,1487,Club,"{""advantage"",""middlegame"",""short""}",Find the strongest continuation and seize the advantage.,true,lichess,cASjY,31588,95,"{""Sicilian_Defense"",""Sicilian_Defense_Taimanov_Variation""}"
lc_4VbW8,8/p4pp1/8/3pRQ2/3P4/3KP1k1/PP4q1/7q w - - 8 50,"{""f5f4"",""g3h3"",""e5h5""}",queen,6,intermediate,Queen 6 · Mate In2,mateIn2,White to move.,1487,Club,"{""endgame"",""mate"",""mateIn2"",""short""}",Checkmate in two — a forced sequence that delivers checkmate on move two.,true,lichess,4VbW8,31393,97,{}
lc_vvaxv,5rk1/5p2/p2P1RP1/2p1Q3/2PnP3/5B1q/r7/5RK1 b - - 0 32,"{""d4f3"",""f6f3"",""h3g2""}",queen,6,intermediate,Queen 6 · Mate In2,mateIn2,Black to move.,1487,Club,"{""fork"",""mate"",""mateIn2"",""middlegame"",""short""}",Checkmate in two — a forced sequence that delivers checkmate on move two.,true,lichess,vvaxv,31389,96,{}
lc_1C0l6,2k2r1r/pppq2p1/1b2p3/4p1Bp/Q2n4/3P2P1/PP2PPBP/2R2RK1 w - - 6 17,"{""g2b7"",""c8b7"",""a4d7""}",queen,6,intermediate,Queen 6 · Deflection,deflection,White to move.,1488,Club,"{""crushing"",""deflection"",""middlegame"",""queensideAttack"",""short""}",A deflection — lure a defending piece away from the square it was guarding.,true,lichess,1C0l6,47039,96,"{""Hungarian_Opening"",""Hungarian_Opening_Other_variations""}"
lc_XWGQa,1r1k3r/pbq1n3/1p1p4/5p2/P2P2p1/2PB2P1/1P3Q1P/R3RNK1 b - - 3 24,"{""c7c6"",""d3e4"",""f5e4""}",queen,6,intermediate,Queen 6 · Advantage,advantage,Black to move.,1488,Club,"{""advantage"",""middlegame"",""short""}",Find the strongest continuation and seize the advantage.,true,lichess,XWGQa,45284,95,{}
lc_EZI4X,r1bqrbk1/ppp2pp1/2n3Qp/3p1N2/2Bpn3/2P5/P4PPP/RNB1R1K1 w - d6 0 14,"{""f5h6"",""g8h8"",""h6f7""}",queen,6,intermediate,Queen 6 · Pin,pin,White to move.,1488,Club,"{""crushing"",""deflection"",""kingsideAttack"",""opening"",""pin"",""short""}",A pin — the attacked piece can't move without exposing a more valuable piece behind it.,true,lichess,EZI4X,37063,95,"{""Italian_Game"",""Italian_Game_Evans_Gambit""}"
lc_pbZPO,r3kb1r/pp3pp1/1q3n2/3p1b1p/3np3/P3B1PP/1PQNPP2/R3KBNR w KQkq - 0 13,"{""c2a4"",""b6b5"",""a4d4""}",queen,6,intermediate,Queen 6 · Deflection,deflection,White to move.,1488,Club,"{""advantage"",""deflection"",""opening"",""short""}",A deflection — lure a defending piece away from the square it was guarding.,true,lichess,pbZPO,35760,96,"{""Saragossa_Opening"",""Saragossa_Opening_Other_variations""}"
lc_A1OLp,2rq1rk1/pp3p1p/6P1/3n4/3Bb3/3B4/PPP2PP1/2KR3R w - - 0 20,"{""g6h7"",""e4h7"",""d3h7""}",queen,6,intermediate,Queen 6 · Mate In2,mateIn2,White to move.,1488,Club,"{""advancedPawn"",""kingsideAttack"",""mate"",""mateIn2"",""middlegame"",""short"",""xRayAttack""}",Checkmate in two — a forced sequence that delivers checkmate on move two.,true,lichess,A1OLp,35359,96,"{""Scotch_Game"",""Scotch_Game_Other_variations""}"
lc_CIpkl,2r3k1/p2R1np1/1b5p/2B1p1r1/1PQ1Pp1q/1N3P2/P1P3PP/6RK b - - 6 31,"{""h4h2"",""h1h2"",""g5h5""}",queen,6,intermediate,Queen 6 · Mate In2,mateIn2,Black to move.,1488,Club,"{""attraction"",""kingsideAttack"",""mate"",""mateIn2"",""middlegame"",""sacrifice"",""short""}",Checkmate in two — a forced sequence that delivers checkmate on move two.,true,lichess,CIpkl,34727,95,{}
lc_IQGx5,2rr2k1/4bppp/p3p3/1p6/1P2q3/P5BP/5PP1/2RQ1RK1 w - - 3 21,"{""c1c8"",""d8c8"",""d1d7"",""e4c2"",""d7e7""}",queen,6,intermediate,Queen 6 · Fork,fork,White to move.,1488,Club,"{""advantage"",""fork"",""long"",""middlegame"",""pin""}","A fork — one piece attacks two enemy pieces at once, forcing a material win.",true,lichess,IQGx5,34594,96,{}
lc_fXbb8,5rk1/4rppp/p1N2n2/5n2/1qPp4/1N1P3P/5PP1/R2QR1K1 b - - 1 24,"{""e7e1"",""d1e1"",""b4b3""}",queen,6,intermediate,Queen 6 · Fork,fork,Black to move.,1488,Club,"{""advantage"",""fork"",""middlegame"",""short""}","A fork — one piece attacks two enemy pieces at once, forcing a material win.",true,lichess,fXbb8,34520,96,{}
lc_tVcO3,r1b1k2r/ppp1bpp1/2n1p2p/4P3/3P4/P2B1NPq/1P2NP1P/R2QK2R b KQkq - 4 13,"{""h3g2"",""h1f1"",""g2f3""}",queen,6,intermediate,Queen 6 · Fork,fork,Black to move.,1488,Club,"{""advantage"",""fork"",""opening"",""short""}","A fork — one piece attacks two enemy pieces at once, forcing a material win.",true,lichess,tVcO3,34305,96,"{""Queens_Gambit_Accepted"",""Queens_Gambit_Accepted_Central_Variation""}"
lc_iumfS,Q6r/1B1R1pk1/1P6/8/1R3p2/6p1/5rP1/6K1 b - - 0 33,"{""h8h1"",""g1h1"",""f2f1""}",queen,6,intermediate,Queen 6 · Mate In2,mateIn2,Black to move.,1488,Club,"{""attraction"",""endgame"",""mate"",""mateIn2"",""sacrifice"",""short""}",Checkmate in two — a forced sequence that delivers checkmate on move two.,true,lichess,iumfS,33423,96,{}
lc_4WsWR,3q1rk1/n1r2pp1/1Q1ppn1p/8/3P4/4PN2/PPR1NPPP/2R3K1 b - - 6 22,"{""c7c2"",""b6d8"",""c2c1"",""e2c1"",""f8d8""}",queen,6,intermediate,Queen 6 · Advantage,advantage,Black to move.,1488,Club,"{""advantage"",""long"",""middlegame""}",Find the strongest continuation and seize the advantage.,true,lichess,4WsWR,33274,96,{}
lc_KFsHp,6k1/p4p1p/1pr5/3b4/5P2/P3B3/5P1P/R5K1 b - - 3 29,"{""c6g6"",""g1f1"",""d5c4"",""f1e1"",""g6g1"",""e1d2"",""g1a1""}",queen,6,intermediate,Queen 6 · Skewer,skewer,Black to move.,1488,Club,"{""crushing"",""endgame"",""skewer"",""veryLong""}","A skewer — the higher-value piece is forced to move, losing the piece behind it.",true,lichess,KFsHp,33216,95,{}
lc_vwp2I,5rk1/nr4pp/8/p4N2/BpPpp2P/1P1q4/P7/2K2RR1 w - - 2 32,"{""f5h6"",""g8h8"",""f1f8""}",queen,6,intermediate,Queen 6 · Mate In2,mateIn2,White to move.,1488,Club,"{""deflection"",""discoveredAttack"",""kingsideAttack"",""mate"",""mateIn2"",""middlegame"",""pin"",""short""}",Checkmate in two — a forced sequence that delivers checkmate on move two.,true,lichess,vwp2I,32497,96,{}
lc_rYtXc,1r2br2/5p1k/p3pPpp/3p1N2/3P2P1/2P4R/2qQ2KP/q7 w - - 0 31,"{""h3h6"",""h7g8"",""f5e7""}",queen,6,intermediate,Queen 6 · Mate In2,mateIn2,White to move.,1488,Club,"{""mate"",""mateIn2"",""middlegame"",""short""}",Checkmate in two — a forced sequence that delivers checkmate on move two.,true,lichess,rYtXc,32031,93,{}
lc_ixq7h,8/8/2P2Bp1/pp5p/1k2K2P/6b1/8/8 w - - 0 46,"{""f6e5"",""g3e5"",""e4e5"",""a5a4"",""c6c7""}",queen,6,intermediate,Queen 6 · Advanced Pawn,advancedPawn,White to move.,1488,Club,"{""advancedPawn"",""bishopEndgame"",""crushing"",""endgame"",""long"",""master""}",An advanced pawn — push the passer or use its threats to win material.,true,lichess,ixq7h,31817,95,{}
lc_Zvfqg,5rk1/p4ppp/2B5/4n3/8/P3P3/5PPP/2R3K1 b - - 0 30,"{""f8c8"",""c1d1"",""e5c6""}",queen,6,intermediate,Queen 6 · Endgame,endgame,Black to move.,1488,Club,"{""advantage"",""endgame"",""short""}",An endgame technique — precise play with few pieces where every tempo counts.,true,lichess,Zvfqg,31772,95,{}
lc_gT7BW,2r3k1/5pp1/p3qbp1/8/1P1p4/P2Q1B1P/5PP1/3R2K1 w - - 1 28,"{""f3g4"",""e6e8"",""g4c8""}",queen,6,intermediate,Queen 6 · Skewer,skewer,White to move.,1488,Club,"{""advantage"",""endgame"",""short"",""skewer""}","A skewer — the higher-value piece is forced to move, losing the piece behind it.",true,lichess,gT7BW,31344,96,{}
lc_T7fMI,r3kbn1/ppp2q1p/2p1b1p1/4Q3/8/1P2P3/P1PP1PPP/RNB1K2R b KQq - 0 10,"{""f8g7"",""e5a5"",""g7a1""}",queen,6,intermediate,Queen 6 · Skewer,skewer,Black to move.,1489,Club,"{""advantage"",""middlegame"",""short"",""skewer""}","A skewer — the higher-value piece is forced to move, losing the piece behind it.",true,lichess,T7fMI,39324,96,"{""Vant_Kruijs_Opening"",""Vant_Kruijs_Opening_Other_variations""}"
lc_XlSFv,2rr2k1/3q1ppp/1N1P4/pP1QP3/5P2/1P4P1/7P/5RK1 b - - 0 31,"{""d7a7"",""d5d4"",""c8b8""}",queen,6,intermediate,Queen 6 · Pin,pin,Black to move.,1489,Club,"{""advantage"",""endgame"",""pin"",""short""}",A pin — the attacked piece can't move without exposing a more valuable piece behind it.,true,lichess,XlSFv,36887,95,{}
lc_flTdx,5rk1/4Qppp/3P2r1/8/R7/p6q/1b3PB1/3R2K1 w - - 3 39,"{""e7f8"",""g8f8"",""a4a8"",""h3c8"",""a8c8""}",queen,6,intermediate,Queen 6 · Mate In3,mateIn3,White to move.,1489,Club,"{""attraction"",""long"",""mate"",""mateIn3"",""middlegame"",""sacrifice""}",Checkmate in three — calculate the forcing line all the way to mate.,true,lichess,flTdx,35095,95,{}
lc_XkRUQ,8/6kp/8/8/8/1p2N2P/rRb2KP1/8 w - - 10 48,"{""b2a2"",""b3a2"",""e3c2""}",queen,6,intermediate,Queen 6 · Endgame,endgame,White to move.,1489,Club,"{""advantage"",""endgame"",""short""}",An endgame technique — precise play with few pieces where every tempo counts.,true,lichess,XkRUQ,34256,95,{}
lc_ROm1P,6k1/pp2P1p1/1n1P3r/1q4N1/4Q1PP/p7/1r6/K2R3R b - - 0 33,"{""b2a2"",""a1a2"",""b5b2""}",queen,6,intermediate,Queen 6 · Mate In2,mateIn2,Black to move.,1489,Club,"{""attraction"",""mate"",""mateIn2"",""middlegame"",""sacrifice"",""short""}",Checkmate in two — a forced sequence that delivers checkmate on move two.,true,lichess,ROm1P,33613,96,{}
lc_boUGl,8/2R5/5pQ1/5p2/4p3/1P3kP1/3p1P1P/q4NK1 b - - 0 36,"{""a1f1"",""g1f1"",""d2d1q""}",queen,6,intermediate,Queen 6 · Mate In2,mateIn2,Black to move.,1489,Club,"{""advancedPawn"",""attraction"",""endgame"",""mate"",""mateIn2"",""promotion"",""short""}",Checkmate in two — a forced sequence that delivers checkmate on move two.,true,lichess,boUGl,33268,95,{}
lc_cd6WQ,8/p4pkp/1p1p2p1/2pQ4/7r/P3Pq1P/1PP2P2/1R1R2K1 b - - 1 26,"{""f3h3"",""d5g2"",""h4g4"",""g2g4"",""h3g4""}",queen,6,intermediate,Queen 6 · Pin,pin,Black to move.,1489,Club,"{""advantage"",""endgame"",""kingsideAttack"",""long"",""pin""}",A pin — the attacked piece can't move without exposing a more valuable piece behind it.,true,lichess,cd6WQ,32685,93,{}
lc_WppiH,r1bqkb1r/pp3ppp/2n1p3/1Bp1P3/3PpP2/4B3/PPP3PP/R2QK1NR b KQkq - 3 8,"{""d8a5"",""c2c3"",""a5b5""}",queen,6,intermediate,Queen 6 · Fork,fork,Black to move.,1489,Club,"{""advantage"",""fork"",""opening"",""short""}","A fork — one piece attacks two enemy pieces at once, forcing a material win.",true,lichess,WppiH,32541,96,"{""French_Defense"",""French_Defense_Classical_Variation""}"
lc_ChXt6,2r3k1/5ppp/2r1b3/p7/P2p2P1/q2BQP1P/2P5/1K1RR3 w - - 0 29,"{""d3h7"",""g8h7"",""e3a3""}",queen,6,intermediate,Queen 6 · Discovered Attack,discoveredAttack,White to move.,1489,Club,"{""crushing"",""discoveredAttack"",""middlegame"",""short""}",A discovered attack — moving one piece uncovers a deadly attack from another.,true,lichess,ChXt6,31811,94,{}
lc_rAbpA,4r3/p1r2kb1/1pR1p3/3pBpp1/P2Pn2p/4PN1P/P4PP1/6K1 w - - 0 29,"{""c6c7"",""e8e7"",""c7e7"",""f7e7"",""e5g7""}",queen,6,intermediate,Queen 6 · Advantage,advantage,White to move.,1489,Club,"{""advantage"",""long"",""master"",""middlegame""}",Find the strongest continuation and seize the advantage.,true,lichess,rAbpA,31695,95,{}
lc_LdoiV,r3q3/1b4kp/3pp3/p1p1n3/Pp2PQ2/1B1P4/1PP3PP/5RK1 w - - 0 24,"{""f4f6"",""g7g8"",""b3e6"",""e8e6"",""f6e6""}",queen,6,intermediate,Queen 6 · Crushing,crushing,White to move.,1489,Club,"{""crushing"",""long"",""middlegame""}",Find the strongest continuation and seize the advantage.,true,lichess,LdoiV,31648,95,{}
lc_emeE1,4r3/pp5p/2pp1kp1/8/1P1Pb3/P2B2KP/5P2/2R5 w - - 1 27,"{""c1e1"",""d6d5"",""f2f3"",""e8d8"",""f3e4""}",queen,6,intermediate,Queen 6 · Endgame,endgame,White to move.,1489,Club,"{""advantage"",""endgame"",""long"",""master""}",An endgame technique — precise play with few pieces where every tempo counts.,true,lichess,emeE1,31353,96,{}
lc_fg8bE,r4k1r/1bp2pN1/pp1p1Q1p/3Nn1p1/2P1P3/1P4Pq/Pb3P1P/2R1R1K1 w - - 0 21,"{""g7e6"",""h3e6"",""f6h8""}",queen,6,intermediate,Queen 6 · Mate In2,mateIn2,White to move.,1490,Club,"{""discoveredAttack"",""mate"",""mateIn2"",""middlegame"",""pin"",""short""}",Checkmate in two — a forced sequence that delivers checkmate on move two.,true,lichess,fg8bE,42521,95,{}
lc_HSued,r1bq1rk1/2p2ppp/p1Bp2n1/2b5/4P3/2N2Q2/PPP2PPP/R1B2RK1 b - - 0 11,"{""g6e5"",""f3g3"",""e5c6""}",queen,6,intermediate,Queen 6 · Fork,fork,Black to move.,1490,Club,"{""advantage"",""fork"",""opening"",""short""}","A fork — one piece attacks two enemy pieces at once, forcing a material win.",true,lichess,HSued,39357,95,"{""Ruy_Lopez"",""Ruy_Lopez_Cozio_Defense""}"
lc_c0kf7,r2qk2r/ppp1ppbp/5np1/8/1n1Pb3/1PN2N2/PBPQ2PP/R3KB1R w KQkq - 2 10,"{""c3e4"",""f6e4"",""d2b4""}",queen,6,intermediate,Queen 6 · Discovered Attack,discoveredAttack,White to move.,1490,Club,"{""advantage"",""discoveredAttack"",""opening"",""short""}",A discovered attack — moving one piece uncovers a deadly attack from another.,true,lichess,c0kf7,36575,95,"{""Nimzo-Larsen_Attack"",""Nimzo-Larsen_Attack_Classical_Variation""}"
lc_wtqUn,r2q1rk1/ppp2ppp/2np4/2b2b2/2P3N1/6Q1/PPP2PPP/RNB2RK1 w - - 4 11,"{""g4h6"",""g8h8"",""h6f5""}",queen,6,intermediate,Queen 6 · Pin,pin,White to move.,1490,Club,"{""advantage"",""kingsideAttack"",""opening"",""pin"",""short""}",A pin — the attacked piece can't move without exposing a more valuable piece behind it.,true,lichess,wtqUn,36475,95,"{""Russian_Game"",""Russian_Game_Italian_Variation""}"
lc_542Lb,r1b1k1nr/1ppp1ppp/p2b1q2/4n3/8/1P2PN2/PBP1BPPP/RN1QK2R b KQkq - 1 7,"{""e5f3"",""e2f3"",""f6b2""}",queen,6,intermediate,Queen 6 · Discovered Attack,discoveredAttack,Black to move.,1490,Club,"{""advantage"",""discoveredAttack"",""opening"",""short""}",A discovered attack — moving one piece uncovers a deadly attack from another.,true,lichess,542Lb,36157,96,"{""Nimzo-Larsen_Attack"",""Nimzo-Larsen_Attack_Modern_Variation""}"
lc_87YSf,8/8/R4pkp/1p2B3/3n4/1Pr3P1/P1r2P1P/R5K1 b - - 2 32,"{""d4f3"",""g1g2"",""f3e5""}",queen,6,intermediate,Queen 6 · Fork,fork,Black to move.,1490,Club,"{""advantage"",""endgame"",""fork"",""short""}","A fork — one piece attacks two enemy pieces at once, forcing a material win.",true,lichess,87YSf,35805,95,{}
lc_WwUti,8/p5kp/1p2p1p1/3p4/3P1nQ1/2N2q1P/PPP5/R5K1 b - - 5 27,"{""f4h3"",""g4h3"",""f3h3""}",queen,6,intermediate,Queen 6 · Endgame,endgame,Black to move.,1490,Club,"{""advantage"",""endgame"",""short""}",An endgame technique — precise play with few pieces where every tempo counts.,true,lichess,WwUti,35171,96,{}
lc_PCiFn,r2qr1k1/ppp2ppp/2np4/8/1b1Pn3/1PN2N1P/1P3PP1/R1BQR1K1 w - - 0 13,"{""e1e4"",""e8e4"",""c3e4""}",queen,6,intermediate,Queen 6 · Advantage,advantage,White to move.,1490,Club,"{""advantage"",""opening"",""short""}",Find the strongest continuation and seize the advantage.,true,lichess,PCiFn,35111,95,"{""Italian_Game"",""Italian_Game_Giuoco_Piano""}"
lc_NaDOx,3r3k/pp1q1rpp/2p2p2/4P3/3P1R2/PQ4P1/1P5P/5RK1 w - - 3 26,"{""e5e6"",""d7e7"",""e6f7""}",queen,6,intermediate,Queen 6 · Fork,fork,White to move.,1490,Club,"{""advancedPawn"",""crushing"",""endgame"",""fork"",""short""}","A fork — one piece attacks two enemy pieces at once, forcing a material win.",true,lichess,NaDOx,34903,96,{}
lc_CvBrK,r2r2k1/ppq2ppp/2p5/2P5/2Q2RB1/P2Pb1PP/R6K/8 w - - 2 27,"{""f4f7"",""c7f7"",""g4e6""}",queen,6,intermediate,Queen 6 · Pin,pin,White to move.,1490,Club,"{""advantage"",""middlegame"",""pin"",""sacrifice"",""short""}",A pin — the attacked piece can't move without exposing a more valuable piece behind it.,true,lichess,CvBrK,34811,96,{}
lc_InMrb,1r1q2k1/1p4pr/3bpn1p/3p4/3Q1N2/2P1P3/PP1N1PPP/R3K2R b KQ - 2 15,"{""e6e5"",""d4d3"",""e5f4""}",queen,6,intermediate,Queen 6 · Fork,fork,Black to move.,1490,Club,"{""advantage"",""fork"",""middlegame"",""short""}","A fork — one piece attacks two enemy pieces at once, forcing a material win.",true,lichess,InMrb,34672,95,"{""Queens_Pawn_Game"",""Queens_Pawn_Game_Accelerated_London_System""}"
lc_9T2Zp,r1bqk2r/pp3ppp/2nbp3/1B2N3/3PpP2/4P3/PP4PP/R1BQK2R b KQkq - 1 10,"{""d8a5"",""c1d2"",""a5b5""}",queen,6,intermediate,Queen 6 · Fork,fork,Black to move.,1490,Club,"{""advantage"",""fork"",""opening"",""short""}","A fork — one piece attacks two enemy pieces at once, forcing a material win.",true,lichess,9T2Zp,34333,95,"{""Bird_Opening"",""Bird_Opening_Other_variations""}"
lc_8c2vm,r1b1k2r/1p2bppp/p2pp3/4q2n/4PB2/P2B2Q1/2P1NPPP/R4RK1 w kq - 3 15,"{""f4e5"",""h5g3"",""e5g3""}",queen,6,intermediate,Queen 6 · Advantage,advantage,White to move.,1490,Club,"{""advantage"",""middlegame"",""short""}",Find the strongest continuation and seize the advantage.,true,lichess,8c2vm,34305,96,"{""Sicilian_Defense"",""Sicilian_Defense_Najdorf_Variation""}"
lc_kHj2d,8/1p3k1p/5p2/pr6/3R4/P2N2B1/KP1r3P/8 w - - 2 32,"{""d3e5"",""f7e6"",""d4d2""}",queen,6,intermediate,Queen 6 · Discovered Attack,discoveredAttack,White to move.,1490,Club,"{""advantage"",""discoveredAttack"",""endgame"",""short""}",A discovered attack — moving one piece uncovers a deadly attack from another.,true,lichess,kHj2d,34007,95,{}
lc_h2BDd,2r2rk1/pp3pp1/4p3/3pN1q1/3Pn1Q1/2P5/PP3PP1/1R2R1K1 w - - 3 24,"{""e1e4"",""g5g4"",""e4g4""}",queen,6,intermediate,Queen 6 · Advantage,advantage,White to move.,1490,Club,"{""advantage"",""middlegame"",""short""}",Find the strongest continuation and seize the advantage.,true,lichess,h2BDd,33839,94,{}
lc_isYPF,r1bq1rk1/pp3ppp/2n1p3/1Bp1P3/4pB2/P3P2P/1PP2PP1/R2QK2R b KQ - 1 11,"{""d8a5"",""d1d2"",""a5b5""}",queen,6,intermediate,Queen 6 · Fork,fork,Black to move.,1490,Club,"{""advantage"",""fork"",""middlegame"",""short""}","A fork — one piece attacks two enemy pieces at once, forcing a material win.",true,lichess,isYPF,33772,95,"{""Horwitz_Defense"",""Horwitz_Defense_Other_variations""}"
lc_g3zo9,r1b1k1nr/2pp1p2/p3p2p/6p1/Pq2P1P1/5P1N/1b4KP/R1BQ1B1R w kq - 0 17,"{""a1b1"",""b4d4"",""c1b2"",""d4d1"",""b1d1""}",queen,6,intermediate,Queen 6 · Advantage,advantage,White to move.,1490,Club,"{""advantage"",""long"",""middlegame""}",Find the strongest continuation and seize the advantage.,true,lichess,g3zo9,33193,96,"{""French_Defense"",""French_Defense_Queens_Knight""}"
lc_6Fnx0,8/R2n2pp/3kp3/5p2/2r5/3NP1P1/P6P/6K1 w - - 4 33,"{""a7d7"",""d6d7"",""d3e5"",""d7d6"",""e5c4""}",queen,6,intermediate,Queen 6 · Fork,fork,White to move.,1490,Club,"{""attraction"",""crushing"",""endgame"",""fork"",""long"",""sacrifice""}","A fork — one piece attacks two enemy pieces at once, forcing a material win.",true,lichess,6Fnx0,33086,95,{}
lc_UJLyn,1nQ1rnk1/5p2/p5pp/4P3/2P2P2/1P4PP/P2r1BK1/3R4 b - - 0 34,"{""d2f2"",""g2f2"",""e8c8""}",queen,6,intermediate,Queen 6 · Crushing,crushing,Black to move.,1490,Club,"{""crushing"",""intermezzo"",""master"",""masterVsMaster"",""middlegame"",""short""}",Find the strongest continuation and seize the advantage.,true,lichess,UJLyn,32991,95,{}
lc_8AnVA,8/3r4/2N2kn1/1pp5/p2pP3/3P4/PP2K3/6R1 w - - 0 38,"{""g1g6"",""f6g6"",""c6e5"",""g6g5"",""e5d7""}",queen,6,intermediate,Queen 6 · Fork,fork,White to move.,1490,Club,"{""attraction"",""crushing"",""endgame"",""exposedKing"",""fork"",""long"",""sacrifice""}","A fork — one piece attacks two enemy pieces at once, forcing a material win.",true,lichess,8AnVA,32926,96,{}
lc_BxKp7,2rq1rk1/1p3ppp/p3p3/3b2b1/3P4/3QB3/PP2BPPP/2RR2K1 w - - 2 18,"{""c1c8"",""d8c8"",""e3g5""}",queen,6,intermediate,Queen 6 · Advantage,advantage,White to move.,1490,Club,"{""advantage"",""middlegame"",""short""}",Find the strongest continuation and seize the advantage.,true,lichess,BxKp7,32542,95,"{""Benoni_Defense"",""Benoni_Defense_Old_Benoni""}"
lc_r807Y,1n1q2k1/1p3p1p/6p1/PBQ2n2/8/5P2/1P3P1P/4R1K1 b - - 0 32,"{""d8g5"",""g1f1"",""f5g3"",""h2g3"",""g5c5""}",queen,6,intermediate,Queen 6 · Discovered Attack,discoveredAttack,Black to move.,1490,Club,"{""crushing"",""discoveredAttack"",""endgame"",""long""}",A discovered attack — moving one piece uncovers a deadly attack from another.,true,lichess,r807Y,32137,96,{}
lc_dwWOG,5b1r/Q1pnkppp/1p2pn2/6q1/3P4/2P5/PP1N1PPP/R3K1NR b KQ - 0 11,"{""g5g2"",""e1c1"",""g2h1"",""g1f3"",""h1g2""}",queen,6,intermediate,Queen 6 · Trapped Piece,trappedPiece,Black to move.,1490,Club,"{""advantage"",""long"",""middlegame"",""trappedPiece""}",A trapped piece — the enemy piece has no safe squares and can be won.,true,lichess,dwWOG,31859,96,"{""Owen_Defense"",""Owen_Defense_Other_variations""}"
lc_LjNoi,6rk/5p1p/p1p1pPpQ/3p4/4q3/2P3R1/Pr6/5RK1 w - - 4 35,"{""h6h7"",""h8h7"",""g3h3"",""e4h4"",""h3h4""}",queen,6,intermediate,Queen 6 · Mate In3,mateIn3,White to move.,1490,Club,"{""attraction"",""endgame"",""long"",""mate"",""mateIn3"",""sacrifice""}",Checkmate in three — calculate the forcing line all the way to mate.,true,lichess,LjNoi,31853,96,{}
lc_rQCUh,r1b1k2r/pp1pn1pp/2p2q2/2Q5/8/3P1N2/PPP2PPP/R3R1K1 w kq - 0 16,"{""e1e7"",""f6e7"",""a1e1""}",queen,6,intermediate,Queen 6 · Pin,pin,White to move.,1490,Club,"{""advantage"",""middlegame"",""pin"",""sacrifice"",""short""}",A pin — the attacked piece can't move without exposing a more valuable piece behind it.,true,lichess,rQCUh,31813,96,"{""Ruy_Lopez"",""Ruy_Lopez_Bird_Variation""}"
lc_8HFZ5,4r1k1/pp2rpp1/8/P1ppN1q1/2bP1p2/2K2B2/1P1Q1P2/6RR b - - 1 30,"{""c5d4"",""d2d4"",""g5e5""}",queen,6,intermediate,Queen 6 · Pin,pin,Black to move.,1490,Club,"{""advantage"",""master"",""middlegame"",""pin"",""short""}",A pin — the attacked piece can't move without exposing a more valuable piece behind it.,true,lichess,8HFZ5,31791,95,{}
lc_HnLJI,rnb3k1/1p2qppp/p2b1n2/4Q3/5p2/2N5/PPP2PPP/2KR1B1R w - - 1 13,"{""e5d6"",""e7d6"",""d1d6""}",queen,6,intermediate,Queen 6 · Advantage,advantage,White to move.,1491,Club,"{""advantage"",""opening"",""short""}",Find the strongest continuation and seize the advantage.,true,lichess,HnLJI,38576,95,"{""Sicilian_Defense"",""Sicilian_Defense_Najdorf_Variation""}"
lc_iOc69,2k1rbnr/ppp2p1p/2np2q1/8/2BPP1b1/2P3B1/PP4PP/RN2QRK1 w - - 3 12,"{""c4f7"",""g6e4"",""f7e8""}",queen,6,intermediate,Queen 6 · Fork,fork,White to move.,1491,Club,"{""advantage"",""fork"",""opening"",""short""}","A fork — one piece attacks two enemy pieces at once, forcing a material win.",true,lichess,iOc69,37965,96,"{""Kings_Gambit_Accepted"",""Kings_Gambit_Accepted_Fischer_Defense""}"
lc_6IZ6i,r7/2Q5/4b1nk/3p1pR1/3PpPp1/1P2P3/q5P1/5K2 w - - 0 33,"{""g5h5"",""h6h5"",""c7h7""}",queen,6,intermediate,Queen 6 · Mate In2,mateIn2,White to move.,1491,Club,"{""attraction"",""endgame"",""master"",""mate"",""mateIn2"",""sacrifice"",""short""}",Checkmate in two — a forced sequence that delivers checkmate on move two.,true,lichess,6IZ6i,36146,96,{}
lc_GMeZh,8/p5p1/Pb1n3p/3k1p2/4p3/1R3P1P/2P1K1P1/8 w - - 2 40,"{""b3b6"",""a7b6"",""a6a7""}",queen,6,intermediate,Queen 6 · Sacrifice,sacrifice,White to move.,1491,Club,"{""advancedPawn"",""crushing"",""endgame"",""sacrifice"",""short""}",A sacrifice — give up material to gain a decisive tactical or positional advantage.,true,lichess,GMeZh,35020,96,{}
lc_hFVOP,r3kbnr/ppp2ppp/3p1q2/3P4/2BnPpb1/5N2/PPP3PP/RNBQ1RK1 w kq - 1 8,"{""d1d4"",""f6d4"",""f3d4""}",queen,6,intermediate,Queen 6 · Advantage,advantage,White to move.,1491,Club,"{""advantage"",""middlegame"",""short""}",Find the strongest continuation and seize the advantage.,true,lichess,hFVOP,34358,95,"{""Kings_Gambit_Accepted"",""Kings_Gambit_Accepted_MacLeod_Defense""}"
lc_JvRWj,5R2/R7/7k/3pb3/8/3r4/5K2/8 b - - 1 42,"{""e5d4"",""f2e2"",""d3e3"",""e2d1"",""d4a7""}",queen,6,intermediate,Queen 6 · Fork,fork,Black to move.,1491,Club,"{""crushing"",""endgame"",""exposedKing"",""fork"",""long""}","A fork — one piece attacks two enemy pieces at once, forcing a material win.",true,lichess,JvRWj,34108,96,{}
lc_XRLFr,5k1r/5p1p/4p1p1/3pN3/5Q2/8/3p1PPP/2r2NK1 b - - 1 26,"{""c1f1"",""g1f1"",""d2d1q""}",queen,6,intermediate,Queen 6 · Mate In2,mateIn2,Black to move.,1491,Club,"{""advancedPawn"",""attraction"",""endgame"",""mate"",""mateIn2"",""promotion"",""short""}",Checkmate in two — a forced sequence that delivers checkmate on move two.,true,lichess,XRLFr,33753,96,{}
lc_L7xob,r2qkbnr/pp1n1pp1/2p1p2p/7N/3P3P/3Q1N2/PPP2PP1/R1B1K2R b KQkq - 2 10,"{""d8a5"",""c1d2"",""a5h5""}",queen,6,intermediate,Queen 6 · Fork,fork,Black to move.,1491,Club,"{""advantage"",""fork"",""opening"",""short""}","A fork — one piece attacks two enemy pieces at once, forcing a material win.",true,lichess,L7xob,33494,95,"{""Caro-Kann_Defense"",""Caro-Kann_Defense_Classical_Variation""}"
lc_Uo8By,r2q2k1/pp3nbp/3p2p1/3PP3/2Pp2P1/8/PP1QB2P/2KR3R b - - 0 18,"{""g7h6"",""d2h6"",""f7h6""}",queen,6,intermediate,Queen 6 · Pin,pin,Black to move.,1491,Club,"{""advantage"",""middlegame"",""pin"",""short""}",A pin — the attacked piece can't move without exposing a more valuable piece behind it.,true,lichess,Uo8By,33373,95,"{""Sicilian_Defense"",""Sicilian_Defense_Hyperaccelerated_Fianchetto""}"
lc_mFLCQ,rnq2Nk1/1p4pp/p2p1b2/3P4/4pP2/4B3/PPP4P/R2Q1K1R b - - 0 21,"{""c8h3"",""f1f2"",""f6h4"",""f2g1"",""h3e3""}",queen,6,intermediate,Queen 6 · Fork,fork,Black to move.,1491,Club,"{""advantage"",""deflection"",""exposedKing"",""fork"",""long"",""middlegame""}","A fork — one piece attacks two enemy pieces at once, forcing a material win.",true,lichess,mFLCQ,33284,96,{}
lc_18AUj,5rk1/p1Q2ppp/8/8/8/4q2P/Pr4P1/2R2R1K w - - 8 28,"{""c7f7"",""f8f7"",""c1c8"",""e3e8"",""c8e8"",""f7f8"",""f1f8""}",queen,6,intermediate,Queen 6 · Clearance,clearance,White to move.,1491,Club,"{""clearance"",""endgame"",""mate"",""mateIn4"",""sacrifice"",""veryLong""}",A clearance — vacate a square or line so another piece can strike.,true,lichess,18AUj,33267,95,{}
lc_UTVWm,8/5k2/1p4pp/2p5/3p1PPb/3P4/1PP2r2/3RB1K1 b - - 10 35,"{""f2f4"",""e1h4"",""f4g4"",""g1f2"",""g4h4""}",queen,6,intermediate,Queen 6 · Fork,fork,Black to move.,1491,Club,"{""crushing"",""endgame"",""exposedKing"",""fork"",""long""}","A fork — one piece attacks two enemy pieces at once, forcing a material win.",true,lichess,UTVWm,32397,96,{}
lc_bVCod,2r3k1/p4p2/3q2p1/8/3p2P1/P2Qr2P/1P6/3R1RK1 w - - 7 37,"{""d3e3"",""d4e3"",""d1d6""}",queen,6,intermediate,Queen 6 · Discovered Attack,discoveredAttack,White to move.,1491,Club,"{""crushing"",""discoveredAttack"",""endgame"",""short""}",A discovered attack — moving one piece uncovers a deadly attack from another.,true,lichess,bVCod,32319,95,{}
lc_X4FZ4,r4r2/pp1n2k1/2p3b1/6Q1/3P1n2/2P2NP1/PP3P1P/R5K1 b - - 0 24,"{""f4h3"",""g1g2"",""h3g5""}",queen,6,intermediate,Queen 6 · Fork,fork,Black to move.,1491,Club,"{""crushing"",""fork"",""middlegame"",""short""}","A fork — one piece attacks two enemy pieces at once, forcing a material win.",true,lichess,X4FZ4,32313,95,{}
lc_ALz0I,5bk1/p2r4/4p1p1/4B2p/P1B2PbR/1P2K1P1/8/8 w - h6 0 36,"{""h4g4"",""h5g4"",""c4e6""}",queen,6,intermediate,Queen 6 · Endgame,endgame,White to move.,1491,Club,"{""capturingDefender"",""crushing"",""endgame"",""short""}",An endgame technique — precise play with few pieces where every tempo counts.,true,lichess,ALz0I,32119,95,{}
lc_TPbB5,r2qkbnr/ppp2ppp/3p4/n3N3/2B1P3/2N4P/PPPP1PP1/R1Bb1RK1 w kq - 0 8,"{""c4f7"",""e8e7"",""c3d5""}",queen,6,intermediate,Queen 6 · Mate In2,mateIn2,White to move.,1491,Club,"{""attackingF2F7"",""mate"",""mateIn2"",""opening"",""short""}",Checkmate in two — a forced sequence that delivers checkmate on move two.,true,lichess,TPbB5,31574,94,"{""Philidor_Defense"",""Philidor_Defense_Other_variations""}"
lc_qNQR7,5k2/pR4Rp/2p5/3p1p2/1P6/P3rP1P/6KP/3r4 b - - 3 34,"{""e3e2"",""g2g3"",""d1g1"",""g3f4"",""g1g7""}",queen,6,intermediate,Queen 6 · Rook Endgame,rookEndgame,Black to move.,1491,Club,"{""crushing"",""endgame"",""long"",""rookEndgame""}",A rook endgame — master the Lucena and Philidor ideas to convert.,true,lichess,qNQR7,31471,96,{}
lc_he9da,5Q2/7k/p6p/1p2P3/3n4/5RPq/P4P1P/5RK1 b - - 0 40,"{""d4e2"",""g1h1"",""h3f1""}",queen,6,intermediate,Queen 6 · Mate In2,mateIn2,Black to move.,1491,Club,"{""deflection"",""endgame"",""mate"",""mateIn2"",""short""}",Checkmate in two — a forced sequence that delivers checkmate on move two.,true,lichess,he9da,31292,97,{}
lc_Glpr4,5r1k/p1q3rp/R7/8/3PQPB1/4P2P/8/5K2 b - - 0 35,"{""c7c4"",""f1f2"",""c4a6""}",queen,6,intermediate,Queen 6 · Fork,fork,Black to move.,1492,Club,"{""crushing"",""endgame"",""fork"",""short""}","A fork — one piece attacks two enemy pieces at once, forcing a material win.",true,lichess,Glpr4,41672,95,{}
lc_iAg9d,2r3k1/6pp/4p3/n2pP3/8/1Pqb2P1/PQ1R2BP/K6R b - - 3 33,"{""a5b3"",""a2b3"",""c8a8""}",queen,6,intermediate,Queen 6 · Mate In2,mateIn2,Black to move.,1492,Club,"{""mate"",""mateIn2"",""middlegame"",""pillsburysMate"",""sacrifice"",""short""}",Checkmate in two — a forced sequence that delivers checkmate on move two.,true,lichess,iAg9d,39278,96,{}
lc_kseCT,8/8/p7/2P1k3/4P3/3K4/1p6/8 w - - 0 66,"{""d3c2"",""e5e4"",""c5c6"",""b2b1q"",""c2b1""}",queen,6,intermediate,Queen 6 · Pawn Endgame,pawnEndgame,White to move.,1492,Club,"{""crushing"",""endgame"",""long"",""pawnEndgame""}",A pawn endgame — king opposition and the square of the pawn decide it.,true,lichess,kseCT,37058,96,{}
lc_DA0gO,r1b2rk1/p3bpp1/1pn1pn1p/4N3/2Bq3B/2N5/PP3PPP/R2Q1RK1 w - - 0 13,"{""e5c6"",""d4h4"",""c6e7""}",queen,6,intermediate,Queen 6 · Fork,fork,White to move.,1492,Club,"{""advantage"",""fork"",""hangingPiece"",""middlegame"",""short""}","A fork — one piece attacks two enemy pieces at once, forcing a material win.",true,lichess,DA0gO,36181,96,"{""Queens_Gambit_Declined"",""Queens_Gambit_Declined_Neo-Orthodox_Variation""}"
lc_aupOi,6k1/1q2npbp/p3p1p1/1r1p4/3PnB2/1P1Q1NP1/4NP1P/2R3K1 w - - 2 29,"{""c1c7"",""b7a8"",""c7e7""}",queen,6,intermediate,Queen 6 · Interference,interference,White to move.,1492,Club,"{""advantage"",""interference"",""middlegame"",""short""}",Interference — block the line between two enemy pieces to break their coordination.,true,lichess,aupOi,35445,96,{}
lc_o0CgQ,8/q1p1nppk/5n1p/2b1N3/4P3/1pPP1QNP/rB3PP1/1R4K1 b - - 0 26,"{""a2b2"",""b1b2"",""a7a1"",""g1h2"",""a1b2""}",queen,6,intermediate,Queen 6 · Fork,fork,Black to move.,1492,Club,"{""attraction"",""clearance"",""crushing"",""fork"",""long"",""middlegame"",""sacrifice""}","A fork — one piece attacks two enemy pieces at once, forcing a material win.",true,lichess,o0CgQ,35308,96,{}
lc_aYNIU,4q3/pp3k2/2p1r3/3Q1pp1/8/P7/1PP2KPP/4R3 w - - 0 29,"{""d5f5"",""e6f6"",""f5f6"",""f7f6"",""e1e8""}",queen,6,intermediate,Queen 6 · Endgame,endgame,White to move.,1492,Club,"{""crushing"",""endgame"",""exposedKing"",""long""}",An endgame technique — precise play with few pieces where every tempo counts.,true,lichess,aYNIU,35113,96,{}
lc_2yTld,r3k2r/1p3ppp/2b1p1n1/2bpP3/Pq6/5N2/2Q2PPP/RNB2RK1 w kq - 0 14,"{""c1a3"",""b4c4"",""c2c4"",""d5c4"",""a3c5"",""c6f3"",""g2f3""}",queen,6,intermediate,Queen 6 · Advantage,advantage,White to move.,1492,Club,"{""advantage"",""capturingDefender"",""middlegame"",""veryLong""}",Find the strongest continuation and seize the advantage.,true,lichess,2yTld,34751,95,"{""French_Defense"",""French_Defense_Advance_Variation""}"
lc_4Gz72,r2r4/2p2ppk/1b5p/p1pN1R2/4P1n1/P2PB3/1PP3PP/3R2K1 b - - 2 21,"{""d8d5"",""e4d5"",""g4e3""}",queen,6,intermediate,Queen 6 · Advantage,advantage,Black to move.,1492,Club,"{""advantage"",""capturingDefender"",""middlegame"",""short""}",Find the strongest continuation and seize the advantage.,true,lichess,4Gz72,33799,96,{}
lc_f2U8D,r4r2/1pp3kp/p1p5/3nq1B1/6Q1/2N5/PP1K1bPP/R6R w - - 0 20,"{""g5f4"",""g7f7"",""f4e5""}",queen,6,intermediate,Queen 6 · Discovered Attack,discoveredAttack,White to move.,1492,Club,"{""crushing"",""discoveredAttack"",""discoveredCheck"",""middlegame"",""short""}",A discovered attack — moving one piece uncovers a deadly attack from another.,true,lichess,f2U8D,33781,95,"{""Ruy_Lopez"",""Ruy_Lopez_Classical_Variation""}"
lc_CAM9l,r2k1r2/pp1b3p/2p2p2/6p1/2B5/4N1P1/PPP2PP1/3R2K1 w - - 0 25,"{""c4e6"",""d8e7"",""e6d7""}",queen,6,intermediate,Queen 6 · Pin,pin,White to move.,1492,Club,"{""advantage"",""endgame"",""pin"",""short""}",A pin — the attacked piece can't move without exposing a more valuable piece behind it.,true,lichess,CAM9l,33539,96,{}
lc_jeZoJ,2r1k3/pp1Rb1p1/4pp1p/8/8/2B1PP1P/PPrR2P1/6K1 w - - 2 24,"{""d7e7"",""e8e7"",""d2c2""}",queen,6,intermediate,Queen 6 · Endgame,endgame,White to move.,1492,Club,"{""advantage"",""endgame"",""short""}",An endgame technique — precise play with few pieces where every tempo counts.,true,lichess,jeZoJ,33451,96,{}
lc_myDD0,r6k/pbp2QRp/1p1p1q1B/nB6/8/P7/1PP2P2/2KR4 b - - 0 21,"{""f6h6"",""f2f4"",""h6g7""}",queen,6,intermediate,Queen 6 · Hanging Piece,hangingPiece,Black to move.,1492,Club,"{""advantage"",""hangingPiece"",""middlegame"",""short""}",A hanging piece — an undefended enemy piece is free to capture.,true,lichess,myDD0,32427,95,{}
lc_FcVrS,2b2rk1/rp4pp/p3pp2/3pn2Q/6q1/2N3N1/PPP2PPP/1R2R1K1 w - - 2 19,"{""e1e5"",""g4h5"",""e5h5""}",queen,6,intermediate,Queen 6 · Advantage,advantage,White to move.,1492,Club,"{""advantage"",""middlegame"",""short""}",Find the strongest continuation and seize the advantage.,true,lichess,FcVrS,32277,94,"{""French_Defense"",""French_Defense_Advance_Variation""}"
lc_xv80X,3r2k1/3b1p1p/p5p1/1p1Pq3/1P5Q/5B2/5PPP/2r1R1K1 w - - 0 27,"{""h4d8"",""g8g7"",""e1c1""}",queen,6,intermediate,Queen 6 · Fork,fork,White to move.,1492,Club,"{""crushing"",""fork"",""hangingPiece"",""intermezzo"",""master"",""middlegame"",""short""}","A fork — one piece attacks two enemy pieces at once, forcing a material win.",true,lichess,xv80X,31968,95,{}
lc_UxObL,8/8/5p1P/3p4/3P4/2pk4/5P2/1K6 b - - 2 56,"{""d3d2"",""h6h7"",""c3c2"",""b1a2"",""c2c1q""}",queen,6,intermediate,Queen 6 · Deflection,deflection,Black to move.,1492,Club,"{""advancedPawn"",""crushing"",""deflection"",""endgame"",""exposedKing"",""long"",""pawnEndgame"",""promotion""}",A deflection — lure a defending piece away from the square it was guarding.,true,lichess,UxObL,31893,95,{}
lc_KIzbZ,8/4k3/4pN1p/1p2P2P/2b3K1/2P5/8/8 w - - 9 54,"{""f6g8"",""e7f7"",""g8h6"",""f7g7"",""g4g5"",""c4a2"",""h6g4""}",queen,6,intermediate,Queen 6 · Endgame,endgame,White to move.,1492,Club,"{""crushing"",""defensiveMove"",""endgame"",""veryLong""}",An endgame technique — precise play with few pieces where every tempo counts.,true,lichess,KIzbZ,31770,95,{}
lc_n8VKv,r3k2r/1pqnPppp/p5b1/6P1/3P4/BPN5/P2RQ2P/2K2BNR b kq - 0 17,"{""c7c3"",""c1d1"",""c3a1"",""a3c1"",""a8c8""}",queen,6,intermediate,Queen 6 · Hanging Piece,hangingPiece,Black to move.,1492,Club,"{""advantage"",""exposedKing"",""hangingPiece"",""long"",""middlegame"",""queensideAttack""}",A hanging piece — an undefended enemy piece is free to capture.,true,lichess,n8VKv,31413,95,"{""Nimzo-Larsen_Attack"",""Nimzo-Larsen_Attack_Classical_Variation""}"
lc_slRuw,1r3r1k/5qpn/3p1p1p/3P1R1Q/p3P2P/8/P3B1P1/5RK1 b - - 4 37,"{""g7g6"",""h5h6"",""g6f5""}",queen,6,intermediate,Queen 6 · Fork,fork,Black to move.,1492,Club,"{""crushing"",""fork"",""middlegame"",""short""}","A fork — one piece attacks two enemy pieces at once, forcing a material win.",true,lichess,slRuw,31306,95,{}
lc_VsqUV,1r6/r2qn1k1/2Bp1bp1/2p1p2p/2P1P2P/PR1P2P1/1Q4KN/1R6 b - - 4 31,"{""b8b3"",""c6d7"",""b3b2"",""b1b2"",""a7d7""}",queen,6,intermediate,Queen 6 · Advantage,advantage,Black to move.,1493,Club,"{""advantage"",""long"",""master"",""middlegame""}",Find the strongest continuation and seize the advantage.,true,lichess,VsqUV,37815,94,{}
lc_rlsqw,3rkb1r/1pq2ppp/p4B2/4p3/P1BnP1b1/2NQ1N2/1P3PPP/R3K2R b KQk - 0 13,"{""d4f3"",""g2f3"",""d8d3""}",queen,6,intermediate,Queen 6 · Discovered Attack,discoveredAttack,Black to move.,1493,Club,"{""crushing"",""discoveredAttack"",""middlegame"",""short""}",A discovered attack — moving one piece uncovers a deadly attack from another.,true,lichess,rlsqw,37158,96,"{""Sicilian_Defense"",""Sicilian_Defense_Modern_Variations""}"
lc_IcD1B,3r3k/ppp3p1/3p1P1p/3Q2bq/8/2P4P/PP1B2P1/5RK1 b - - 0 24,"{""g5e3"",""d2e3"",""h5d5""}",queen,6,intermediate,Queen 6 · Discovered Attack,discoveredAttack,Black to move.,1493,Club,"{""collinearMove"",""crushing"",""discoveredAttack"",""endgame"",""short""}",A discovered attack — moving one piece uncovers a deadly attack from another.,true,lichess,IcD1B,36913,95,{}
lc_PacGM,r1bqkb1r/pp3ppp/2n1p3/1B6/4Q3/5N2/PPP2PPP/R1B1K2R b KQkq - 0 9,"{""d8a5"",""c1d2"",""a5b5""}",queen,6,intermediate,Queen 6 · Fork,fork,Black to move.,1493,Club,"{""crushing"",""fork"",""opening"",""short""}","A fork — one piece attacks two enemy pieces at once, forcing a material win.",true,lichess,PacGM,35738,95,"{""Sicilian_Defense"",""Sicilian_Defense_French_Variation""}"
lc_7MwO0,8/1p3r2/pkp4R/5P2/PP6/3BK3/1b6/8 b - - 1 58,"{""b2c1"",""e3e4"",""c1h6""}",queen,6,intermediate,Queen 6 · Skewer,skewer,Black to move.,1493,Club,"{""crushing"",""endgame"",""short"",""skewer""}","A skewer — the higher-value piece is forced to move, losing the piece behind it.",true,lichess,7MwO0,35552,96,{}
lc_gnTOU,2k1r2r/1pp3pp/p3q3/1bP2p2/P2PnP2/1Q4P1/4B2P/R3K1NR w KQ - 1 23,"{""b3e6"",""e8e6"",""a4b5""}",queen,6,intermediate,Queen 6 · Crushing,crushing,White to move.,1493,Club,"{""crushing"",""middlegame"",""queensideAttack"",""short""}",Find the strongest continuation and seize the advantage.,true,lichess,gnTOU,35270,96,{}
lc_BdR1i,7k/5Rqp/p7/1p1pP2Q/2pP3n/2P4P/PP4r1/5R1K b - - 0 34,"{""g2h2"",""h1h2"",""g7g2""}",queen,6,intermediate,Queen 6 · Mate In2,mateIn2,Black to move.,1493,Club,"{""attraction"",""endgame"",""mate"",""mateIn2"",""sacrifice"",""short""}",Checkmate in two — a forced sequence that delivers checkmate on move two.,true,lichess,BdR1i,35161,96,{}
lc_VWEYy,7k/ppn1R3/2p1r2p/3p4/7R/P6P/1P2B2r/4K3 w - - 2 28,"{""e7e6"",""c7e6"",""h4h6"",""h8g8"",""h6e6""}",queen,6,intermediate,Queen 6 · Fork,fork,White to move.,1493,Club,"{""advantage"",""capturingDefender"",""endgame"",""exposedKing"",""fork"",""long""}","A fork — one piece attacks two enemy pieces at once, forcing a material win.",true,lichess,VWEYy,35060,95,{}
lc_e0JvQ,2kr3r/ppp2ppp/1n2pn2/q7/3P4/P1N2B1P/2PB1PP1/1RKQ3R b - - 0 16,"{""a5a3"",""b1b2"",""b6c4""}",queen,6,intermediate,Queen 6 · Crushing,crushing,Black to move.,1493,Club,"{""crushing"",""middlegame"",""queensideAttack"",""short""}",Find the strongest continuation and seize the advantage.,true,lichess,e0JvQ,34456,96,"{""Scandinavian_Defense"",""Scandinavian_Defense_Main_Line""}"
lc_0WvGZ,8/2r1qQpk/pp1p3p/3Pp2N/3nP3/1P5P/P5P1/5R1K w - - 7 34,"{""h5f6"",""e7f6"",""f1f6"",""c7f7"",""f6f7""}",queen,6,intermediate,Queen 6 · Pin,pin,White to move.,1493,Club,"{""crushing"",""endgame"",""long"",""pin""}",A pin — the attacked piece can't move without exposing a more valuable piece behind it.,true,lichess,0WvGZ,34139,95,{}
lc_FzM3i,3rr1k1/pB3ppp/2P1bq2/4n3/1P6/P5P1/2QN1P1P/R3R1K1 b - - 0 23,"{""d8d2"",""c2d2"",""e5f3"",""g1g2"",""f3d2""}",queen,6,intermediate,Queen 6 · Fork,fork,Black to move.,1493,Club,"{""attraction"",""crushing"",""fork"",""long"",""middlegame"",""sacrifice""}","A fork — one piece attacks two enemy pieces at once, forcing a material win.",true,lichess,FzM3i,33763,96,{}
lc_SlpFH,rnbqr1k1/pp3ppp/2p2n2/2bP2B1/2BN4/2N5/PPP2PPP/R2QR1K1 b - - 0 10,"{""e8e1"",""d1e1"",""c5d4""}",queen,6,intermediate,Queen 6 · Advantage,advantage,Black to move.,1493,Club,"{""advantage"",""kingsideAttack"",""opening"",""short""}",Find the strongest continuation and seize the advantage.,true,lichess,SlpFH,33645,95,"{""Russian_Game"",""Russian_Game_Three_Knights_Game""}"
lc_EkQGt,6k1/p4p1p/2Q3p1/5r2/4K3/P7/3r1PPP/8 w - - 6 35,"{""c6c8"",""g8g7"",""c8c3"",""f7f6"",""c3d2""}",queen,6,intermediate,Queen 6 · Fork,fork,White to move.,1493,Club,"{""advantage"",""endgame"",""fork"",""long"",""queenRookEndgame""}","A fork — one piece attacks two enemy pieces at once, forcing a material win.",true,lichess,EkQGt,33619,96,{}
lc_7PxGI,R1b2rk1/1p3pbp/2n1p1p1/4P3/2PQ4/3BN3/1P1q1PPP/3R2K1 b - - 8 21,"{""d2d1"",""e3d1"",""c6d4""}",queen,6,intermediate,Queen 6 · Advantage,advantage,Black to move.,1493,Club,"{""advantage"",""middlegame"",""short""}",Find the strongest continuation and seize the advantage.,true,lichess,7PxGI,33508,96,{}
lc_iosFI,r1bq1rk1/p1p1b1pp/5n2/2pp4/3N4/8/PPP2PPP/RNBQR1K1 w - - 0 14,"{""d4c6"",""d8d6"",""c6e7""}",queen,6,intermediate,Queen 6 · Advantage,advantage,White to move.,1493,Club,"{""advantage"",""opening"",""short""}",Find the strongest continuation and seize the advantage.,true,lichess,iosFI,33014,96,"{""Italian_Game"",""Italian_Game_Two_Knights_Defense""}"
lc_tN5iK,1k3r1r/ppp5/8/8/3p4/3P2pP/PPP1QqP1/R3R2K b - - 4 25,"{""h8h3"",""g2h3"",""g3g2"",""h1h2"",""g2g1q""}",queen,6,intermediate,Queen 6 · Mate In3,mateIn3,Black to move.,1493,Club,"{""advancedPawn"",""discoveredCheck"",""doubleCheck"",""endgame"",""long"",""mate"",""mateIn3"",""promotion"",""sacrifice""}",Checkmate in three — calculate the forcing line all the way to mate.,true,lichess,tN5iK,32890,96,{}
lc_Uiv0C,r1bq1rk1/pp4bp/3p2p1/2pNn1B1/2P5/3P1N2/PP2Q1PP/R4RK1 b - - 1 17,"{""e5f3"",""f1f3"",""d8g5"",""d5e7"",""g8h8""}",queen,6,intermediate,Queen 6 · Advantage,advantage,Black to move.,1493,Club,"{""advantage"",""long"",""middlegame""}",Find the strongest continuation and seize the advantage.,true,lichess,Uiv0C,32722,96,"{""English_Opening"",""English_Opening_Symmetrical_Variation""}"
lc_LExL4,r2qkb1r/pp3ppp/2p2n2/4N3/4P3/8/PPP1QPPP/R1B1K2R b KQkq - 0 10,"{""d8a5"",""c1d2"",""a5e5""}",queen,6,intermediate,Queen 6 · Fork,fork,Black to move.,1493,Club,"{""advantage"",""fork"",""middlegame"",""short""}","A fork — one piece attacks two enemy pieces at once, forcing a material win.",true,lichess,LExL4,32717,95,"{""Pirc_Defense"",""Pirc_Defense_Other_variations""}"
lc_v1yED,8/1p6/p6p/2P1B1pk/8/P4N1K/1PP5/r7 b - - 0 38,"{""g5g4"",""h3g3"",""g4f3""}",queen,6,intermediate,Queen 6 · Fork,fork,Black to move.,1493,Club,"{""advantage"",""endgame"",""fork"",""short""}","A fork — one piece attacks two enemy pieces at once, forcing a material win.",true,lichess,v1yED,32599,95,{}
lc_N9bgC,Q7/4kq2/p4p2/1pb1p1p1/4P1Pp/2P1P2P/8/3BK3 w - - 2 33,"{""a8b7"",""e7f8"",""b7c8"",""f8g7"",""c8c5""}",queen,6,intermediate,Queen 6 · Fork,fork,White to move.,1493,Club,"{""crushing"",""endgame"",""fork"",""long""}","A fork — one piece attacks two enemy pieces at once, forcing a material win.",true,lichess,N9bgC,32327,95,{}
lc_yZQbD,r2qr1k1/ppp2pbp/3p2p1/3N4/2Pn4/P4B2/1P3PPP/2RQR1K1 w - - 0 16,"{""e1e8"",""d8e8"",""d5c7""}",queen,6,intermediate,Queen 6 · Advantage,advantage,White to move.,1493,Club,"{""advantage"",""middlegame"",""short""}",Find the strongest continuation and seize the advantage.,true,lichess,yZQbD,32251,95,"{""Indian_Defense"",""Indian_Defense_West_Indian_Defense""}"
lc_ZSZFb,6rk/2R3p1/p3Qp1p/5P1B/1p6/3n3P/6PK/q7 w - - 6 32,"{""e6g8"",""h8g8"",""c7c8"",""g8h7"",""h5g6""}",queen,6,intermediate,Queen 6 · Mate In3,mateIn3,White to move.,1493,Club,"{""attraction"",""endgame"",""long"",""mate"",""mateIn3"",""sacrifice""}",Checkmate in three — calculate the forcing line all the way to mate.,true,lichess,ZSZFb,31801,96,{}
lc_WVYsg,2bqr1k1/rp3p1p/6p1/pPb1pP1Q/2B5/2PP4/6PP/RN3N1K w - - 0 21,"{""f5g6"",""h7g6"",""h5g6""}",queen,6,intermediate,Queen 6 · Pin,pin,White to move.,1493,Club,"{""crushing"",""kingsideAttack"",""middlegame"",""pin"",""short""}",A pin — the attacked piece can't move without exposing a more valuable piece behind it.,true,lichess,WVYsg,31394,95,{}
lc_zOgRr,7k/pp5p/2p1N1P1/4P3/5P2/1BP3nK/PP2q3/8 w - - 0 40,"{""g6g7"",""h8g8"",""e6d4"",""g8g7"",""d4e2""}",queen,6,intermediate,Queen 6 · Discovered Attack,discoveredAttack,White to move.,1494,Club,"{""advancedPawn"",""crushing"",""discoveredAttack"",""discoveredCheck"",""endgame"",""long""}",A discovered attack — moving one piece uncovers a deadly attack from another.,true,lichess,zOgRr,36875,96,{}
lc_9xyrc,8/k7/P2b4/6R1/4B3/6p1/1P3r2/3RK3 b - - 2 44,"{""d6b4"",""d1d2"",""b4d2"",""e1d1"",""d2g5""}",queen,6,intermediate,Queen 6 · Fork,fork,Black to move.,1494,Club,"{""crushing"",""endgame"",""exposedKing"",""fork"",""long""}","A fork — one piece attacks two enemy pieces at once, forcing a material win.",true,lichess,9xyrc,34292,95,{}
lc_1mItF,4k3/5NP1/1pp1p1P1/p1n1P3/2P5/1PK5/1P3r2/6q1 w - - 0 39,"{""g7g8q"",""e8d7"",""g8d8""}",queen,6,intermediate,Queen 6 · Mate In2,mateIn2,White to move.,1494,Club,"{""advancedPawn"",""endgame"",""mate"",""mateIn2"",""promotion"",""short"",""swallowstailMate""}",Checkmate in two — a forced sequence that delivers checkmate on move two.,true,lichess,1mItF,33783,96,{}
lc_5YDQF,r1bq1rk1/4bppp/p1p2n2/4N3/4P3/3B4/PPP3PP/R1BQ1RK1 b - - 0 12,"{""d8d4"",""g1h1"",""d4e5""}",queen,6,intermediate,Queen 6 · Fork,fork,Black to move.,1494,Club,"{""advantage"",""fork"",""opening"",""short""}","A fork — one piece attacks two enemy pieces at once, forcing a material win.",true,lichess,5YDQF,33370,95,"{""Sicilian_Defense"",""Sicilian_Defense_Modern_Variations""}"
lc_3HAic,1r4k1/p4p1p/1r2pbp1/q1p5/4N2P/2P5/PPQ2PP1/KR5R b - - 1 22,"{""a5a2"",""a1a2"",""b6a6"",""c2a4"",""a6a4""}",queen,6,intermediate,Queen 6 · Mate In3,mateIn3,Black to move.,1494,Club,"{""attraction"",""long"",""mate"",""mateIn3"",""middlegame"",""sacrifice""}",Checkmate in three — calculate the forcing line all the way to mate.,true,lichess,3HAic,33331,95,{}
lc_hiZ1G,r5k1/p2br1pp/1qpR4/6Q1/4P3/3PP2P/PPP5/R2NK3 b Q - 0 19,"{""b6b4"",""d1c3"",""b4d6""}",queen,6,intermediate,Queen 6 · Fork,fork,Black to move.,1494,Club,"{""advantage"",""fork"",""middlegame"",""short""}","A fork — one piece attacks two enemy pieces at once, forcing a material win.",true,lichess,hiZ1G,32991,96,"{""Alekhine_Defense"",""Alekhine_Defense_Other_variations""}"
lc_OM453,r1bqk2r/1pp2ppp/p3p3/3pP3/1bP1nB2/2N1P3/PP3PPP/R2QKB1R w KQkq - 1 9,"{""d1a4"",""b7b5"",""a4b4"",""c7c5"",""b4b3""}",queen,6,intermediate,Queen 6 · Fork,fork,White to move.,1494,Club,"{""advantage"",""fork"",""long"",""opening""}","A fork — one piece attacks two enemy pieces at once, forcing a material win.",true,lichess,OM453,32131,95,"{""Queens_Pawn_Game"",""Queens_Pawn_Game_Accelerated_London_System""}"
lc_NPILp,2q4r/Pkp1bpp1/3p4/4p3/B1QNP1n1/6P1/PP1P2P1/R1B2RK1 b - - 0 24,"{""h8h1"",""g1h1"",""c8h8"",""h1g1"",""h8h2""}",queen,6,intermediate,Queen 6 · Mate In3,mateIn3,Black to move.,1494,Club,"{""attraction"",""kingsideAttack"",""long"",""mate"",""mateIn3"",""middlegame"",""sacrifice""}",Checkmate in three — calculate the forcing line all the way to mate.,true,lichess,NPILp,32099,95,{}
lc_fLjVW,6k1/5R2/p1p5/6p1/8/6rP/PP5K/8 b - - 1 33,"{""g3h3"",""h2h3"",""g8f7""}",queen,6,intermediate,Queen 6 · Rook Endgame,rookEndgame,Black to move.,1494,Club,"{""crushing"",""endgame"",""rookEndgame"",""short""}",A rook endgame — master the Lucena and Philidor ideas to convert.,true,lichess,fLjVW,31895,95,{}
lc_KtrBq,6k1/3R4/7P/p1p1rpBK/1p2r3/8/PPP1p3/8 w - - 2 40,"{""h6h7"",""g8h8"",""g5f6""}",queen,6,intermediate,Queen 6 · Mate In2,mateIn2,White to move.,1494,Club,"{""advancedPawn"",""endgame"",""mate"",""mateIn2"",""short""}",Checkmate in two — a forced sequence that delivers checkmate on move two.,true,lichess,KtrBq,31693,95,{}
lc_9fYan,r4rk1/1p3pbp/p1n1bqp1/4p3/1PP1P3/3Q1NP1/5PBP/1RB2RK1 w - - 1 20,"{""c1g5"",""e6c4"",""d3c4""}",queen,6,intermediate,Queen 6 · Advantage,advantage,White to move.,1494,Club,"{""advantage"",""middlegame"",""short""}",Find the strongest continuation and seize the advantage.,true,lichess,9fYan,31444,95,"{""English_Opening"",""English_Opening_Symmetrical_Variation""}"
lc_E54nj,rn1q4/pp2kr1B/3ppp1Q/3b4/3P1P2/2P2P1P/PP6/RN2K1R1 b Q - 2 22,"{""d8h8"",""g1g8"",""h8h7"",""h6h7"",""f7h7""}",queen,6,intermediate,Queen 6 · Advantage,advantage,Black to move.,1494,Club,"{""advantage"",""long"",""middlegame""}",Find the strongest continuation and seize the advantage.,true,lichess,E54nj,31418,95,{}
lc_VLjuf,r2q1bnr/1p3Qp1/2pkP3/p3p3/3p4/2NPB3/PP3P1P/n2K1B1R w - - 2 16,"{""c3e4"",""d6d5"",""e6e7""}",queen,6,intermediate,Queen 6 · Mate In2,mateIn2,White to move.,1495,Club,"{""advancedPawn"",""discoveredAttack"",""discoveredCheck"",""mate"",""mateIn2"",""middlegame"",""short""}",Checkmate in two — a forced sequence that delivers checkmate on move two.,true,lichess,VLjuf,38958,95,"{""Nimzowitsch_Defense"",""Nimzowitsch_Defense_Colorado_Countergambit_Accepted""}"
lc_ovqVp,3r2k1/pp3ppp/1qrbp3/B7/8/1P2P3/P4PPP/2R1QRK1 b - - 1 18,"{""c6c1"",""a5b6"",""c1e1"",""f1e1"",""a7b6""}",queen,6,intermediate,Queen 6 · Advantage,advantage,Black to move.,1495,Club,"{""advantage"",""intermezzo"",""long"",""middlegame""}",Find the strongest continuation and seize the advantage.,true,lichess,ovqVp,37756,95,"{""Queens_Gambit_Declined"",""Queens_Gambit_Declined_Marshall_Defense""}"
lc_1TxQ9,r6r/ppp2kpp/8/2bqPB2/1n1n2P1/3p1R2/PPP3KP/RNBQ4 w - - 4 16,"{""f5e4"",""f7e8"",""e4d5""}",queen,6,intermediate,Queen 6 · Discovered Attack,discoveredAttack,White to move.,1495,Club,"{""crushing"",""discoveredAttack"",""discoveredCheck"",""middlegame"",""short""}",A discovered attack — moving one piece uncovers a deadly attack from another.,true,lichess,1TxQ9,36201,95,"{""Scandinavian_Defense"",""Scandinavian_Defense_Other_variations""}"
lc_oGaS4,6k1/5p2/p1r3p1/7p/PK5P/1PR3P1/8/8 b - - 0 45,"{""a6a5"",""b4a5"",""c6c3""}",queen,6,intermediate,Queen 6 · Deflection,deflection,Black to move.,1495,Club,"{""crushing"",""deflection"",""endgame"",""rookEndgame"",""short""}",A deflection — lure a defending piece away from the square it was guarding.,true,lichess,oGaS4,35605,96,{}
lc_eDtQv,8/4rpk1/p2p3p/P2PqBp1/1P1bP1P1/5K1P/3Q1P2/4R3 b - g3 0 33,"{""d4c3"",""d2c1"",""c3e1""}",queen,6,intermediate,Queen 6 · Skewer,skewer,Black to move.,1495,Club,"{""advantage"",""endgame"",""master"",""short"",""skewer""}","A skewer — the higher-value piece is forced to move, losing the piece behind it.",true,lichess,eDtQv,35255,95,{}
lc_opj3g,r6k/p2n1prp/3q3N/2pppp2/8/1PQ4P/P1P2PP1/R3R1K1 w - - 0 21,"{""h6f5"",""d6g6"",""f5g7""}",queen,6,intermediate,Queen 6 · Fork,fork,White to move.,1495,Club,"{""advantage"",""fork"",""middlegame"",""short""}","A fork — one piece attacks two enemy pieces at once, forcing a material win.",true,lichess,opj3g,35078,96,{}
lc_YjWvE,rn1q1rk1/pb3ppp/1p2p3/2P1P3/2B5/2B2P2/PP4PP/R2QK2R b KQ - 0 13,"{""d8h4"",""g2g3"",""h4c4""}",queen,6,intermediate,Queen 6 · Fork,fork,Black to move.,1495,Club,"{""advantage"",""fork"",""middlegame"",""short""}","A fork — one piece attacks two enemy pieces at once, forcing a material win.",true,lichess,YjWvE,34740,96,"{""Owen_Defense"",""Owen_Defense_Other_variations""}"
lc_hUoMa,r3r3/p4k2/1p2pq2/2p5/2P1R2P/P1P2Q2/5PP1/6K1 w - - 0 26,"{""e4f4"",""f6f4"",""f3f4""}",queen,6,intermediate,Queen 6 · Pin,pin,White to move.,1495,Club,"{""advantage"",""endgame"",""pin"",""short""}",A pin — the attacked piece can't move without exposing a more valuable piece behind it.,true,lichess,hUoMa,34681,95,{}
lc_MDTfg,4r2k/3b1pR1/1p5B/p1p1P2q/3p4/6Q1/1P3PP1/6K1 w - - 0 39,"{""g7h7"",""h8h7"",""g3g7""}",queen,6,intermediate,Queen 6 · Mate In2,mateIn2,White to move.,1495,Club,"{""attraction"",""endgame"",""mate"",""mateIn2"",""sacrifice"",""short""}",Checkmate in two — a forced sequence that delivers checkmate on move two.,true,lichess,MDTfg,34526,96,{}
lc_7989c,1rbqr1k1/p2p1ppp/2p5/8/1PBn4/P1Np2P1/1B1P1P1P/1R1QR1K1 b - - 0 17,"{""e8e1"",""d1e1"",""d4f3"",""g1g2"",""f3e1""}",queen,6,intermediate,Queen 6 · Fork,fork,Black to move.,1495,Club,"{""advantage"",""attraction"",""fork"",""long"",""master"",""opening""}","A fork — one piece attacks two enemy pieces at once, forcing a material win.",true,lichess,7989c,34259,95,"{""English_Opening"",""English_Opening_Kings_English_Variation""}"
lc_AbsRU,6k1/1b5p/p7/1pp1r3/Pbp5/8/1PQ1BrPP/6RK w - - 0 28,"{""e2c4"",""b5c4"",""c2f2""}",queen,6,intermediate,Queen 6 · Discovered Attack,discoveredAttack,White to move.,1495,Club,"{""crushing"",""discoveredAttack"",""middlegame"",""short""}",A discovered attack — moving one piece uncovers a deadly attack from another.,true,lichess,AbsRU,34089,95,{}
lc_gTdTb,5rk1/p1rR1pbp/1p2p1p1/8/P1q5/5B2/2Q2PPP/3R2K1 w - - 0 22,"{""d7c7"",""c4c2"",""c7c2""}",queen,6,intermediate,Queen 6 · Advantage,advantage,White to move.,1495,Club,"{""advantage"",""middlegame"",""short""}",Find the strongest continuation and seize the advantage.,true,lichess,gTdTb,33924,96,{}
lc_woa8C,3rr1k1/pp3ppp/2p2n2/4n3/NPq5/P5P1/1BQ1PPKP/2RR4 b - - 1 18,"{""c4c2"",""c1c2"",""d8d1""}",queen,6,intermediate,Queen 6 · Capturing Defender,capturingDefender,Black to move.,1495,Club,"{""capturingDefender"",""crushing"",""middlegame"",""short""}",Find the strongest continuation and seize the advantage.,true,lichess,woa8C,33656,95,"{""Englund_Gambit"",""Englund_Gambit_Other_variations""}"
lc_iY801,r1bqk2r/ppp1Pppp/2n5/2b5/5P2/5N2/PPP1P1PP/RNBQKB1R b KQkq - 0 6,"{""c5f2"",""e1f2"",""d8d1""}",queen,6,intermediate,Queen 6 · Deflection,deflection,Black to move.,1495,Club,"{""advantage"",""deflection"",""opening"",""short""}",A deflection — lure a defending piece away from the square it was guarding.,true,lichess,iY801,33451,96,"{""Englund_Gambit"",""Englund_Gambit_Other_variations""}"
lc_i7sCg,2b2rk1/4pp1p/2P3pb/2nPp3/2N1P3/q4N1P/4BPP1/1QR3K1 b - - 6 31,"{""a3c1"",""b1c1"",""h6c1""}",queen,6,intermediate,Queen 6 · Advantage,advantage,Black to move.,1495,Club,"{""advantage"",""middlegame"",""short""}",Find the strongest continuation and seize the advantage.,true,lichess,i7sCg,33251,94,{}
lc_ccq6g,r1bqkb1r/pp1n1ppp/5n2/3N2B1/3Pp3/6P1/PP2PPBP/R2QK1NR b KQkq - 0 8,"{""d8a5"",""d5c3"",""a5g5""}",queen,6,intermediate,Queen 6 · Fork,fork,Black to move.,1495,Club,"{""advantage"",""fork"",""opening"",""short""}","A fork — one piece attacks two enemy pieces at once, forcing a material win.",true,lichess,ccq6g,33241,94,"{""English_Opening"",""English_Opening_Kings_English_Variation""}"
lc_btqq7,rn1qk1nr/pb3ppp/8/2b5/4P3/5N2/PP2PPPP/RNBQKB1R b KQkq - 0 7,"{""c5f2"",""e1f2"",""d8d1""}",queen,6,intermediate,Queen 6 · Deflection,deflection,Black to move.,1495,Club,"{""attackingF2F7"",""crushing"",""deflection"",""opening"",""short""}",A deflection — lure a defending piece away from the square it was guarding.,true,lichess,btqq7,33119,95,"{""English_Opening"",""English_Opening_Anglo-Scandinavian_Defense""}"
lc_n61We,8/8/8/6P1/P2p4/2k5/5P2/4K3 b - - 3 45,"{""c3c2"",""e1e2"",""d4d3"",""e2e3"",""d3d2""}",queen,6,intermediate,Queen 6 · Advanced Pawn,advancedPawn,Black to move.,1495,Club,"{""advancedPawn"",""crushing"",""endgame"",""long"",""pawnEndgame""}",An advanced pawn — push the passer or use its threats to win material.,true,lichess,n61We,32029,95,{}
lc_ZU6NB,7r/3k1pp1/p1pp2n1/4p1qp/4P3/3P4/PPP2PPP/R1Q2RK1 b - - 1 16,"{""g6f4"",""g2g3"",""f4e2"",""g1g2"",""e2c1""}",queen,6,intermediate,Queen 6 · Fork,fork,Black to move.,1495,Club,"{""crushing"",""endgame"",""fork"",""long""}","A fork — one piece attacks two enemy pieces at once, forcing a material win.",true,lichess,ZU6NB,31974,95,"{""Ruy_Lopez"",""Ruy_Lopez_Steinitz_Defense""}"
lc_0u0TU,4r1k1/1q3pb1/p5p1/3NNpPp/b1pP3P/P1P5/4R1Q1/6K1 w - - 1 36,"{""d5f6"",""g7f6"",""g2b7""}",queen,6,intermediate,Queen 6 · Fork,fork,White to move.,1495,Club,"{""crushing"",""discoveredAttack"",""fork"",""middlegame"",""short""}","A fork — one piece attacks two enemy pieces at once, forcing a material win.",true,lichess,0u0TU,31577,96,{}
lc_aZUoK,8/1r2bQ2/3p1p2/2p1pN2/1kq5/R6P/5PP1/6K1 w - - 5 35,"{""a3a4"",""b4a4"",""f7c4""}",queen,6,intermediate,Queen 6 · Deflection,deflection,White to move.,1495,Club,"{""attraction"",""crushing"",""deflection"",""endgame"",""short""}",A deflection — lure a defending piece away from the square it was guarding.,true,lichess,aZUoK,31328,95,{}
lc_kLFt2,r3rk2/1p4p1/p1n2bR1/2p5/2B2p2/1PP2q2/P4P2/4RKQ1 w - - 0 27,"{""g6f6"",""g7f6"",""g1g8""}",queen,6,intermediate,Queen 6 · Mate In2,mateIn2,White to move.,1496,Club,"{""clearance"",""mate"",""mateIn2"",""middlegame"",""sacrifice"",""short""}",Checkmate in two — a forced sequence that delivers checkmate on move two.,true,lichess,kLFt2,35602,96,{}
lc_6oNMZ,r2r2k1/2QP1ppp/q7/8/8/p6P/6P1/4R2K w - - 0 35,"{""c7d8"",""a8d8"",""e1e8"",""d8e8"",""d7e8q""}",queen,6,intermediate,Queen 6 · Mate In3,mateIn3,White to move.,1496,Club,"{""advancedPawn"",""endgame"",""long"",""mate"",""mateIn3"",""promotion"",""sacrifice""}",Checkmate in three — calculate the forcing line all the way to mate.,true,lichess,6oNMZ,35185,96,{}
lc_mNdiU,5rk1/1b1p2n1/pq2p1RB/1p2P3/3P4/7Q/PP2Nr1P/1KR5 b - - 0 26,"{""b7e4"",""b1a1"",""e4g6""}",queen,6,intermediate,Queen 6 · Fork,fork,Black to move.,1496,Club,"{""advantage"",""fork"",""middlegame"",""short""}","A fork — one piece attacks two enemy pieces at once, forcing a material win.",true,lichess,mNdiU,35166,96,{}
lc_Jyke2,r2q1rk1/1p2b1pp/p1p5/3p4/3Qn3/PP2P3/1BP1BPPP/R4RK1 b - - 3 14,"{""e7f6"",""d4d3"",""f6b2""}",queen,6,intermediate,Queen 6 · Skewer,skewer,Black to move.,1496,Club,"{""advantage"",""middlegame"",""short"",""skewer""}","A skewer — the higher-value piece is forced to move, losing the piece behind it.",true,lichess,Jyke2,34932,95,"{""Queens_Pawn_Game"",""Queens_Pawn_Game_Anti-Torre""}"
lc_PiLkc,2rqk2r/pp1nb1p1/4pnp1/2pp4/3P1B2/2P1PN2/PPQ2PPP/R3K2R w KQk - 0 13,"{""c2g6"",""e8f8"",""f3g5"",""d8e8"",""g5e6"",""f8g8"",""g6g7""}",queen,6,intermediate,Queen 6 · Exposed King,exposedKing,White to move.,1496,Club,"{""exposedKing"",""mate"",""mateIn4"",""middlegame"",""veryLong""}",Find the strongest continuation and seize the advantage.,true,lichess,PiLkc,34363,96,"{""Queens_Pawn_Game"",""Queens_Pawn_Game_London_System""}"
lc_YbZLU,rnbqkb1r/ppp1ppp1/5n1p/6N1/8/3Q4/PPP2PPP/RNB1KB1R w KQkq - 0 6,"{""d3d8"",""e8d8"",""g5f7""}",queen,6,intermediate,Queen 6 · Attraction,attraction,White to move.,1496,Club,"{""attraction"",""crushing"",""opening"",""short""}",An attraction — force an enemy piece onto a square where it can be exploited.,true,lichess,YbZLU,34266,95,"{""Zukertort_Opening"",""Zukertort_Opening_Tennison_Gambit""}"
lc_zaNPw,1k1rr3/1pp3p1/p1np1b1p/4p1q1/4Q1P1/P1NP1P1P/1PP1N3/1K1R3R w - - 1 22,"{""h3h4"",""g5h4"",""h1h4""}",queen,6,intermediate,Queen 6 · Trapped Piece,trappedPiece,White to move.,1496,Club,"{""advantage"",""middlegame"",""short"",""trappedPiece""}",A trapped piece — the enemy piece has no safe squares and can be won.,true,lichess,zaNPw,34213,95,{}
lc_Sg9CD,r5r1/2p5/pp1p1nqk/3PpR2/1PP5/2N1PB1P/P4Q1K/8 w - - 7 33,"{""f2h4"",""h6g7"",""f5g5""}",queen,6,intermediate,Queen 6 · Pin,pin,White to move.,1496,Club,"{""crushing"",""middlegame"",""pin"",""short""}",A pin — the attacked piece can't move without exposing a more valuable piece behind it.,true,lichess,Sg9CD,33675,96,{}
lc_N7rhe,5k2/pp3q2/4r3/2p4Q/2Pnp3/1P4P1/P4PKP/4R3 w - - 2 35,"{""h5c5"",""e6e7"",""c5d4""}",queen,6,intermediate,Queen 6 · Fork,fork,White to move.,1496,Club,"{""crushing"",""endgame"",""fork"",""short""}","A fork — one piece attacks two enemy pieces at once, forcing a material win.",true,lichess,N7rhe,33312,96,{}
lc_ogZkn,5r1k/6Rp/5p1P/2pNq3/2n1Pp2/b7/Pr3PQ1/3K3R w - - 8 36,"{""g7h7"",""h8h7"",""g2g7""}",queen,6,intermediate,Queen 6 · Mate In2,mateIn2,White to move.,1496,Club,"{""attraction"",""mate"",""mateIn2"",""middlegame"",""sacrifice"",""short""}",Checkmate in two — a forced sequence that delivers checkmate on move two.,true,lichess,ogZkn,33271,96,{}
lc_Mvrkt,4r2k/pp3bp1/6qp/3pBp2/8/2P1Q3/PP3KP1/7R w - - 2 26,"{""h1h6"",""h8g8"",""h6g6""}",queen,6,intermediate,Queen 6 · Pin,pin,White to move.,1496,Club,"{""crushing"",""endgame"",""pin"",""short""}",A pin — the attacked piece can't move without exposing a more valuable piece behind it.,true,lichess,Mvrkt,33178,96,{}
lc_zYf3Q,6rk/5R1p/p5q1/1p6/8/8/6P1/5QK1 w - - 3 42,"{""f1a1"",""g6g7"",""f7g7""}",queen,6,intermediate,Queen 6 · Endgame,endgame,White to move.,1496,Club,"{""crushing"",""endgame"",""short""}",An endgame technique — precise play with few pieces where every tempo counts.,true,lichess,zYf3Q,32823,97,{}
lc_YEYrV,4rr1k/pp4R1/2p2n2/q4p1p/3P1P1P/6Q1/PP6/6RK w - - 3 27,"{""g7h7"",""f6h7"",""g3g7""}",queen,6,intermediate,Queen 6 · Mate In2,mateIn2,White to move.,1496,Club,"{""clearance"",""mate"",""mateIn2"",""middlegame"",""sacrifice"",""short""}",Checkmate in two — a forced sequence that delivers checkmate on move two.,true,lichess,YEYrV,32605,95,{}
lc_mqboi,8/4r2k/p1p4q/8/8/1P2N2Q/P1P5/1K6 w - - 25 51,"{""h3h6"",""h7h6"",""e3f5"",""h6h5"",""f5e7""}",queen,6,intermediate,Queen 6 · Fork,fork,White to move.,1496,Club,"{""attraction"",""crushing"",""endgame"",""exposedKing"",""fork"",""long"",""master""}","A fork — one piece attacks two enemy pieces at once, forcing a material win.",true,lichess,mqboi,32469,95,{}
lc_7TQRf,r4rk1/1p2bppp/pq1p4/3P1R2/Q1P5/2N5/PP2BnPP/R1B3K1 b - - 2 18,"{""f2h3"",""g1f1"",""b6g1""}",queen,6,intermediate,Queen 6 · Mate In2,mateIn2,Black to move.,1496,Club,"{""discoveredCheck"",""doubleCheck"",""kingsideAttack"",""mate"",""mateIn2"",""middlegame"",""short""}",Checkmate in two — a forced sequence that delivers checkmate on move two.,true,lichess,7TQRf,32330,96,"{""Sicilian_Defense"",""Sicilian_Defense_Lasker-Pelikan_Variation""}"
lc_WyrKl,1r4k1/6p1/1p3q1p/p2pNn2/4bQ2/5N1P/5PP1/2R3K1 w - - 4 31,"{""e5d7"",""f6d6"",""f4d6"",""f5d6"",""d7b8""}",queen,6,intermediate,Queen 6 · Fork,fork,White to move.,1496,Club,"{""advantage"",""fork"",""long"",""middlegame""}","A fork — one piece attacks two enemy pieces at once, forcing a material win.",true,lichess,WyrKl,31744,96,{}
lc_thODv,r2qkb1r/ppp2p1p/2bp1np1/5N2/3QP3/8/PPP2PPP/RNB1K2R w KQkq - 2 9,"{""c1g5"",""g6f5"",""g5f6""}",queen,6,intermediate,Queen 6 · Crushing,crushing,White to move.,1496,Club,"{""crushing"",""opening"",""short""}",Find the strongest continuation and seize the advantage.,true,lichess,thODv,31405,95,"{""Ruy_Lopez"",""Ruy_Lopez_Steinitz_Defense""}"
lc_xLul2,r2qkb1r/ppp2ppp/2np1n2/3Np1N1/2B3b1/3P4/PPP2PPP/R1BQK2R w KQkq - 3 8,"{""d5f6"",""d8f6"",""d1g4""}",queen,6,intermediate,Queen 6 · Crushing,crushing,White to move.,1497,Club,"{""crushing"",""opening"",""short""}",Find the strongest continuation and seize the advantage.,true,lichess,xLul2,52445,95,"{""Four_Knights_Game"",""Four_Knights_Game_Italian_Variation""}"
lc_Wuix3,8/5p2/8/5Pp1/2P5/5K1k/8/8 b - - 3 61,"{""g5g4"",""f3f2"",""h3h2"",""c4c5"",""g4g3"",""f2e2"",""g3g2""}",queen,6,intermediate,Queen 6 · Advanced Pawn,advancedPawn,Black to move.,1497,Club,"{""advancedPawn"",""crushing"",""endgame"",""exposedKing"",""pawnEndgame"",""veryLong""}",An advanced pawn — push the passer or use its threats to win material.,true,lichess,Wuix3,50660,95,{}
lc_68Piq,r5k1/1b1p3p/1pn1q1p1/pBp5/4N3/3P4/PPP3PP/R3Q1K1 w - - 2 20,"{""b5c4"",""d7d5"",""c4d5"",""e6d5"",""e4f6"",""g8f7"",""f6d5""}",queen,6,intermediate,Queen 6 · Fork,fork,White to move.,1497,Club,"{""attraction"",""crushing"",""fork"",""middlegame"",""pin"",""sacrifice"",""veryLong""}","A fork — one piece attacks two enemy pieces at once, forcing a material win.",true,lichess,68Piq,37556,96,"{""Sicilian_Defense"",""Sicilian_Defense_Closed""}"
lc_Jv2GZ,r1bqkbnr/pp4pp/2n5/1B1pp3/8/5NN1/PPP2PPP/R1BQK2R b KQkq - 1 9,"{""d8a5"",""d1d2"",""a5b5""}",queen,6,intermediate,Queen 6 · Fork,fork,Black to move.,1497,Club,"{""crushing"",""fork"",""opening"",""short""}","A fork — one piece attacks two enemy pieces at once, forcing a material win.",true,lichess,Jv2GZ,36633,95,"{""Sicilian_Defense"",""Sicilian_Defense_Smith-Morra_Gambit""}"
lc_8gbKV,rnb2rk1/ppp2pp1/3q3p/4P3/2B3Q1/5N2/PPP3PP/2KR3R b - - 0 14,"{""d6d1"",""h1d1"",""c8g4""}",queen,6,intermediate,Queen 6 · Crushing,crushing,Black to move.,1497,Club,"{""crushing"",""middlegame"",""short""}",Find the strongest continuation and seize the advantage.,true,lichess,8gbKV,36193,95,"{""Blackmar-Diemer_Gambit"",""Blackmar-Diemer_Gambit_Ryder_Gambit""}"
lc_oimSs,8/5pkp/4q1p1/p1RP4/P7/5Q1P/1Pn2PPK/8 b - - 0 32,"{""e6d6"",""f3g3"",""d6c5""}",queen,6,intermediate,Queen 6 · Fork,fork,Black to move.,1497,Club,"{""advantage"",""endgame"",""fork"",""short""}","A fork — one piece attacks two enemy pieces at once, forcing a material win.",true,lichess,oimSs,35708,95,{}
lc_eo4Gy,r3qr1k/pppbn3/2n3p1/5pP1/2B1p1P1/1P2P3/PbPPN1K1/R2Q1R2 w - - 0 17,"{""f1h1"",""h8g7"",""h1h7"",""g7h7"",""d1h1"",""h7g7"",""h1h6""}",queen,6,intermediate,Queen 6 · Attraction,attraction,White to move.,1497,Club,"{""attraction"",""exposedKing"",""kingsideAttack"",""mate"",""mateIn4"",""middlegame"",""sacrifice"",""veryLong""}",An attraction — force an enemy piece onto a square where it can be exploited.,true,lichess,eo4Gy,35298,96,"{""Nimzo-Larsen_Attack"",""Nimzo-Larsen_Attack_Modern_Variation""}"
lc_1mUyd,4r1k1/pp3p1p/1n3p2/8/5bb1/1PN5/1PP3PP/4RK2 w - - 0 22,"{""e1e8"",""g8g7"",""e8e4"",""g4f5"",""e4f4""}",queen,6,intermediate,Queen 6 · Hanging Piece,hangingPiece,White to move.,1497,Club,"{""advantage"",""endgame"",""hangingPiece"",""long""}",A hanging piece — an undefended enemy piece is free to capture.,true,lichess,1mUyd,34501,95,{}
lc_TTaLs,1r6/1r3pk1/4P1pp/p2p1p2/2pP1P2/4R3/6PP/1R4K1 w - - 0 35,"{""b1b7"",""b8b7"",""e6e7"",""b7e7"",""e3e7""}",queen,6,intermediate,Queen 6 · Advanced Pawn,advancedPawn,White to move.,1497,Club,"{""advancedPawn"",""crushing"",""endgame"",""long"",""rookEndgame""}",An advanced pawn — push the passer or use its threats to win material.,true,lichess,TTaLs,34084,95,{}
lc_OK5Q7,r1b2rk1/pp3p1p/3p2p1/4qNR1/3Q4/8/PP3PPP/5RK1 w - - 2 20,"{""f5h6"",""g8g7"",""g5e5""}",queen,6,intermediate,Queen 6 · Discovered Attack,discoveredAttack,White to move.,1497,Club,"{""crushing"",""discoveredAttack"",""kingsideAttack"",""middlegame"",""short""}",A discovered attack — moving one piece uncovers a deadly attack from another.,true,lichess,OK5Q7,34015,96,"{""Danish_Gambit"",""Danish_Gambit_Other_variations""}"
lc_UlgOn,2r4r/5pk1/p1p1pqp1/1p4Q1/P3P3/2R2P2/1P3P1P/6RK b - - 2 25,"{""h8h2"",""h1h2"",""c8h8"",""h2g2"",""f6g5""}",queen,6,intermediate,Queen 6 · Attraction,attraction,Black to move.,1497,Club,"{""attraction"",""crushing"",""endgame"",""interference"",""kingsideAttack"",""long"",""sacrifice""}",An attraction — force an enemy piece onto a square where it can be exploited.,true,lichess,UlgOn,33988,95,{}
lc_TDPf5,r1bq1rk1/1pp2pp1/p2p1nnp/2bNp3/2B1P2B/P2P1N1P/1PP2PP1/R2Q1RK1 b - - 5 11,"{""g6h4"",""d5f6"",""d8f6""}",queen,6,intermediate,Queen 6 · Crushing,crushing,Black to move.,1497,Club,"{""crushing"",""opening"",""short""}",Find the strongest continuation and seize the advantage.,true,lichess,TDPf5,33699,94,"{""Italian_Game"",""Italian_Game_Giuoco_Pianissimo""}"
lc_f2ItR,r3kbnr/pp2pppp/3q4/2p4b/3n4/P4N1P/1PPPBPP1/RNBQK2R w KQkq - 2 8,"{""f3d4"",""h5e2"",""d4e2""}",queen,6,intermediate,Queen 6 · Advantage,advantage,White to move.,1497,Club,"{""advantage"",""opening"",""short""}",Find the strongest continuation and seize the advantage.,true,lichess,f2ItR,33636,96,"{""Sicilian_Defense"",""Sicilian_Defense_Old_Sicilian""}"
lc_Xk8Jn,4r3/1q2p1kp/p3P1p1/2p5/Pp6/5Q2/1P3PPP/3rR1K1 w - - 0 26,"{""f3f7"",""g7h6"",""e1d1""}",queen,6,intermediate,Queen 6 · Fork,fork,White to move.,1497,Club,"{""crushing"",""endgame"",""fork"",""intermezzo"",""short""}","A fork — one piece attacks two enemy pieces at once, forcing a material win.",true,lichess,Xk8Jn,33364,95,{}
lc_ZstQ7,5r2/1p2bp1p/p2pk1p1/3R4/4P3/5N2/4r1PP/2R3K1 w - - 4 29,"{""f3d4"",""e6d7"",""d4e2""}",queen,6,intermediate,Queen 6 · Fork,fork,White to move.,1497,Club,"{""advantage"",""endgame"",""fork"",""short""}","A fork — one piece attacks two enemy pieces at once, forcing a material win.",true,lichess,ZstQ7,32390,97,{}
lc_qmCdo,2R5/pp3ppp/4pk2/1P1p4/PB1P1P2/3q4/6PP/2R3K1 b - - 2 28,"{""d3d4"",""g1h1"",""d4b4""}",queen,6,intermediate,Queen 6 · Fork,fork,Black to move.,1497,Club,"{""advantage"",""endgame"",""fork"",""short""}","A fork — one piece attacks two enemy pieces at once, forcing a material win.",true,lichess,qmCdo,31991,95,{}
lc_22JVY,2r1qrk1/3n3p/3P2p1/BB6/1P2p3/P3Q3/5PPP/R5K1 b - - 0 23,"{""e8e5"",""a1e1"",""e5b5""}",queen,6,intermediate,Queen 6 · Fork,fork,Black to move.,1497,Club,"{""advantage"",""fork"",""middlegame"",""short""}","A fork — one piece attacks two enemy pieces at once, forcing a material win.",true,lichess,22JVY,31891,94,{}
lc_x2cO6,2Q1R3/5k2/p3p3/1p1p2q1/3P1Np1/1P2Pn2/P4KP1/8 b - - 1 38,"{""g5h4"",""g2g3"",""h4h2"",""f4g2"",""h2g1"",""f2e2"",""g1g2"",""e2d1"",""g2d2""}",queen,6,intermediate,Queen 6 · Deflection,deflection,Black to move.,1497,Club,"{""deflection"",""endgame"",""mate"",""mateIn5"",""veryLong""}",A deflection — lure a defending piece away from the square it was guarding.,true,lichess,x2cO6,31646,96,{}
lc_vmKZ5,3r1rk1/Q1p1qpp1/2p2b1p/4p3/N3P3/8/PPP2PPP/3R1RK1 b - - 0 17,"{""d8a8"",""a7b7"",""a8a4""}",queen,6,intermediate,Queen 6 · Skewer,skewer,Black to move.,1497,Club,"{""advantage"",""middlegame"",""short"",""skewer""}","A skewer — the higher-value piece is forced to move, losing the piece behind it.",true,lichess,vmKZ5,31631,96,"{""Philidor_Defense"",""Philidor_Defense_Other_variations""}"
lc_uAHIK,4rrk1/ppp2pp1/3p4/5Pp1/4N1n1/1Q1B4/PP2KRP1/q7 w - - 0 20,"{""f2f1"",""a1f1"",""e2f1""}",queen,6,intermediate,Queen 6 · Trapped Piece,trappedPiece,White to move.,1497,Club,"{""advantage"",""middlegame"",""short"",""trappedPiece""}",A trapped piece — the enemy piece has no safe squares and can be won.,true,lichess,uAHIK,31337,94,"{""Italian_Game"",""Italian_Game_Classical_Variation""}"
lc_h2yQ2,8/pQ6/6kp/3P4/1Pq5/8/8/3K4 w - - 0 49,"{""b7c6"",""c4c6"",""d5c6"",""g6f5"",""c6c7""}",queen,6,intermediate,Queen 6 · Advanced Pawn,advancedPawn,White to move.,1498,Club,"{""advancedPawn"",""crushing"",""endgame"",""long"",""queenEndgame""}",An advanced pawn — push the passer or use its threats to win material.,true,lichess,h2yQ2,42249,95,{}
lc_aV87Q,q3kb1r/p2bpppp/1n3n2/8/8/2N2Q2/PPPP1PPP/R1B1K1NR b KQk - 1 9,"{""d7c6"",""f3g3"",""c6g2"",""f2f3"",""g2h1""}",queen,6,intermediate,Queen 6 · Trapped Piece,trappedPiece,Black to move.,1498,Club,"{""advantage"",""long"",""opening"",""trappedPiece""}",A trapped piece — the enemy piece has no safe squares and can be won.,true,lichess,aV87Q,38319,96,"{""Scandinavian_Defense"",""Scandinavian_Defense_Modern_Variation""}"
lc_vgCVJ,r1b1q3/ppp2k1p/2n3p1/2Q3B1/3pr3/8/PPPN1PPP/R4RK1 b - - 3 13,"{""e4e5"",""c5a3"",""e5g5""}",queen,6,intermediate,Queen 6 · Interference,interference,Black to move.,1498,Club,"{""advantage"",""interference"",""middlegame"",""short""}",Interference — block the line between two enemy pieces to break their coordination.,true,lichess,vgCVJ,36764,96,"{""Scotch_Game"",""Scotch_Game_Scotch_Gambit""}"
lc_hDUu3,r2q1r1k/1p1np2p/p2p3Q/2pn1p1p/8/5N2/PPP2PPP/R4RK1 w - - 0 19,"{""f3g5"",""d7f6"",""g5e6"",""f8g8"",""e6d8""}",queen,6,intermediate,Queen 6 · Fork,fork,White to move.,1498,Club,"{""advantage"",""fork"",""long"",""middlegame""}","A fork — one piece attacks two enemy pieces at once, forcing a material win.",true,lichess,hDUu3,36571,95,"{""Sicilian_Defense"",""Sicilian_Defense_Other_variations""}"
lc_2eqKd,3rr3/1pq2pkp/p2p2p1/5P2/P3b3/3B4/2PQ2PP/1R3RK1 w - - 1 22,"{""f5f6"",""g7h8"",""d2h6"",""e8g8"",""d3e4""}",queen,6,intermediate,Queen 6 · Crushing,crushing,White to move.,1498,Club,"{""crushing"",""long"",""middlegame""}",Find the strongest continuation and seize the advantage.,true,lichess,2eqKd,33531,96,{}
lc_sKu1W,8/8/8/4r1p1/R4p1p/5P1P/4k1PK/8 w - - 6 63,"{""a4e4"",""e5e4"",""f3e4"",""e2d3"",""e4e5""}",queen,6,intermediate,Queen 6 · Rook Endgame,rookEndgame,White to move.,1498,Club,"{""crushing"",""defensiveMove"",""endgame"",""long"",""rookEndgame""}",A rook endgame — master the Lucena and Philidor ideas to convert.,true,lichess,sKu1W,33461,95,{}
lc_8a6jy,q3k1r1/5pp1/2pp1n1p/bp2pP2/4P3/1PNP2Q1/1P1B2PP/R5K1 b - - 8 19,"{""a5b6"",""g1f1"",""a8a1""}",queen,6,intermediate,Queen 6 · Discovered Attack,discoveredAttack,Black to move.,1498,Club,"{""crushing"",""discoveredAttack"",""middlegame"",""short""}",A discovered attack — moving one piece uncovers a deadly attack from another.,true,lichess,8a6jy,33390,96,"{""Rat_Defense"",""Rat_Defense_Harmonist""}"
lc_LSc0x,5k2/pp5p/6p1/2bPr3/8/3R2P1/PP4B1/7K b - - 0 30,"{""e5h5"",""g2h3"",""h5h3""}",queen,6,intermediate,Queen 6 · Endgame,endgame,Black to move.,1498,Club,"{""crushing"",""endgame"",""master"",""masterVsMaster"",""short""}",An endgame technique — precise play with few pieces where every tempo counts.,true,lichess,LSc0x,32930,95,{}
lc_cD0OG,5rk1/3bpp2/3p2p1/p1p5/P3P3/3R1N2/1rq2QPP/5RK1 w - - 0 34,"{""d3d2"",""c2e4"",""d2b2""}",queen,6,intermediate,Queen 6 · Skewer,skewer,White to move.,1498,Club,"{""advantage"",""master"",""middlegame"",""short"",""skewer""}","A skewer — the higher-value piece is forced to move, losing the piece behind it.",true,lichess,cD0OG,32846,95,{}
lc_BhUXl,r3r1k1/5ppp/p4b2/7n/3Bb3/3B4/PPP1N1PP/R4R1K b - - 1 24,"{""e4d3"",""c2d3"",""e8e2""}",queen,6,intermediate,Queen 6 · Discovered Attack,discoveredAttack,Black to move.,1498,Club,"{""advantage"",""capturingDefender"",""discoveredAttack"",""middlegame"",""short""}",A discovered attack — moving one piece uncovers a deadly attack from another.,true,lichess,BhUXl,32684,94,{}
lc_wFt3M,2k4r/ppp5/4pn2/2Q1p1B1/4P3/P1N2Ppp/1PPr2PP/R4R1K b - - 0 23,"{""h3g2"",""h1g1"",""g3h2""}",queen,6,intermediate,Queen 6 · Mate In2,mateIn2,Black to move.,1498,Club,"{""advancedPawn"",""fork"",""mate"",""mateIn2"",""middlegame"",""pin"",""short""}",Checkmate in two — a forced sequence that delivers checkmate on move two.,true,lichess,wFt3M,32416,95,{}
lc_XzUZs,r3kb1r/pb3p2/1q1p1n1p/1Np1p1p1/Q3P3/2PP2BP/PP3PP1/R3K1NR b KQkq - 2 13,"{""b7c6"",""c3c4"",""a7a6""}",queen,6,intermediate,Queen 6 · Advantage,advantage,Black to move.,1498,Club,"{""advantage"",""middlegame"",""short""}",Find the strongest continuation and seize the advantage.,true,lichess,XzUZs,31958,96,"{""Sicilian_Defense"",""Sicilian_Defense_Bowdler_Attack""}"
lc_H8Jfi,8/1k2nR2/6p1/1PK3P1/4r3/8/8/8 w - - 0 48,"{""c5d6"",""b7b6"",""f7e7"",""e4g4"",""e7e5""}",queen,6,intermediate,Queen 6 · Endgame,endgame,White to move.,1498,Club,"{""crushing"",""defensiveMove"",""endgame"",""long""}",An endgame technique — precise play with few pieces where every tempo counts.,true,lichess,H8Jfi,31540,96,{}
lc_nANND,4r1k1/p4ppp/8/2Q1R3/8/7P/q1P2PP1/6K1 b - - 0 29,"{""a2a1"",""g1h2"",""a1e5"",""c5e5"",""e8e5""}",queen,6,intermediate,Queen 6 · Endgame,endgame,Black to move.,1498,Club,"{""crushing"",""endgame"",""long""}",An endgame technique — precise play with few pieces where every tempo counts.,true,lichess,nANND,31517,96,{}
lc_LDMBw,4rrk1/pp1q1ppp/2pp1b2/4nP2/4PB2/1BQ4P/PPP2P1K/3R2R1 b - - 6 20,"{""e5g4"",""g1g4"",""f6c3""}",queen,6,intermediate,Queen 6 · Discovered Attack,discoveredAttack,Black to move.,1499,Club,"{""advantage"",""discoveredAttack"",""middlegame"",""short""}",A discovered attack — moving one piece uncovers a deadly attack from another.,true,lichess,LDMBw,51030,96,{}
lc_viNGa,3rr1k1/p5p1/3nR2p/1p1p4/1Pp3P1/2P4P/P2N1PK1/4R3 w - - 4 28,"{""e6d6"",""d8d6"",""e1e8""}",queen,6,intermediate,Queen 6 · Discovered Attack,discoveredAttack,White to move.,1499,Club,"{""capturingDefender"",""crushing"",""deflection"",""discoveredAttack"",""endgame"",""kingsideAttack"",""short""}",A discovered attack — moving one piece uncovers a deadly attack from another.,true,lichess,viNGa,38149,95,{}
lc_vAkrh,3r2k1/5ppp/5q2/p7/3np3/P3P2P/1Q3PP1/R4RK1 b - - 0 23,"{""d4f3"",""g2f3"",""f6b2""}",queen,6,intermediate,Queen 6 · Discovered Attack,discoveredAttack,Black to move.,1499,Club,"{""advantage"",""discoveredAttack"",""endgame"",""short""}",A discovered attack — moving one piece uncovers a deadly attack from another.,true,lichess,vAkrh,36608,97,{}
lc_W7wFA,2kr4/1pp4p/p3p3/2B5/4pn2/Q7/PPPq1P2/1KR5 w - - 6 26,"{""c5e3"",""d2d6"",""a3d6"",""c7d6"",""e3f4""}",queen,6,intermediate,Queen 6 · Endgame,endgame,White to move.,1499,Club,"{""advantage"",""capturingDefender"",""endgame"",""long""}",An endgame technique — precise play with few pieces where every tempo counts.,true,lichess,W7wFA,35612,95,{}
lc_4zL0Y,4k2r/5ppp/pR1b1n2/3p1p2/P7/r5P1/2P1PPBP/R5K1 w k - 0 23,"{""a1a3"",""d6a3"",""b6b8"",""e8d7"",""b8h8""}",queen,6,intermediate,Queen 6 · Skewer,skewer,White to move.,1499,Club,"{""advantage"",""long"",""middlegame"",""skewer""}","A skewer — the higher-value piece is forced to move, losing the piece behind it.",true,lichess,4zL0Y,35439,96,{}
lc_xnTiM,rn2k2r/pp4pp/2q1pn2/1Nb4b/N7/5P2/PPP3PP/R1BQR2K w kq - 0 15,"{""e1e6"",""c6e6"",""b5c7"",""e8f7"",""c7e6""}",queen,6,intermediate,Queen 6 · Fork,fork,White to move.,1499,Club,"{""attraction"",""crushing"",""exposedKing"",""fork"",""long"",""opening"",""sacrifice""}","A fork — one piece attacks two enemy pieces at once, forcing a material win.",true,lichess,xnTiM,34539,94,"{""Sicilian_Defense"",""Sicilian_Defense_Other_variations""}"
lc_48aY6,1kr5/pp3P2/n3Q3/8/3Pp3/5P2/PP2q3/2KR4 w - - 1 37,"{""e6c8"",""b8c8"",""f7f8q""}",queen,6,intermediate,Queen 6 · Attraction,attraction,White to move.,1499,Club,"{""advancedPawn"",""attraction"",""crushing"",""endgame"",""promotion"",""short""}",An attraction — force an enemy piece onto a square where it can be exploited.,true,lichess,48aY6,34507,95,{}
lc_FYIRr,8/pR6/7p/4k1p1/2B3K1/1P2bPP1/5r2/8 w - - 3 33,"{""b7e7"",""e5d4"",""e7e4"",""d4c3"",""e4e3""}",queen,6,intermediate,Queen 6 · Deflection,deflection,White to move.,1499,Club,"{""crushing"",""deflection"",""endgame"",""long""}",A deflection — lure a defending piece away from the square it was guarding.,true,lichess,FYIRr,34314,96,{}
lc_fAi1e,5r1k/6pp/8/8/3Q4/1p1P3P/q4PP1/R5K1 b - - 1 33,"{""b3b2"",""a1a2"",""b2b1q"",""g1h2"",""b1a2""}",queen,6,intermediate,Queen 6 · Fork,fork,Black to move.,1499,Club,"{""advancedPawn"",""crushing"",""endgame"",""fork"",""long"",""promotion""}","A fork — one piece attacks two enemy pieces at once, forcing a material win.",true,lichess,fAi1e,34300,96,{}
lc_36VsG,r4rk1/p5p1/7Q/3Ppq2/6R1/5p1P/P4PP1/R5K1 b - - 0 30,"{""f5g4"",""h3g4"",""g7h6""}",queen,6,intermediate,Queen 6 · Endgame,endgame,Black to move.,1499,Club,"{""advantage"",""endgame"",""short""}",An endgame technique — precise play with few pieces where every tempo counts.,true,lichess,36VsG,33916,95,{}
lc_tB4vc,2q2k1r/2pb1p2/5p2/Q2B4/2PP4/6N1/Pr5P/2R3K1 w - - 0 25,"{""a5a3"",""f8g7"",""a3b2""}",queen,6,intermediate,Queen 6 · Fork,fork,White to move.,1499,Club,"{""crushing"",""fork"",""middlegame"",""short""}","A fork — one piece attacks two enemy pieces at once, forcing a material win.",true,lichess,tB4vc,33762,96,{}
lc_rBbuk,r4r2/1pq2pkp/p2p1np1/4p3/2n1PQ2/2N4P/PPP1BP1P/2KR3R w - e6 0 16,"{""f4f6"",""g7f6"",""c3d5"",""f6g7"",""d5c7""}",queen,6,intermediate,Queen 6 · Fork,fork,White to move.,1499,Club,"{""advantage"",""attraction"",""fork"",""long"",""middlegame"",""sacrifice""}","A fork — one piece attacks two enemy pieces at once, forcing a material win.",true,lichess,rBbuk,33664,95,"{""Sicilian_Defense"",""Sicilian_Defense_Other_variations""}"
lc_ZW2aq,8/4r1kp/2p2pp1/P2b4/1q1Q4/5PP1/7P/R2R2K1 b - - 4 33,"{""e7e1"",""g1f2"",""b4d4"",""d1d4"",""e1a1""}",queen,6,intermediate,Queen 6 · Endgame,endgame,Black to move.,1499,Club,"{""crushing"",""endgame"",""long""}",An endgame technique — precise play with few pieces where every tempo counts.,true,lichess,ZW2aq,33294,96,{}
lc_sk5PB,5r2/ppk5/8/3p4/3Npn2/2P4P/Pr4PK/R4R2 w - - 0 33,"{""f1f4"",""f8f4"",""d4e6"",""c7d6"",""e6f4""}",queen,6,intermediate,Queen 6 · Fork,fork,White to move.,1499,Club,"{""advantage"",""attraction"",""endgame"",""fork"",""long"",""sacrifice""}","A fork — one piece attacks two enemy pieces at once, forcing a material win.",true,lichess,sk5PB,33047,96,{}
lc_sDJtS,8/5ppk/4p2p/4P3/3p3P/pRrP1N2/P4PP1/5K2 b - - 2 26,"{""c3b3"",""a2b3"",""a3a2""}",queen,6,intermediate,Queen 6 · Advanced Pawn,advancedPawn,Black to move.,1499,Club,"{""advancedPawn"",""crushing"",""endgame"",""short""}",An advanced pawn — push the passer or use its threats to win material.,true,lichess,sDJtS,32894,96,{}
lc_Vt016,r1q1k3/ppp3p1/1bn2ppr/3Qp3/4B3/3PP2P/PPP5/R1B2RK1 w q - 3 21,"{""d5g8"",""e8d7"",""g8g7""}",queen,6,intermediate,Queen 6 · Crushing,crushing,White to move.,1499,Club,"{""crushing"",""middlegame"",""short""}",Find the strongest continuation and seize the advantage.,true,lichess,Vt016,32824,95,{}
lc_Kk0p9,1r1r2k1/1P2ppb1/7p/p7/2P3pP/P1N1Q1qb/1P2R1PN/R5K1 b - - 1 24,"{""g7d4"",""e3d4"",""d8d4""}",queen,6,intermediate,Queen 6 · Pin,pin,Black to move.,1499,Club,"{""crushing"",""middlegame"",""pin"",""short""}",A pin — the attacked piece can't move without exposing a more valuable piece behind it.,true,lichess,Kk0p9,32605,96,{}
lc_WUCvb,7r/ppk3p1/3R1n2/2r5/5P2/2N3Pp/PPP2K1P/3R4 b - - 2 26,"{""c5c3"",""b2c3"",""f6e4"",""f2f3"",""e4d6""}",queen,6,intermediate,Queen 6 · Fork,fork,Black to move.,1499,Club,"{""advantage"",""endgame"",""fork"",""long"",""sacrifice""}","A fork — one piece attacks two enemy pieces at once, forcing a material win.",true,lichess,WUCvb,32511,95,{}
lc_8OAuf,rnbqkb1r/pp1p2pp/2p2n2/5B2/3P4/5N2/PPP2PPP/RNBQK2R b KQkq - 0 6,"{""d8a5"",""b1d2"",""a5f5""}",queen,6,intermediate,Queen 6 · Fork,fork,Black to move.,1499,Club,"{""advantage"",""fork"",""opening"",""short""}","A fork — one piece attacks two enemy pieces at once, forcing a material win.",true,lichess,8OAuf,32238,95,"{""Caro-Kann_Defense"",""Caro-Kann_Defense_Other_variations""}"
lc_PnpaO,4r2k/1n6/p2p3p/1p1Pqp2/1Pp1N2P/P1P1Q2K/4R3/6r1 w - - 0 38,"{""e3h6"",""h8g8"",""e4f6"",""g8f7"",""e2e5""}",queen,6,intermediate,Queen 6 · Fork,fork,White to move.,1499,Club,"{""advantage"",""discoveredAttack"",""exposedKing"",""fork"",""long"",""master"",""middlegame""}","A fork — one piece attacks two enemy pieces at once, forcing a material win.",true,lichess,PnpaO,32071,95,{}
lc_ISsGz,r4r1k/pp2ppb1/3p3p/3Rn1q1/4P3/1BN3Bb/PP2QP1P/2R3K1 w - - 2 22,"{""f2f4"",""g5g6"",""f4e5""}",queen,6,intermediate,Queen 6 · Fork,fork,White to move.,1499,Club,"{""advantage"",""fork"",""middlegame"",""short""}","A fork — one piece attacks two enemy pieces at once, forcing a material win.",true,lichess,ISsGz,31718,95,{}
lc_m6hNo,r4rk1/5ppp/p1n1p1n1/1p5Q/3P1B1q/P1P3N1/5PPP/1B3RK1 w - - 5 17,"{""b1g6"",""h4h5"",""g6h5""}",queen,6,intermediate,Queen 6 · Advantage,advantage,White to move.,1499,Club,"{""advantage"",""middlegame"",""short""}",Find the strongest continuation and seize the advantage.,true,lichess,m6hNo,31677,95,"{""Caro-Kann_Defense"",""Caro-Kann_Defense_Panov_Attack""}"
lc_sW9Ne,k7/1pq2p2/p3ppp1/8/2B1n3/P6P/1PP1QPP1/1K6 b - - 3 25,"{""c7c4"",""e2c4"",""e4d2"",""b1c1"",""d2c4""}",queen,6,intermediate,Queen 6 · Fork,fork,Black to move.,1499,Club,"{""advantage"",""attraction"",""endgame"",""fork"",""long"",""sacrifice""}","A fork — one piece attacks two enemy pieces at once, forcing a material win.",true,lichess,sW9Ne,31675,95,{}
lc_zckyA,rn2k2r/pp3ppp/2p1p2n/3pP3/5BPb/2P2N2/PP1KQ3/RN3B1q w kq - 2 14,"{""f1g2"",""h1g2"",""e2g2""}",queen,6,intermediate,Queen 6 · Trapped Piece,trappedPiece,White to move.,1499,Club,"{""crushing"",""middlegame"",""short"",""trappedPiece""}",A trapped piece — the enemy piece has no safe squares and can be won.,true,lichess,zckyA,31284,96,"{""Caro-Kann_Defense"",""Caro-Kann_Defense_Advance_Variation""}"
lc_807ML,3rr1k1/3b1ppp/3q1b2/1p2p3/1n6/1P2BN2/3N1PPP/2RQR1K1 w - - 0 27,"{""e3c5"",""d6b8"",""c5b4""}",queen,6,intermediate,Queen 6 · Interference,interference,White to move.,1500,Club,"{""advantage"",""interference"",""middlegame"",""short""}",Interference — block the line between two enemy pieces to break their coordination.,true,lichess,807ML,44163,95,{}
lc_6x8GQ,r3k2r/pp2bppp/3p1n2/q2Np3/4b1P1/3QBN1P/PPP2P2/2KR2R1 w kq - 0 15,"{""d5f6"",""e7f6"",""d3e4""}",queen,6,intermediate,Queen 6 · Advantage,advantage,White to move.,1500,Club,"{""advantage"",""intermezzo"",""middlegame"",""short""}",Find the strongest continuation and seize the advantage.,true,lichess,6x8GQ,35592,95,"{""Philidor_Defense"",""Philidor_Defense_Other_variations""}"
lc_lDkHb,6k1/3b1p2/6pp/1p2P3/3nKP2/P3N1PP/2B5/8 b - - 5 42,"{""d4c2"",""e3c2"",""d7f5"",""e4d5"",""f5c2""}",queen,6,intermediate,Queen 6 · Skewer,skewer,Black to move.,1500,Club,"{""advantage"",""endgame"",""long"",""skewer""}","A skewer — the higher-value piece is forced to move, losing the piece behind it.",true,lichess,lDkHb,35548,95,{}
lc_QVntI,4r1k1/ppp2pp1/2n4p/8/3P1q2/3B1P1P/P5Q1/1RB1R2K b - - 0 22,"{""e8e1"",""d3f1"",""e1c1"",""b1c1"",""f4c1""}",queen,6,intermediate,Queen 6 · Crushing,crushing,Black to move.,1500,Club,"{""crushing"",""long"",""middlegame""}",Find the strongest continuation and seize the advantage.,true,lichess,QVntI,35116,96,{}
lc_aeWhp,r3kb1r/ppp2p1p/8/4PP2/2B2p1q/3P2N1/PPP4P/R2QK2R b KQkq - 0 13,"{""f4g3"",""d1f3"",""g3g2""}",queen,6,intermediate,Queen 6 · Discovered Attack,discoveredAttack,Black to move.,1500,Club,"{""advancedPawn"",""advantage"",""discoveredAttack"",""discoveredCheck"",""middlegame"",""short""}",A discovered attack — moving one piece uncovers a deadly attack from another.,true,lichess,aeWhp,34377,95,"{""Kings_Gambit_Declined"",""Kings_Gambit_Declined_Queens_Knight_Defense""}"
lc_GF4O6,r1bq1rk1/1p3ppp/p2bpB2/8/2B5/2N4P/P1PQ1PP1/R3R1K1 b - - 0 17,"{""d6h2"",""g1h2"",""d8d2""}",queen,6,intermediate,Queen 6 · Discovered Attack,discoveredAttack,Black to move.,1500,Club,"{""crushing"",""discoveredAttack"",""middlegame"",""short""}",A discovered attack — moving one piece uncovers a deadly attack from another.,true,lichess,GF4O6,33587,95,"{""Sicilian_Defense"",""Sicilian_Defense_Nyezhmetdinov-Rossolimo_Attack""}"
lc_Tb7yO,2k5/ppp5/3b1p2/3n3r/4R2P/8/PP1BKP2/3R1Br1 w - - 1 31,"{""f1h3"",""c8d8"",""d1g1""}",queen,6,intermediate,Queen 6 · Discovered Attack,discoveredAttack,White to move.,1500,Club,"{""crushing"",""discoveredAttack"",""middlegame"",""short""}",A discovered attack — moving one piece uncovers a deadly attack from another.,true,lichess,Tb7yO,33432,95,{}
lc_tmxKG,5k2/8/8/3r4/p1b4R/2B5/1PK5/8 b - - 0 63,"{""c4b3"",""c2b1"",""d5d1""}",queen,6,intermediate,Queen 6 · Mate In2,mateIn2,Black to move.,1500,Club,"{""endgame"",""mate"",""mateIn2"",""pillsburysMate"",""short""}",Checkmate in two — a forced sequence that delivers checkmate on move two.,true,lichess,tmxKG,32621,96,{}
lc_Yf55C,1r6/3R1ppk/2Q1p2p/P4b2/2P3q1/8/5PPP/5RK1 b - - 6 29,"{""f5e4"",""f2f3"",""e4c6"",""f3g4"",""c6d7""}",queen,6,intermediate,Queen 6 · Endgame,endgame,Black to move.,1500,Club,"{""advantage"",""endgame"",""long""}",An endgame technique — precise play with few pieces where every tempo counts.,true,lichess,Yf55C,32571,95,{}
lc_aR00q,r6k/1pq2p2/p2r3P/5n2/3p4/1B4Q1/PPP2p2/2R2K1R w - - 1 31,"{""g3e5"",""f7f6"",""e5f5""}",queen,6,intermediate,Queen 6 · Fork,fork,White to move.,1500,Club,"{""advantage"",""fork"",""middlegame"",""short""}","A fork — one piece attacks two enemy pieces at once, forcing a material win.",true,lichess,aR00q,32531,95,{}
lc_CUnGa,N1b2k1r/3p1ppp/p4n2/8/4q3/Q1P1b3/1P3PPP/R3KBNR b KQ - 1 14,"{""e3c5"",""f1e2"",""c5a3""}",queen,6,intermediate,Queen 6 · Discovered Attack,discoveredAttack,Black to move.,1500,Club,"{""crushing"",""discoveredAttack"",""discoveredCheck"",""middlegame"",""short""}",A discovered attack — moving one piece uncovers a deadly attack from another.,true,lichess,CUnGa,32370,96,"{""Center_Game"",""Center_Game_Normal_Variation""}"
lc_sP1uE,3q2k1/4p2p/3p1rp1/1rpP2N1/p4n2/1P6/PQ4PP/R4RK1 w - - 2 27,"{""f1f4"",""f6f4"",""g5e6""}",queen,6,intermediate,Queen 6 · Sacrifice,sacrifice,White to move.,1500,Club,"{""advantage"",""master"",""middlegame"",""sacrifice"",""short""}",A sacrifice — give up material to gain a decisive tactical or positional advantage.,true,lichess,sP1uE,31877,96,{}
lc_bLyoF,r3r1k1/pQ3ppp/2N3n1/2p2b2/3p4/P2P4/1PP2PqP/R1BK3R w - - 0 18,"{""c6e7"",""e8e7"",""b7g2""}",queen,6,intermediate,Queen 6 · Fork,fork,White to move.,1501,Club,"{""crushing"",""discoveredAttack"",""fork"",""middlegame"",""short""}","A fork — one piece attacks two enemy pieces at once, forcing a material win.",true,lichess,bLyoF,36271,96,"{""French_Defense"",""French_Defense_Other_variations""}"
lc_l7K29,r3k2r/P2p1pp1/2N1p3/8/2P1n3/P1P3P1/7P/1R3nK1 w kq - 0 22,"{""b1b8"",""a8b8"",""a7b8q""}",queen,6,intermediate,Queen 6 · Mate In2,mateIn2,White to move.,1501,Club,"{""advancedPawn"",""endgame"",""mate"",""mateIn2"",""promotion"",""short""}",Checkmate in two — a forced sequence that delivers checkmate on move two.,true,lichess,l7K29,36238,95,{}
lc_Ohiad,r2q1rk1/pb2b1pp/4p3/1p2n3/3p3P/5NP1/PP3PBK/R1BQ1R2 w - - 0 18,"{""f3e5"",""b7g2"",""h2g2"",""d8d5"",""e5f3""}",queen,6,intermediate,Queen 6 · Hanging Piece,hangingPiece,White to move.,1501,Club,"{""advantage"",""hangingPiece"",""long"",""opening""}",A hanging piece — an undefended enemy piece is free to capture.,true,lichess,Ohiad,34700,96,"{""Sicilian_Defense"",""Sicilian_Defense_French_Variation""}"
lc_mczDA,2r3k1/1b1n1rp1/4pbQB/p2p3B/3P4/q1p1P1R1/1p3P1P/1K4R1 w - - 0 27,"{""g6f7"",""g8h8"",""h6g7"",""f6g7"",""f7g7""}",queen,6,intermediate,Queen 6 · Mate In3,mateIn3,White to move.,1501,Club,"{""long"",""mate"",""mateIn3"",""middlegame"",""pin""}",Checkmate in three — calculate the forcing line all the way to mate.,true,lichess,mczDA,34189,95,{}
lc_xyOu8,2rr2k1/p6p/3P1Qp1/5p2/4p3/q7/P1RR1PPP/6K1 b - - 0 28,"{""a3c1"",""c2c1"",""c8c1"",""d2d1"",""c1d1""}",queen,7,intermediate,Queen 7 · Mate In3,mateIn3,Black to move.,1501,Club,"{""backRankMate"",""endgame"",""long"",""mate"",""mateIn3"",""sacrifice"",""xRayAttack""}",Checkmate in three — calculate the forcing line all the way to mate.,true,lichess,xyOu8,34065,95,{}
lc_32DH0,4R3/5Pk1/4P3/8/6P1/8/3r2rp/1K5R b - - 2 37,"{""g2g1"",""h1g1"",""h2g1q""}",queen,7,intermediate,Queen 7 · Mate In2,mateIn2,Black to move.,1501,Club,"{""advancedPawn"",""endgame"",""mate"",""mateIn2"",""promotion"",""rookEndgame"",""short""}",Checkmate in two — a forced sequence that delivers checkmate on move two.,true,lichess,32DH0,33048,95,{}
lc_jvK0L,8/2k5/P1p4p/2P1PB1P/3P2K1/4P3/bp6/8 b - - 2 50,"{""a2e6"",""f5e6"",""b2b1q""}",queen,7,intermediate,Queen 7 · Deflection,deflection,Black to move.,1501,Club,"{""advancedPawn"",""advantage"",""bishopEndgame"",""deflection"",""endgame"",""promotion"",""short""}",A deflection — lure a defending piece away from the square it was guarding.,true,lichess,jvK0L,32166,95,{}
lc_6j4cK,4N3/7p/1p6/p1n2kPP/P7/K7/8/8 w - - 5 52,"{""g5g6"",""h7g6"",""h5h6"",""g6g5"",""h6h7""}",queen,7,intermediate,Queen 7 · Advanced Pawn,advancedPawn,White to move.,1501,Club,"{""advancedPawn"",""crushing"",""endgame"",""knightEndgame"",""long""}",An advanced pawn — push the passer or use its threats to win material.,true,lichess,6j4cK,32022,96,{}
lc_kQ0Od,3r3r/2k2pp1/3bpn2/1R5p/4q1b1/1P2PBP1/P2P1P2/3Q1RK1 w - - 6 25,"{""d1c1"",""c7d7"",""f3e4""}",queen,7,intermediate,Queen 7 · Advantage,advantage,White to move.,1501,Club,"{""advantage"",""middlegame"",""short""}",Find the strongest continuation and seize the advantage.,true,lichess,kQ0Od,31481,95,{}
lc_c9iUy,8/8/4k2p/4b1p1/2P3P1/1p1K3P/1B6/8 w - - 0 41,"{""b2e5"",""e6e5"",""d3c3"",""b3b2"",""c3b2""}",queen,7,intermediate,Queen 7 · Bishop Endgame,bishopEndgame,White to move.,1501,Club,"{""bishopEndgame"",""crushing"",""endgame"",""long""}",A bishop endgame — colour complexes and the wrong-bishop rule matter.,true,lichess,c9iUy,31424,95,{}
lc_RrcVo,rn1q1rk1/p1p1bp2/1p2p1pQ/4pb2/3P4/1PP5/P4P2/RNB1K1R1 w Q - 0 19,"{""g1h1"",""e7h4"",""h1h4"",""d8h4"",""h6h4""}",queen,7,intermediate,Queen 7 · Advantage,advantage,White to move.,1502,Club,"{""advantage"",""long"",""opening"",""quietMove""}",Find the strongest continuation and seize the advantage.,true,lichess,RrcVo,49657,95,"{""French_Defense"",""French_Defense_Kings_Indian_Attack""}"
lc_d3twI,r2q1rk1/ppp3p1/2n1pn1p/4b3/7N/P1NP3P/1PPB2P1/R2Q1RK1 b - - 1 14,"{""d8d4"",""g1h1"",""d4h4""}",queen,7,intermediate,Queen 7 · Fork,fork,Black to move.,1502,Club,"{""crushing"",""fork"",""opening"",""short""}","A fork — one piece attacks two enemy pieces at once, forcing a material win.",true,lichess,d3twI,37601,96,"{""Scandinavian_Defense"",""Scandinavian_Defense_Mieses-Kotroc_Variation""}"
lc_hzhwb,3r1kr1/7R/Q2p1b1p/2p2p2/5P2/4B2b/P1P1RK1P/7B b - - 6 32,"{""f6h4"",""f2f3"",""h3g4"",""f3g2"",""g4e2"",""g2h3"",""e2a6""}",queen,7,intermediate,Queen 7 · Skewer,skewer,Black to move.,1502,Club,"{""advantage"",""discoveredAttack"",""discoveredCheck"",""exposedKing"",""middlegame"",""skewer"",""veryLong""}","A skewer — the higher-value piece is forced to move, losing the piece behind it.",true,lichess,hzhwb,35870,96,{}
lc_8dLhM,2r5/p3kqpp/1p6/2p2p1Q/8/2PR4/PPK4P/8 w - - 4 30,"{""d3d7"",""e7d7"",""h5f7""}",queen,7,intermediate,Queen 7 · Deflection,deflection,White to move.,1502,Club,"{""advantage"",""attraction"",""deflection"",""endgame"",""short""}",A deflection — lure a defending piece away from the square it was guarding.,true,lichess,8dLhM,35460,95,{}
lc_wTils,5rk1/1pp3p1/p2p3p/4n3/1PP5/P2PQ2R/5NBK/3q4 b - - 6 28,"{""f8f2"",""e3f2"",""e5g4"",""h2g3"",""g4f2""}",queen,7,intermediate,Queen 7 · Fork,fork,Black to move.,1502,Club,"{""advantage"",""attraction"",""exposedKing"",""fork"",""long"",""middlegame"",""pin"",""sacrifice""}","A fork — one piece attacks two enemy pieces at once, forcing a material win.",true,lichess,wTils,34795,95,{}
lc_w096I,8/R1P3p1/7p/2r3k1/8/p5PP/3K4/8 w - - 1 39,"{""a7a5"",""c5a5"",""c7c8q""}",queen,7,intermediate,Queen 7 · Pin,pin,White to move.,1502,Club,"{""advancedPawn"",""crushing"",""deflection"",""endgame"",""pin"",""promotion"",""rookEndgame"",""short""}",A pin — the attacked piece can't move without exposing a more valuable piece behind it.,true,lichess,w096I,34354,96,{}
lc_NSsQa,r3k2r/ppp1bpp1/2n3q1/4p3/1P2n2p/2P4N/P1QNBP2/R1BR1K2 b kq - 1 18,"{""e4g3"",""f2g3"",""g6c2""}",queen,7,intermediate,Queen 7 · Discovered Attack,discoveredAttack,Black to move.,1502,Club,"{""crushing"",""discoveredAttack"",""middlegame"",""short""}",A discovered attack — moving one piece uncovers a deadly attack from another.,true,lichess,NSsQa,34163,96,"{""Ponziani_Opening"",""Ponziani_Opening_Jaenisch_Counterattack""}"
lc_Gs16D,8/R7/4k1p1/1b5p/pB5P/P2r2P1/5P2/5K2 b - - 8 40,"{""d3d7"",""f1e1"",""d7a7""}",queen,7,intermediate,Queen 7 · Discovered Attack,discoveredAttack,Black to move.,1502,Club,"{""crushing"",""discoveredAttack"",""discoveredCheck"",""endgame"",""short""}",A discovered attack — moving one piece uncovers a deadly attack from another.,true,lichess,Gs16D,34032,96,{}
lc_o6uXj,8/q2nk2p/4N1p1/b2p4/Q2P4/4P1KB/P4rPP/7R b - - 1 28,"{""a5c7"",""e6c7"",""a7a4""}",queen,7,intermediate,Queen 7 · Discovered Attack,discoveredAttack,Black to move.,1502,Club,"{""advantage"",""discoveredAttack"",""middlegame"",""short""}",A discovered attack — moving one piece uncovers a deadly attack from another.,true,lichess,o6uXj,33917,95,{}
lc_vuaAJ,r5k1/p1PR2pp/1p1nr3/8/2P5/K2P4/8/5R2 w - - 1 31,"{""d7d8"",""e6e8"",""d8d6""}",queen,7,intermediate,Queen 7 · Deflection,deflection,White to move.,1502,Club,"{""crushing"",""deflection"",""endgame"",""short""}",A deflection — lure a defending piece away from the square it was guarding.,true,lichess,vuaAJ,33592,96,{}
lc_5ByGl,r3r1k1/ppp2pp1/3p1q1p/8/2BnP1b1/P3RN2/1P3PPP/1R1Q2K1 w - - 4 15,"{""d1d4"",""f6d4"",""f3d4""}",queen,7,intermediate,Queen 7 · Advantage,advantage,White to move.,1502,Club,"{""advantage"",""middlegame"",""short""}",Find the strongest continuation and seize the advantage.,true,lichess,5ByGl,33170,95,"{""Scotch_Game"",""Scotch_Game_Scotch_Gambit""}"
lc_s29KV,6k1/p1R3p1/7p/4Np2/5q2/PP3P2/1P4P1/5K2 w - - 1 38,"{""c7c8"",""g8h7"",""c8h8"",""h7h8"",""e5g6"",""h8g8"",""g6f4""}",queen,7,intermediate,Queen 7 · Fork,fork,White to move.,1502,Club,"{""attraction"",""crushing"",""endgame"",""fork"",""sacrifice"",""veryLong""}","A fork — one piece attacks two enemy pieces at once, forcing a material win.",true,lichess,s29KV,32737,95,{}
lc_pleOw,3R4/pkpB2p1/1pb2p2/4p3/2P1P3/6K1/Pr6/8 w - - 6 31,"{""d7c8"",""b7a8"",""c8a6""}",queen,7,intermediate,Queen 7 · Mate In2,mateIn2,White to move.,1502,Club,"{""discoveredAttack"",""discoveredCheck"",""endgame"",""mate"",""mateIn2"",""pillsburysMate"",""short""}",Checkmate in two — a forced sequence that delivers checkmate on move two.,true,lichess,pleOw,32584,96,{}
lc_O7WCl,1Q6/1p2kppp/2q5/2p5/3p3P/3P2P1/P3rP1K/1R6 w - - 3 28,"{""b1b7"",""e7e6"",""b7b6""}",queen,7,intermediate,Queen 7 · Pin,pin,White to move.,1502,Club,"{""crushing"",""endgame"",""pin"",""short""}",A pin — the attacked piece can't move without exposing a more valuable piece behind it.,true,lichess,O7WCl,31871,95,{}
lc_9DqsI,5Q2/1p4pk/1B1p2qp/1P1PpN2/4P3/7b/6rP/5R1K b - - 2 38,"{""g2h2"",""h1h2"",""g6g2""}",queen,7,intermediate,Queen 7 · Mate In2,mateIn2,Black to move.,1502,Club,"{""attraction"",""mate"",""mateIn2"",""middlegame"",""sacrifice"",""short""}",Checkmate in two — a forced sequence that delivers checkmate on move two.,true,lichess,9DqsI,31679,96,{}
lc_TSrzv,6rk/p2qb2p/1p1p2r1/4p3/2PpNp2/3P1B1P/PP3Q1K/R5R1 b - - 13 30,"{""d7h3"",""h2h3"",""g6h6"",""f3h5"",""h6h5"",""f2h4"",""h5h4""}",queen,7,intermediate,Queen 7 · Attraction,attraction,Black to move.,1503,Club,"{""attraction"",""mate"",""mateIn4"",""middlegame"",""operaMate"",""sacrifice"",""veryLong""}",An attraction — force an enemy piece onto a square where it can be exploited.,true,lichess,TSrzv,47381,95,{}
lc_cBZFC,rn1qkb1r/ppp1pppp/8/4Pb2/1nB5/5N2/PPP2PPP/RNBQK2R w KQkq - 3 7,"{""c4f7"",""e8f7"",""d1d8""}",queen,7,intermediate,Queen 7 · Deflection,deflection,White to move.,1503,Club,"{""attackingF2F7"",""crushing"",""deflection"",""opening"",""short""}",A deflection — lure a defending piece away from the square it was guarding.,true,lichess,cBZFC,36361,95,"{""Alekhine_Defense"",""Alekhine_Defense_Modern_Variation""}"
lc_qe2jd,r4r1k/1b5p/2pp2pq/1p2pn2/pP1P1p2/2P2N1Q/P1B2PP1/3RR1K1 w - - 2 28,"{""c2f5"",""h6h3"",""f5h3""}",queen,7,intermediate,Queen 7 · Advantage,advantage,White to move.,1503,Club,"{""advantage"",""middlegame"",""short""}",Find the strongest continuation and seize the advantage.,true,lichess,qe2jd,35942,95,{}
lc_NjEuJ,3r1bk1/5qpp/5pN1/4pP1Q/8/4PR2/P1p3PP/6K1 w - - 0 42,"{""h5h7"",""g8h7"",""f3h3"",""h7g8"",""h3h8""}",queen,7,intermediate,Queen 7 · Mate In3,mateIn3,White to move.,1503,Club,"{""attraction"",""endgame"",""long"",""mate"",""mateIn3"",""sacrifice""}",Checkmate in three — calculate the forcing line all the way to mate.,true,lichess,NjEuJ,35143,97,{}
lc_2mqPM,8/7p/p2N1k2/1p2pp2/1P6/P1r1n2P/6P1/5RK1 w - - 3 36,"{""d6e4"",""f6e6"",""e4c3"",""e3f1"",""g1f1""}",queen,7,intermediate,Queen 7 · Pin,pin,White to move.,1503,Club,"{""advantage"",""endgame"",""long"",""pin""}",A pin — the attacked piece can't move without exposing a more valuable piece behind it.,true,lichess,2mqPM,35015,95,{}
lc_AVqVF,r4rk1/1p2bpp1/p1b1p2p/3qP1n1/3P1N2/P2B4/1P3BPP/2RQ1RK1 b - - 1 19,"{""g5h3"",""g1h1"",""h3f4""}",queen,7,intermediate,Queen 7 · Crushing,crushing,Black to move.,1503,Club,"{""crushing"",""kingsideAttack"",""middlegame"",""short""}",Find the strongest continuation and seize the advantage.,true,lichess,AVqVF,34655,96,"{""Slav_Defense"",""Slav_Defense_Exchange_Variation""}"
lc_c3OOK,r2qkbnr/ppp2pp1/2np3p/4N3/4P3/1BN4P/PPPP1PP1/R1BbK2R w KQkq - 0 8,"{""b3f7"",""e8e7"",""c3d5""}",queen,7,intermediate,Queen 7 · Mate In2,mateIn2,White to move.,1503,Club,"{""attackingF2F7"",""mate"",""mateIn2"",""opening"",""short""}",Checkmate in two — a forced sequence that delivers checkmate on move two.,true,lichess,c3OOK,33551,94,"{""Philidor_Defense"",""Philidor_Defense_Other_variations""}"
lc_VkFbJ,3r1rk1/p4pp1/2B3qp/3p1b2/8/1P2PQ1P/P4PP1/R4RK1 b - - 8 28,"{""f5e4"",""f3g3"",""g6c6""}",queen,7,intermediate,Queen 7 · Advantage,advantage,Black to move.,1503,Club,"{""advantage"",""middlegame"",""short""}",Find the strongest continuation and seize the advantage.,true,lichess,VkFbJ,33134,96,{}
lc_XFQFl,3r3r/pppkbQpp/2np4/3Np3/4P3/3P3P/PP1N1P2/2n2K2 w - - 0 19,"{""f7f5"",""d7e8"",""d5c7""}",queen,7,intermediate,Queen 7 · Mate In2,mateIn2,White to move.,1503,Club,"{""deflection"",""mate"",""mateIn2"",""middlegame"",""short""}",Checkmate in two — a forced sequence that delivers checkmate on move two.,true,lichess,XFQFl,32831,96,"{""Philidor_Defense"",""Philidor_Defense_Other_variations""}"
lc_4OxrM,8/7R/1p4k1/p2p1pN1/7P/5NPK/4r3/2r5 w - - 7 41,"{""h4h5"",""g6f6"",""h7f7""}",queen,7,intermediate,Queen 7 · Mate In2,mateIn2,White to move.,1503,Club,"{""endgame"",""mate"",""mateIn2"",""short""}",Checkmate in two — a forced sequence that delivers checkmate on move two.,true,lichess,4OxrM,32785,97,{}
lc_4CGJW,3R4/2p3k1/2p4p/p1Bp2p1/8/P5Pb/1r6/6K1 w - - 4 37,"{""c5d4"",""g7f7"",""d4b2""}",queen,7,intermediate,Queen 7 · Fork,fork,White to move.,1503,Club,"{""advantage"",""endgame"",""fork"",""short""}","A fork — one piece attacks two enemy pieces at once, forcing a material win.",true,lichess,4CGJW,32577,95,{}
lc_2nfrO,1r5k/1b2q1pp/p4n2/2rpN3/PP2p3/1Q2P3/4NPPP/1R4K1 w - - 0 23,"{""b4c5"",""e7e5"",""c5c6""}",queen,7,intermediate,Queen 7 · Advantage,advantage,White to move.,1503,Club,"{""advantage"",""middlegame"",""short""}",Find the strongest continuation and seize the advantage.,true,lichess,2nfrO,32513,94,{}
lc_7sPZs,krR5/pp1P2p1/5p1p/8/4B1n1/P5P1/4bPP1/q4NK1 w - - 0 33,"{""c8b8"",""a8b8"",""d7d8q""}",queen,7,intermediate,Queen 7 · Mate In2,mateIn2,White to move.,1503,Club,"{""advancedPawn"",""attraction"",""mate"",""mateIn2"",""middlegame"",""promotion"",""queensideAttack"",""short""}",Checkmate in two — a forced sequence that delivers checkmate on move two.,true,lichess,7sPZs,32274,96,{}
lc_Rc71G,1kb4r/2q1n3/1b2P1p1/3p3p/2pP1R1N/Pp3Q1P/1P4B1/3R3K b - - 1 33,"{""g6g5"",""f4f7"",""g5h4""}",queen,7,intermediate,Queen 7 · Fork,fork,Black to move.,1503,Club,"{""advantage"",""fork"",""middlegame"",""short""}","A fork — one piece attacks two enemy pieces at once, forcing a material win.",true,lichess,Rc71G,32180,94,{}
lc_UV3OQ,1r4k1/pppq1pp1/3p3p/3Nnb2/2P1Q3/PP4P1/5PBP/4R1K1 w - - 3 23,"{""e4f5"",""d7f5"",""d5e7"",""g8f8"",""e7f5""}",queen,7,intermediate,Queen 7 · Fork,fork,White to move.,1503,Club,"{""advantage"",""attraction"",""fork"",""long"",""middlegame"",""sacrifice""}","A fork — one piece attacks two enemy pieces at once, forcing a material win.",true,lichess,UV3OQ,31638,95,{}
lc_kxqv6,r5k1/p2Q1rpp/1b2p3/3p4/2p3q1/2P1PNP1/PP4KP/4RR2 w - - 2 23,"{""d7f7"",""g8f7"",""f3e5"",""f7g8"",""e5g4""}",queen,7,intermediate,Queen 7 · Fork,fork,White to move.,1504,Club,"{""attraction"",""crushing"",""discoveredCheck"",""doubleCheck"",""fork"",""long"",""middlegame"",""sacrifice""}","A fork — one piece attacks two enemy pieces at once, forcing a material win.",true,lichess,kxqv6,35428,95,{}
lc_nHF8n,6k1/5pp1/4p1p1/3pP3/2pP1P1P/1nP2KP1/2Q5/qN6 b - - 4 38,"{""a1b1"",""c2b1"",""b3d2"",""f3f2"",""d2b1""}",queen,7,intermediate,Queen 7 · Fork,fork,Black to move.,1504,Club,"{""attraction"",""crushing"",""endgame"",""fork"",""long"",""sacrifice""}","A fork — one piece attacks two enemy pieces at once, forcing a material win.",true,lichess,nHF8n,35266,95,{}
lc_vr7Yy,2rq1rk1/1p3ppp/p2bpn2/3pB3/N2P4/4P3/PP3PPP/2RQ1RK1 w - - 1 16,"{""c1c8"",""d8c8"",""e5d6""}",queen,7,intermediate,Queen 7 · Advantage,advantage,White to move.,1504,Club,"{""advantage"",""middlegame"",""short""}",Find the strongest continuation and seize the advantage.,true,lichess,vr7Yy,34940,96,"{""Slav_Defense"",""Slav_Defense_Exchange_Variation""}"
lc_b4lf5,3rk2r/pb4pp/3n4/1p2P3/2p3Q1/8/1P3PPP/n2K1B1R w k - 0 23,"{""g4e6"",""e8f8"",""e5d6""}",queen,7,intermediate,Queen 7 · Crushing,crushing,White to move.,1504,Club,"{""crushing"",""middlegame"",""short""}",Find the strongest continuation and seize the advantage.,true,lichess,b4lf5,34862,95,{}
lc_1DHWA,8/1pr3kp/p7/2N2R2/P2p4/1P1P2P1/5K1P/4n3 b - - 4 36,"{""c7c5"",""f5c5"",""e1d3"",""f2e2"",""d3c5""}",queen,7,intermediate,Queen 7 · Fork,fork,Black to move.,1504,Club,"{""attraction"",""capturingDefender"",""crushing"",""endgame"",""fork"",""long""}","A fork — one piece attacks two enemy pieces at once, forcing a material win.",true,lichess,1DHWA,34370,95,{}
lc_ZL9C2,r5r1/ppp2p2/3p1k2/3Pqb2/3Q4/2Pp2RP/PP3PP1/n5K1 w - - 2 26,"{""d4h4"",""g8g5"",""h4g5""}",queen,7,intermediate,Queen 7 · Mate In2,mateIn2,White to move.,1504,Club,"{""master"",""mate"",""mateIn2"",""middlegame"",""short""}",Checkmate in two — a forced sequence that delivers checkmate on move two.,true,lichess,ZL9C2,34280,94,{}
lc_Nknam,8/p1k5/P1p2p2/1pP1pr1p/4R3/6P1/1PRr1PKP/4N3 b - - 7 31,"{""f5f2"",""g2g1"",""d2c2"",""e1c2"",""f2c2""}",queen,7,intermediate,Queen 7 · Endgame,endgame,Black to move.,1504,Club,"{""advantage"",""endgame"",""long""}",An endgame technique — precise play with few pieces where every tempo counts.,true,lichess,Nknam,34094,96,{}
lc_hAai5,r1q2bkr/pp2pNpp/3pP3/3n4/5Q2/2N5/PPn2PPP/2B2K1R w - - 0 19,"{""f7h6"",""g7h6"",""f4f7""}",queen,7,intermediate,Queen 7 · Mate In2,mateIn2,White to move.,1504,Club,"{""clearance"",""kingsideAttack"",""mate"",""mateIn2"",""middlegame"",""sacrifice"",""short""}",Checkmate in two — a forced sequence that delivers checkmate on move two.,true,lichess,hAai5,33473,96,"{""Sicilian_Defense"",""Sicilian_Defense_Alapin_Variation""}"
lc_IQMCy,1r3rk1/p6p/b1p1p3/2p1P3/2Pp2pq/1P1PNp2/P2Q1P1P/R4R1K w - - 0 24,"{""e3g4"",""h4g4"",""f1g1""}",queen,7,intermediate,Queen 7 · Pin,pin,White to move.,1504,Club,"{""advantage"",""middlegame"",""pin"",""sacrifice"",""short""}",A pin — the attacked piece can't move without exposing a more valuable piece behind it.,true,lichess,IQMCy,33256,95,{}
lc_zH3Cc,8/2r4p/1k3np1/R7/p4p2/P1BK1P2/1P5P/8 b - - 2 45,"{""c7c3"",""d3c3"",""b6a5""}",queen,7,intermediate,Queen 7 · Endgame,endgame,Black to move.,1504,Club,"{""crushing"",""endgame"",""short""}",An endgame technique — precise play with few pieces where every tempo counts.,true,lichess,zH3Cc,32678,94,{}
lc_lN00D,7r/4R3/1p4B1/2kp3P/8/8/1p5K/8 b - - 1 45,"{""h8h5"",""g6h5"",""b2b1q""}",queen,7,intermediate,Queen 7 · Deflection,deflection,Black to move.,1504,Club,"{""advancedPawn"",""crushing"",""deflection"",""endgame"",""promotion"",""short""}",A deflection — lure a defending piece away from the square it was guarding.,true,lichess,lN00D,32570,95,{}
lc_SUlnn,2kr1b1r/Qpp2ppp/5n2/8/8/2q1PP2/P4PBP/5K1R w - - 0 19,"{""g2h3"",""f6g4"",""h3g4"",""f7f5"",""g4f5"",""d8d7"",""a7a8""}",queen,7,intermediate,Queen 7 · Pin,pin,White to move.,1504,Club,"{""mate"",""mateIn4"",""middlegame"",""pin"",""veryLong""}",A pin — the attacked piece can't move without exposing a more valuable piece behind it.,true,lichess,SUlnn,32174,97,"{""Queens_Gambit_Declined"",""Queens_Gambit_Declined_Chigorin_Defense""}"
lc_ndDlG,r3kb1r/p1p2ppp/1p3p2/q7/1P1P4/5N2/4PPPP/R2QKB1R b KQkq - 0 11,"{""f8b4"",""f3d2"",""b4d2"",""d1d2"",""a5a1""}",queen,7,intermediate,Queen 7 · Crushing,crushing,Black to move.,1504,Club,"{""crushing"",""long"",""middlegame""}",Find the strongest continuation and seize the advantage.,true,lichess,ndDlG,32131,96,"{""English_Opening"",""English_Opening_Anglo-Indian_Defense""}"
lc_ah0TO,4n3/1N1k1p2/3p2p1/4p2p/1K2P3/1P3P2/5b2/3R1B1r w - - 2 39,"{""f1b5"",""d7c7"",""d1h1""}",queen,7,intermediate,Queen 7 · Discovered Attack,discoveredAttack,White to move.,1504,Club,"{""advantage"",""discoveredAttack"",""endgame"",""short""}",A discovered attack — moving one piece uncovers a deadly attack from another.,true,lichess,ah0TO,32105,96,{}
lc_Hd1ea,1k5r/1pq2p2/PNp1b3/2P1p3/P2bP1np/3BB2p/3Q1Pr1/3R1R1K w - - 2 26,"{""a6a7"",""b8a7"",""d2a5"",""a7b8"",""a5a8""}",queen,7,intermediate,Queen 7 · Mate In3,mateIn3,White to move.,1504,Club,"{""advancedPawn"",""attraction"",""long"",""master"",""mate"",""mateIn3"",""middlegame"",""queensideAttack""}",Checkmate in three — calculate the forcing line all the way to mate.,true,lichess,Hd1ea,31619,96,{}
lc_aGqXh,rn2kb1r/2pp1ppp/1p2p3/p3P3/3nQPP1/P4q2/1PP4P/RNBK1B1R w kq - 6 12,"{""e4f3"",""d4f3"",""f1g2""}",queen,7,intermediate,Queen 7 · Advantage,advantage,White to move.,1504,Club,"{""advantage"",""opening"",""short""}",Find the strongest continuation and seize the advantage.,true,lichess,aGqXh,31506,94,"{""Owen_Defense"",""Owen_Defense_Other_variations""}"
lc_s9v1Z,rn1q1rk1/pbb2ppp/2p1pn2/1p6/4P2B/2NB1N2/PP3PPP/R2QK2R w KQ - 2 13,"{""e4e5"",""b8d7"",""e5f6""}",queen,7,intermediate,Queen 7 · Crushing,crushing,White to move.,1505,Club,"{""crushing"",""opening"",""short""}",Find the strongest continuation and seize the advantage.,true,lichess,s9v1Z,40654,95,"{""Slav_Defense"",""Slav_Defense_Other_variations""}"
lc_ekZ7l,r2qr1k1/ppp2pp1/4bn1p/2b1N3/3p4/1B5P/PP2NPP1/R1BQ1RK1 b - - 1 17,"{""e6b3"",""a2b3"",""e8e5""}",queen,7,intermediate,Queen 7 · Discovered Attack,discoveredAttack,Black to move.,1505,Club,"{""advantage"",""discoveredAttack"",""opening"",""short""}",A discovered attack — moving one piece uncovers a deadly attack from another.,true,lichess,ekZ7l,36683,95,"{""Italian_Game"",""Italian_Game_Giuoco_Pianissimo""}"
lc_suQ1H,3k4/8/PbB2p2/1P2pP1p/1Br5/6P1/4KP2/8 w - - 11 44,"{""b4a5"",""b6a5"",""a6a7""}",queen,7,intermediate,Queen 7 · Sacrifice,sacrifice,White to move.,1505,Club,"{""advancedPawn"",""crushing"",""endgame"",""master"",""masterVsMaster"",""sacrifice"",""short""}",A sacrifice — give up material to gain a decisive tactical or positional advantage.,true,lichess,suQ1H,36304,95,{}
lc_GML2A,r4rk1/pp3ppp/2q5/2bQP3/4b3/2N5/PP4PP/R1B2R1K w - - 0 18,"{""d5e4"",""c6e4"",""c3e4""}",queen,7,intermediate,Queen 7 · Advantage,advantage,White to move.,1505,Club,"{""advantage"",""middlegame"",""short""}",Find the strongest continuation and seize the advantage.,true,lichess,GML2A,36132,95,"{""Slav_Defense"",""Slav_Defense_Exchange_Variation""}"
lc_RK1Wu,4r1k1/1r3p2/5p1p/2qQpP2/4P3/R7/K1P3PP/3RN3 b - - 2 28,"{""c5a3"",""a2a3"",""e8a8"",""d5a5"",""a8a5""}",queen,7,intermediate,Queen 7 · Mate In3,mateIn3,Black to move.,1505,Club,"{""attraction"",""exposedKing"",""long"",""mate"",""mateIn3"",""middlegame"",""sacrifice""}",Checkmate in three — calculate the forcing line all the way to mate.,true,lichess,RK1Wu,35556,96,{}
lc_ifT3C,r2qk1nr/1Qpb3p/p2p1pp1/4n3/8/2B1P1P1/P1PP1P1P/R3KBNR b KQkq - 0 11,"{""d7c6"",""b7b3"",""c6h1""}",queen,7,intermediate,Queen 7 · Fork,fork,Black to move.,1505,Club,"{""advantage"",""fork"",""interference"",""middlegame"",""short"",""trappedPiece""}","A fork — one piece attacks two enemy pieces at once, forcing a material win.",true,lichess,ifT3C,35314,96,"{""Polish_Opening"",""Polish_Opening_Other_variations""}"
lc_cn1YH,r5kr/pppnq1p1/3b1nBp/3pP3/6PP/1PP1PQ2/PB1N1P2/R3K2R b KQ - 0 15,"{""d7e5"",""f3g2"",""e5g6""}",queen,7,intermediate,Queen 7 · Fork,fork,Black to move.,1505,Club,"{""advantage"",""fork"",""middlegame"",""short""}","A fork — one piece attacks two enemy pieces at once, forcing a material win.",true,lichess,cn1YH,35206,96,"{""Queens_Pawn_Game"",""Queens_Pawn_Game_Zukertort_Variation""}"
lc_K8YMz,2r3k1/p4p1p/1p4p1/2p1q3/4pP2/P1PrQ2P/6P1/2R2RK1 w - - 0 23,"{""e3d3"",""e4d3"",""f4e5""}",queen,7,intermediate,Queen 7 · Endgame,endgame,White to move.,1505,Club,"{""advantage"",""endgame"",""short""}",An endgame technique — precise play with few pieces where every tempo counts.,true,lichess,K8YMz,35039,96,{}
lc_F0Nok,8/5pk1/pq1r1np1/2R3B1/1ppr4/7P/PP3Q2/5RK1 w - - 1 38,"{""g5f6"",""d6f6"",""f2d4""}",queen,7,intermediate,Queen 7 · Fork,fork,White to move.,1505,Club,"{""crushing"",""fork"",""master"",""middlegame"",""short""}","A fork — one piece attacks two enemy pieces at once, forcing a material win.",true,lichess,F0Nok,34925,96,{}
lc_45LTp,1r4k1/1P2r1pp/2R1p3/3pp3/1Pp5/2P5/5P1P/5RK1 w - - 1 27,"{""c6c8"",""e7e8"",""c8e8"",""b8e8"",""f1a1"",""g8f7"",""a1a8""}",queen,7,intermediate,Queen 7 · Rook Endgame,rookEndgame,White to move.,1505,Club,"{""crushing"",""endgame"",""quietMove"",""rookEndgame"",""veryLong""}",A rook endgame — master the Lucena and Philidor ideas to convert.,true,lichess,45LTp,34810,96,{}
lc_jjgaH,6k1/6pp/p7/P2R4/Np6/4q3/1P3r1P/3Q3K b - - 3 31,"{""e3e4"",""h1g1"",""e4g2""}",queen,7,intermediate,Queen 7 · Mate In2,mateIn2,Black to move.,1505,Club,"{""endgame"",""mate"",""mateIn2"",""short""}",Checkmate in two — a forced sequence that delivers checkmate on move two.,true,lichess,jjgaH,33781,96,{}
lc_f1iGw,4rnk1/pp4pp/2p5/3p1QP1/3P2Nq/8/PPP4b/5R1K w - - 2 26,"{""f5f7"",""g8h8"",""f7f8"",""e8f8"",""f1f8""}",queen,7,intermediate,Queen 7 · Mate In3,mateIn3,White to move.,1505,Club,"{""backRankMate"",""deflection"",""fork"",""long"",""mate"",""mateIn3"",""middlegame""}",Checkmate in three — calculate the forcing line all the way to mate.,true,lichess,f1iGw,33734,95,{}
lc_BseKH,4r1k1/6p1/pB1p1b1p/1p1Pp3/6QP/1P4P1/P3R2K/5q2 w - - 2 33,"{""e2f2"",""f1d3"",""f2f6""}",queen,7,intermediate,Queen 7 · Pin,pin,White to move.,1505,Club,"{""advantage"",""endgame"",""pin"",""short""}",A pin — the attacked piece can't move without exposing a more valuable piece behind it.,true,lichess,BseKH,33575,95,{}
lc_tDYnU,rnb1kb1r/1p3ppp/4pn2/1Nqp4/1Q6/5N2/P1P1PPPP/R1B1KB1R w KQkq - 0 9,"{""b4c5"",""f8c5"",""b5c7"",""e8d8"",""c7a8""}",queen,7,intermediate,Queen 7 · Fork,fork,White to move.,1505,Club,"{""advantage"",""fork"",""long"",""middlegame""}","A fork — one piece attacks two enemy pieces at once, forcing a material win.",true,lichess,tDYnU,33536,95,"{""Zukertort_Opening"",""Zukertort_Opening_Reversed_Mexican_Defense""}"
lc_BGgHi,8/5p1p/5Qp1/6Pk/5R2/7P/5P1K/r4q2 w - - 1 42,"{""f4h4"",""h5h4"",""f6f4"",""h4h5"",""f4g4""}",queen,7,intermediate,Queen 7 · Mate In3,mateIn3,White to move.,1505,Club,"{""attraction"",""endgame"",""long"",""mate"",""mateIn3"",""sacrifice""}",Checkmate in three — calculate the forcing line all the way to mate.,true,lichess,BGgHi,33358,97,{}
lc_KaY37,r6r/ppkq2Qp/5p2/8/2npP3/8/PPP3PP/3R1RK1 w - - 4 19,"{""g7d7"",""c7d7"",""d1d4"",""d7e6"",""d4c4""}",queen,7,intermediate,Queen 7 · Fork,fork,White to move.,1505,Club,"{""advantage"",""attraction"",""fork"",""long"",""master"",""middlegame""}","A fork — one piece attacks two enemy pieces at once, forcing a material win.",true,lichess,KaY37,33125,95,"{""Russian_Game"",""Russian_Game_Cochrane_Gambit""}"
lc_lMGqn,2r5/4bkpp/1Rn1p3/3p2p1/3P2P1/3NP3/5PKP/4B3 w - - 2 31,"{""b6c6"",""c8c6"",""d3e5"",""f7e8"",""e5c6""}",queen,7,intermediate,Queen 7 · Fork,fork,White to move.,1505,Club,"{""attraction"",""crushing"",""endgame"",""fork"",""long"",""sacrifice""}","A fork — one piece attacks two enemy pieces at once, forcing a material win.",true,lichess,lMGqn,32959,95,{}
lc_Vet1L,3r2k1/5p2/1Q4p1/7p/1pq1P2P/4pBP1/1b1rP1K1/1R2R3 w - - 2 35,"{""b1b2"",""d2b2"",""b6d8""}",queen,7,intermediate,Queen 7 · Deflection,deflection,White to move.,1505,Club,"{""advantage"",""deflection"",""master"",""middlegame"",""short""}",A deflection — lure a defending piece away from the square it was guarding.,true,lichess,Vet1L,32852,96,{}
lc_C0BRU,4r3/4kpp1/p2qpbr1/1p1p4/3N4/P1P3PQ/1P2R2P/5RK1 w - - 5 33,"{""d4f5"",""e7d7"",""f5d6""}",queen,7,intermediate,Queen 7 · Pin,pin,White to move.,1505,Club,"{""crushing"",""middlegame"",""pin"",""short""}",A pin — the attacked piece can't move without exposing a more valuable piece behind it.,true,lichess,C0BRU,32558,95,{}
lc_gYbcy,3q3k/Q3r1pp/1p6/2n5/2P5/7P/P5P1/5R1K w - - 1 38,"{""a7b6"",""d8e8"",""b6c5""}",queen,7,intermediate,Queen 7 · Endgame,endgame,White to move.,1505,Club,"{""advantage"",""endgame"",""short""}",An endgame technique — precise play with few pieces where every tempo counts.,true,lichess,gYbcy,32408,95,{}
lc_aY1oU,rnb2r2/pp3kqQ/2p1p1p1/8/1P4p1/3B4/3P1P1P/2B2RK1 w - - 2 20,"{""d3g6"",""f7f6"",""c1b2"",""e6e5"",""b2e5"",""f6e5"",""h7g7""}",queen,7,intermediate,Queen 7 · Deflection,deflection,White to move.,1505,Club,"{""attraction"",""crushing"",""deflection"",""middlegame"",""veryLong""}",A deflection — lure a defending piece away from the square it was guarding.,true,lichess,aY1oU,32011,95,"{""Scandinavian_Defense"",""Scandinavian_Defense_Main_Line""}"
lc_HK0aM,3r4/p3bk1p/1p4p1/1B1p1p2/1PnP4/P6P/K4BP1/4R3 w - - 1 32,"{""e1e7"",""f7e7"",""f2h4"",""e7e6"",""h4d8""}",queen,7,intermediate,Queen 7 · Skewer,skewer,White to move.,1505,Club,"{""advantage"",""attraction"",""endgame"",""long"",""sacrifice"",""skewer""}","A skewer — the higher-value piece is forced to move, losing the piece behind it.",true,lichess,HK0aM,31284,96,{}
lc_WQXg8,8/7p/4P1p1/pR3p2/3k1P1P/4r3/5K2/8 w - - 1 47,"{""b5e5"",""e3c3"",""e6e7""}",queen,7,intermediate,Queen 7 · Advanced Pawn,advancedPawn,White to move.,1506,Club,"{""advancedPawn"",""crushing"",""endgame"",""rookEndgame"",""short""}",An advanced pawn — push the passer or use its threats to win material.,true,lichess,WQXg8,44660,94,{}
lc_FU6xY,b7/p4ppk/1p4q1/3p4/1P2pPBP/P3P1P1/8/3Q2K1 b - - 2 38,"{""f7f5"",""g4f5"",""g6f5""}",queen,7,intermediate,Queen 7 · Endgame,endgame,Black to move.,1506,Club,"{""advantage"",""endgame"",""short""}",An endgame technique — precise play with few pieces where every tempo counts.,true,lichess,FU6xY,38995,94,{}
lc_wtnn7,5rk1/1p4pp/p3R3/5n2/1P3N2/P2P4/6PP/6K1 b - - 0 33,"{""f5d4"",""e6e4"",""f8f4"",""e4f4"",""d4e2"",""g1f2"",""e2f4""}",queen,7,intermediate,Queen 7 · Fork,fork,Black to move.,1506,Club,"{""advantage"",""attraction"",""discoveredAttack"",""endgame"",""fork"",""sacrifice"",""veryLong""}","A fork — one piece attacks two enemy pieces at once, forcing a material win.",true,lichess,wtnn7,37438,96,{}
lc_OiRX8,6k1/2p2p1p/3p2p1/3P4/1r3P2/1q1Q4/pP1R3P/R1K5 b - - 4 30,"{""b4c4"",""d2c2"",""b3d3""}",queen,7,intermediate,Queen 7 · Deflection,deflection,Black to move.,1506,Club,"{""crushing"",""deflection"",""endgame"",""short""}",A deflection — lure a defending piece away from the square it was guarding.,true,lichess,OiRX8,35868,96,{}
lc_QBVJC,r5nr/1p1kb2p/1B2p3/1N1pP1p1/8/P7/1PP3PP/R1R3K1 b - - 0 19,"{""d7c6"",""b6f2"",""c6b5""}",queen,7,intermediate,Queen 7 · Advantage,advantage,Black to move.,1506,Club,"{""advantage"",""middlegame"",""short""}",Find the strongest continuation and seize the advantage.,true,lichess,QBVJC,35488,96,"{""Caro-Kann_Defense"",""Caro-Kann_Defense_Exchange_Variation""}"
lc_aikC4,r3kb1r/1p1npppp/pq6/3N2B1/3P4/8/PPP1QPPP/R3K2R b KQkq - 0 11,"{""b6a5"",""d5c3"",""a5g5""}",queen,7,intermediate,Queen 7 · Fork,fork,Black to move.,1506,Club,"{""advantage"",""fork"",""middlegame"",""short""}","A fork — one piece attacks two enemy pieces at once, forcing a material win.",true,lichess,aikC4,35381,95,"{""Caro-Kann_Defense"",""Caro-Kann_Defense_Exchange_Variation""}"
lc_SMoHF,1r1qk2r/pppbb1pp/2n2p1n/8/2BP4/1QN1PN2/PP3PPP/R1B1K2R b KQk - 2 11,"{""c6a5"",""b3c2"",""a5c4""}",queen,7,intermediate,Queen 7 · Advantage,advantage,Black to move.,1506,Club,"{""advantage"",""opening"",""short""}",Find the strongest continuation and seize the advantage.,true,lichess,SMoHF,34547,95,"{""Queens_Gambit_Declined"",""Queens_Gambit_Declined_Chigorin_Defense""}"
lc_EAEGd,rnb1qrk1/1ppp3p/p4np1/3Pp3/1bP1B3/2N1PN2/PP1B1PPP/R2QK2R b KQ - 1 10,"{""b4c3"",""d2c3"",""f6e4""}",queen,7,intermediate,Queen 7 · Advantage,advantage,Black to move.,1506,Club,"{""advantage"",""capturingDefender"",""opening"",""short""}",Find the strongest continuation and seize the advantage.,true,lichess,EAEGd,34422,94,"{""Dutch_Defense"",""Dutch_Defense_Queens_Knight_Variation""}"
lc_dUOce,1r1r2k1/2p2pp1/p1p2qbp/8/2pPPPP1/2P4P/PP2Q1N1/3RK2R b K - 0 21,"{""g6e4"",""e2e4"",""d8e8"",""e4e8"",""b8e8""}",queen,7,intermediate,Queen 7 · Pin,pin,Black to move.,1506,Club,"{""advantage"",""long"",""middlegame"",""pin"",""sacrifice""}",A pin — the attacked piece can't move without exposing a more valuable piece behind it.,true,lichess,dUOce,34264,95,{}
lc_zJv4X,5rk1/pp4pp/8/2R5/3P2Qq/P3P2P/1P3rP1/4R1K1 b - - 8 33,"{""f2g2"",""g4g2"",""h4e1"",""g1h2"",""f8f2"",""c5c8"",""g8f7""}",queen,7,intermediate,Queen 7 · Pin,pin,Black to move.,1506,Club,"{""advantage"",""discoveredAttack"",""endgame"",""pin"",""veryLong""}",A pin — the attacked piece can't move without exposing a more valuable piece behind it.,true,lichess,zJv4X,33857,95,{}
lc_axoYc,6k1/1p3q2/p3R2Q/3p4/5P2/6PK/Pr5P/8 b - - 4 32,"{""f7f5"",""g3g4"",""f5d3"",""h3h4"",""b2h2"",""h4g5"",""h2h6""}",queen,7,intermediate,Queen 7 · Skewer,skewer,Black to move.,1506,Club,"{""crushing"",""deflection"",""endgame"",""skewer"",""veryLong""}","A skewer — the higher-value piece is forced to move, losing the piece behind it.",true,lichess,axoYc,33512,96,{}
lc_GKB5Y,3R4/1p6/p1kr1p2/3pr3/1P3KP1/3R4/P7/8 w - - 1 47,"{""d3c3"",""c6b5"",""d8d6""}",queen,7,intermediate,Queen 7 · Deflection,deflection,White to move.,1506,Club,"{""crushing"",""deflection"",""endgame"",""rookEndgame"",""short""}",A deflection — lure a defending piece away from the square it was guarding.,true,lichess,GKB5Y,33268,96,{}
lc_hwIJa,5R2/1pB4p/p5q1/1k3n2/8/6P1/PP1K3P/2R5 b - - 0 31,"{""g6h6"",""c7f4"",""h6f8""}",queen,7,intermediate,Queen 7 · Fork,fork,Black to move.,1506,Club,"{""crushing"",""endgame"",""fork"",""short""}","A fork — one piece attacks two enemy pieces at once, forcing a material win.",true,lichess,hwIJa,33224,97,{}
lc_oINk9,2r3k1/5ppp/1q2p3/3pN3/3P4/2R2P1P/6P1/2Q3K1 b - - 0 33,"{""b6d4"",""c1e3"",""d4c3""}",queen,7,intermediate,Queen 7 · Fork,fork,Black to move.,1506,Club,"{""crushing"",""endgame"",""fork"",""short""}","A fork — one piece attacks two enemy pieces at once, forcing a material win.",true,lichess,oINk9,32768,96,{}
lc_kmv9V,8/kp1Q4/p2R1r2/8/8/nP6/P4rPP/2K5 b - - 0 32,"{""f2c2"",""c1d1"",""f6f1""}",queen,7,intermediate,Queen 7 · Mate In2,mateIn2,Black to move.,1506,Club,"{""endgame"",""mate"",""mateIn2"",""short""}",Checkmate in two — a forced sequence that delivers checkmate on move two.,true,lichess,kmv9V,32710,95,{}
lc_AbKz3,8/2p5/2Rp2k1/2b1p3/1N2Pp2/5P1P/2R3PK/3r4 b - - 11 53,"{""c5g1"",""h2h1"",""g1f2"",""h1h2"",""f2g3""}",queen,7,intermediate,Queen 7 · Mate In3,mateIn3,Black to move.,1506,Club,"{""discoveredAttack"",""discoveredCheck"",""endgame"",""long"",""mate"",""mateIn3""}",Checkmate in three — calculate the forcing line all the way to mate.,true,lichess,AbKz3,31990,95,{}
lc_1fG4f,r1bq1rk1/1pp1bppp/p4n2/4N3/4P3/1PNP4/1PP3PP/R1BQ1RK1 b - - 0 11,"{""d8d4"",""g1h1"",""d4e5""}",queen,7,intermediate,Queen 7 · Fork,fork,Black to move.,1507,Club,"{""advantage"",""fork"",""opening"",""short""}","A fork — one piece attacks two enemy pieces at once, forcing a material win.",true,lichess,1fG4f,38122,95,"{""Vienna_Game"",""Vienna_Game_Vienna_Gambit""}"
lc_RDjIq,2r3k1/p4pb1/np2p2p/3p1p1P/1PqP4/P3BBP1/5P2/3QR1K1 w - - 3 27,"{""f3e2"",""c4c3"",""e2a6""}",queen,7,intermediate,Queen 7 · Skewer,skewer,White to move.,1507,Club,"{""advantage"",""middlegame"",""short"",""skewer""}","A skewer — the higher-value piece is forced to move, losing the piece behind it.",true,lichess,RDjIq,36582,96,{}
lc_TauR5,1r5k/2pq1pp1/R2p3p/4p3/2P1Pn2/3PNN2/2Q2KPP/8 b - - 3 29,"{""b8b2"",""c2b2"",""f4d3"",""f2f1"",""d3b2""}",queen,7,intermediate,Queen 7 · Fork,fork,Black to move.,1507,Club,"{""attraction"",""crushing"",""deflection"",""fork"",""long"",""middlegame"",""pin"",""sacrifice""}","A fork — one piece attacks two enemy pieces at once, forcing a material win.",true,lichess,TauR5,35761,95,{}
lc_kmhqb,6k1/p1p3rp/1P2pr1q/3b1p2/1P1Pp3/2Q1P2P/PB3P1K/R5R1 b - - 0 26,"{""h6h3"",""h2h3"",""f6h6""}",queen,7,intermediate,Queen 7 · Mate In2,mateIn2,Black to move.,1507,Club,"{""attraction"",""mate"",""mateIn2"",""middlegame"",""sacrifice"",""short""}",Checkmate in two — a forced sequence that delivers checkmate on move two.,true,lichess,kmhqb,35643,96,{}
lc_p9Oov,1k1r4/1r3p1R/4p1p1/1p6/1R1PKPP1/8/1P4P1/8 b - - 1 31,"{""f7f5"",""e4e5"",""b7h7""}",queen,7,intermediate,Queen 7 · Discovered Attack,discoveredAttack,Black to move.,1507,Club,"{""advantage"",""discoveredAttack"",""endgame"",""rookEndgame"",""short""}",A discovered attack — moving one piece uncovers a deadly attack from another.,true,lichess,p9Oov,35540,96,{}
lc_8XQmK,r2qkbnr/pp3ppp/2n5/1B1pP3/6b1/5N2/PPPP2PP/RNBQ1RK1 b kq - 4 7,"{""d8b6"",""d2d4"",""b6b5""}",queen,7,intermediate,Queen 7 · Fork,fork,Black to move.,1507,Club,"{""advantage"",""fork"",""opening"",""short""}","A fork — one piece attacks two enemy pieces at once, forcing a material win.",true,lichess,8XQmK,34987,95,"{""Kings_Gambit_Declined"",""Kings_Gambit_Declined_Falkbeer_Countergambit""}"
lc_JGosT,2r3k1/pp3p2/7p/3pn1p1/8/Pq1BP1P1/1P1Q2P1/2N1K2R b K - 3 23,"{""c8c1"",""d2c1"",""e5d3"",""e1d2"",""d3c1""}",queen,7,intermediate,Queen 7 · Fork,fork,Black to move.,1507,Club,"{""attraction"",""crushing"",""deflection"",""exposedKing"",""fork"",""long"",""middlegame""}","A fork — one piece attacks two enemy pieces at once, forcing a material win.",true,lichess,JGosT,34585,96,{}
lc_KjCuy,4r2k/1K4Rp/7P/8/8/P5p1/8/8 b - - 1 44,"{""e8g8"",""g7c7"",""g3g2""}",queen,7,intermediate,Queen 7 · Advanced Pawn,advancedPawn,Black to move.,1507,Club,"{""advancedPawn"",""crushing"",""endgame"",""rookEndgame"",""short""}",An advanced pawn — push the passer or use its threats to win material.,true,lichess,KjCuy,33927,97,{}
lc_F268h,4rk2/2p2pp1/p1Pp2q1/3N4/1P2P2Q/2P2P1p/P5r1/2R2R1K b - - 3 33,"{""g2h2"",""h1h2"",""g6g2""}",queen,7,intermediate,Queen 7 · Mate In2,mateIn2,Black to move.,1507,Club,"{""attraction"",""kingsideAttack"",""mate"",""mateIn2"",""middlegame"",""sacrifice"",""short""}",Checkmate in two — a forced sequence that delivers checkmate on move two.,true,lichess,F268h,33889,95,{}
lc_LAdfc,r1b1r1k1/pp1q1p1p/6p1/3Nbp2/8/1P5P/P2Q1PP1/4RRK1 w - - 2 19,"{""e1e5"",""e8e5"",""d5f6""}",queen,7,intermediate,Queen 7 · Sacrifice,sacrifice,White to move.,1507,Club,"{""advantage"",""kingsideAttack"",""middlegame"",""sacrifice"",""short""}",A sacrifice — give up material to gain a decisive tactical or positional advantage.,true,lichess,LAdfc,33854,96,"{""Sicilian_Defense"",""Sicilian_Defense_Old_Sicilian""}"
lc_nXnpM,6k1/4r1p1/3R2np/1pPp1pq1/3B1P2/2P3Pb/1PB2Q1P/6K1 b - - 0 33,"{""g6f4"",""f2f4"",""e7e1"",""g1f2"",""e1f1"",""f2e2"",""f1f4""}",queen,7,intermediate,Queen 7 · Pin,pin,Black to move.,1507,Club,"{""crushing"",""kingsideAttack"",""middlegame"",""pin"",""sacrifice"",""skewer"",""veryLong""}",A pin — the attacked piece can't move without exposing a more valuable piece behind it.,true,lichess,nXnpM,33603,96,{}
lc_rnho5,r7/pp3rbk/3p4/3p4/1P1PpPb1/4PNp1/PB4Pq/2RQRK2 w - - 2 30,"{""f3g5"",""h7g8"",""d1g4""}",queen,7,intermediate,Queen 7 · Fork,fork,White to move.,1507,Club,"{""crushing"",""discoveredAttack"",""fork"",""middlegame"",""short""}","A fork — one piece attacks two enemy pieces at once, forcing a material win.",true,lichess,rnho5,33585,95,{}
lc_4JSp7,2R5/3n1ppk/n2qp2p/P2pN3/3P4/1N2PP2/6PP/6K1 w - - 5 27,"{""c8h8"",""h7h8"",""e5f7"",""h8h7"",""f7d6""}",queen,7,intermediate,Queen 7 · Fork,fork,White to move.,1507,Club,"{""advantage"",""attraction"",""endgame"",""fork"",""long"",""sacrifice""}","A fork — one piece attacks two enemy pieces at once, forcing a material win.",true,lichess,4JSp7,33543,95,{}
lc_8w4wR,8/2R2rpk/8/7p/6bP/r5B1/5P2/5RK1 b - - 3 46,"{""a3g3"",""f2g3"",""f7c7""}",queen,7,intermediate,Queen 7 · Endgame,endgame,Black to move.,1507,Club,"{""advantage"",""endgame"",""short""}",An endgame technique — precise play with few pieces where every tempo counts.,true,lichess,8w4wR,33254,96,{}
lc_8pR8b,1rbq1rk1/pp3pp1/3p3p/2pB4/4P2b/1PQ5/P1P2PPP/R1B2RK1 b - - 0 14,"{""h4f6"",""c3g3"",""f6a1""}",queen,7,intermediate,Queen 7 · Skewer,skewer,Black to move.,1507,Club,"{""advantage"",""middlegame"",""short"",""skewer""}","A skewer — the higher-value piece is forced to move, losing the piece behind it.",true,lichess,8pR8b,33094,95,"{""Italian_Game"",""Italian_Game_Anti-Fried_Liver_Defense""}"
lc_qFZLl,r4rk1/1p1bnpbp/p2p1npB/q2Pp3/4P3/1PNB1N2/P2Q1PPP/R2R2K1 b - - 2 14,"{""g7h6"",""d2h6"",""a5c3""}",queen,7,intermediate,Queen 7 · Advantage,advantage,Black to move.,1507,Club,"{""advantage"",""middlegame"",""short""}",Find the strongest continuation and seize the advantage.,true,lichess,qFZLl,31722,95,"{""Kings_Indian_Defense"",""Kings_Indian_Defense_Normal_Variation""}"
lc_EUkc5,2r4k/pp4pp/5p2/8/Q2Pq1P1/3R3P/PP6/K6R b - - 0 27,"{""e4h1"",""d3d1"",""c8c1"",""d1c1"",""h1c1""}",queen,7,intermediate,Queen 7 · Mate In3,mateIn3,Black to move.,1507,Club,"{""endgame"",""hangingPiece"",""long"",""mate"",""mateIn3"",""xRayAttack""}",Checkmate in three — calculate the forcing line all the way to mate.,true,lichess,EUkc5,31592,96,{}
lc_vDYZd,r2q1rk1/1bp1bpp1/1pn1pnP1/3pN2Q/p2P1B1P/2P1P3/PP1N1P2/R3K2R w KQ - 1 15,"{""g6f7"",""f8f7"",""h5f7""}",queen,7,intermediate,Queen 7 · Advanced Pawn,advancedPawn,White to move.,1507,Club,"{""advancedPawn"",""crushing"",""kingsideAttack"",""middlegame"",""short""}",An advanced pawn — push the passer or use its threats to win material.,true,lichess,vDYZd,31520,95,"{""Queens_Pawn_Game"",""Queens_Pawn_Game_Accelerated_London_System""}"
lc_d81ey,rnbqk2r/pp3ppp/5n2/3Pp3/1bp5/2N5/PP3PPP/R1BQKBNR w KQkq - 3 8,"{""d1a4"",""b8c6"",""d5c6"",""b4c3"",""b2c3""}",queen,7,intermediate,Queen 7 · Fork,fork,White to move.,1507,Club,"{""advantage"",""fork"",""long"",""opening""}","A fork — one piece attacks two enemy pieces at once, forcing a material win.",true,lichess,d81ey,31303,95,"{""Queens_Gambit_Accepted"",""Queens_Gambit_Accepted_Old_Variation""}"
lc_GjZtt,6r1/8/1P3K2/5p2/4kP2/2R1P2p/8/8 b - - 0 50,"{""h3h2"",""c3c1"",""g8g1""}",queen,7,intermediate,Queen 7 · Advanced Pawn,advancedPawn,Black to move.,1508,Club,"{""advancedPawn"",""crushing"",""endgame"",""rookEndgame"",""short""}",An advanced pawn — push the passer or use its threats to win material.,true,lichess,GjZtt,37533,96,{}
lc_23pHu,4bk2/5p2/4pNp1/3pP3/5P1P/3Q3K/8/6q1 w - - 7 48,"{""d3a3"",""f8g7"",""f6e8""}",queen,7,intermediate,Queen 7 · Deflection,deflection,White to move.,1508,Club,"{""advantage"",""deflection"",""endgame"",""short""}",A deflection — lure a defending piece away from the square it was guarding.,true,lichess,23pHu,36074,95,{}
lc_cvPMq,r1b1r1k1/1pp2pp1/p5q1/2bNp3/2B1P3/P2P1Q2/1PP1nPPP/R1B2R1K b - - 4 15,"{""c8g4"",""f3g4"",""g6g4""}",queen,7,intermediate,Queen 7 · Trapped Piece,trappedPiece,Black to move.,1508,Club,"{""advantage"",""opening"",""short"",""trappedPiece""}",A trapped piece — the enemy piece has no safe squares and can be won.,true,lichess,cvPMq,35514,95,"{""Italian_Game"",""Italian_Game_Giuoco_Pianissimo""}"
lc_hp7TE,2r3k1/6p1/4Rp1p/8/6q1/2r3P1/Q4P1P/3R2K1 b - - 0 33,"{""g4d1"",""e6e1"",""d1b3"",""a2b3"",""c3b3""}",queen,7,intermediate,Queen 7 · Hanging Piece,hangingPiece,Black to move.,1508,Club,"{""crushing"",""endgame"",""hangingPiece"",""long""}",A hanging piece — an undefended enemy piece is free to capture.,true,lichess,hp7TE,35100,95,{}
lc_7uPje,1r4k1/1P2b3/4N1p1/1R1p1p2/7p/2Q1P1P1/5PKP/3q4 b - - 0 43,"{""h4h3"",""g2h3"",""d1f1""}",queen,7,intermediate,Queen 7 · Mate In2,mateIn2,Black to move.,1508,Club,"{""attraction"",""endgame"",""mate"",""mateIn2"",""short""}",Checkmate in two — a forced sequence that delivers checkmate on move two.,true,lichess,7uPje,34593,95,{}
lc_R2QwP,rnb2rk1/pp3pbp/6p1/q1Pp4/4B3/1PN1PN2/PB3PPP/R2QK2R b KQ - 0 11,"{""g7c3"",""b2c3"",""a5c3"",""f3d2"",""d5e4""}",queen,7,intermediate,Queen 7 · Pin,pin,Black to move.,1508,Club,"{""advantage"",""long"",""middlegame"",""pin""}",A pin — the attacked piece can't move without exposing a more valuable piece behind it.,true,lichess,R2QwP,34416,96,"{""Zukertort_Opening"",""Zukertort_Opening_Other_variations""}"
lc_ZAYSO,8/1pr4R/3k4/P7/1PP5/1K2n3/8/8 w - - 5 53,"{""c4c5"",""d6c6"",""b4b5"",""c6b5"",""h7c7""}",queen,7,intermediate,Queen 7 · Deflection,deflection,White to move.,1508,Club,"{""crushing"",""deflection"",""endgame"",""exposedKing"",""long""}",A deflection — lure a defending piece away from the square it was guarding.,true,lichess,ZAYSO,33919,96,{}
lc_fqEd0,5nk1/4Qppp/3P4/4p3/2p5/6qP/1r4P1/R6K w - - 1 35,"{""e7f8"",""g8f8"",""a1a8"",""b2b8"",""a8b8""}",queen,7,intermediate,Queen 7 · Mate In3,mateIn3,White to move.,1508,Club,"{""attraction"",""endgame"",""long"",""mate"",""mateIn3"",""sacrifice""}",Checkmate in three — calculate the forcing line all the way to mate.,true,lichess,fqEd0,33624,95,{}
lc_28lgz,r1r3k1/1b2Ppp1/p3p2p/1pQ5/1P6/P2B1qP1/5P1P/2RR1K2 w - - 3 28,"{""c5c8"",""a8c8"",""c1c8"",""b7c8"",""e7e8q""}",queen,7,intermediate,Queen 7 · Mate In3,mateIn3,White to move.,1508,Club,"{""advancedPawn"",""long"",""mate"",""mateIn3"",""middlegame"",""promotion""}",Checkmate in three — calculate the forcing line all the way to mate.,true,lichess,28lgz,33582,96,{}
lc_cl4Tu,6r1/4P1pk/7p/R2Q4/2p1q3/2P4b/6P1/6BK b - - 0 44,"{""h3g2"",""h1h2"",""e4d5"",""a5d5"",""g2d5""}",queen,7,intermediate,Queen 7 · Endgame,endgame,Black to move.,1508,Club,"{""crushing"",""endgame"",""intermezzo"",""long""}",An endgame technique — precise play with few pieces where every tempo counts.,true,lichess,cl4Tu,33491,96,{}
lc_pwo2o,4Q3/7p/6p1/8/4QPq1/7k/7P/7K b - - 0 54,"{""g4d1"",""e4e1"",""d1f3"",""h1g1"",""f3g2""}",queen,7,intermediate,Queen 7 · Mate In3,mateIn3,Black to move.,1508,Club,"{""endgame"",""long"",""mate"",""mateIn3"",""queenEndgame""}",Checkmate in three — calculate the forcing line all the way to mate.,true,lichess,pwo2o,33203,96,{}
lc_blgZw,3kr3/1pp4p/p2p2p1/2nP1p2/1QBq4/8/PPP3P1/1K2R3 w - - 4 36,"{""e1e8"",""d8e8"",""c4b5"",""a6b5"",""b4d4""}",queen,7,intermediate,Queen 7 · Discovered Attack,discoveredAttack,White to move.,1508,Club,"{""attraction"",""crushing"",""discoveredAttack"",""endgame"",""long""}",A discovered attack — moving one piece uncovers a deadly attack from another.,true,lichess,blgZw,32939,96,{}
lc_ra27Q,r5rk/pp3p1p/2pp4/4p3/2PP2R1/2P1Pq1P/P1Q2P2/2K3R1 w - - 0 23,"{""c2h7"",""h8h7"",""g4h4"",""f3h5"",""h4h5""}",queen,7,intermediate,Queen 7 · Mate In3,mateIn3,White to move.,1508,Club,"{""attraction"",""endgame"",""kingsideAttack"",""long"",""mate"",""mateIn3"",""sacrifice""}",Checkmate in three — calculate the forcing line all the way to mate.,true,lichess,ra27Q,32796,96,{}
lc_PKwhh,r4rk1/3Qq1pp/5p2/1P2p3/1nP5/7P/2P1NPP1/R2R2K1 b - - 0 29,"{""e7d7"",""d1d7"",""a8a1""}",queen,7,intermediate,Queen 7 · Advantage,advantage,Black to move.,1508,Club,"{""advantage"",""middlegame"",""short""}",Find the strongest continuation and seize the advantage.,true,lichess,PKwhh,32753,95,{}
lc_uOrUq,6k1/Q4pp1/1p2p2p/4P3/8/3n1N1P/1qr2PP1/5RK1 w - - 3 40,"{""a7a8"",""g8h7"",""a8e4"",""g7g6"",""e4d3""}",queen,7,intermediate,Queen 7 · Fork,fork,White to move.,1508,Club,"{""advantage"",""endgame"",""fork"",""long""}","A fork — one piece attacks two enemy pieces at once, forcing a material win.",true,lichess,uOrUq,31936,97,{}
lc_8BP6s,5qk1/r6p/p1pP2pn/1pP2b2/PP6/2QBr2P/6P1/1R3RK1 w - - 2 29,"{""d3c4"",""b5c4"",""c3e3""}",queen,7,intermediate,Queen 7 · Discovered Attack,discoveredAttack,White to move.,1508,Club,"{""advantage"",""discoveredAttack"",""middlegame"",""short""}",A discovered attack — moving one piece uncovers a deadly attack from another.,true,lichess,8BP6s,31922,96,{}
lc_ehMAO,2rq1rk1/pb2bpp1/1p2pn1p/4N3/1n1PN3/3B4/PP1BQPPP/R3R1K1 w - - 10 17,"{""e4f6"",""e7f6"",""d2b4""}",queen,7,intermediate,Queen 7 · Advantage,advantage,White to move.,1508,Club,"{""advantage"",""middlegame"",""short""}",Find the strongest continuation and seize the advantage.,true,lichess,ehMAO,31594,95,"{""Queens_Gambit_Declined"",""Queens_Gambit_Declined_Other_variations""}"
lc_GJnJJ,rnb1kb1r/pp1ppppp/5n2/q3P3/8/5Q2/PB3PPP/RN2KBNR w KQkq - 1 7,"{""b2c3"",""a5d5"",""e5f6""}",queen,7,intermediate,Queen 7 · Advantage,advantage,White to move.,1509,Club,"{""advantage"",""defensiveMove"",""opening"",""short""}",Find the strongest continuation and seize the advantage.,true,lichess,GJnJJ,38725,96,"{""Sicilian_Defense"",""Sicilian_Defense_Smith-Morra_Gambit_Declined""}"
lc_n4rb1,r1bq1rk1/pn3pp1/2p2b1p/4p3/1P6/3B4/PBPP1PPP/RN1Q1RK1 b - - 4 13,"{""e5e4"",""b2f6"",""d8f6"",""d3e4"",""f6a1""}",queen,7,intermediate,Queen 7 · Trapped Piece,trappedPiece,Black to move.,1509,Club,"{""advantage"",""long"",""opening"",""trappedPiece""}",A trapped piece — the enemy piece has no safe squares and can be won.,true,lichess,n4rb1,36889,95,"{""Italian_Game"",""Italian_Game_Two_Knights_Defense""}"
lc_3rCKq,2r3k1/p1Q2ppp/4b3/4n1q1/2P1P2P/6P1/P1P1B1P1/5RK1 w - - 3 25,"{""c7c8"",""e6c8"",""h4g5""}",queen,7,intermediate,Queen 7 · Crushing,crushing,White to move.,1509,Club,"{""crushing"",""middlegame"",""short""}",Find the strongest continuation and seize the advantage.,true,lichess,3rCKq,36341,95,{}
lc_dSYS6,5rk1/pp1Q1ppp/8/8/3R4/5R1P/6PK/rq6 w - - 6 28,"{""d7f7"",""f8f7"",""d4d8"",""f7f8"",""f3f8""}",queen,7,intermediate,Queen 7 · Mate In3,mateIn3,White to move.,1509,Club,"{""clearance"",""endgame"",""long"",""mate"",""mateIn3"",""sacrifice""}",Checkmate in three — calculate the forcing line all the way to mate.,true,lichess,dSYS6,35727,96,{}
lc_KzGQ9,6k1/5p2/p1nQ1Pp1/1p6/8/1P2R2K/q1r4P/8 w - - 4 35,"{""e3e8"",""g8h7"",""e8h8"",""h7h8"",""d6f8"",""h8h7"",""f8g7""}",queen,7,intermediate,Queen 7 · Attraction,attraction,White to move.,1509,Club,"{""attraction"",""endgame"",""mate"",""mateIn4"",""sacrifice"",""veryLong""}",An attraction — force an enemy piece onto a square where it can be exploited.,true,lichess,KzGQ9,34649,96,{}
lc_ik1i3,4rrk1/ppp3pp/3b2q1/5bQ1/3pNp2/PP1P1P2/2P1P1B1/R4RKN b - - 3 21,"{""f5e4"",""g5g6"",""e4g6""}",queen,7,intermediate,Queen 7 · Advantage,advantage,Black to move.,1509,Club,"{""advantage"",""middlegame"",""short""}",Find the strongest continuation and seize the advantage.,true,lichess,ik1i3,33695,95,{}
lc_HRPUA,2r3k1/1R3rpp/2n2p2/3ppN2/P4P2/6P1/7P/1R4K1 w - - 1 31,"{""b7f7"",""g8f7"",""f5d6"",""f7e6"",""d6c8""}",queen,7,intermediate,Queen 7 · Fork,fork,White to move.,1509,Club,"{""attraction"",""crushing"",""endgame"",""fork"",""long""}","A fork — one piece attacks two enemy pieces at once, forcing a material win.",true,lichess,HRPUA,33121,96,{}
lc_vmYHh,q3r1k1/1b2bppp/p2p1n2/1p1P1NQ1/1P4r1/P1N3P1/5PBP/2R2RK1 w - - 7 23,"{""f5h6"",""g8f8"",""h6g4""}",queen,7,intermediate,Queen 7 · Pin,pin,White to move.,1509,Club,"{""crushing"",""middlegame"",""pin"",""short""}",A pin — the attacked piece can't move without exposing a more valuable piece behind it.,true,lichess,vmYHh,32460,95,{}
lc_xZKNJ,2kr1b1r/ppp2p1p/2q1p1p1/8/4RBQ1/3P4/PPP2PPP/R5K1 b - - 1 15,"{""f7f5"",""g4e2"",""f5e4""}",queen,7,intermediate,Queen 7 · Fork,fork,Black to move.,1509,Club,"{""crushing"",""fork"",""middlegame"",""short""}","A fork — one piece attacks two enemy pieces at once, forcing a material win.",true,lichess,xZKNJ,32203,96,"{""Scandinavian_Defense"",""Scandinavian_Defense_Modern_Variation""}"
lc_deVie,2r2r1k/1b5q/p2np3/1p2N2Q/3P3P/2P5/P4PP1/2R1R1K1 w - - 1 26,"{""e5g6"",""h8g7"",""h5h7"",""g7h7"",""g6f8""}",queen,7,intermediate,Queen 7 · Fork,fork,White to move.,1509,Club,"{""attraction"",""crushing"",""exposedKing"",""fork"",""long"",""master"",""middlegame""}","A fork — one piece attacks two enemy pieces at once, forcing a material win.",true,lichess,deVie,32195,95,{}
lc_4LW0y,2R2bk1/p4rpp/4Qn2/8/5q2/3p4/PP3PPP/4R1K1 w - - 2 25,"{""c8f8"",""g8f8"",""e6c8"",""f6e8"",""c8e8""}",queen,7,intermediate,Queen 7 · Mate In3,mateIn3,White to move.,1509,Club,"{""attraction"",""long"",""mate"",""mateIn3"",""middlegame"",""pin"",""sacrifice""}",Checkmate in three — calculate the forcing line all the way to mate.,true,lichess,4LW0y,31321,96,{}
lc_X8ZV5,rn2kb1r/ppp2ppp/5n2/4p3/8/8/PPPPBPqP/RNBQK2R w KQkq - 0 9,"{""e2f3"",""g2h3"",""f3b7""}",queen,7,intermediate,Queen 7 · Interference,interference,White to move.,1509,Club,"{""advantage"",""interference"",""opening"",""short""}",Interference — block the line between two enemy pieces to break their coordination.,true,lichess,X8ZV5,31314,95,"{""Elephant_Gambit"",""Elephant_Gambit_Other_variations""}"
lc_mha53,k3rR2/pp6/3Qq2p/2P5/P3r2P/4p3/1P6/1K6 w - - 4 38,"{""d6d8"",""e8d8"",""f8d8"",""e6c8"",""d8c8""}",queen,7,intermediate,Queen 7 · Mate In3,mateIn3,White to move.,1510,Club,"{""backRankMate"",""endgame"",""long"",""mate"",""mateIn3"",""sacrifice"",""xRayAttack""}",Checkmate in three — calculate the forcing line all the way to mate.,true,lichess,mha53,38666,95,{}
lc_wIC6l,1r2kb1r/pb1R1p1p/1pn1p1p1/1B6/8/2N2P2/PPP2P1P/2KR4 w k - 2 17,"{""d7b7"",""b8b7"",""b5c6"",""e8e7"",""c6b7""}",queen,7,intermediate,Queen 7 · Fork,fork,White to move.,1510,Club,"{""advantage"",""attraction"",""capturingDefender"",""fork"",""long"",""middlegame"",""pin""}","A fork — one piece attacks two enemy pieces at once, forcing a material win.",true,lichess,wIC6l,37796,95,"{""French_Defense"",""French_Defense_Two_Knights_Variation""}"
lc_cCekG,2r4r/5kp1/4ppp1/1P1p4/P2P1qP1/7P/3QKP2/R6R b - - 4 35,"{""f4e4"",""d2e3"",""c8c2"",""e2d1"",""e4h1"",""d1c2"",""h1a1""}",queen,7,intermediate,Queen 7 · Skewer,skewer,Black to move.,1510,Club,"{""crushing"",""endgame"",""skewer"",""veryLong""}","A skewer — the higher-value piece is forced to move, losing the piece behind it.",true,lichess,cCekG,35964,95,{}
lc_u6O9x,2kr1n2/ppq4r/2p2p1p/4bp2/1P1P4/2PQ1B1P/P5P1/4RRK1 w - - 2 25,"{""d3f5"",""c8b8"",""d4e5""}",queen,7,intermediate,Queen 7 · Advantage,advantage,White to move.,1510,Club,"{""advantage"",""middlegame"",""short""}",Find the strongest continuation and seize the advantage.,true,lichess,u6O9x,35753,95,{}
lc_Twm7v,r1bq1r1k/pp2b1pN/2p1pnB1/3p4/7P/2P1p3/PP3PP1/R2QK2R w KQ - 0 16,"{""h7f6"",""e3e2"",""d1e2"",""f8f6"",""e2h5"",""h8g8"",""h5h7"",""g8f8"",""h7h8""}",queen,7,intermediate,Queen 7 · Kingside Attack,kingsideAttack,White to move.,1510,Club,"{""kingsideAttack"",""mate"",""mateIn5"",""opening"",""veryLong""}",Find the strongest continuation and seize the advantage.,true,lichess,Twm7v,35330,97,"{""Horwitz_Defense"",""Horwitz_Defense_Other_variations""}"
lc_fMQRh,1k4r1/1p5p/1Q1p1p2/2p1p3/4q3/7P/6P1/1R4K1 w - - 0 33,"{""b6d6"",""b8c8"",""d6e6""}",queen,7,intermediate,Queen 7 · Endgame,endgame,White to move.,1510,Club,"{""crushing"",""endgame"",""short""}",An endgame technique — precise play with few pieces where every tempo counts.,true,lichess,fMQRh,34981,96,{}
lc_RMyoa,2k5/Bp2bpp1/2p1p3/4P3/2Q1P3/P2r2P1/1P2qPB1/R5K1 b - - 2 22,"{""d3d1"",""a1d1"",""e2c4""}",queen,7,intermediate,Queen 7 · Discovered Attack,discoveredAttack,Black to move.,1510,Club,"{""advantage"",""discoveredAttack"",""middlegame"",""short""}",A discovered attack — moving one piece uncovers a deadly attack from another.,true,lichess,RMyoa,33731,96,{}
lc_YPJB8,8/2p5/1kr5/2b3K1/Pp5p/1P5P/2R3P1/2R5 b - - 0 43,"{""c5e3"",""g5h4"",""e3c1"",""a4a5"",""b6b5""}",queen,7,intermediate,Queen 7 · Fork,fork,Black to move.,1510,Club,"{""crushing"",""endgame"",""fork"",""long"",""master""}","A fork — one piece attacks two enemy pieces at once, forcing a material win.",true,lichess,YPJB8,33391,95,{}
lc_uKkc0,3q1r2/pp4kp/6p1/4pp2/1P1b4/PQn4P/3RBPP1/5RK1 b - - 3 23,"{""d4f2"",""f1f2"",""d8d2""}",queen,7,intermediate,Queen 7 · Discovered Attack,discoveredAttack,Black to move.,1510,Club,"{""crushing"",""discoveredAttack"",""kingsideAttack"",""middlegame"",""short""}",A discovered attack — moving one piece uncovers a deadly attack from another.,true,lichess,uKkc0,32720,96,{}
lc_0JvOv,1k6/1p3R2/pQ2p3/6p1/2r1q2p/7P/P4PP1/6K1 w - - 0 30,"{""f7f8"",""c4c8"",""b6d6"",""b8a7"",""f8c8""}",queen,7,intermediate,Queen 7 · Deflection,deflection,White to move.,1510,Club,"{""crushing"",""deflection"",""endgame"",""long""}",A deflection — lure a defending piece away from the square it was guarding.,true,lichess,0JvOv,32594,96,{}
lc_EnIJy,r1b1k1nr/pp3pb1/3p4/2p3qp/2P1PB2/2NP4/PP2B1P1/R2Q1RK1 b kq - 1 14,"{""g7d4"",""g1h1"",""g5h4"",""f4h2"",""d4e5""}",queen,7,intermediate,Queen 7 · Crushing,crushing,Black to move.,1510,Club,"{""crushing"",""kingsideAttack"",""long"",""middlegame""}",Find the strongest continuation and seize the advantage.,true,lichess,EnIJy,32450,96,"{""Sicilian_Defense"",""Sicilian_Defense_Staunton-Cochrane_Variation""}"
lc_IbVXx,2r2r1k/1b1p1p1P/p3p3/8/2qbP3/5P2/PpP3Q1/1K4RR w - - 0 25,"{""g2g8"",""f8g8"",""h7g8q""}",queen,7,intermediate,Queen 7 · Mate In2,mateIn2,White to move.,1510,Club,"{""advancedPawn"",""discoveredCheck"",""doubleCheck"",""kingsideAttack"",""mate"",""mateIn2"",""middlegame"",""promotion"",""short""}",Checkmate in two — a forced sequence that delivers checkmate on move two.,true,lichess,IbVXx,32068,95,{}
lc_AKtKq,r5k1/2pq1pp1/p2p1b1p/1p1Q1P2/5B1P/P1P1r1P1/1P3P2/4R1K1 w - - 0 24,"{""d5a8"",""d7d8"",""a8d8""}",queen,7,intermediate,Queen 7 · Hanging Piece,hangingPiece,White to move.,1510,Club,"{""crushing"",""hangingPiece"",""middlegame"",""short""}",A hanging piece — an undefended enemy piece is free to capture.,true,lichess,AKtKq,32046,94,{}
lc_EMUFK,5rk1/pp3p2/4pQp1/3qP2p/4r2P/5R2/6P1/5RK1 w - - 1 34,"{""f6g6"",""f7g6"",""f3f8"",""g8h7"",""f1f7"",""h7h6"",""f8h8""}",queen,7,intermediate,Queen 7 · Discovered Attack,discoveredAttack,White to move.,1510,Club,"{""discoveredAttack"",""endgame"",""mate"",""mateIn4"",""sacrifice"",""veryLong""}",A discovered attack — moving one piece uncovers a deadly attack from another.,true,lichess,EMUFK,31904,96,{}
lc_Ull4b,r2qrbk1/pp1n1ppp/2p2n2/3p1N2/8/1P4Q1/PBPP1PPP/RN3RK1 w - - 4 13,"{""f5h6"",""g8h8"",""h6f7""}",queen,7,intermediate,Queen 7 · Pin,pin,White to move.,1510,Club,"{""crushing"",""deflection"",""kingsideAttack"",""opening"",""pin"",""short""}",A pin — the attacked piece can't move without exposing a more valuable piece behind it.,true,lichess,Ull4b,31847,95,"{""French_Defense"",""French_Defense_Horwitz_Attack""}"
lc_Ix3Vc,r2q1rk1/4bppp/b1N1pn2/p7/2P1NP2/8/PPP1Q1PP/R1B2RK1 b - - 0 13,"{""d8b6"",""c1e3"",""b6c6""}",queen,7,intermediate,Queen 7 · Fork,fork,Black to move.,1510,Club,"{""advantage"",""fork"",""middlegame"",""short""}","A fork — one piece attacks two enemy pieces at once, forcing a material win.",true,lichess,Ix3Vc,31636,96,"{""Sicilian_Defense"",""Sicilian_Defense_Grand_Prix_Attack""}"
lc_Mi3em,2kr4/pp1n2rp/2p5/4qp2/2P2p2/1P3B1P/P3Q3/1K1R3R w - - 1 23,"{""d1d7"",""e5e2"",""d7d8"",""c8d8"",""f3e2""}",queen,7,intermediate,Queen 7 · Advantage,advantage,White to move.,1510,Club,"{""advantage"",""long"",""middlegame"",""queensideAttack""}",Find the strongest continuation and seize the advantage.,true,lichess,Mi3em,31527,95,{}
lc_oS8r8,r1bqk2r/ppp2ppp/2n1p2n/8/1bB5/5N1P/PB3PP1/RN1Q1K1R w kq - 0 11,"{""d1d8"",""c6d8"",""b2g7"",""h8g8"",""g7h6""}",queen,7,intermediate,Queen 7 · Fork,fork,White to move.,1510,Club,"{""advantage"",""fork"",""long"",""opening""}","A fork — one piece attacks two enemy pieces at once, forcing a material win.",true,lichess,oS8r8,31424,95,"{""Danish_Gambit_Accepted"",""Danish_Gambit_Accepted_Other_variations""}"
lc_ubHSb,3r2k1/1b3pp1/5q2/3P4/4Q2P/1B6/1P4P1/3R2K1 b - - 0 33,"{""f6b6"",""e4d4"",""b6b3""}",queen,7,intermediate,Queen 7 · Fork,fork,Black to move.,1510,Club,"{""advantage"",""endgame"",""fork"",""short""}","A fork — one piece attacks two enemy pieces at once, forcing a material win.",true,lichess,ubHSb,31305,95,{}
lc_YiwUJ,r4rk1/pb1pq2p/2p1p1p1/2P1b1p1/2B5/2N4Q/PP3PPP/2KR3R w - - 2 19,"{""d1d7"",""e7d7"",""c4e6""}",queen,7,intermediate,Queen 7 · Sacrifice,sacrifice,White to move.,1511,Club,"{""advantage"",""kingsideAttack"",""master"",""middlegame"",""sacrifice"",""short""}",A sacrifice — give up material to gain a decisive tactical or positional advantage.,true,lichess,YiwUJ,39408,95,"{""Alekhine_Defense"",""Alekhine_Defense_Two_Pawn_Attack""}"
lc_zwtjK,2k2b2/Qp4pr/2p4p/2n4P/1B3q2/4rN2/PPP3P1/2KR3R b - - 0 23,"{""e3a3"",""b4d2"",""f4d2"",""f3d2"",""a3a7""}",queen,7,intermediate,Queen 7 · Discovered Attack,discoveredAttack,Black to move.,1511,Club,"{""advantage"",""discoveredAttack"",""discoveredCheck"",""long"",""middlegame"",""queensideAttack""}",A discovered attack — moving one piece uncovers a deadly attack from another.,true,lichess,zwtjK,38562,96,{}
lc_x1Jcv,6k1/2p2p2/p3p3/2P3p1/3P2P1/nr2RP2/5K2/R7 b - - 1 38,"{""b3e3"",""f2e3"",""a3c2"",""e3d2"",""c2a1""}",queen,7,intermediate,Queen 7 · Fork,fork,Black to move.,1511,Club,"{""attraction"",""crushing"",""endgame"",""fork"",""long""}","A fork — one piece attacks two enemy pieces at once, forcing a material win.",true,lichess,x1Jcv,38499,96,{}
lc_HIbDj,r1b1k2r/3pqppp/p3pn2/1p1P4/1n1Q4/5N2/PP2BPPP/RN3RK1 w kq - 3 13,"{""d5d6"",""b4c6"",""d6e7"",""c6d4"",""f3d4""}",queen,7,intermediate,Queen 7 · Advanced Pawn,advancedPawn,White to move.,1511,Club,"{""advancedPawn"",""advantage"",""long"",""opening""}",An advanced pawn — push the passer or use its threats to win material.,true,lichess,HIbDj,36139,95,"{""Sicilian_Defense"",""Sicilian_Defense_Old_Sicilian""}"
lc_4N4YC,2r3k1/pp1b1p1p/3Qp2b/4n3/4Pq2/2N3P1/PPP1BP2/1R3RK1 b - - 0 21,"{""e5f3"",""e2f3"",""f4d6""}",queen,7,intermediate,Queen 7 · Discovered Attack,discoveredAttack,Black to move.,1511,Club,"{""crushing"",""discoveredAttack"",""middlegame"",""short""}",A discovered attack — moving one piece uncovers a deadly attack from another.,true,lichess,4N4YC,35535,95,{}
lc_XbF0l,r3k2r/ppp2ppp/8/2bpn3/3p4/3B2qP/PPP4N/RNB2Q1K w kq - 0 16,"{""c1f4"",""g3h4"",""f4e5""}",queen,7,intermediate,Queen 7 · Interference,interference,White to move.,1511,Club,"{""advantage"",""interference"",""middlegame"",""short""}",Interference — block the line between two enemy pieces to break their coordination.,true,lichess,XbF0l,35107,96,"{""Russian_Game"",""Russian_Game_Italian_Variation""}"
lc_54mqF,1r4k1/p1qnRpp1/b6p/3p4/1QpP4/2P4P/2BN1PP1/6K1 w - - 2 27,"{""e7d7"",""b8b4"",""d7c7""}",queen,7,intermediate,Queen 7 · Advantage,advantage,White to move.,1511,Club,"{""advantage"",""middlegame"",""short""}",Find the strongest continuation and seize the advantage.,true,lichess,54mqF,34834,94,{}
lc_a1Jic,r5k1/pp1qp2r/5b2/3p1pB1/2p4P/2PnP3/PPQ1BPP1/R4K1R b - - 4 22,"{""f6g5"",""e2d3"",""c4d3""}",queen,7,intermediate,Queen 7 · Advantage,advantage,Black to move.,1511,Club,"{""advantage"",""middlegame"",""short""}",Find the strongest continuation and seize the advantage.,true,lichess,a1Jic,32608,95,{}
lc_LyG4P,8/p5R1/4k3/1p3p1P/6p1/6P1/2P2PK1/2r5 w - - 1 40,"{""h5h6"",""c1c2"",""h6h7"",""c2c8"",""g7g8""}",queen,7,intermediate,Queen 7 · Advanced Pawn,advancedPawn,White to move.,1511,Club,"{""advancedPawn"",""crushing"",""endgame"",""long"",""rookEndgame""}",An advanced pawn — push the passer or use its threats to win material.,true,lichess,LyG4P,32143,95,{}
lc_r4Luj,8/3k1p1p/1p1p4/2pq1P2/P2b4/1P1Q3P/8/3R1K2 b - - 5 35,"{""d5h1"",""f1e2"",""h1g2"",""e2e1"",""g2f2""}",queen,7,intermediate,Queen 7 · Mate In3,mateIn3,Black to move.,1511,Club,"{""endgame"",""exposedKing"",""long"",""mate"",""mateIn3""}",Checkmate in three — calculate the forcing line all the way to mate.,true,lichess,r4Luj,32104,96,{}
lc_HCbJS,r1b4r/pp3pk1/2p2qp1/6N1/2PP3Q/2P1p3/P3B1PP/5RK1 w - - 2 23,"{""h4h8"",""g7h8"",""f1f6""}",queen,7,intermediate,Queen 7 · Crushing,crushing,White to move.,1511,Club,"{""crushing"",""middlegame"",""short""}",Find the strongest continuation and seize the advantage.,true,lichess,HCbJS,31534,95,{}
lc_pazXM,6k1/p2r2r1/8/5Q2/P3K1P1/8/8/8 b - - 2 47,"{""g7e7"",""e4f3"",""e7f7""}",queen,7,intermediate,Queen 7 · Pin,pin,Black to move.,1511,Club,"{""crushing"",""endgame"",""pin"",""queenRookEndgame"",""short""}",A pin — the attacked piece can't move without exposing a more valuable piece behind it.,true,lichess,pazXM,31289,95,{}
lc_ZQ42v,r1q3k1/pp1brppp/2p2n2/b2p4/3P4/P1NQBP2/1PB1R1PP/4R1K1 w - - 9 19,"{""e3g5"",""e7e2"",""e1e2"",""g7g6"",""g5f6""}",queen,7,intermediate,Queen 7 · Advantage,advantage,White to move.,1512,Club,"{""advantage"",""long"",""middlegame""}",Find the strongest continuation and seize the advantage.,true,lichess,ZQ42v,36557,96,"{""Italian_Game"",""Italian_Game_Two_Knights_Defense""}"
lc_5r7Zn,r4r1k/5p1p/p2p1b2/3PqQ2/4p3/4R3/PpP2P1P/1K4R1 w - - 6 26,"{""f5h7"",""h8h7"",""e3h3"",""f6h4"",""h3h4"",""e5h5"",""h4h5""}",queen,7,intermediate,Queen 7 · Attraction,attraction,White to move.,1512,Club,"{""attraction"",""kingsideAttack"",""mate"",""mateIn4"",""middlegame"",""sacrifice"",""veryLong""}",An attraction — force an enemy piece onto a square where it can be exploited.,true,lichess,5r7Zn,36367,96,{}
lc_IhRim,rnb1Rbk1/ppp2rpp/8/3Q4/2n1N3/8/Pq3PPP/R5K1 w - - 0 18,"{""e8f8"",""g8f8"",""d5d8""}",queen,7,intermediate,Queen 7 · Mate In2,mateIn2,White to move.,1512,Club,"{""attraction"",""kingsideAttack"",""mate"",""mateIn2"",""middlegame"",""pin"",""sacrifice"",""short""}",Checkmate in two — a forced sequence that delivers checkmate on move two.,true,lichess,IhRim,36232,96,"{""Danish_Gambit_Accepted"",""Danish_Gambit_Accepted_Classical_Defense""}"
lc_8dduq,3n2k1/p1pQ1pp1/1p5p/3p4/3P1qP1/2P2N1P/PP3PK1/4r3 w - - 0 26,"{""d7d8"",""g8h7"",""f3e1""}",queen,7,intermediate,Queen 7 · Hanging Piece,hangingPiece,White to move.,1512,Club,"{""crushing"",""endgame"",""hangingPiece"",""intermezzo"",""short""}",A hanging piece — an undefended enemy piece is free to capture.,true,lichess,8dduq,35435,96,{}
lc_ZJDSj,r7/ppp1kp1p/3pbN2/5P2/8/2P4P/P1P2r2/2K1R1R1 w - - 3 22,"{""f6d5"",""e7d7"",""f5e6""}",queen,7,intermediate,Queen 7 · Pin,pin,White to move.,1512,Club,"{""advantage"",""endgame"",""pin"",""short""}",A pin — the attacked piece can't move without exposing a more valuable piece behind it.,true,lichess,ZJDSj,35160,95,{}
lc_SwGyV,8/8/6P1/1pp5/2Q5/2k5/3pK3/8 b - - 0 57,"{""b5c4"",""g6g7"",""c3c2"",""g7g8q"",""d2d1q""}",queen,7,intermediate,Queen 7 · Hanging Piece,hangingPiece,Black to move.,1512,Club,"{""advancedPawn"",""crushing"",""endgame"",""hangingPiece"",""long"",""promotion""}",A hanging piece — an undefended enemy piece is free to capture.,true,lichess,SwGyV,34784,96,{}
lc_C16UE,r1b2rk1/ppp1bp2/3q1n1p/4Q3/2B5/2N5/PPP2PPP/4RRK1 w - - 2 13,"{""e5e7"",""d6e7"",""e1e7""}",queen,7,intermediate,Queen 7 · Advantage,advantage,White to move.,1512,Club,"{""advantage"",""middlegame"",""short""}",Find the strongest continuation and seize the advantage.,true,lichess,C16UE,34769,96,"{""Italian_Game"",""Italian_Game_Two_Knights_Defense""}"
lc_YRxAn,r2q1r2/pppb2bk/3pp1p1/6Pp/3PBP1n/2P5/PP1BQ2P/R4RK1 w - - 0 20,"{""e2h5"",""h7g8"",""h5h4""}",queen,7,intermediate,Queen 7 · Pin,pin,White to move.,1512,Club,"{""advantage"",""middlegame"",""pin"",""short""}",A pin — the attacked piece can't move without exposing a more valuable piece behind it.,true,lichess,YRxAn,34563,96,"{""Horwitz_Defense"",""Horwitz_Defense_Other_variations""}"
lc_u8JV8,r1bq2k1/2p2rpp/p2p4/1p2bN2/3pP1R1/3P1Q2/PPP2PP1/R3K3 w Q - 0 18,"{""f5h6"",""g8h8"",""h6f7""}",queen,7,intermediate,Queen 7 · Pin,pin,White to move.,1512,Club,"{""crushing"",""kingsideAttack"",""middlegame"",""pin"",""short""}",A pin — the attacked piece can't move without exposing a more valuable piece behind it.,true,lichess,u8JV8,34187,95,"{""Ruy_Lopez"",""Ruy_Lopez_Other_variations""}"
lc_qeB0D,r5rk/p1pq2pp/1p2p2Q/4Pp2/1P1P4/P2n1PR1/5P1P/6RK w - - 0 27,"{""h6h7"",""h8h7"",""g3h3""}",queen,7,intermediate,Queen 7 · Mate In2,mateIn2,White to move.,1512,Club,"{""attraction"",""kingsideAttack"",""mate"",""mateIn2"",""middlegame"",""sacrifice"",""short""}",Checkmate in two — a forced sequence that delivers checkmate on move two.,true,lichess,qeB0D,33970,96,{}
lc_o1CEb,r1bq1k1r/1p1p2pp/p1pb1n2/n3p3/Q3P3/1BPP4/PP3PPP/RNB1K1NR b KQ - 1 9,"{""b7b5"",""a4a5"",""d8a5""}",queen,7,intermediate,Queen 7 · Trapped Piece,trappedPiece,Black to move.,1512,Club,"{""crushing"",""opening"",""short"",""trappedPiece""}",A trapped piece — the enemy piece has no safe squares and can be won.,true,lichess,o1CEb,33864,96,"{""Bishops_Opening"",""Bishops_Opening_Berlin_Defense""}"
lc_CV8NS,2r2rk1/p2nqppp/1p6/3Rp3/4P3/2Q2N2/PP3PPP/3R2K1 w - - 1 18,"{""d5d7"",""e7d7"",""d1d7"",""c8c3"",""b2c3""}",queen,7,intermediate,Queen 7 · Crushing,crushing,White to move.,1512,Club,"{""crushing"",""long"",""middlegame""}",Find the strongest continuation and seize the advantage.,true,lichess,CV8NS,33587,98,"{""Queens_Gambit_Accepted"",""Queens_Gambit_Accepted_Other_variations""}"
lc_J5GPU,R4b2/5kpp/4pp2/8/1r1PP1PP/2K2P2/1P6/8 w - - 6 33,"{""a8f8"",""f7f8"",""c3b4""}",queen,7,intermediate,Queen 7 · Endgame,endgame,White to move.,1512,Club,"{""crushing"",""endgame"",""short""}",An endgame technique — precise play with few pieces where every tempo counts.,true,lichess,J5GPU,33544,96,{}
lc_u7O8z,2bq1rk1/1p4pp/r4b2/p1p5/P2P4/1PPB1Q2/6PP/R1B2RK1 b - - 0 18,"{""f6d4"",""c1e3"",""f8f3""}",queen,7,intermediate,Queen 7 · Discovered Attack,discoveredAttack,Black to move.,1512,Club,"{""advantage"",""discoveredAttack"",""kingsideAttack"",""middlegame"",""short""}",A discovered attack — moving one piece uncovers a deadly attack from another.,true,lichess,u7O8z,33340,96,"{""Queens_Pawn_Game"",""Queens_Pawn_Game_Other_variations""}"
lc_9FNgz,1r2rk2/4p2p/p2pQbpn/q1p3N1/P7/4R2P/P1P2PP1/3R2K1 w - - 4 26,"{""g5h7"",""f8g7"",""h7f6"",""e7f6"",""e6d7"",""h6f7"",""e3e8"",""b8e8"",""d7e8""}",queen,7,intermediate,Queen 7 · Discovered Attack,discoveredAttack,White to move.,1512,Club,"{""advantage"",""discoveredAttack"",""middlegame"",""veryLong""}",A discovered attack — moving one piece uncovers a deadly attack from another.,true,lichess,9FNgz,33246,95,{}
lc_3xYax,6k1/5pp1/1Rr4p/8/3B1P2/1p6/6PP/6K1 b - - 0 36,"{""c6b6"",""d4b6"",""b3b2""}",queen,7,intermediate,Queen 7 · Advanced Pawn,advancedPawn,Black to move.,1512,Club,"{""advancedPawn"",""crushing"",""endgame"",""short""}",An advanced pawn — push the passer or use its threats to win material.,true,lichess,3xYax,33177,96,{}
lc_zSZmu,3r1r1k/6pp/p7/6q1/1p6/1Q1B1PN1/PP4KP/4R3 b - - 2 33,"{""g5d2"",""e1e2"",""d2d3"",""b3d3"",""d8d3""}",queen,7,intermediate,Queen 7 · Fork,fork,Black to move.,1512,Club,"{""crushing"",""fork"",""long"",""middlegame""}","A fork — one piece attacks two enemy pieces at once, forcing a material win.",true,lichess,zSZmu,33176,96,{}
lc_XpU1V,rq1r2k1/1b5p/4n1p1/1N3p2/6nQ/4PN1P/PP2BPP1/R4RK1 b - - 0 18,"{""b7f3"",""h3g4"",""f3e2""}",queen,7,intermediate,Queen 7 · Advantage,advantage,Black to move.,1512,Club,"{""advantage"",""middlegame"",""short""}",Find the strongest continuation and seize the advantage.,true,lichess,XpU1V,33105,95,"{""Modern_Defense"",""Modern_Defense_Other_variations""}"
lc_UkWIE,4r1k1/2p2ppp/8/5q2/1Q2n3/4R1PP/PPP2P2/4R1K1 b - - 2 25,"{""f5f2"",""g1h1"",""e4g3"",""e3g3"",""e8e1"",""b4e1"",""f2e1""}",queen,7,intermediate,Queen 7 · Discovered Attack,discoveredAttack,Black to move.,1512,Club,"{""crushing"",""deflection"",""discoveredAttack"",""endgame"",""veryLong""}",A discovered attack — moving one piece uncovers a deadly attack from another.,true,lichess,UkWIE,33058,97,{}
lc_maZGG,r3kbnr/ppp1pppp/5q2/2PP1b2/1n3N2/4B3/PP3PPP/R2QKB1R w KQkq - 1 13,"{""d1a4"",""f5d7"",""a4b4""}",queen,7,intermediate,Queen 7 · Fork,fork,White to move.,1512,Club,"{""advantage"",""fork"",""opening"",""short""}","A fork — one piece attacks two enemy pieces at once, forcing a material win.",true,lichess,maZGG,32658,94,"{""Scandinavian_Defense"",""Scandinavian_Defense_Mieses-Kotroc_Variation""}"
lc_2pIV3,8/7k/4p2P/1p1p3K/3P1pp1/P1P3P1/8/8 w - - 0 75,"{""h5g4"",""f4g3"",""g4g3"",""h7h6"",""g3f4"",""h6g7"",""f4e5"",""g7f7"",""e5d6""}",queen,7,intermediate,Queen 7 · Pawn Endgame,pawnEndgame,White to move.,1512,Club,"{""crushing"",""endgame"",""pawnEndgame"",""veryLong""}",A pawn endgame — king opposition and the square of the pawn decide it.,true,lichess,2pIV3,32555,97,{}
lc_rTFEy,r5k1/2Q3pp/2p2r2/q7/8/3R4/6PP/6RK w - - 0 28,"{""d3d8"",""a8d8"",""c7a5""}",queen,7,intermediate,Queen 7 · Deflection,deflection,White to move.,1512,Club,"{""advantage"",""deflection"",""endgame"",""short""}",A deflection — lure a defending piece away from the square it was guarding.,true,lichess,rTFEy,32246,96,{}
lc_zxWxV,r1b3k1/1p5p/p3p1p1/8/3q4/3PB1R1/PP2QrB1/R6K b - - 2 24,"{""d4h4"",""g3h3"",""h4h3"",""g2h3"",""f2e2""}",queen,7,intermediate,Queen 7 · Fork,fork,Black to move.,1512,Club,"{""crushing"",""exposedKing"",""fork"",""long"",""master"",""middlegame""}","A fork — one piece attacks two enemy pieces at once, forcing a material win.",true,lichess,zxWxV,32069,96,{}
lc_sGuhi,8/1p3ppp/3k4/1p1nr3/1Pp4P/P3PBP1/4K3/3R4 w - - 1 34,"{""e3e4"",""f7f5"",""d1d5"",""e5d5"",""e4d5""}",queen,7,intermediate,Queen 7 · Endgame,endgame,White to move.,1512,Club,"{""advantage"",""endgame"",""exposedKing"",""long""}",An endgame technique — precise play with few pieces where every tempo counts.,true,lichess,sGuhi,32037,95,{}
lc_Tzhzv,8/8/5k2/3Kbppp/7P/p4PP1/N7/8 w - - 0 50,"{""h4g5"",""f6g5"",""d5e5"",""f5f4"",""g3f4""}",queen,7,intermediate,Queen 7 · Endgame,endgame,White to move.,1512,Club,"{""crushing"",""endgame"",""long""}",An endgame technique — precise play with few pieces where every tempo counts.,true,lichess,Tzhzv,31697,95,{}
lc_w59CG,r6r/1p1k2pp/p1p5/3pn3/5B2/2P5/P1P2PPP/3RK2R w K - 0 20,"{""f4e5"",""a8e8"",""f2f4""}",queen,7,intermediate,Queen 7 · Hanging Piece,hangingPiece,White to move.,1512,Club,"{""advantage"",""defensiveMove"",""endgame"",""hangingPiece"",""short""}",A hanging piece — an undefended enemy piece is free to capture.,true,lichess,w59CG,31691,95,{}
lc_BCYxQ,2r2rk1/p3Rp1p/1pq2Qp1/3p4/3P4/2P3bP/PP1B2P1/5RK1 b - - 3 20,"{""c6f6"",""f1f6"",""g3h4"",""e7d7"",""h4f6""}",queen,7,intermediate,Queen 7 · Attraction,attraction,Black to move.,1512,Club,"{""attraction"",""crushing"",""long"",""middlegame""}",An attraction — force an enemy piece onto a square where it can be exploited.,true,lichess,BCYxQ,31488,96,{}
lc_Zz1EB,2R5/4p2p/6pP/r3b1P1/3pNk2/3K1P2/8/8 w - - 2 39,"{""c8f8"",""e5f6"",""g5f6""}",queen,7,intermediate,Queen 7 · Endgame,endgame,White to move.,1512,Club,"{""crushing"",""endgame"",""master"",""masterVsMaster"",""short""}",An endgame technique — precise play with few pieces where every tempo counts.,true,lichess,Zz1EB,31289,95,{}
lc_7HNI2,6r1/1kpn1q2/1p3p1p/2pPpr2/1B6/1Q3B2/5RPP/5K2 w - - 0 31,"{""d5d6"",""f5f3"",""b3f7"",""f3f2"",""f1f2""}",queen,7,intermediate,Queen 7 · Fork,fork,White to move.,1513,Club,"{""advantage"",""discoveredAttack"",""discoveredCheck"",""fork"",""long"",""middlegame""}","A fork — one piece attacks two enemy pieces at once, forcing a material win.",true,lichess,7HNI2,40512,96,{}
lc_gwN0I,rnbqk2r/ppp2ppp/8/1Nb1P3/4pP2/8/PPP3PP/R1BQKB1R b KQkq - 2 9,"{""c5f2"",""e1f2"",""d8d1""}",queen,7,intermediate,Queen 7 · Deflection,deflection,Black to move.,1513,Club,"{""crushing"",""deflection"",""opening"",""short""}",A deflection — lure a defending piece away from the square it was guarding.,true,lichess,gwN0I,38872,95,"{""Philidor_Defense"",""Philidor_Defense_Exchange_Variation""}"
lc_yzVwQ,8/3B4/1pp2p2/3b2k1/1P1K4/5p2/5P2/8 w - - 0 47,"{""b4b5"",""c6b5"",""d4d5""}",queen,7,intermediate,Queen 7 · Deflection,deflection,White to move.,1513,Club,"{""advantage"",""bishopEndgame"",""deflection"",""endgame"",""short""}",A deflection — lure a defending piece away from the square it was guarding.,true,lichess,yzVwQ,38678,96,{}
lc_iwBLF,rn1qkb1r/pp2pppp/2p2n2/5b2/2B5/2N2N2/PPp2PPP/R1BQK2R w KQkq - 0 8,"{""c4f7"",""e8f7"",""d1d8""}",queen,7,intermediate,Queen 7 · Deflection,deflection,White to move.,1513,Club,"{""attackingF2F7"",""crushing"",""deflection"",""opening"",""short""}",A deflection — lure a defending piece away from the square it was guarding.,true,lichess,iwBLF,38545,96,"{""Caro-Kann_Defense"",""Caro-Kann_Defense_Hillbilly_Attack""}"
lc_LWrjq,r1bq1b1r/3kp1pN/p1np1n2/1pp4Q/4PP2/8/PPPP2PP/RNB2RK1 w - - 1 10,"{""h7f6"",""e7f6"",""h5h8""}",queen,7,intermediate,Queen 7 · Discovered Attack,discoveredAttack,White to move.,1513,Club,"{""advantage"",""discoveredAttack"",""middlegame"",""short""}",A discovered attack — moving one piece uncovers a deadly attack from another.,true,lichess,LWrjq,36611,96,"{""Sicilian_Defense"",""Sicilian_Defense_McDonnell_Attack""}"
lc_Jp3tb,r4kbQ/ppp5/3bn1qp/6p1/3B4/P2P3P/1PPK1P2/4R2R w - - 14 31,"{""e1e6"",""g6e6"",""h8g7"",""f8e8"",""h1e1""}",queen,7,intermediate,Queen 7 · Pin,pin,White to move.,1513,Club,"{""advantage"",""exposedKing"",""long"",""middlegame"",""pin"",""sacrifice""}",A pin — the attacked piece can't move without exposing a more valuable piece behind it.,true,lichess,Jp3tb,36403,97,{}
lc_7rSUr,1q3rk1/1B3ppp/p2bp3/1b6/2pP1P2/5Q2/3B2PP/1R4K1 w - - 3 33,"{""b7a6"",""b8b6"",""a6b5""}",queen,7,intermediate,Queen 7 · Advantage,advantage,White to move.,1513,Club,"{""advantage"",""middlegame"",""short""}",Find the strongest continuation and seize the advantage.,true,lichess,7rSUr,35542,96,{}
lc_DZDU0,R2r4/2kn1ppp/8/2rPp3/1p2P3/3K1P2/1P4PP/3R4 w - - 4 28,"{""d5d6"",""c7d6"",""a8d8""}",queen,7,intermediate,Queen 7 · Deflection,deflection,White to move.,1513,Club,"{""advantage"",""deflection"",""endgame"",""short""}",A deflection — lure a defending piece away from the square it was guarding.,true,lichess,DZDU0,33703,96,{}
lc_RiHFn,2r2rk1/5ppp/4pb2/pN6/1Q6/1P6/q2R1PPP/5RK1 w - - 0 23,"{""b4f8"",""g8f8"",""d2a2""}",queen,7,intermediate,Queen 7 · Advantage,advantage,White to move.,1513,Club,"{""advantage"",""middlegame"",""short""}",Find the strongest continuation and seize the advantage.,true,lichess,RiHFn,33298,95,{}
lc_ZMSm0,6k1/1p2R1p1/1pqP1rQ1/p5p1/6P1/2P4P/5K2/8 w - - 0 48,"{""g6f6"",""g7f6"",""d6d7"",""c6d6"",""e7e8"",""g8f7"",""d7d8q"",""d6d8"",""e8d8""}",queen,7,intermediate,Queen 7 · Sacrifice,sacrifice,White to move.,1513,Club,"{""advancedPawn"",""crushing"",""endgame"",""promotion"",""sacrifice"",""veryLong""}",A sacrifice — give up material to gain a decisive tactical or positional advantage.,true,lichess,ZMSm0,32797,95,{}
lc_K859N,4r1k1/8/6p1/1p1RpbPp/1B1b1p1P/PP3P2/K3R1B1/2r5 w - - 11 37,"{""d5d4"",""e5d4"",""e2e8""}",queen,7,intermediate,Queen 7 · Crushing,crushing,White to move.,1513,Club,"{""crushing"",""kingsideAttack"",""middlegame"",""short""}",Find the strongest continuation and seize the advantage.,true,lichess,K859N,32570,94,{}
lc_oGkvq,r2qk2r/ppp2ppp/2n3b1/2bB4/6P1/2P2Q2/P4P1P/R1B1K1NR w KQkq - 0 13,"{""d5c6"",""b7c6"",""f3c6"",""e8f8"",""c6c5""}",queen,7,intermediate,Queen 7 · Fork,fork,White to move.,1513,Club,"{""advantage"",""fork"",""long"",""opening""}","A fork — one piece attacks two enemy pieces at once, forcing a material win.",true,lichess,oGkvq,32204,94,"{""Scandinavian_Defense"",""Scandinavian_Defense_Marshall_Variation""}"
lc_n9zUC,6rk/7n/p3pq2/6rQ/2pPp2p/8/PP2N1P1/5RRK w - - 2 35,"{""h5h7"",""h8h7"",""f1f6""}",queen,7,intermediate,Queen 7 · Advantage,advantage,White to move.,1513,Club,"{""advantage"",""middlegame"",""short""}",Find the strongest continuation and seize the advantage.,true,lichess,n9zUC,31847,96,{}
lc_PDjJf,7r/6k1/4b3/1p1pPpq1/pPpP3r/2Q2R1P/1P4B1/4R1K1 w - - 0 35,"{""f3g3"",""h4g4"",""h3g4""}",queen,7,intermediate,Queen 7 · Pin,pin,White to move.,1513,Club,"{""crushing"",""master"",""middlegame"",""pin"",""short""}",A pin — the attacked piece can't move without exposing a more valuable piece behind it.,true,lichess,PDjJf,31515,95,{}
lc_qcUbY,2k3r1/pp3p2/2p2p1p/1RbrpN2/8/6P1/P4PKP/5R2 w - - 0 23,"{""b5c5"",""d5c5"",""f5e7"",""c8d7"",""e7g8""}",queen,7,intermediate,Queen 7 · Fork,fork,White to move.,1513,Club,"{""advantage"",""endgame"",""fork"",""long"",""sacrifice""}","A fork — one piece attacks two enemy pieces at once, forcing a material win.",true,lichess,qcUbY,31508,96,{}
lc_rSCKj,r2q1rk1/pppbbppp/3p1n2/3N2B1/2BQP3/8/PPP2PPP/2KR3R b - - 6 10,"{""f6d5"",""g5e7"",""d5e7""}",queen,7,intermediate,Queen 7 · Advantage,advantage,Black to move.,1513,Club,"{""advantage"",""middlegame"",""short""}",Find the strongest continuation and seize the advantage.,true,lichess,rSCKj,31399,95,"{""Vienna_Game"",""Vienna_Game_Max_Lange_Defense""}"
lc_YkD2g,6rk/pppR2p1/7p/8/6n1/5QP1/Pq2P2P/5R1K b - - 3 26,"{""g4e5"",""f3f5"",""e5d7""}",queen,7,intermediate,Queen 7 · Fork,fork,Black to move.,1514,Club,"{""advantage"",""endgame"",""fork"",""master"",""short""}","A fork — one piece attacks two enemy pieces at once, forcing a material win.",true,lichess,YkD2g,37980,96,{}
lc_0yODc,6k1/1n2q1rp/4p1p1/3pNp2/1p1P4/1r1BP1Q1/5PPP/2R3K1 w - - 0 31,"{""c1c8"",""b7d8"",""e5c6""}",queen,7,intermediate,Queen 7 · Advantage,advantage,White to move.,1514,Club,"{""advantage"",""middlegame"",""short""}",Find the strongest continuation and seize the advantage.,true,lichess,0yODc,35869,95,{}
lc_3Oqkv,4Rrk1/7p/p1p3p1/8/2PpQ3/1P1Pb3/P4q1p/R6K b - - 7 30,"{""f2g1"",""a1g1"",""h2g1q""}",queen,7,intermediate,Queen 7 · Mate In2,mateIn2,Black to move.,1514,Club,"{""advancedPawn"",""endgame"",""mate"",""mateIn2"",""promotion"",""short""}",Checkmate in two — a forced sequence that delivers checkmate on move two.,true,lichess,3Oqkv,35705,96,{}
lc_ufqZ3,8/5bpk/5p1p/2R5/8/3Q1P2/p4KPP/1r6 b - - 2 40,"{""f7g6"",""d3a6"",""a2a1q"",""a6a1"",""b1a1""}",queen,7,intermediate,Queen 7 · Promotion,promotion,Black to move.,1514,Club,"{""advancedPawn"",""advantage"",""defensiveMove"",""endgame"",""long"",""promotion""}",Pawn promotion — advance the pawn to its final rank and choose your new piece wisely.,true,lichess,ufqZ3,35160,96,{}
lc_v1vvQ,1r1qk2r/p1p1bpp1/1pb1pn1p/8/Q2nN3/2NP2P1/PP3PBP/R1B2RK1 w k - 9 14,"{""e4f6"",""e7f6"",""g2c6"",""d4c6"",""a4c6""}",queen,7,intermediate,Queen 7 · Discovered Attack,discoveredAttack,White to move.,1514,Club,"{""advantage"",""discoveredAttack"",""long"",""opening""}",A discovered attack — moving one piece uncovers a deadly attack from another.,true,lichess,v1vvQ,34693,96,"{""Zukertort_Opening"",""Zukertort_Opening_Tennison_Gambit""}"
lc_R3mRS,8/2p3k1/1p1p2p1/3P3p/1P2q3/3Q2BP/P1P2K2/4r3 w - - 5 41,"{""d3c3"",""g7f7"",""c3e1""}",queen,7,intermediate,Queen 7 · Endgame,endgame,White to move.,1514,Club,"{""advantage"",""endgame"",""short""}",An endgame technique — precise play with few pieces where every tempo counts.,true,lichess,R3mRS,34483,95,{}
lc_ZMmjd,6k1/pb3pb1/3Q2pp/4p3/4P3/1P4P1/P3qPKP/2R5 w - - 6 31,"{""d6b8"",""g7f8"",""b8b7""}",queen,7,intermediate,Queen 7 · Fork,fork,White to move.,1514,Club,"{""crushing"",""endgame"",""fork"",""short""}","A fork — one piece attacks two enemy pieces at once, forcing a material win.",true,lichess,ZMmjd,33481,96,{}
lc_4PO7w,4r3/6k1/3pqpr1/p2R4/1p1QP3/1Pp4P/P1P4K/4R3 b - - 0 35,"{""e6h3"",""h2h3"",""e8h8"",""d5h5"",""h8h5""}",queen,7,intermediate,Queen 7 · Mate In3,mateIn3,Black to move.,1514,Club,"{""attraction"",""endgame"",""long"",""mate"",""mateIn3"",""sacrifice""}",Checkmate in three — calculate the forcing line all the way to mate.,true,lichess,4PO7w,33075,96,{}
lc_JBrMd,rnbqkb1r/pp2pp1p/3p2p1/2p5/4n3/2P2N2/PP1PBPPP/RNBQ1RK1 w kq - 0 6,"{""d1a4"",""b8c6"",""a4e4""}",queen,7,intermediate,Queen 7 · Fork,fork,White to move.,1514,Club,"{""advantage"",""fork"",""opening"",""short""}","A fork — one piece attacks two enemy pieces at once, forcing a material win.",true,lichess,JBrMd,32354,96,"{""Sicilian_Defense"",""Sicilian_Defense_Delayed_Alapin""}"
lc_cXi4S,2r3k1/5ppp/p7/1p3n2/2bNR3/2P5/PPBr1PPP/R5K1 b - - 0 24,"{""f5d4"",""e4d4"",""d2c2""}",queen,7,intermediate,Queen 7 · Capturing Defender,capturingDefender,Black to move.,1514,Club,"{""capturingDefender"",""crushing"",""middlegame"",""short""}",Find the strongest continuation and seize the advantage.,true,lichess,cXi4S,31909,94,{}
lc_Ne3gT,4R2R/pp1q2k1/5pp1/2p4p/2P2b2/2P5/PP1N2P1/7K w - - 9 32,"{""e8g8"",""g7f7"",""h8h7"",""f7g8"",""h7d7""}",queen,7,intermediate,Queen 7 · Skewer,skewer,White to move.,1514,Club,"{""crushing"",""endgame"",""long"",""skewer""}","A skewer — the higher-value piece is forced to move, losing the piece behind it.",true,lichess,Ne3gT,31891,96,{}
lc_Sv1N4,6k1/R6p/6P1/8/8/2n4P/1r2r1P1/5RK1 w - - 1 36,"{""g6h7"",""g8h8"",""f1f8""}",queen,7,intermediate,Queen 7 · Mate In2,mateIn2,White to move.,1514,Club,"{""advancedPawn"",""endgame"",""mate"",""mateIn2"",""short""}",Checkmate in two — a forced sequence that delivers checkmate on move two.,true,lichess,Sv1N4,31511,95,{}
lc_KXa1R,4kb1r/5ppp/Q3p3/3pq3/8/6P1/PPr1B2P/R3K2R w KQk - 0 19,"{""a6a4"",""e8d8"",""a4c2""}",queen,7,intermediate,Queen 7 · Fork,fork,White to move.,1514,Club,"{""advantage"",""fork"",""middlegame"",""short""}","A fork — one piece attacks two enemy pieces at once, forcing a material win.",true,lichess,KXa1R,31277,95,"{""Sicilian_Defense"",""Sicilian_Defense_Other_variations""}"
lc_i0WAm,2r5/5kp1/8/4B1pp/8/P6P/1P2KPP1/8 b - - 1 39,"{""c8e8"",""f2f4"",""g5f4""}",queen,7,intermediate,Queen 7 · Pin,pin,Black to move.,1515,Club,"{""advantage"",""endgame"",""pin"",""short""}",A pin — the attacked piece can't move without exposing a more valuable piece behind it.,true,lichess,i0WAm,48386,94,{}
lc_kdgoA,r3k2r/pp2ppbp/n1p3p1/8/2nqP2P/3N1P2/PP1B1P2/R2QKB1R w KQkq - 4 14,"{""d2c3"",""d4b6"",""c3g7""}",queen,7,intermediate,Queen 7 · Skewer,skewer,White to move.,1515,Club,"{""advantage"",""middlegame"",""short"",""skewer""}","A skewer — the higher-value piece is forced to move, losing the piece behind it.",true,lichess,kdgoA,37002,96,"{""Grunfeld_Defense"",""Grunfeld_Defense_Three_Knights_Variation""}"
lc_abSkZ,r2qk2r/1b3p2/p1npp2p/1pp3p1/4P3/b2PB1N1/B1PQ1PPP/3R1RK1 w kq - 0 19,"{""d2c3"",""h8h7"",""c3a3""}",queen,7,intermediate,Queen 7 · Fork,fork,White to move.,1515,Club,"{""advantage"",""fork"",""middlegame"",""short""}","A fork — one piece attacks two enemy pieces at once, forcing a material win.",true,lichess,abSkZ,36465,96,"{""Sicilian_Defense"",""Sicilian_Defense_Bowdler_Attack""}"
lc_swZkC,r4rk1/p1q2p1p/5p2/1p2b3/8/1P2P2P/PN3PP1/R1Q2RK1 b - - 1 21,"{""c7c1"",""a1c1"",""e5b2""}",queen,7,intermediate,Queen 7 · Advantage,advantage,Black to move.,1515,Club,"{""advantage"",""capturingDefender"",""middlegame"",""short""}",Find the strongest continuation and seize the advantage.,true,lichess,swZkC,35689,95,{}
lc_Yqx9E,r4r1k/p2q3p/2pp2pP/3P1pP1/8/3B1pP1/PP1Q4/2K5 w - - 1 32,"{""d2c3"",""h8g8"",""d5c6"",""d7f7"",""d3c4"",""f7c4"",""c3c4""}",queen,7,intermediate,Queen 7 · Pin,pin,White to move.,1515,Club,"{""crushing"",""endgame"",""pin"",""veryLong""}",A pin — the attacked piece can't move without exposing a more valuable piece behind it.,true,lichess,Yqx9E,35211,95,{}
lc_By4B8,1k5r/1pp1R1pp/p7/8/3P1n2/PPB5/5PPP/6K1 b - - 4 29,"{""f4d5"",""e7g7"",""d5c3""}",queen,7,intermediate,Queen 7 · Fork,fork,Black to move.,1515,Club,"{""advantage"",""endgame"",""fork"",""short""}","A fork — one piece attacks two enemy pieces at once, forcing a material win.",true,lichess,By4B8,34887,95,{}
lc_0P1qU,8/8/4b3/5p1p/4k1pP/6B1/5RPK/3r4 w - - 36 70,"{""f2e2"",""e4d5"",""e2e5"",""d5d6"",""e5e1""}",queen,7,intermediate,Queen 7 · Discovered Attack,discoveredAttack,White to move.,1515,Club,"{""advantage"",""discoveredAttack"",""discoveredCheck"",""endgame"",""long""}",A discovered attack — moving one piece uncovers a deadly attack from another.,true,lichess,0P1qU,34603,95,{}
lc_kEyzx,7r/2q2pkp/r3pNp1/3p2P1/2p1nP2/4P2R/P3Q2P/R5K1 w - - 4 25,"{""h3h7"",""h8h7"",""f6e8"",""g7g8"",""e8c7""}",queen,7,intermediate,Queen 7 · Fork,fork,White to move.,1515,Club,"{""advantage"",""fork"",""long"",""middlegame"",""sacrifice""}","A fork — one piece attacks two enemy pieces at once, forcing a material win.",true,lichess,kEyzx,32495,96,{}
lc_MK5P7,B4k1r/p2n1p2/1ppb3p/3p4/3P3q/2N1p3/PP3PQP/4RR1K b - - 1 19,"{""h8g8"",""g2g8"",""f8g8""}",queen,7,intermediate,Queen 7 · Advantage,advantage,Black to move.,1515,Club,"{""advantage"",""middlegame"",""short""}",Find the strongest continuation and seize the advantage.,true,lichess,MK5P7,32406,95,"{""Nimzo-Indian_Defense"",""Nimzo-Indian_Defense_Leningrad_Variation""}"
lc_foW9A,r5k1/5p1p/Qpq2Pp1/p1b1p1P1/3pP2P/6K1/2R2B2/8 w - - 5 41,"{""c2c5"",""c6e8"",""a6b6""}",queen,7,intermediate,Queen 7 · Endgame,endgame,White to move.,1515,Club,"{""advantage"",""capturingDefender"",""endgame"",""short""}",An endgame technique — precise play with few pieces where every tempo counts.,true,lichess,foW9A,32155,95,{}
lc_fckt5,8/5ppk/p7/1pRBq3/1P5p/P6P/KP4P1/8 w - - 0 35,"{""d5f7"",""e5e2"",""c5h5"",""e2h5"",""f7h5""}",queen,7,intermediate,Queen 7 · Endgame,endgame,White to move.,1515,Club,"{""crushing"",""endgame"",""long"",""master""}",An endgame technique — precise play with few pieces where every tempo counts.,true,lichess,fckt5,32123,97,{}
lc_6MuDt,2k5/pppr3r/6p1/6P1/2R2BP1/PP1q2Q1/K4P2/8 w - - 0 35,"{""c4c7"",""d7c7"",""g3d3""}",queen,7,intermediate,Queen 7 · Deflection,deflection,White to move.,1515,Club,"{""crushing"",""deflection"",""endgame"",""short""}",A deflection — lure a defending piece away from the square it was guarding.,true,lichess,6MuDt,32051,95,{}
lc_JwTnn,2kr4/pp3pp1/2p1pnp1/Q7/3r2P1/7P/PPP2qB1/1K2RR2 w - - 0 24,"{""a5d8"",""c8d8"",""f1f2""}",queen,7,intermediate,Queen 7 · Advantage,advantage,White to move.,1515,Club,"{""advantage"",""intermezzo"",""middlegame"",""short""}",Find the strongest continuation and seize the advantage.,true,lichess,JwTnn,31496,96,{}
lc_pp9V6,6k1/4R1p1/2p2n2/p4P2/Pr2PKN1/8/7P/8 b - - 0 45,"{""f6d5"",""f4e5"",""d5e7""}",queen,7,intermediate,Queen 7 · Pin,pin,Black to move.,1515,Club,"{""crushing"",""endgame"",""pin"",""short""}",A pin — the attacked piece can't move without exposing a more valuable piece behind it.,true,lichess,pp9V6,31434,96,{}
lc_zpYss,2bq2k1/p2p1rpp/3Bpn2/4Q3/PP2P3/5P2/4NKPP/2R5 b - - 2 22,"{""f6g4"",""f2g1"",""g4e5""}",queen,7,intermediate,Queen 7 · Pin,pin,Black to move.,1515,Club,"{""crushing"",""middlegame"",""pin"",""short""}",A pin — the attacked piece can't move without exposing a more valuable piece behind it.,true,lichess,zpYss,31292,95,{}
lc_jTDz5,2r2rk1/pp4pp/8/q3p3/3nPp2/P1P2B2/2Q2PPP/R4RK1 w - - 1 20,"{""c2a2"",""g8h8"",""c3d4""}",queen,7,intermediate,Queen 7 · Advantage,advantage,White to move.,1516,Club,"{""advantage"",""middlegame"",""short""}",Find the strongest continuation and seize the advantage.,true,lichess,jTDz5,39682,95,"{""Queens_Pawn_Game"",""Queens_Pawn_Game_Other_variations""}"
lc_MtHtp,5rk1/q1bQ2pp/p3p3/1p6/2p5/P1N5/1P2BPPP/4K2R b K - 0 19,"{""a7f2"",""e1d1"",""f8d8"",""d7d8"",""c7d8""}",queen,7,intermediate,Queen 7 · Pin,pin,Black to move.,1516,Club,"{""advantage"",""attackingF2F7"",""long"",""middlegame"",""pin""}",A pin — the attacked piece can't move without exposing a more valuable piece behind it.,true,lichess,MtHtp,38710,96,"{""Queens_Pawn_Game"",""Queens_Pawn_Game_Krause_Variation""}"
lc_NpEKC,r3kb1r/pp4p1/2b1p3/2n1P3/2p1P3/2P2QNq/PPpB3P/2KR1R2 w kq - 0 21,"{""f3f7"",""e8d8"",""d2g5"",""d8c8"",""d1d8""}",queen,7,intermediate,Queen 7 · Mate In3,mateIn3,White to move.,1516,Club,"{""discoveredCheck"",""doubleCheck"",""exposedKing"",""long"",""mate"",""mateIn3"",""middlegame"",""operaMate""}",Checkmate in three — calculate the forcing line all the way to mate.,true,lichess,NpEKC,35889,96,{}
lc_9wY4L,3br1k1/pb5R/1pq3p1/2p3Nn/4P2Q/2P1B3/PPB3PP/6K1 b - - 0 24,"{""d8g5"",""h4g5"",""g8h7""}",queen,7,intermediate,Queen 7 · Trapped Piece,trappedPiece,Black to move.,1516,Club,"{""advantage"",""middlegame"",""short"",""trappedPiece""}",A trapped piece — the enemy piece has no safe squares and can be won.,true,lichess,9wY4L,35332,95,{}
lc_FHWfa,4r1k1/p1R2ppp/8/1Q1p1P2/8/2Pn4/PP4PP/2q2NK1 b - - 2 31,"{""c1f1"",""g1f1"",""e8e1""}",queen,7,intermediate,Queen 7 · Mate In2,mateIn2,Black to move.,1516,Club,"{""attraction"",""endgame"",""mate"",""mateIn2"",""sacrifice"",""short""}",Checkmate in two — a forced sequence that delivers checkmate on move two.,true,lichess,FHWfa,34808,95,{}
lc_sywUi,rnbqkb1r/ppp2ppp/8/4B3/4n3/4P3/PPP2PPP/RN1QKBNR b KQkq - 0 6,"{""d8d1"",""e1d1"",""e4f2""}",queen,7,intermediate,Queen 7 · Attraction,attraction,Black to move.,1516,Club,"{""advantage"",""attraction"",""opening"",""short""}",An attraction — force an enemy piece onto a square where it can be exploited.,true,lichess,sywUi,34525,95,"{""Trompowsky_Attack"",""Trompowsky_Attack_Other_variations""}"
lc_n9i8K,2krr3/ppp2p2/6q1/8/4PBP1/1P4P1/P3Q1K1/2R1b3 w - - 0 25,"{""c1c7"",""c8b8"",""c7c6"",""b8a8"",""c6g6""}",queen,7,intermediate,Queen 7 · Discovered Attack,discoveredAttack,White to move.,1516,Club,"{""crushing"",""discoveredAttack"",""discoveredCheck"",""long"",""middlegame"",""queensideAttack""}",A discovered attack — moving one piece uncovers a deadly attack from another.,true,lichess,n9i8K,34505,96,{}
lc_kMgAC,5rk1/1bqQ1ppp/p3pb2/1pP1N3/8/1P6/1P3PPP/R3R1K1 b - - 1 29,"{""f6e5"",""d7c7"",""e5c7""}",queen,7,intermediate,Queen 7 · Advantage,advantage,Black to move.,1516,Club,"{""advantage"",""middlegame"",""short""}",Find the strongest continuation and seize the advantage.,true,lichess,kMgAC,33817,95,{}
lc_hpHiN,r1b1k2r/3p2p1/pp5p/3P4/Q4R2/2Pnq3/P5PP/5R1K w kq - 0 21,"{""f4e4"",""e8d8"",""e4e3""}",queen,7,intermediate,Queen 7 · Fork,fork,White to move.,1516,Club,"{""crushing"",""fork"",""middlegame"",""short""}","A fork — one piece attacks two enemy pieces at once, forcing a material win.",true,lichess,hpHiN,33293,96,{}
lc_cCZcL,8/5R2/1p2Bpk1/1PbPp3/P3P1P1/4q1P1/6Qp/7K b - - 2 44,"{""e3g1"",""g2g1"",""h2g1q""}",queen,7,intermediate,Queen 7 · Mate In2,mateIn2,Black to move.,1516,Club,"{""advancedPawn"",""endgame"",""mate"",""mateIn2"",""promotion"",""short""}",Checkmate in two — a forced sequence that delivers checkmate on move two.,true,lichess,cCZcL,32906,96,{}
lc_FwZHS,8/6k1/4pRp1/4N3/3P3P/1n2PPn1/1r6/3K4 w - - 3 50,"{""f6g6"",""g7h7"",""g6g3""}",queen,7,intermediate,Queen 7 · Fork,fork,White to move.,1516,Club,"{""advantage"",""endgame"",""fork"",""short""}","A fork — one piece attacks two enemy pieces at once, forcing a material win.",true,lichess,FwZHS,32592,96,{}
lc_XUSio,8/p1p2pk1/1r2b1p1/1p4Pp/4NP1P/1P6/PKP5/7R b - - 3 25,"{""e6d5"",""h1e1"",""b6e6""}",queen,7,intermediate,Queen 7 · Clearance,clearance,Black to move.,1516,Club,"{""clearance"",""crushing"",""endgame"",""short""}",A clearance — vacate a square or line so another piece can strike.,true,lichess,XUSio,32275,95,{}
lc_Ukbl2,1n3rk1/2p1q1pp/1p1b1p2/1b2p1n1/p7/P5P1/1BP2PBP/RN1QR1K1 w - - 0 16,"{""d1d5"",""e7e6"",""d5b5""}",queen,7,intermediate,Queen 7 · Fork,fork,White to move.,1516,Club,"{""crushing"",""fork"",""middlegame"",""short""}","A fork — one piece attacks two enemy pieces at once, forcing a material win.",true,lichess,Ukbl2,31852,95,"{""Polish_Opening"",""Polish_Opening_Bugayev_Attack""}"
lc_mRuLT,r2q1rk1/1b1nbppp/pp1p1n2/3Np1B1/2P1P3/3B1N2/PP3PPP/2RQR1K1 b - - 5 15,"{""f6d5"",""g5e7"",""d5e7""}",queen,7,intermediate,Queen 7 · Advantage,advantage,Black to move.,1516,Club,"{""advantage"",""opening"",""short""}",Find the strongest continuation and seize the advantage.,true,lichess,mRuLT,31386,95,"{""Sicilian_Defense"",""Sicilian_Defense_Kan_Variation""}"
lc_H5ocg,r7/1p1bn2k/pp1p1q1p/5p2/3P3N/P5QP/BP4P1/4R1K1 w - - 8 27,"{""e1e7"",""f6e7"",""g3g6"",""h7h8"",""g6h6"",""e7h7"",""h4g6""}",queen,7,intermediate,Queen 7 · Deflection,deflection,White to move.,1517,Club,"{""deflection"",""mate"",""mateIn4"",""middlegame"",""sacrifice"",""veryLong""}",A deflection — lure a defending piece away from the square it was guarding.,true,lichess,H5ocg,43029,96,{}
lc_5w83H,r1b2nk1/pp3p1n/2pb1q1Q/3p4/3P4/2NB1N1P/PPP2PP1/4R1K1 w - - 1 16,"{""d3h7"",""f8h7"",""e1e8"",""d6f8"",""e8f8"",""h7f8"",""h6f6""}",queen,7,intermediate,Queen 7 · Deflection,deflection,White to move.,1517,Club,"{""crushing"",""deflection"",""kingsideAttack"",""master"",""middlegame"",""veryLong""}",A deflection — lure a defending piece away from the square it was guarding.,true,lichess,5w83H,38486,96,"{""French_Defense"",""French_Defense_Kings_Indian_Attack""}"
lc_60wgf,r1b1kb1r/5ppp/pqNp1n2/8/Q3P3/8/PP3PPP/RNB2RK1 b kq - 2 11,"{""c8d7"",""a4d4"",""b6c6""}",queen,7,intermediate,Queen 7 · Advantage,advantage,Black to move.,1517,Club,"{""advantage"",""opening"",""short""}",Find the strongest continuation and seize the advantage.,true,lichess,60wgf,37985,96,"{""Sicilian_Defense"",""Sicilian_Defense_Nyezhmetdinov-Rossolimo_Attack""}"
lc_kUxTc,8/8/8/8/5pk1/6p1/6Kp/3R4 b - - 0 53,"{""f4f3"",""g2h1"",""g4h3"",""d1d2"",""g3g2"",""d2g2"",""f3g2""}",queen,7,intermediate,Queen 7 · Advanced Pawn,advancedPawn,Black to move.,1517,Club,"{""advancedPawn"",""endgame"",""exposedKing"",""mate"",""mateIn4"",""rookEndgame"",""veryLong""}",An advanced pawn — push the passer or use its threats to win material.,true,lichess,kUxTc,37365,96,{}
lc_Zlwzu,6rk/p3Q1p1/6r1/5b2/4p3/2B2qP1/PPP2P2/5RK1 w - - 3 28,"{""e7h4"",""g6h6"",""h4h6""}",queen,7,intermediate,Queen 7 · Pin,pin,White to move.,1517,Club,"{""advantage"",""middlegame"",""pin"",""short""}",A pin — the attacked piece can't move without exposing a more valuable piece behind it.,true,lichess,Zlwzu,36077,95,{}
lc_htWcU,r4rk1/1b2bppp/p3p3/3pP3/8/4BN1P/Pq3PP1/3RQRK1 w - - 0 18,"{""d1b1"",""b2a2"",""b1b7""}",queen,7,intermediate,Queen 7 · Skewer,skewer,White to move.,1517,Club,"{""advantage"",""middlegame"",""short"",""skewer""}","A skewer — the higher-value piece is forced to move, losing the piece behind it.",true,lichess,htWcU,36018,96,"{""Sicilian_Defense"",""Sicilian_Defense_Old_Sicilian""}"
lc_LjUdh,3Q4/p6p/1p3Rrk/2p3q1/6p1/P7/1P5P/K7 w - - 1 41,"{""d8f8"",""h6h5"",""f6f5""}",queen,7,intermediate,Queen 7 · Pin,pin,White to move.,1517,Club,"{""advantage"",""endgame"",""pin"",""short""}",A pin — the attacked piece can't move without exposing a more valuable piece behind it.,true,lichess,LjUdh,35392,95,{}
lc_kBGhl,r1b2rk1/2p2p1p/p1p4p/1pb1N3/4P3/3P4/PPP2PPP/RN2K2R b KQ - 0 13,"{""c5d4"",""b1c3"",""d4e5""}",queen,7,intermediate,Queen 7 · Advantage,advantage,Black to move.,1517,Club,"{""advantage"",""middlegame"",""short""}",Find the strongest continuation and seize the advantage.,true,lichess,kBGhl,35042,95,"{""Italian_Game"",""Italian_Game_Giuoco_Pianissimo""}"
lc_YXRfM,4r3/p5k1/2Q2p2/8/4P1p1/2PN4/P3KRq1/8 b - - 2 31,"{""e8e4"",""e2d2"",""e4e2"",""d2e2"",""g2c6""}",queen,7,intermediate,Queen 7 · Discovered Attack,discoveredAttack,Black to move.,1517,Club,"{""crushing"",""discoveredAttack"",""endgame"",""exposedKing"",""long""}",A discovered attack — moving one piece uncovers a deadly attack from another.,true,lichess,YXRfM,33764,95,{}
lc_x9V4e,r2r1nk1/2p1bpp1/p3p2p/1pNbP3/4BP2/2P1B1P1/PP3K1P/R2R4 b - - 6 20,"{""e7c5"",""e3c5"",""d5e4"",""d1d8"",""a8d8""}",queen,7,intermediate,Queen 7 · Advantage,advantage,Black to move.,1517,Club,"{""advantage"",""capturingDefender"",""long"",""middlegame""}",Find the strongest continuation and seize the advantage.,true,lichess,x9V4e,33079,96,{}
lc_Tu4db,2k5/1p1b4/1rp5/4pR2/4P1B1/8/6PK/8 w - - 1 41,"{""f5f8"",""c8c7"",""f8f7""}",queen,7,intermediate,Queen 7 · Pin,pin,White to move.,1517,Club,"{""advantage"",""endgame"",""pin"",""short""}",A pin — the attacked piece can't move without exposing a more valuable piece behind it.,true,lichess,Tu4db,32727,95,{}
lc_SfU4v,2r1k2r/pQ5p/4b2p/3p1q2/3P4/2P5/P2KR3/8 w k - 0 29,"{""b7c8"",""e8f7"",""c8h8""}",queen,7,intermediate,Queen 7 · Pin,pin,White to move.,1517,Club,"{""advantage"",""endgame"",""pin"",""short"",""skewer""}",A pin — the attacked piece can't move without exposing a more valuable piece behind it.,true,lichess,SfU4v,32236,96,{}
lc_1Jy67,5rk1/B3Rp1p/n3pq2/1p4p1/1P2B3/2r3P1/1Q3P1P/R5K1 b - - 0 26,"{""c3g3"",""h2g3"",""f6b2""}",queen,7,intermediate,Queen 7 · Discovered Attack,discoveredAttack,Black to move.,1517,Club,"{""advantage"",""discoveredAttack"",""master"",""middlegame"",""short""}",A discovered attack — moving one piece uncovers a deadly attack from another.,true,lichess,1Jy67,31796,96,{}
lc_zQVTs,r1bq1rk1/4bppn/p1B4p/1p2P3/8/1PN5/P1P3PP/R1BQ1RK1 b - - 0 14,"{""d8b6"",""g1h1"",""b6c6""}",queen,7,intermediate,Queen 7 · Fork,fork,Black to move.,1517,Club,"{""crushing"",""fork"",""opening"",""short""}","A fork — one piece attacks two enemy pieces at once, forcing a material win.",true,lichess,zQVTs,31625,96,"{""Philidor_Defense"",""Philidor_Defense_Nimzowitsch_Variation""}"
lc_S4aqD,4rk2/5pp1/p3n2p/1p1R4/8/1Pq1PN1P/P3QPP1/6K1 b - - 0 26,"{""e6f4"",""e2d1"",""f4d5""}",queen,7,intermediate,Queen 7 · Endgame,endgame,Black to move.,1517,Club,"{""advantage"",""endgame"",""short""}",An endgame technique — precise play with few pieces where every tempo counts.,true,lichess,S4aqD,31585,95,{}
lc_mxKL1,rn1qkb1r/pp2pppp/8/1Npn4/4p3/4B3/PPP2PPP/R2QK1NR w KQkq - 0 8,"{""d1d5"",""d8d5"",""b5c7"",""e8d7"",""c7d5""}",queen,7,intermediate,Queen 7 · Fork,fork,White to move.,1517,Club,"{""attraction"",""crushing"",""fork"",""long"",""opening"",""sacrifice""}","A fork — one piece attacks two enemy pieces at once, forcing a material win.",true,lichess,mxKL1,31393,95,"{""Queens_Pawn_Game"",""Queens_Pawn_Game_Chigorin_Variation""}"
lc_ykm0D,r2q4/p4r2/2k1p2R/1p1pP3/1Pp2Q2/P1n5/8/1BK5 w - - 0 36,"{""h6e6"",""c6b7"",""f4f7"",""d8c7"",""e6e7"",""c7e7"",""f7e7""}",queen,7,intermediate,Queen 7 · Pin,pin,White to move.,1518,Club,"{""crushing"",""intermezzo"",""middlegame"",""pin"",""veryLong""}",A pin — the attacked piece can't move without exposing a more valuable piece behind it.,true,lichess,ykm0D,38396,96,{}
lc_uOOpF,8/6kp/p4qp1/1p1r4/5p2/P3bR1P/1Q4PK/5R2 w - - 0 35,"{""b2f6"",""g7f6"",""f3e3""}",queen,7,intermediate,Queen 7 · Pin,pin,White to move.,1518,Club,"{""advantage"",""endgame"",""pin"",""short""}",A pin — the attacked piece can't move without exposing a more valuable piece behind it.,true,lichess,uOOpF,36571,96,{}
lc_ffvf8,r2qk1nr/1bp2ppp/p1n1p3/1p6/2pP4/2B1P3/PPQ2PPP/2KR1BNR w kq - 2 10,"{""d4d5"",""e6d5"",""c3g7""}",queen,7,intermediate,Queen 7 · Discovered Attack,discoveredAttack,White to move.,1518,Club,"{""advantage"",""discoveredAttack"",""opening"",""short""}",A discovered attack — moving one piece uncovers a deadly attack from another.,true,lichess,ffvf8,35831,95,"{""Queens_Gambit_Declined"",""Queens_Gambit_Declined_Queens_Knight_Variation""}"
lc_H0eQh,3b4/6K1/3kr2p/pp2N1p1/3p4/PP4P1/2P1R2P/8 w - - 10 46,"{""e5f7"",""d6d5"",""e2e6"",""d5e6"",""f7d8""}",queen,7,intermediate,Queen 7 · Fork,fork,White to move.,1518,Club,"{""attraction"",""crushing"",""discoveredAttack"",""endgame"",""fork"",""long""}","A fork — one piece attacks two enemy pieces at once, forcing a material win.",true,lichess,H0eQh,35740,95,{}
lc_H88NX,2r4k/p3q1pp/5b2/3Bp3/3p2Q1/7R/PPr3PP/R6K w - - 2 23,"{""h3h7"",""h8h7"",""g4h5""}",queen,7,intermediate,Queen 7 · Mate In2,mateIn2,White to move.,1518,Club,"{""attraction"",""mate"",""mateIn2"",""middlegame"",""sacrifice"",""short""}",Checkmate in two — a forced sequence that delivers checkmate on move two.,true,lichess,H88NX,35725,96,{}
lc_GLnxm,8/8/p4qp1/1p2Qpk1/4p3/2P5/1P4PP/7K w - - 2 39,"{""h2h4"",""g5g4"",""e5f6""}",queen,7,intermediate,Queen 7 · Deflection,deflection,White to move.,1518,Club,"{""crushing"",""deflection"",""endgame"",""master"",""queenEndgame"",""short""}",A deflection — lure a defending piece away from the square it was guarding.,true,lichess,GLnxm,35123,95,{}
lc_GDDcY,6k1/1p2R2p/2p3p1/6r1/2P4n/1P4N1/P1P2KP1/8 b - - 1 34,"{""g5g3"",""f2g3"",""h4f5"",""g3f4"",""f5e7""}",queen,7,intermediate,Queen 7 · Fork,fork,Black to move.,1518,Club,"{""advantage"",""attraction"",""endgame"",""fork"",""long"",""sacrifice""}","A fork — one piece attacks two enemy pieces at once, forcing a material win.",true,lichess,GDDcY,34914,95,{}
lc_ag187,r1b1k2r/ppq2ppp/2nb1n2/1B1pN3/3P4/5N2/PP3PPP/R1BQK2R b KQkq - 7 10,"{""c7a5"",""c1d2"",""a5b5""}",queen,7,intermediate,Queen 7 · Fork,fork,Black to move.,1518,Club,"{""crushing"",""fork"",""opening"",""short""}","A fork — one piece attacks two enemy pieces at once, forcing a material win.",true,lichess,ag187,33364,95,"{""French_Defense"",""French_Defense_Tarrasch_Variation""}"
lc_hc9LK,7k/6rp/8/2R5/2P5/1p1P3P/5PP1/6K1 b - - 0 34,"{""g7b7"",""c5c8"",""h8g7"",""c8e8"",""b3b2""}",queen,7,intermediate,Queen 7 · Advanced Pawn,advancedPawn,Black to move.,1518,Club,"{""advancedPawn"",""crushing"",""endgame"",""long"",""quietMove"",""rookEndgame""}",An advanced pawn — push the passer or use its threats to win material.,true,lichess,hc9LK,33298,96,{}
lc_JxxC1,3r2k1/pb3p2/1p2qPp1/2p3QR/4Pn2/2P3P1/PP5K/8 w - - 3 33,"{""h5h8"",""g8h8"",""g5h6"",""h8g8"",""h6g7""}",queen,7,intermediate,Queen 7 · Mate In3,mateIn3,White to move.,1518,Club,"{""attraction"",""endgame"",""fork"",""long"",""mate"",""mateIn3"",""sacrifice""}",Checkmate in three — calculate the forcing line all the way to mate.,true,lichess,JxxC1,33168,96,{}
lc_a2u6H,r4k1r/pp3pb1/4p1pp/5b2/2p2P1N/PQP4P/1P4q1/2KR1R2 w - - 0 22,"{""b3b4"",""f8g8"",""h4g2""}",queen,7,intermediate,Queen 7 · Crushing,crushing,White to move.,1518,Club,"{""crushing"",""middlegame"",""short""}",Find the strongest continuation and seize the advantage.,true,lichess,a2u6H,31983,96,{}
lc_BdJ4L,3r2k1/ppr1p3/3p1p1p/6pP/2bRB3/2P2P2/PKP3P1/4R3 w - - 4 23,"{""d4c4"",""c7c4"",""e4d5"",""g8f8"",""d5c4""}",queen,7,intermediate,Queen 7 · Fork,fork,White to move.,1518,Club,"{""advantage"",""attraction"",""endgame"",""exposedKing"",""fork"",""long"",""sacrifice""}","A fork — one piece attacks two enemy pieces at once, forcing a material win.",true,lichess,BdJ4L,31466,96,{}
lc_sZTec,6rk/pp3q1p/3p3r/8/2PP1p2/5N1P/P2Q1P2/4R1RK b - - 0 30,"{""h6h3"",""f3h2"",""h3h2"",""h1h2"",""f7h5""}",queen,7,intermediate,Queen 7 · Mate In3,mateIn3,Black to move.,1518,Club,"{""attraction"",""exposedKing"",""fork"",""long"",""mate"",""mateIn3"",""middlegame""}",Checkmate in three — calculate the forcing line all the way to mate.,true,lichess,sZTec,31292,96,{}
lc_h4Czm,8/3k4/5p2/5Pb1/2R1BP2/P7/KPP4p/4r3 b - - 0 36,"{""e1e4"",""c4e4"",""h2h1q""}",queen,7,intermediate,Queen 7 · Promotion,promotion,Black to move.,1519,Club,"{""advancedPawn"",""advantage"",""endgame"",""promotion"",""short""}",Pawn promotion — advance the pawn to its final rank and choose your new piece wisely.,true,lichess,h4Czm,46292,95,{}
lc_vueW2,r1b2r2/1pq2pk1/p1np1npp/4p1Q1/4P3/1NN5/PPP1BPPP/R4RK1 w - - 0 14,"{""g5f6"",""g7f6"",""c3d5"",""f6g7"",""d5c7""}",queen,7,intermediate,Queen 7 · Fork,fork,White to move.,1519,Club,"{""attraction"",""crushing"",""fork"",""long"",""middlegame"",""sacrifice""}","A fork — one piece attacks two enemy pieces at once, forcing a material win.",true,lichess,vueW2,39002,97,"{""Sicilian_Defense"",""Sicilian_Defense_Other_variations""}"
lc_dY7Ex,2rq1rk1/b6p/p4pp1/1p1Np3/3nP3/5P2/P4BPP/2RQR1K1 w - - 4 23,"{""c1c8"",""d8c8"",""d5e7"",""g8g7"",""e7c8""}",queen,7,intermediate,Queen 7 · Fork,fork,White to move.,1519,Club,"{""attraction"",""crushing"",""fork"",""long"",""middlegame""}","A fork — one piece attacks two enemy pieces at once, forcing a material win.",true,lichess,dY7Ex,35815,95,{}
lc_m4KLg,r2qk2r/ppp2ppp/4p3/3b4/6n1/2Q2N2/PP2PP1P/R1B1K2R w KQkq - 0 12,"{""c3g7"",""d8f6"",""g7g4""}",queen,7,intermediate,Queen 7 · Fork,fork,White to move.,1519,Club,"{""advantage"",""fork"",""middlegame"",""short""}","A fork — one piece attacks two enemy pieces at once, forcing a material win.",true,lichess,m4KLg,35537,95,"{""Grob_Opening"",""Grob_Opening_Other_variations""}"
lc_u8U3k,6k1/4r1p1/2P1R3/p2p1pN1/1q1P1K1p/4P2P/5PP1/8 w - - 4 36,"{""c6c7"",""e7c7"",""e6e8"",""b4f8"",""e8f8"",""g8f8"",""g5e6"",""f8e7"",""e6c7""}",queen,7,intermediate,Queen 7 · Fork,fork,White to move.,1519,Club,"{""advancedPawn"",""attraction"",""crushing"",""endgame"",""fork"",""veryLong""}","A fork — one piece attacks two enemy pieces at once, forcing a material win.",true,lichess,u8U3k,35006,95,{}
lc_cqge3,6k1/5p1p/p3pQp1/1p1rP3/3P4/8/q4PPP/3R2K1 w - - 2 33,"{""d1c1"",""a2c4"",""c1c4""}",queen,7,intermediate,Queen 7 · Endgame,endgame,White to move.,1519,Club,"{""advantage"",""endgame"",""quietMove"",""short""}",An endgame technique — precise play with few pieces where every tempo counts.,true,lichess,cqge3,34930,94,{}
lc_6tiuZ,6rk/5prp/p4Q2/1p3N2/2b2P2/7R/1P1p2PP/4q1RK w - - 2 29,"{""h3h7"",""h8h7"",""f6h6""}",queen,7,intermediate,Queen 7 · Mate In2,mateIn2,White to move.,1519,Club,"{""attraction"",""mate"",""mateIn2"",""middlegame"",""pin"",""sacrifice"",""short""}",Checkmate in two — a forced sequence that delivers checkmate on move two.,true,lichess,6tiuZ,34816,96,{}
lc_ObdPg,3k4/p1pr1ppp/P3r3/8/1Q2n3/1R5P/1P3qP1/2R4K w - - 6 28,"{""b4f8"",""e6e8"",""b3b8""}",queen,7,intermediate,Queen 7 · Mate In2,mateIn2,White to move.,1519,Club,"{""clearance"",""mate"",""mateIn2"",""middlegame"",""short""}",Checkmate in two — a forced sequence that delivers checkmate on move two.,true,lichess,ObdPg,33803,96,{}
lc_qkob7,rnbqk2r/pp2bppp/2p2n2/4N3/2B1P3/8/PPP1QPPP/RNB1K2R b KQkq - 0 7,"{""d8a5"",""b1c3"",""a5e5""}",queen,7,intermediate,Queen 7 · Fork,fork,Black to move.,1519,Club,"{""advantage"",""fork"",""opening"",""short""}","A fork — one piece attacks two enemy pieces at once, forcing a material win.",true,lichess,qkob7,33293,95,"{""Philidor_Defense"",""Philidor_Defense_Other_variations""}"
lc_EOI4d,4r3/3RPk2/2p3p1/3p2B1/3r3p/4R3/5P2/6K1 b - - 2 43,"{""d4g4"",""g1h2"",""g4g5""}",queen,7,intermediate,Queen 7 · Fork,fork,Black to move.,1519,Club,"{""advantage"",""endgame"",""fork"",""short""}","A fork — one piece attacks two enemy pieces at once, forcing a material win.",true,lichess,EOI4d,33236,96,{}
lc_Arqph,3r2r1/1kp1n3/1p4q1/1P1P1p2/2P1pQ2/4P1P1/5KP1/R2R4 w - - 0 30,"{""a1a7"",""b7a7"",""f4c7"",""a7a8"",""d1a1""}",queen,8,intermediate,Queen 8 · Mate In3,mateIn3,White to move.,1519,Club,"{""attraction"",""deflection"",""fork"",""long"",""mate"",""mateIn3"",""middlegame"",""sacrifice""}",Checkmate in three — calculate the forcing line all the way to mate.,true,lichess,Arqph,33171,95,{}
lc_MazYV,6k1/1b2p3/5bp1/1P5p/8/2P1q2P/rP2B1P1/3R1Q1K w - - 1 28,"{""e2c4"",""g8g7"",""c4a2""}",queen,8,intermediate,Queen 8 · Fork,fork,White to move.,1519,Club,"{""advantage"",""fork"",""middlegame"",""short""}","A fork — one piece attacks two enemy pieces at once, forcing a material win.",true,lichess,MazYV,31379,95,{}
lc_ifWqb,rn1q1rk1/1B2bp2/p5p1/5p2/5P1p/P2P3P/1PP3P1/R1BQR1K1 b - - 0 20,"{""d8b6"",""d3d4"",""b6b7""}",queen,8,intermediate,Queen 8 · Fork,fork,Black to move.,1520,Club,"{""advantage"",""fork"",""middlegame"",""short""}","A fork — one piece attacks two enemy pieces at once, forcing a material win.",true,lichess,ifWqb,37889,96,{}
lc_yPuu7,8/8/2Q4p/5ppk/3q4/6P1/6KP/8 w - - 0 53,"{""c6e8"",""h5g4"",""h2h3""}",queen,8,intermediate,Queen 8 · Mate In2,mateIn2,White to move.,1520,Club,"{""endgame"",""mate"",""mateIn2"",""queenEndgame"",""short""}",Checkmate in two — a forced sequence that delivers checkmate on move two.,true,lichess,yPuu7,35186,96,{}
lc_MwrLG,1Q3bk1/8/4p1pp/4P3/K1Qp4/5q2/8/8 b - - 5 51,"{""f3a3"",""a4b5"",""a3b2"",""b5a6"",""b2b8""}",queen,8,intermediate,Queen 8 · Skewer,skewer,Black to move.,1520,Club,"{""crushing"",""endgame"",""long"",""master"",""skewer""}","A skewer — the higher-value piece is forced to move, losing the piece behind it.",true,lichess,MwrLG,35136,95,{}
lc_3RaeK,rn4k1/pbp1b1p1/1p2p1rp/3qNp2/3P1N2/2PB4/PP2QPPP/3RR1K1 b - - 9 17,"{""g6g2"",""g1f1"",""g2g1"",""f1g1"",""d5h1""}",queen,8,intermediate,Queen 8 · Mate In3,mateIn3,Black to move.,1520,Club,"{""attraction"",""kingsideAttack"",""long"",""mate"",""mateIn3"",""middlegame"",""sacrifice""}",Checkmate in three — calculate the forcing line all the way to mate.,true,lichess,3RaeK,35041,97,"{""Torre_Attack"",""Torre_Attack_Classical_Defense""}"
lc_Is10H,r5k1/4bpp1/4p1p1/3pq1P1/7P/1PQ1P3/1P1R1P2/1K5R b - - 2 28,"{""e5e4"",""c3d3"",""e4h1""}",queen,8,intermediate,Queen 8 · Fork,fork,Black to move.,1520,Club,"{""crushing"",""endgame"",""fork"",""short""}","A fork — one piece attacks two enemy pieces at once, forcing a material win.",true,lichess,Is10H,34808,95,{}
lc_DYSit,r3k3/3R1rp1/pp2p2p/8/2P5/2N5/PP3bPP/3R3K w q - 2 23,"{""d7f7"",""e8f7"",""d1f1""}",queen,8,intermediate,Queen 8 · Pin,pin,White to move.,1520,Club,"{""attackingF2F7"",""crushing"",""endgame"",""master"",""masterVsMaster"",""pin"",""short""}",A pin — the attacked piece can't move without exposing a more valuable piece behind it.,true,lichess,DYSit,33541,95,{}
lc_Ci8EG,2r1k3/1p3p2/p1q1p3/3nP1Q1/3P4/PN4P1/1P4P1/1K5R b - - 0 29,"{""c6c2"",""b1a1"",""c2b3"",""g5g8"",""e8d7"",""g8f7"",""d5e7""}",queen,8,intermediate,Queen 8 · Fork,fork,Black to move.,1520,Club,"{""advantage"",""defensiveMove"",""endgame"",""fork"",""veryLong""}","A fork — one piece attacks two enemy pieces at once, forcing a material win.",true,lichess,Ci8EG,33363,95,{}
lc_IjWUP,6k1/1p1r2p1/p2P4/5p2/3Rp1q1/4Q1Pp/PPr2P1P/3R2K1 w - - 5 29,"{""e3b3"",""g8h7"",""b3c2"",""g4f3"",""g1f1""}",queen,8,intermediate,Queen 8 · Fork,fork,White to move.,1520,Club,"{""crushing"",""defensiveMove"",""endgame"",""fork"",""long""}","A fork — one piece attacks two enemy pieces at once, forcing a material win.",true,lichess,IjWUP,32517,95,{}
lc_aBxac,3k4/p4p2/R6r/2n1B3/4R1Pp/1P5p/2r2P2/6K1 w - - 5 37,"{""e4d4"",""d8e8"",""a6h6""}",queen,8,intermediate,Queen 8 · Endgame,endgame,White to move.,1521,Club,"{""crushing"",""endgame"",""master"",""short""}",An endgame technique — precise play with few pieces where every tempo counts.,true,lichess,aBxac,42531,95,{}
lc_hBHmK,3k4/pp2b3/8/n5Qp/3P4/8/P4qPP/4r1RK w - - 3 37,"{""g5a5"",""b7b6"",""a5e1""}",queen,8,intermediate,Queen 8 · Hanging Piece,hangingPiece,White to move.,1521,Club,"{""crushing"",""endgame"",""hangingPiece"",""master"",""short"",""superGM""}",A hanging piece — an undefended enemy piece is free to capture.,true,lichess,hBHmK,38214,95,{}
lc_xSvv4,r1bqr1k1/ppp2ppp/8/4P3/3bQ3/2B5/PPP3PP/RN2KB1R b KQ - 2 13,"{""e8e5"",""e4e5"",""d4e5""}",queen,8,intermediate,Queen 8 · Pin,pin,Black to move.,1521,Club,"{""advantage"",""opening"",""pin"",""short""}",A pin — the attacked piece can't move without exposing a more valuable piece behind it.,true,lichess,xSvv4,38099,96,"{""Englund_Gambit"",""Englund_Gambit_Other_variations""}"
lc_S56mG,r1b1kbnr/2pq1pp1/3p3p/nQ1N4/4P3/5N2/PP3PPP/R1B2RK1 w kq - 1 13,"{""d5c7"",""e8d8"",""b5d7"",""d8d7"",""c7a8""}",queen,8,intermediate,Queen 8 · Pin,pin,White to move.,1521,Club,"{""crushing"",""long"",""opening"",""pin""}",A pin — the attacked piece can't move without exposing a more valuable piece behind it.,true,lichess,S56mG,36619,95,"{""Italian_Game"",""Italian_Game_Anti-Fried_Liver_Defense""}"
lc_YU9eW,2b3r1/4k2p/5p2/1BNrp3/8/1P3P2/1KP1R2P/8 w - - 1 31,"{""b5c4"",""d5c5"",""c4g8""}",queen,8,intermediate,Queen 8 · Endgame,endgame,White to move.,1521,Club,"{""advantage"",""endgame"",""short""}",An endgame technique — precise play with few pieces where every tempo counts.,true,lichess,YU9eW,36514,96,{}
lc_19hix,8/pp1r1k1p/2p2pp1/8/4N2P/P5P1/1PPn1PK1/1R6 w - - 7 25,"{""b1d1"",""d7d4"",""e4d2""}",queen,8,intermediate,Queen 8 · Endgame,endgame,White to move.,1521,Club,"{""advantage"",""endgame"",""short""}",An endgame technique — precise play with few pieces where every tempo counts.,true,lichess,19hix,35879,96,{}
lc_NMqnI,5rk1/3R1ppp/4p3/bP2P3/4P3/4BP2/2p3PP/6K1 b - - 1 29,"{""a5b6"",""e3b6"",""c2c1q""}",queen,8,intermediate,Queen 8 · Deflection,deflection,Black to move.,1521,Club,"{""advancedPawn"",""crushing"",""deflection"",""endgame"",""promotion"",""short""}",A deflection — lure a defending piece away from the square it was guarding.,true,lichess,NMqnI,35724,95,{}
lc_KsWDZ,2B5/2b2kpp/8/ppr5/8/1P2P2P/P4PP1/R5K1 b - - 0 24,"{""c7e5"",""a1d1"",""c5c8""}",queen,8,intermediate,Queen 8 · Discovered Attack,discoveredAttack,Black to move.,1521,Club,"{""advantage"",""discoveredAttack"",""endgame"",""short""}",A discovered attack — moving one piece uncovers a deadly attack from another.,true,lichess,KsWDZ,35633,95,{}
lc_rCVTy,r5k1/5p1p/p3r1p1/1p1qn3/2p5/4R3/3PQPPP/1B1R2K1 w - - 11 29,"{""b1e4"",""d5d6"",""e4a8""}",queen,8,intermediate,Queen 8 · Skewer,skewer,White to move.,1521,Club,"{""advantage"",""middlegame"",""short"",""skewer""}","A skewer — the higher-value piece is forced to move, losing the piece behind it.",true,lichess,rCVTy,35474,95,{}
lc_RHdwn,rn1qk2r/pb1pbppp/1p3n2/3Np1B1/2P5/8/PPN1PPPP/R2QKB1R b KQkq - 5 8,"{""f6d5"",""g5e7"",""d5e7""}",queen,8,intermediate,Queen 8 · Advantage,advantage,Black to move.,1521,Club,"{""advantage"",""opening"",""short""}",Find the strongest continuation and seize the advantage.,true,lichess,RHdwn,35463,95,"{""English_Opening"",""English_Opening_Other_variations""}"
lc_Lzxeb,r1b2rk1/1p3ppp/p1p1pn2/8/4PB2/P1N3P1/1qPQ1K1P/RR3B2 b - - 0 16,"{""b2c3"",""d2c3"",""f6e4"",""f2g1"",""e4c3""}",queen,8,intermediate,Queen 8 · Fork,fork,Black to move.,1521,Club,"{""advantage"",""attraction"",""capturingDefender"",""fork"",""long"",""middlegame"",""sacrifice""}","A fork — one piece attacks two enemy pieces at once, forcing a material win.",true,lichess,Lzxeb,35280,96,"{""Sicilian_Defense"",""Sicilian_Defense_French_Variation""}"
lc_Rjkrz,7r/pp1Q1nkp/4ppp1/q6n/8/1B6/PP1R1PPP/4K2R b K - 4 20,"{""h8d8"",""d7d8"",""f7d8""}",queen,8,intermediate,Queen 8 · Advantage,advantage,Black to move.,1521,Club,"{""advantage"",""middlegame"",""short""}",Find the strongest continuation and seize the advantage.,true,lichess,Rjkrz,34853,96,{}
lc_WieLO,r4rk1/ppbqn1pp/2p2p2/7b/2QPP3/2N2NBP/PPP3P1/3R1RK1 b - - 0 18,"{""h5f7"",""c4d3"",""c7g3""}",queen,8,intermediate,Queen 8 · Advantage,advantage,Black to move.,1521,Club,"{""advantage"",""defensiveMove"",""middlegame"",""short""}",Find the strongest continuation and seize the advantage.,true,lichess,WieLO,34685,95,"{""Sicilian_Defense"",""Sicilian_Defense_Closed""}"
lc_aW5pa,r1b2rk1/pp2q1p1/2n1pp2/6N1/7R/4Q3/P1P2PPP/b1B3K1 w - - 0 18,"{""h4h8"",""g8h8"",""e3h3"",""h8g8"",""h3h7""}",queen,8,intermediate,Queen 8 · Mate In3,mateIn3,White to move.,1521,Club,"{""attraction"",""kingsideAttack"",""long"",""mate"",""mateIn3"",""middlegame"",""sacrifice""}",Checkmate in three — calculate the forcing line all the way to mate.,true,lichess,aW5pa,34340,95,"{""Sicilian_Defense"",""Sicilian_Defense_French_Variation""}"
lc_B4zvp,7r/np2q1b1/pNpk3p/P5p1/1P2p1P1/1Q2PB2/4K1P1/1R6 w - - 0 29,"{""b1d1"",""d6c7"",""d1d7"",""e7d7"",""b6d7""}",queen,8,intermediate,Queen 8 · Fork,fork,White to move.,1521,Club,"{""crushing"",""fork"",""long"",""middlegame""}","A fork — one piece attacks two enemy pieces at once, forcing a material win.",true,lichess,B4zvp,33108,96,{}
lc_pSliZ,1k1r4/ppp5/3b4/3Q1BN1/3n4/2q2N1P/5PP1/1R4K1 b - - 0 31,"{""d6h2"",""g1h2"",""d8d5""}",queen,8,intermediate,Queen 8 · Discovered Attack,discoveredAttack,Black to move.,1521,Club,"{""crushing"",""discoveredAttack"",""middlegame"",""short""}",A discovered attack — moving one piece uncovers a deadly attack from another.,true,lichess,pSliZ,32570,96,{}
lc_5IzPB,5rk1/4Qp2/p3pPp1/1p5p/8/5q2/1PKR4/8 w - - 0 44,"{""e7f8"",""g8f8"",""d2d8""}",queen,8,intermediate,Queen 8 · Mate In2,mateIn2,White to move.,1521,Club,"{""attraction"",""endgame"",""mate"",""mateIn2"",""sacrifice"",""short""}",Checkmate in two — a forced sequence that delivers checkmate on move two.,true,lichess,5IzPB,32476,95,{}
lc_86srR,4b3/5k2/5pp1/4p2p/4P2K/P4P1P/6r1/5Q2 b - - 1 42,"{""g6g5"",""h4h5"",""f7g7""}",queen,8,intermediate,Queen 8 · Mate In2,mateIn2,Black to move.,1521,Club,"{""discoveredAttack"",""discoveredCheck"",""endgame"",""mate"",""mateIn2"",""morphysMate"",""short""}",Checkmate in two — a forced sequence that delivers checkmate on move two.,true,lichess,86srR,32438,95,{}
lc_BVldi,4k2r/2Bnp3/3pq3/1Q3pp1/3b4/5P2/2P3PP/1R2R2K b k - 1 29,"{""h8h2"",""h1h2"",""e6h6"",""h2g3"",""h6h4""}",queen,8,intermediate,Queen 8 · Mate In3,mateIn3,Black to move.,1521,Club,"{""attraction"",""long"",""mate"",""mateIn3"",""middlegame"",""sacrifice""}",Checkmate in three — calculate the forcing line all the way to mate.,true,lichess,BVldi,32322,96,{}
lc_CBso2,rn2k3/pQ4p1/1n2Npp1/8/6P1/1P1P1R1q/1PP4b/R1B4K b q - 3 23,"{""h2g3"",""h1g1"",""h3h2"",""g1f1"",""h2h1"",""f1e2"",""h1e1""}",queen,8,intermediate,Queen 8 · Discovered Attack,discoveredAttack,Black to move.,1521,Club,"{""discoveredAttack"",""discoveredCheck"",""exposedKing"",""kingsideAttack"",""mate"",""mateIn4"",""middlegame"",""swallowstailMate"",""veryLong""}",A discovered attack — moving one piece uncovers a deadly attack from another.,true,lichess,CBso2,31992,96,{}
lc_N3Lmc,r4rk1/1ppQ1qpp/p1p2p2/5P2/5bP1/2N5/PPP2P1P/3RR1K1 w - - 1 18,"{""e1e7"",""f7e7"",""d7e7""}",queen,8,intermediate,Queen 8 · Crushing,crushing,White to move.,1521,Club,"{""crushing"",""middlegame"",""short""}",Find the strongest continuation and seize the advantage.,true,lichess,N3Lmc,31918,96,"{""Ruy_Lopez"",""Ruy_Lopez_Exchange_Variation""}"
lc_Ty27h,4r3/1bkp4/p5Q1/1pP5/2P5/4q3/PP3RPP/5R1K b - - 0 32,"{""e3f2"",""g6g3"",""f2g3""}",queen,8,intermediate,Queen 8 · Endgame,endgame,Black to move.,1521,Club,"{""crushing"",""endgame"",""short""}",An endgame technique — precise play with few pieces where every tempo counts.,true,lichess,Ty27h,31330,95,{}
lc_iSLme,r4r2/p5Rp/4k2b/1p1pP3/3Pb1P1/7B/PP2K2P/3R4 w - - 3 33,"{""g4g5"",""e4f5"",""h3f5"",""f8f5"",""g5h6""}",queen,8,intermediate,Queen 8 · Discovered Attack,discoveredAttack,White to move.,1522,Club,"{""advantage"",""discoveredAttack"",""discoveredCheck"",""long"",""middlegame""}",A discovered attack — moving one piece uncovers a deadly attack from another.,true,lichess,iSLme,36098,95,{}
lc_X3RTX,8/8/P6R/r4k2/3n3P/1p4PK/8/8 w - - 1 53,"{""h6h5"",""f5f6"",""h5a5"",""b3b2"",""a6a7"",""b2b1q"",""a7a8q""}",queen,8,intermediate,Queen 8 · Skewer,skewer,White to move.,1522,Club,"{""advancedPawn"",""crushing"",""endgame"",""promotion"",""skewer"",""veryLong""}","A skewer — the higher-value piece is forced to move, losing the piece behind it.",true,lichess,X3RTX,35467,96,{}
lc_LjT3c,2k3r1/p5q1/2pP4/4B3/1P5p/8/P5r1/R2QR2K b - - 0 29,"{""g2h2"",""e5h2"",""g7g2""}",queen,8,intermediate,Queen 8 · Mate In2,mateIn2,Black to move.,1522,Club,"{""clearance"",""mate"",""mateIn2"",""middlegame"",""sacrifice"",""short""}",Checkmate in two — a forced sequence that delivers checkmate on move two.,true,lichess,LjT3c,35396,96,{}
lc_XDgcz,1k1r3r/pp1b1p1p/1q1Npp1b/4n3/8/P4N2/1PQ1BPPP/1K1R3R w - - 7 18,"{""f3e5"",""f6e5"",""d6f7""}",queen,8,intermediate,Queen 8 · Advantage,advantage,White to move.,1522,Club,"{""advantage"",""capturingDefender"",""middlegame"",""short""}",Find the strongest continuation and seize the advantage.,true,lichess,XDgcz,35390,95,"{""Caro-Kann_Defense"",""Caro-Kann_Defense_Panov_Attack""}"
lc_QGJ2B,4rrk1/pp5p/3pq1p1/2p1nP2/2P5/3PQ1PP/PP3RBK/5R2 b - - 0 24,"{""e5g4"",""h3g4"",""e6e3""}",queen,8,intermediate,Queen 8 · Discovered Attack,discoveredAttack,Black to move.,1522,Club,"{""crushing"",""discoveredAttack"",""middlegame"",""short""}",A discovered attack — moving one piece uncovers a deadly attack from another.,true,lichess,QGJ2B,35168,95,{}
lc_GgkaH,8/pp1R2pk/2p1N1pp/8/6Q1/P6P/1P4PK/1q2r3 b - - 5 31,"{""e1h1"",""h2g3"",""b1e1"",""g3f4"",""h1f1""}",queen,8,intermediate,Queen 8 · Endgame,endgame,Black to move.,1522,Club,"{""crushing"",""endgame"",""long""}",An endgame technique — precise play with few pieces where every tempo counts.,true,lichess,GgkaH,33421,96,{}
lc_9BWYE,2r1r2k/1p2nQpp/3N4/8/p1P1P3/6P1/Pq1N2KP/2R2R2 b - - 0 23,"{""b2d2"",""f1f2"",""d2d6""}",queen,8,intermediate,Queen 8 · Fork,fork,Black to move.,1522,Club,"{""crushing"",""fork"",""hangingPiece"",""middlegame"",""short""}","A fork — one piece attacks two enemy pieces at once, forcing a material win.",true,lichess,9BWYE,33300,95,{}
lc_VxQdU,2r3rk/p4p1p/3p1PpQ/p3p3/2q5/P4R2/6PP/5R1K w - - 6 31,"{""h6h7"",""h8h7"",""f3h3"",""c4h4"",""h3h4""}",queen,8,intermediate,Queen 8 · Mate In3,mateIn3,White to move.,1522,Club,"{""attraction"",""endgame"",""long"",""mate"",""mateIn3"",""sacrifice""}",Checkmate in three — calculate the forcing line all the way to mate.,true,lichess,VxQdU,32413,95,{}
lc_hLb0L,r1b2rk1/6p1/p1p3pp/1pPqp1n1/1P6/P2PP3/2B3PP/R2Q1RK1 w - - 0 21,"{""c2b3"",""f8f1"",""g1f1"",""d5b3"",""d1b3""}",queen,8,intermediate,Queen 8 · Pin,pin,White to move.,1522,Club,"{""advantage"",""long"",""middlegame"",""pin""}",A pin — the attacked piece can't move without exposing a more valuable piece behind it.,true,lichess,hLb0L,32226,95,{}
lc_zQnWd,r6r/pp3pk1/3Bp3/q2n3p/3PQ3/P3P2R/5PP1/R4K2 b - - 0 22,"{""a5a6"",""f1g1"",""a6d6""}",queen,8,intermediate,Queen 8 · Fork,fork,Black to move.,1523,Club,"{""advantage"",""fork"",""middlegame"",""short""}","A fork — one piece attacks two enemy pieces at once, forcing a material win.",true,lichess,zQnWd,49530,96,{}
lc_4Pab3,2r2rk1/pp4b1/3p1np1/q2Pp3/4P3/2N4Q/PP3P2/2KR3R w - - 2 20,"{""h3e6"",""f8f7"",""e6c8""}",queen,8,intermediate,Queen 8 · Deflection,deflection,White to move.,1523,Club,"{""crushing"",""deflection"",""middlegame"",""short""}",A deflection — lure a defending piece away from the square it was guarding.,true,lichess,4Pab3,39086,96,"{""Kings_Indian_Defense"",""Kings_Indian_Defense_Normal_Variation""}"
lc_4YwIR,3rkr2/ppR2p1p/4b3/6Q1/1q6/8/5PPP/4R1K1 w - - 2 20,"{""e1e6"",""f7e6"",""g5h5"",""f8f7"",""h5f7""}",queen,8,intermediate,Queen 8 · Mate In3,mateIn3,White to move.,1523,Club,"{""attackingF2F7"",""long"",""mate"",""mateIn3"",""middlegame"",""sacrifice""}",Checkmate in three — calculate the forcing line all the way to mate.,true,lichess,4YwIR,36051,95,"{""Reti_Opening"",""Reti_Opening_Reti_Accepted""}"
lc_CSFJo,6k1/6pp/1Qb1p3/2p1Pp1n/2P2Pq1/4B3/5RPP/r4NK1 b - - 2 29,"{""a1f1"",""g1f1"",""g4d1""}",queen,8,intermediate,Queen 8 · Mate In2,mateIn2,Black to move.,1523,Club,"{""attraction"",""kingsideAttack"",""mate"",""mateIn2"",""middlegame"",""sacrifice"",""short""}",Checkmate in two — a forced sequence that delivers checkmate on move two.,true,lichess,CSFJo,35105,96,{}
lc_vh2KC,6k1/p4pp1/1p5p/7q/1PQ5/P4RP1/5PK1/3r4 w - - 7 37,"{""c4c8"",""g8h7"",""c8c2"",""h5g6"",""c2d1""}",queen,8,intermediate,Queen 8 · Fork,fork,White to move.,1523,Club,"{""crushing"",""endgame"",""fork"",""long""}","A fork — one piece attacks two enemy pieces at once, forcing a material win.",true,lichess,vh2KC,34892,95,{}
lc_cGtMk,1k6/1p2r2p/8/R3p3/2B1bn2/6BP/P6K/8 w - - 6 36,"{""a5e5"",""e7e5"",""g3f4"",""b8c7"",""f4e5""}",queen,8,intermediate,Queen 8 · Pin,pin,White to move.,1523,Club,"{""advantage"",""attraction"",""capturingDefender"",""endgame"",""long"",""pin""}",A pin — the attacked piece can't move without exposing a more valuable piece behind it.,true,lichess,cGtMk,34405,95,{}
lc_f0tVp,rnbq2k1/pp4pp/2p1pb2/1nB1N3/2Q3P1/2N5/PPP4P/2KR1B1R b - - 1 17,"{""f6g5"",""c1b1"",""b5c3"",""b2c3"",""d8d1""}",queen,8,intermediate,Queen 8 · Crushing,crushing,Black to move.,1523,Club,"{""crushing"",""long"",""opening"",""queensideAttack""}",Find the strongest continuation and seize the advantage.,true,lichess,f0tVp,34244,95,"{""Center_Game"",""Center_Game_Other_variations""}"
lc_6PIrs,6k1/1p4p1/7p/4Q3/PP3P1K/6PP/4q3/8 b - - 2 39,"{""g7g5"",""f4g5"",""e2e5""}",queen,8,intermediate,Queen 8 · Deflection,deflection,Black to move.,1523,Club,"{""crushing"",""deflection"",""endgame"",""master"",""queenEndgame"",""short""}",A deflection — lure a defending piece away from the square it was guarding.,true,lichess,6PIrs,34038,96,{}
lc_Aoinr,r3k1nr/p1ppq1pp/2p2p2/b7/5B2/2N1P3/PPP2PPP/R2QKR2 w Qkq - 3 12,"{""d1h5"",""e7f7"",""h5a5""}",queen,8,intermediate,Queen 8 · Fork,fork,White to move.,1523,Club,"{""crushing"",""fork"",""middlegame"",""short""}","A fork — one piece attacks two enemy pieces at once, forcing a material win.",true,lichess,Aoinr,33686,95,"{""Van_Geet_Opening"",""Van_Geet_Opening_Napoleon_Attack""}"
lc_NZO00,8/6Q1/pk6/2pp4/4q3/8/1PPr4/1KR5 w - - 3 43,"{""g7h6"",""b6b5"",""h6d2""}",queen,8,intermediate,Queen 8 · Fork,fork,White to move.,1523,Club,"{""crushing"",""endgame"",""fork"",""short""}","A fork — one piece attacks two enemy pieces at once, forcing a material win.",true,lichess,NZO00,33656,95,{}
lc_NmtYI,8/5pp1/7p/4P1P1/1p3k1P/p7/K7/8 w - - 0 42,"{""g5g6"",""f7g6"",""e5e6""}",queen,8,intermediate,Queen 8 · Pawn Endgame,pawnEndgame,White to move.,1523,Club,"{""crushing"",""endgame"",""pawnEndgame"",""short""}",A pawn endgame — king opposition and the square of the pawn decide it.,true,lichess,NmtYI,32859,96,{}
lc_5pCh6,1k1r3r/1p5p/1P3bp1/1B6/6Q1/4q3/1p3RPP/R5K1 w - - 0 25,"{""a1a8"",""b8a8"",""g4a4"",""a8b8"",""a4a7"",""b8c8"",""a7a8""}",queen,8,intermediate,Queen 8 · Attraction,attraction,White to move.,1523,Club,"{""attraction"",""mate"",""mateIn4"",""middlegame"",""sacrifice"",""veryLong""}",An attraction — force an enemy piece onto a square where it can be exploited.,true,lichess,5pCh6,32601,96,{}
lc_mxRWS,6n1/5rk1/p3pp2/2Qp1q2/2P2n2/8/PPNN1P2/2K4R b - - 6 35,"{""f4d3"",""c1b1"",""d3c5""}",queen,8,intermediate,Queen 8 · Fork,fork,Black to move.,1523,Club,"{""crushing"",""fork"",""middlegame"",""short""}","A fork — one piece attacks two enemy pieces at once, forcing a material win.",true,lichess,mxRWS,32451,97,{}
lc_xlAQd,8/p2Q2pk/bp3r1p/8/6R1/1P6/P4qPP/6RK b - - 4 34,"{""f2g1"",""h1g1"",""f6f1""}",queen,8,intermediate,Queen 8 · Mate In2,mateIn2,Black to move.,1523,Club,"{""attraction"",""endgame"",""mate"",""mateIn2"",""operaMate"",""sacrifice"",""short""}",Checkmate in two — a forced sequence that delivers checkmate on move two.,true,lichess,xlAQd,32303,95,{}
lc_dL6te,2b2r2/1q3pk1/3p1np1/4p3/2QpP3/1P1P1B1P/1NP2PP1/4R1K1 b - - 4 24,"{""c8e6"",""c4a4"",""f8a8"",""a4a8"",""b7a8""}",queen,8,intermediate,Queen 8 · Clearance,clearance,Black to move.,1523,Club,"{""advantage"",""clearance"",""long"",""middlegame"",""trappedPiece""}",A clearance — vacate a square or line so another piece can strike.,true,lichess,dL6te,31601,95,{}
lc_iWFc4,4r1k1/5ppp/p3p3/Pp1p4/1qrP4/RN2Q2P/5PP1/R5K1 b - - 3 29,"{""c4c3"",""e3e1"",""c3b3"",""a3b3"",""b4b3""}",queen,8,intermediate,Queen 8 · Advantage,advantage,Black to move.,1523,Club,"{""advantage"",""long"",""master"",""middlegame""}",Find the strongest continuation and seize the advantage.,true,lichess,iWFc4,31568,95,{}
lc_WjLkQ,k4b1r/pp3ppp/4pn2/1q6/3P1B2/1Q6/P4PPP/1K1R3R b - - 1 20,"{""b5f5"",""b3c2"",""f5f4""}",queen,8,intermediate,Queen 8 · Fork,fork,Black to move.,1523,Club,"{""crushing"",""fork"",""middlegame"",""short""}","A fork — one piece attacks two enemy pieces at once, forcing a material win.",true,lichess,WjLkQ,31520,96,{}
lc_KtQYn,4r2k/p1p3bp/2r3p1/2q2p2/Q1Pp1B2/1P3P1P/P5P1/R4RK1 b - - 0 26,"{""d4d3"",""g1h1"",""g7a1""}",queen,8,intermediate,Queen 8 · Discovered Attack,discoveredAttack,Black to move.,1524,Club,"{""crushing"",""discoveredAttack"",""discoveredCheck"",""middlegame"",""short""}",A discovered attack — moving one piece uncovers a deadly attack from another.,true,lichess,KtQYn,36772,95,{}
lc_Jghbd,r1b1kbnr/ppppqppp/8/4n1B1/2P5/5N2/PP2PPPP/RN1QKB1R b KQkq - 1 5,"{""e5f3"",""g2f3"",""e7g5""}",queen,8,intermediate,Queen 8 · Pin,pin,Black to move.,1524,Club,"{""advantage"",""opening"",""pin"",""short""}",A pin — the attacked piece can't move without exposing a more valuable piece behind it.,true,lichess,Jghbd,36140,96,"{""Englund_Gambit_Complex"",""Englund_Gambit_Complex_Englund_Gambit""}"
lc_9UsVu,3r1rk1/2q1bppp/1pn5/p1p2P2/P7/1QP3N1/1P3PBP/R3R1K1 w - - 1 19,"{""g2c6"",""c7c6"",""e1e7""}",queen,8,intermediate,Queen 8 · Advantage,advantage,White to move.,1524,Club,"{""advantage"",""capturingDefender"",""middlegame"",""short""}",Find the strongest continuation and seize the advantage.,true,lichess,9UsVu,34796,95,"{""Englund_Gambit_Declined"",""Englund_Gambit_Declined_Reversed_Alekhine""}"
lc_vDA1W,r4bk1/5ppp/2N1p3/4P3/3P4/p3B2P/RrR2PP1/6K1 b - - 4 32,"{""b2c2"",""a2c2"",""a3a2"",""c2a2"",""a8a2""}",queen,8,intermediate,Queen 8 · Advanced Pawn,advancedPawn,Black to move.,1524,Club,"{""advancedPawn"",""advantage"",""long"",""middlegame""}",An advanced pawn — push the passer or use its threats to win material.,true,lichess,vDA1W,34497,96,{}
lc_fvR6a,r4rk1/R4ppp/1p2n2q/1N6/3P4/4PP2/2Q2P1P/5RK1 b - - 0 21,"{""h6g5"",""g1h1"",""g5b5""}",queen,8,intermediate,Queen 8 · Fork,fork,Black to move.,1524,Club,"{""crushing"",""fork"",""middlegame"",""short""}","A fork — one piece attacks two enemy pieces at once, forcing a material win.",true,lichess,fvR6a,33964,95,{}
lc_T7N0I,3r1rk1/p5pp/1p4q1/3R1b2/5P2/PQ3PB1/5RPP/6K1 b - - 0 24,"{""f5e6"",""d5d8"",""e6b3""}",queen,8,intermediate,Queen 8 · Advantage,advantage,Black to move.,1524,Club,"{""advantage"",""middlegame"",""short""}",Find the strongest continuation and seize the advantage.,true,lichess,T7N0I,33830,95,{}
lc_WGgDl,r4r2/1pp1n1pk/3p1npp/p3p3/q3P3/2PPB1NP/BP1Q2PK/R7 w - - 2 20,"{""a2g8"",""f8g8"",""a1a4""}",queen,8,intermediate,Queen 8 · Discovered Attack,discoveredAttack,White to move.,1524,Club,"{""advantage"",""discoveredAttack"",""middlegame"",""short""}",A discovered attack — moving one piece uncovers a deadly attack from another.,true,lichess,WGgDl,33789,95,"{""Italian_Game"",""Italian_Game_Giuoco_Pianissimo""}"
lc_Ez0I9,5rk1/R5pp/1p1p4/3Pp1b1/1P4P1/P3p1P1/5P2/4BK2 b - - 1 30,"{""e3f2"",""e1f2"",""g5e3"",""f1e2"",""e3f2""}",queen,8,intermediate,Queen 8 · Pin,pin,Black to move.,1524,Club,"{""advancedPawn"",""crushing"",""endgame"",""long"",""pin""}",A pin — the attacked piece can't move without exposing a more valuable piece behind it.,true,lichess,Ez0I9,33591,96,{}
lc_z4EiU,2r2k2/2q2pbp/p2p2p1/1p2n1N1/5Q2/P6P/1PP2PP1/R5K1 w - - 3 26,"{""g5e6"",""f8g8"",""e6c7""}",queen,8,intermediate,Queen 8 · Pin,pin,White to move.,1524,Club,"{""advantage"",""middlegame"",""pin"",""short""}",A pin — the attacked piece can't move without exposing a more valuable piece behind it.,true,lichess,z4EiU,33239,96,{}
lc_rhgts,r4rk1/1n4pp/p2p2p1/1P2p1bn/1P2P3/P2Q3P/2BN1qPK/R1B2R2 b - - 3 22,"{""g5f4"",""h2h1"",""h5g3"",""d3g3"",""f2g3""}",queen,8,intermediate,Queen 8 · Fork,fork,Black to move.,1524,Club,"{""crushing"",""fork"",""long"",""middlegame""}","A fork — one piece attacks two enemy pieces at once, forcing a material win.",true,lichess,rhgts,32514,94,{}
lc_IsYDc,4r1k1/1b3ppp/1q1b1r2/2p1p3/5P2/1B2Q1P1/P1R4P/1R3NK1 w - - 0 30,"{""b3f7"",""g8f7"",""b1b6""}",queen,8,intermediate,Queen 8 · Discovered Attack,discoveredAttack,White to move.,1524,Club,"{""crushing"",""discoveredAttack"",""middlegame"",""short""}",A discovered attack — moving one piece uncovers a deadly attack from another.,true,lichess,IsYDc,32025,94,{}
lc_FehWp,3r2k1/2p2pp1/1pnr1q1p/p1p1p3/4BPQ1/P1PP3P/1P4P1/4RRK1 w - - 2 22,"{""f4e5"",""c6e5"",""f1f6"",""e5g4"",""f6d6"",""d8d6"",""h3g4""}",queen,8,intermediate,Queen 8 · Pin,pin,White to move.,1524,Club,"{""advantage"",""discoveredAttack"",""middlegame"",""pin"",""veryLong""}",A pin — the attacked piece can't move without exposing a more valuable piece behind it.,true,lichess,FehWp,31935,95,{}
lc_WIiKs,2k5/Q4p2/p3p1p1/1pN1P1P1/2n2q2/P1R5/KPP5/3r4 b - - 6 39,"{""d1a1"",""a2a1"",""f4c1"",""a1a2"",""c1b2""}",queen,8,intermediate,Queen 8 · Mate In3,mateIn3,Black to move.,1524,Club,"{""attraction"",""endgame"",""long"",""mate"",""mateIn3"",""sacrifice""}",Checkmate in three — calculate the forcing line all the way to mate.,true,lichess,WIiKs,31772,95,{}
lc_ju11S,5rk1/p1Q2ppp/4p3/8/3P1R2/6P1/qr3PKP/2R5 w - - 0 22,"{""c7f7"",""f8f7"",""c1c8"",""f7f8"",""f4f8""}",queen,8,intermediate,Queen 8 · Mate In3,mateIn3,White to move.,1524,Club,"{""clearance"",""endgame"",""long"",""mate"",""mateIn3"",""sacrifice""}",Checkmate in three — calculate the forcing line all the way to mate.,true,lichess,ju11S,31755,95,{}
lc_M5ilD,3r2k1/5p1p/p4Pp1/3ppNP1/1p6/3R1R2/PPr2P1P/6K1 b - - 0 32,"{""e5e4"",""f5h6"",""g8f8""}",queen,8,intermediate,Queen 8 · Fork,fork,Black to move.,1525,Club,"{""advantage"",""endgame"",""fork"",""short""}","A fork — one piece attacks two enemy pieces at once, forcing a material win.",true,lichess,M5ilD,42402,95,{}
lc_9kN66,rnbqk1nr/ppP2pp1/7p/2b5/8/5N2/PPP1PPPP/RNBQKB1R b KQkq - 0 5,"{""c5f2"",""e1f2"",""d8d1""}",queen,8,intermediate,Queen 8 · Deflection,deflection,Black to move.,1525,Club,"{""advantage"",""attackingF2F7"",""deflection"",""opening"",""short""}",A deflection — lure a defending piece away from the square it was guarding.,true,lichess,9kN66,38769,95,"{""Englund_Gambit"",""Englund_Gambit_Other_variations""}"
lc_VMrBE,4r1k1/rp3ppp/p7/2PQnR2/8/4P3/PP6/R1B1qB1K b - - 4 24,"{""e1h4"",""h1g1"",""h4g4"",""f1g2"",""g4f5""}",queen,8,intermediate,Queen 8 · Fork,fork,Black to move.,1525,Club,"{""advantage"",""exposedKing"",""fork"",""long"",""middlegame""}","A fork — one piece attacks two enemy pieces at once, forcing a material win.",true,lichess,VMrBE,35850,96,{}
lc_eWVwj,r4rk1/p1p3pp/1p1p1q2/2PPp3/2P1P3/P1BbR3/3N2PP/R2Q2K1 b - - 0 20,"{""f6f2"",""g1h1"",""f2e3""}",queen,8,intermediate,Queen 8 · Fork,fork,Black to move.,1525,Club,"{""advantage"",""fork"",""middlegame"",""short""}","A fork — one piece attacks two enemy pieces at once, forcing a material win.",true,lichess,eWVwj,34725,96,{}
lc_bUlW7,8/5B2/7k/1P3bp1/7r/5K1p/1P3P2/7R b - - 0 39,"{""f5e4"",""f3g3"",""e4h1""}",queen,8,intermediate,Queen 8 · Skewer,skewer,Black to move.,1525,Club,"{""crushing"",""endgame"",""master"",""masterVsMaster"",""short"",""skewer""}","A skewer — the higher-value piece is forced to move, losing the piece behind it.",true,lichess,bUlW7,34554,95,{}
lc_T12Xd,1r2k2r/R2bqpbp/2p2np1/1p2p1B1/4P3/1PNP1N1P/1PP3P1/3Q1RK1 b k - 4 16,"{""e7c5"",""d3d4"",""c5a7""}",queen,8,intermediate,Queen 8 · Fork,fork,Black to move.,1525,Club,"{""advantage"",""fork"",""middlegame"",""pin"",""short""}","A fork — one piece attacks two enemy pieces at once, forcing a material win.",true,lichess,T12Xd,34168,95,"{""Kings_Gambit_Declined"",""Kings_Gambit_Declined_Queens_Knight_Defense""}"
lc_v9NBs,rn1qkbnr/1bpp2pp/p3p3/3N2p1/1p1PP2N/8/PPP2PPP/R2QKB1R w KQkq - 0 8,"{""d1h5"",""g7g6"",""h4g6"",""g8f6"",""d5f6"",""d8f6"",""g6h8""}",queen,8,intermediate,Queen 8 · Discovered Attack,discoveredAttack,White to move.,1525,Club,"{""advantage"",""discoveredAttack"",""discoveredCheck"",""opening"",""veryLong""}",A discovered attack — moving one piece uncovers a deadly attack from another.,true,lichess,v9NBs,34003,95,"{""St_George_Defense"",""St_George_Defense_Other_variations""}"
lc_iiFtP,2r4k/6pp/8/5Q2/P4N2/3P1bP1/5P1P/1q3BK1 b - - 2 31,"{""b1f1"",""g1f1"",""c8c1""}",queen,8,intermediate,Queen 8 · Mate In2,mateIn2,Black to move.,1525,Club,"{""attraction"",""endgame"",""master"",""mate"",""mateIn2"",""pillsburysMate"",""sacrifice"",""short""}",Checkmate in two — a forced sequence that delivers checkmate on move two.,true,lichess,iiFtP,33533,95,{}
lc_CxKBC,8/4b3/2p2kP1/1p1p4/3P1B2/2K5/8/8 w - - 1 54,"{""f4g5"",""f6g6"",""g5e7""}",queen,8,intermediate,Queen 8 · Skewer,skewer,White to move.,1525,Club,"{""bishopEndgame"",""crushing"",""deflection"",""endgame"",""short"",""skewer""}","A skewer — the higher-value piece is forced to move, losing the piece behind it.",true,lichess,CxKBC,32526,95,{}
lc_NWOin,r2q4/pp2bpk1/1n2pn2/1B1pNb2/3P2PP/2P2Q2/PP3P2/R3K2R b KQ g3 0 19,"{""f5e4"",""f3f4"",""e4h1""}",queen,8,intermediate,Queen 8 · Skewer,skewer,Black to move.,1525,Club,"{""advantage"",""middlegame"",""short"",""skewer""}","A skewer — the higher-value piece is forced to move, losing the piece behind it.",true,lichess,NWOin,32052,95,"{""Queens_Pawn_Game"",""Queens_Pawn_Game_Mason_Variation""}"
lc_F5oii,r1bq2k1/pp4p1/2p1p1r1/3pP2p/2P1pP1P/1PN1P2K/P4P2/R2Q1R2 b - - 1 17,"{""g6g4"",""d1g4"",""h5g4""}",queen,8,intermediate,Queen 8 · Crushing,crushing,Black to move.,1525,Club,"{""crushing"",""middlegame"",""short""}",Find the strongest continuation and seize the advantage.,true,lichess,F5oii,31847,95,"{""Dutch_Defense"",""Dutch_Defense_Fianchetto_Attack""}"
lc_YY6dG,r4r1k/ppb3pp/2n5/2P2pq1/1PQ1p3/P2p1P2/1B1P1P1P/RN3R1K w - - 0 19,"{""f1g1"",""g5h6"",""b2g7"",""h6g7"",""g1g7""}",queen,8,intermediate,Queen 8 · Fork,fork,White to move.,1525,Club,"{""crushing"",""fork"",""long"",""middlegame""}","A fork — one piece attacks two enemy pieces at once, forcing a material win.",true,lichess,YY6dG,31478,95,"{""Zukertort_Opening"",""Zukertort_Opening_Other_variations""}"
lc_gY1jI,Q7/7p/p5pk/3r1p2/1P2qP2/P5RP/5P1K/3q4 w - - 0 39,"{""a8f8"",""h6h5"",""g3g5"",""h5h4"",""f8h6"",""d1h5"",""g5h5"",""g6h5"",""h6g5""}",queen,8,intermediate,Queen 8 · Clearance,clearance,White to move.,1526,Club,"{""clearance"",""endgame"",""mate"",""mateIn5"",""veryLong""}",A clearance — vacate a square or line so another piece can strike.,true,lichess,gY1jI,47754,97,{}
lc_cwIHg,2r5/8/5p1p/4kPp1/R1p1r3/P4KP1/8/2R5 w - - 5 42,"{""a4a5"",""e5d4"",""c1d1"",""d4c3"",""f3e4"",""c8e8"",""e4f3""}",queen,8,intermediate,Queen 8 · Deflection,deflection,White to move.,1526,Club,"{""crushing"",""defensiveMove"",""deflection"",""endgame"",""rookEndgame"",""veryLong""}",A deflection — lure a defending piece away from the square it was guarding.,true,lichess,cwIHg,38085,96,{}
lc_CI93g,r4k1r/pp4p1/2p2qp1/2b1Qb2/2B2P2/8/PP4PP/R1B2R1K b - - 1 18,"{""h8h2"",""h1h2"",""f6h4""}",queen,8,intermediate,Queen 8 · Mate In2,mateIn2,Black to move.,1526,Club,"{""attraction"",""kingsideAttack"",""mate"",""mateIn2"",""middlegame"",""sacrifice"",""short""}",Checkmate in two — a forced sequence that delivers checkmate on move two.,true,lichess,CI93g,35261,95,"{""Queens_Gambit_Accepted"",""Queens_Gambit_Accepted_Other_variations""}"
lc_giGbD,2rq1rk1/pp2ppbp/3p2p1/1N1N4/2Q1P3/2P1PP2/PP5P/R5K1 w - - 1 18,"{""c4c8"",""d8c8"",""d5e7"",""g8h8"",""e7c8""}",queen,8,intermediate,Queen 8 · Fork,fork,White to move.,1526,Club,"{""advantage"",""attraction"",""fork"",""long"",""middlegame"",""sacrifice""}","A fork — one piece attacks two enemy pieces at once, forcing a material win.",true,lichess,giGbD,35175,95,"{""Sicilian_Defense"",""Sicilian_Defense_Dragon_Variation""}"
lc_of0ZN,8/2k2p1p/p2p2p1/2pP1b2/1pP5/P3KP2/6PP/2R5 b - - 0 35,"{""b4b3"",""c1e1"",""b3b2""}",queen,8,intermediate,Queen 8 · Advanced Pawn,advancedPawn,Black to move.,1526,Club,"{""advancedPawn"",""crushing"",""endgame"",""short""}",An advanced pawn — push the passer or use its threats to win material.,true,lichess,of0ZN,35059,96,{}
lc_KNbVx,1r5r/k5pp/pp1p1p2/Q1pBq3/2P1P3/1R3PP1/PP5P/2K5 w - - 0 28,"{""a5a6"",""a7a6"",""b3a3""}",queen,8,intermediate,Queen 8 · Mate In2,mateIn2,White to move.,1526,Club,"{""attraction"",""endgame"",""mate"",""mateIn2"",""pillsburysMate"",""sacrifice"",""short""}",Checkmate in two — a forced sequence that delivers checkmate on move two.,true,lichess,KNbVx,34419,96,{}
lc_KtlwD,r2N4/4P1pr/pk3n1p/1p3P2/8/8/PP6/2R3K1 w - - 2 33,"{""c1c6"",""b6a7"",""c6f6"",""g7f6"",""e7e8q""}",queen,8,intermediate,Queen 8 · Promotion,promotion,White to move.,1526,Club,"{""advancedPawn"",""crushing"",""endgame"",""long"",""promotion""}",Pawn promotion — advance the pawn to its final rank and choose your new piece wisely.,true,lichess,KtlwD,33783,95,{}
lc_WhYmD,r4rk1/pb4pp/1p6/3p4/B4P2/2q2P2/P3Q1PP/R3R1K1 b - - 0 20,"{""c3d4"",""g1h1"",""d4a4""}",queen,8,intermediate,Queen 8 · Fork,fork,Black to move.,1526,Club,"{""crushing"",""fork"",""middlegame"",""short""}","A fork — one piece attacks two enemy pieces at once, forcing a material win.",true,lichess,WhYmD,32873,95,{}
lc_yVRD2,3r1rk1/ppp2ppp/4P3/8/3pQ3/P3q2P/1PP3P1/R4RK1 w - - 1 21,"{""e4e3"",""d4e3"",""e6e7""}",queen,8,intermediate,Queen 8 · Advanced Pawn,advancedPawn,White to move.,1526,Club,"{""advancedPawn"",""crushing"",""endgame"",""short""}",An advanced pawn — push the passer or use its threats to win material.,true,lichess,yVRD2,32323,95,{}
lc_OSCws,1k1r1b1r/ppp2p2/B1n1qn1p/2Pp2p1/3P4/1QN1B2P/PP3PP1/R4RK1 b - - 1 16,"{""c6a5"",""b3b5"",""e6a6"",""b5a6"",""b7a6""}",queen,8,intermediate,Queen 8 · Discovered Attack,discoveredAttack,Black to move.,1526,Club,"{""advantage"",""discoveredAttack"",""long"",""middlegame""}",A discovered attack — moving one piece uncovers a deadly attack from another.,true,lichess,OSCws,31977,96,"{""Queens_Pawn_Game"",""Queens_Pawn_Game_Zukertort_Variation""}"
lc_JhbvC,4r1k1/5p2/p5p1/1p1p4/6P1/P7/1q1Q4/2RK3R b - - 3 31,"{""b2b3"",""c1c2"",""b3f3"",""d1c1"",""f3h1""}",queen,8,intermediate,Queen 8 · Fork,fork,Black to move.,1526,Club,"{""crushing"",""endgame"",""exposedKing"",""fork"",""long""}","A fork — one piece attacks two enemy pieces at once, forcing a material win.",true,lichess,JhbvC,31605,96,{}
lc_iB0p9,7k/1q2b1pp/8/3QP3/8/2N5/P4rPP/R6K b - - 2 26,"{""b7b2"",""a1g1"",""b2c3""}",queen,8,intermediate,Queen 8 · Fork,fork,Black to move.,1526,Club,"{""advantage"",""endgame"",""fork"",""master"",""short""}","A fork — one piece attacks two enemy pieces at once, forcing a material win.",true,lichess,iB0p9,31544,95,{}
lc_hpK4t,2rr2k1/5ppp/p3b3/8/1R1Q1N2/8/6PP/2q3RK w - - 5 31,"{""d4d8"",""c8d8"",""g1c1""}",queen,8,intermediate,Queen 8 · Advantage,advantage,White to move.,1526,Club,"{""advantage"",""middlegame"",""short""}",Find the strongest continuation and seize the advantage.,true,lichess,hpK4t,31350,95,{}
lc_TSFaR,r3k2r/p2b1ppp/4p3/q1pp4/2P1nB2/4PP2/PPQ3PP/R2K1B1R b kq - 3 14,"{""d7a4"",""b2b3"",""a4b3"",""a2b3"",""a5a1""}",queen,8,intermediate,Queen 8 · Pin,pin,Black to move.,1526,Club,"{""crushing"",""long"",""middlegame"",""pin""}",A pin — the attacked piece can't move without exposing a more valuable piece behind it.,true,lichess,TSFaR,31296,96,"{""Horwitz_Defense"",""Horwitz_Defense_Other_variations""}"
lc_7iV24,r1b1r3/1p3p1k/2p1qPp1/3pP1Qp/3P4/7R/6PP/q4RK1 w - - 0 40,"{""h3h5"",""h7g8"",""h5h8"",""g8h8"",""g5h6"",""h8g8"",""h6g7""}",queen,8,intermediate,Queen 8 · Attraction,attraction,White to move.,1527,Club,"{""attraction"",""mate"",""mateIn4"",""middlegame"",""sacrifice"",""veryLong""}",An attraction — force an enemy piece onto a square where it can be exploited.,true,lichess,7iV24,37568,96,{}
lc_KuOa9,5rk1/pp1bppbp/1q1p2p1/5PB1/4n3/1B2Q1NP/PnP3P1/R4R1K b - - 1 18,"{""b6e3"",""g5e3"",""e4g3""}",queen,8,intermediate,Queen 8 · Capturing Defender,capturingDefender,Black to move.,1527,Club,"{""capturingDefender"",""crushing"",""kingsideAttack"",""middlegame"",""short""}",Find the strongest continuation and seize the advantage.,true,lichess,KuOa9,36894,95,"{""Sicilian_Defense"",""Sicilian_Defense_Accelerated_Dragon""}"
lc_zbsTr,3r2k1/pb3pp1/1np1p2p/8/P7/2P1P3/1B2BPPP/R5K1 b - a3 0 19,"{""d8d2"",""b2a3"",""d2e2""}",queen,8,intermediate,Queen 8 · Fork,fork,Black to move.,1527,Club,"{""advantage"",""endgame"",""fork"",""short""}","A fork — one piece attacks two enemy pieces at once, forcing a material win.",true,lichess,zbsTr,36407,96,{}
lc_cMP2Z,r1b1r1k1/1p1n1pbp/2pp2p1/p2Pp3/2P1P3/P1NB1NP1/1q4PP/R2Q1R1K w - - 0 15,"{""c3a4"",""b2a1"",""d1a1""}",queen,8,intermediate,Queen 8 · Trapped Piece,trappedPiece,White to move.,1527,Club,"{""advantage"",""middlegame"",""short"",""trappedPiece""}",A trapped piece — the enemy piece has no safe squares and can be won.,true,lichess,cMP2Z,35858,95,"{""Kings_Indian_Defense"",""Kings_Indian_Defense_Other_variations""}"
lc_C2X0a,r1b2rk1/pppp1ppp/5qn1/1B6/8/6Q1/PPP3PP/RNB3KR b - - 5 13,"{""f6b6"",""g3f2"",""b6b5""}",queen,8,intermediate,Queen 8 · Fork,fork,Black to move.,1527,Club,"{""advantage"",""fork"",""opening"",""short""}","A fork — one piece attacks two enemy pieces at once, forcing a material win.",true,lichess,C2X0a,34945,97,"{""Center_Game"",""Center_Game_Normal_Variation""}"
lc_Cv51x,6k1/8/4b2p/1p2n1p1/p7/P1P3K1/1P1R1P2/8 w - - 0 42,"{""d2e2"",""e6c4"",""e2e5""}",queen,8,intermediate,Queen 8 · Endgame,endgame,White to move.,1527,Club,"{""advantage"",""endgame"",""short""}",An endgame technique — precise play with few pieces where every tempo counts.,true,lichess,Cv51x,34761,96,{}
lc_wXWVa,2kr1r2/pp6/b3q2p/N1pp2p1/4p3/P1P1Q1PP/2PR2P1/1R4K1 w - - 0 26,"{""e3c5"",""c8b8"",""a5c6"",""e6c6"",""c5c6""}",queen,8,intermediate,Queen 8 · Pin,pin,White to move.,1527,Club,"{""advantage"",""long"",""middlegame"",""pin"",""queensideAttack""}",A pin — the attacked piece can't move without exposing a more valuable piece behind it.,true,lichess,wXWVa,33741,97,{}
lc_CWgqB,1r5r/5p2/4bkpp/2Qn1N2/6P1/7P/PP6/1K6 w - - 5 34,"{""c5d4"",""f6g5"",""h3h4""}",queen,8,intermediate,Queen 8 · Mate In2,mateIn2,White to move.,1527,Club,"{""endgame"",""mate"",""mateIn2"",""short""}",Checkmate in two — a forced sequence that delivers checkmate on move two.,true,lichess,CWgqB,33267,96,{}
lc_9JDkq,8/5pk1/5bp1/p2Q1p1r/3P3P/1rP3K1/7R/2R5 b - - 0 40,"{""f5f4"",""g3f4"",""h5d5""}",queen,8,intermediate,Queen 8 · Discovered Attack,discoveredAttack,Black to move.,1527,Club,"{""advantage"",""discoveredAttack"",""endgame"",""short""}",A discovered attack — moving one piece uncovers a deadly attack from another.,true,lichess,9JDkq,32532,96,{}
lc_30HWK,r5rk/pp3p1p/2n2p2/1Bp2b2/3p3Q/3P1q1P/PPP2PP1/R3R1K1 w - - 0 20,"{""h4f6"",""g8g7"",""f6g7"",""h8g7"",""g2f3""}",queen,8,intermediate,Queen 8 · Advantage,advantage,White to move.,1527,Club,"{""advantage"",""kingsideAttack"",""long"",""middlegame""}",Find the strongest continuation and seize the advantage.,true,lichess,30HWK,32423,95,"{""Sicilian_Defense"",""Sicilian_Defense_Bowdler_Attack""}"
lc_mNY5J,r4rk1/1q2n1b1/pp2N3/2p2p2/2P5/P1Nn4/1P4PP/R3QRK1 w - - 0 22,"{""e1g3"",""f8f7"",""g3d3""}",queen,8,intermediate,Queen 8 · Advantage,advantage,White to move.,1527,Club,"{""advantage"",""middlegame"",""short""}",Find the strongest continuation and seize the advantage.,true,lichess,mNY5J,32061,95,{}
lc_sXCDC,r2qk1nr/ppp2ppp/8/4P3/1bB5/2N2Q2/PPP3PP/R3K2R b KQkq - 2 12,"{""d8h4"",""g2g3"",""h4c4""}",queen,8,intermediate,Queen 8 · Fork,fork,Black to move.,1527,Club,"{""advantage"",""fork"",""middlegame"",""short""}","A fork — one piece attacks two enemy pieces at once, forcing a material win.",true,lichess,sXCDC,31272,95,"{""Vienna_Game"",""Vienna_Game_Vienna_Gambit""}"
lc_MY6Yi,r1b1k2r/ppq2p1p/3bpnpB/3p4/8/3B1P2/PPP2P1P/RNQ3RK w kq - 2 14,"{""h6g7"",""f6h5"",""g7h8""}",queen,8,intermediate,Queen 8 · Fork,fork,White to move.,1528,Club,"{""advantage"",""fork"",""opening"",""short""}","A fork — one piece attacks two enemy pieces at once, forcing a material win.",true,lichess,MY6Yi,41570,96,"{""Queens_Pawn_Game"",""Queens_Pawn_Game_Accelerated_London_System""}"
lc_jFGPl,Nnbk2nr/pp3ppp/1q2p3/2bp4/5B2/2N5/PPP1PPPP/R2QKB1R b KQ - 0 8,"{""c5f2"",""e1d2"",""b6d4"",""d2c1"",""d4f4""}",queen,8,intermediate,Queen 8 · Fork,fork,Black to move.,1528,Club,"{""advantage"",""attackingF2F7"",""fork"",""long"",""opening""}","A fork — one piece attacks two enemy pieces at once, forcing a material win.",true,lichess,jFGPl,36485,94,"{""Queens_Pawn_Game"",""Queens_Pawn_Game_Zukertort_Variation""}"
lc_Dqb9u,r4bk1/pb3pp1/1p2pn1p/7q/7Q/2N1PN2/PP3PPP/2R2RK1 b - - 7 25,"{""b7f3"",""h4h5"",""f3h5""}",queen,8,intermediate,Queen 8 · Advantage,advantage,Black to move.,1528,Club,"{""advantage"",""middlegame"",""short""}",Find the strongest continuation and seize the advantage.,true,lichess,Dqb9u,36207,95,{}
lc_v8HI5,r1b2rk1/pp4p1/1qn1pb2/3p2N1/1P1P3P/P3P3/6P1/RN1QK2R w KQ - 2 16,"{""d1h5"",""f6g5"",""h4g5""}",queen,8,intermediate,Queen 8 · Advantage,advantage,White to move.,1528,Club,"{""advantage"",""middlegame"",""quietMove"",""short""}",Find the strongest continuation and seize the advantage.,true,lichess,v8HI5,34800,96,"{""French_Defense"",""French_Defense_Advance_Variation""}"
lc_KZcYs,rn1q3k/ppp1nprb/4p2p/4QR2/3PP2N/2PB4/P1P3PP/R5K1 w - - 8 17,"{""f5f7"",""d8g8"",""f7e7""}",queen,8,intermediate,Queen 8 · Pin,pin,White to move.,1528,Club,"{""advantage"",""middlegame"",""pin"",""short""}",A pin — the attacked piece can't move without exposing a more valuable piece behind it.,true,lichess,KZcYs,34560,95,"{""Queens_Pawn_Game"",""Queens_Pawn_Game_Chigorin_Variation""}"
lc_IP6WL,r4b1r/2pk4/p1p2p1p/3q1b2/3p4/3P1N1P/PPPNQPP1/R3K2R b KQ - 3 15,"{""a8e8"",""e2e8"",""d7e8""}",queen,8,intermediate,Queen 8 · Pin,pin,Black to move.,1528,Club,"{""advantage"",""middlegame"",""pin"",""short""}",A pin — the attacked piece can't move without exposing a more valuable piece behind it.,true,lichess,IP6WL,34495,93,"{""Scandinavian_Defense"",""Scandinavian_Defense_Other_variations""}"
lc_2bDQe,r4bk1/pp3p2/2p2n1p/3p4/1P1P2q1/P1N1P3/1B2KP2/R5Q1 w - - 2 25,"{""g1g4"",""f6g4"",""a1g1"",""f7f5"",""f2f3"",""g8f7"",""f3g4""}",queen,8,intermediate,Queen 8 · Pin,pin,White to move.,1528,Club,"{""advantage"",""clearance"",""middlegame"",""pin"",""veryLong""}",A pin — the attacked piece can't move without exposing a more valuable piece behind it.,true,lichess,2bDQe,34416,95,{}
lc_KkLNY,6k1/1b1p1p1p/p5p1/4Qq2/8/P7/5PPP/5BK1 w - - 1 32,"{""e5b8"",""g8g7"",""b8b7""}",queen,8,intermediate,Queen 8 · Fork,fork,White to move.,1528,Club,"{""crushing"",""endgame"",""fork"",""short""}","A fork — one piece attacks two enemy pieces at once, forcing a material win.",true,lichess,KkLNY,34000,96,{}
lc_Qzk8z,r1bq1rk1/ppp1bppp/5n2/4N3/4P3/2NP4/PPP1Q1PP/R1B2RK1 b - - 0 10,"{""d8d4"",""g1h1"",""d4e5""}",queen,8,intermediate,Queen 8 · Fork,fork,Black to move.,1528,Club,"{""advantage"",""fork"",""opening"",""short""}","A fork — one piece attacks two enemy pieces at once, forcing a material win.",true,lichess,Qzk8z,33382,95,"{""Kings_Gambit"",""Kings_Gambit_Other_variations""}"
lc_lfu4g,2r5/2p1kp1p/p3p3/5p2/1KPR1P2/8/PP4PP/8 b - - 0 31,"{""c7c5"",""b4c3"",""c5d4""}",queen,8,intermediate,Queen 8 · Fork,fork,Black to move.,1528,Club,"{""crushing"",""endgame"",""fork"",""rookEndgame"",""short""}","A fork — one piece attacks two enemy pieces at once, forcing a material win.",true,lichess,lfu4g,33060,96,{}
lc_zFLTz,1R5Q/p1p1kpp1/8/6q1/4P3/6p1/PP3b2/K4b2 w - - 0 33,"{""h8d8"",""e7e6"",""d8g5""}",queen,8,intermediate,Queen 8 · Skewer,skewer,White to move.,1528,Club,"{""crushing"",""endgame"",""short"",""skewer""}","A skewer — the higher-value piece is forced to move, losing the piece behind it.",true,lichess,zFLTz,32131,97,{}
lc_zdWY1,1r4rk/pq1n1p1n/1p2R2Q/5N2/1P4Pb/2P2P2/P5K1/R7 w - - 1 26,"{""h6h7"",""h8h7"",""e6h6""}",queen,8,intermediate,Queen 8 · Mate In2,mateIn2,White to move.,1528,Club,"{""attraction"",""kingsideAttack"",""mate"",""mateIn2"",""middlegame"",""sacrifice"",""short""}",Checkmate in two — a forced sequence that delivers checkmate on move two.,true,lichess,zdWY1,31925,95,{}
lc_rPdxm,2r1r1k1/1p3p2/p4Pp1/3p4/1P1P1QK1/5p2/P3q1P1/7R w - - 0 38,"{""h1h8"",""g8h8"",""f4h6"",""h8g8"",""h6g7""}",queen,8,intermediate,Queen 8 · Mate In3,mateIn3,White to move.,1528,Club,"{""attraction"",""endgame"",""long"",""mate"",""mateIn3"",""sacrifice""}",Checkmate in three — calculate the forcing line all the way to mate.,true,lichess,rPdxm,31760,96,{}
lc_uQyfT,6k1/1p6/2p1r1p1/p1Q1n3/P3NpqP/8/1PP3P1/5RK1 w - - 0 33,"{""c5e5"",""e6e5"",""e4f6"",""g8g7"",""f6g4""}",queen,8,intermediate,Queen 8 · Fork,fork,White to move.,1528,Club,"{""advantage"",""endgame"",""exposedKing"",""fork"",""long"",""master"",""sacrifice""}","A fork — one piece attacks two enemy pieces at once, forcing a material win.",true,lichess,uQyfT,31753,96,{}
lc_n9kJT,6k1/pp3pp1/3p3p/3b2rq/8/1B5P/PPPQ2PK/6R1 w - - 3 26,"{""g2g4"",""h5h4"",""b3d5""}",queen,8,intermediate,Queen 8 · Endgame,endgame,White to move.,1529,Club,"{""advantage"",""endgame"",""short""}",An endgame technique — precise play with few pieces where every tempo counts.,true,lichess,n9kJT,40254,95,{}
lc_B2oaW,r1b1kb1r/pppp1ppp/8/4P1q1/4Q3/3B4/PPP2PPP/RN2K2R b KQkq - 1 9,"{""g5c1"",""e1e2"",""c1h1""}",queen,8,intermediate,Queen 8 · Skewer,skewer,Black to move.,1529,Club,"{""crushing"",""middlegame"",""short"",""skewer""}","A skewer — the higher-value piece is forced to move, losing the piece behind it.",true,lichess,B2oaW,35659,96,"{""Russian_Game"",""Russian_Game_Stafford_Gambit""}"
lc_XxGNI,2r2rk1/5p1p/3Q2P1/q3p3/1p2P3/1b3P2/1PP3P1/2KR3R w - - 0 23,"{""g6h7"",""g8g7"",""d6h6"",""g7h8"",""h6f6""}",queen,8,intermediate,Queen 8 · Mate In3,mateIn3,White to move.,1529,Club,"{""advancedPawn"",""long"",""master"",""mate"",""mateIn3"",""middlegame""}",Checkmate in three — calculate the forcing line all the way to mate.,true,lichess,XxGNI,35210,95,{}
lc_u3zzW,r1b1kb1r/ppppn1pp/5p2/3Nq3/3Q4/8/PPP1PPPP/2KR1BNR w kq - 0 9,"{""d4e5"",""f6e5"",""d5c7""}",queen,8,intermediate,Queen 8 · Capturing Defender,capturingDefender,White to move.,1529,Club,"{""capturingDefender"",""crushing"",""opening"",""short""}",Find the strongest continuation and seize the advantage.,true,lichess,u3zzW,34919,95,"{""Englund_Gambit"",""Englund_Gambit_Other_variations""}"
lc_qYLvX,5rk1/pp4pp/8/4p3/P1Pp4/1P1P2P1/R1n2rBP/3R2K1 b - - 9 26,"{""f2g2"",""g1g2"",""c2e3"",""g2g1"",""e3d1""}",queen,8,intermediate,Queen 8 · Fork,fork,Black to move.,1529,Club,"{""attraction"",""crushing"",""endgame"",""fork"",""long"",""sacrifice""}","A fork — one piece attacks two enemy pieces at once, forcing a material win.",true,lichess,qYLvX,34897,96,{}
lc_xsCfX,8/p5bk/1p5p/8/3N4/2Pr2P1/PP2Rr1P/2K4R b - - 3 27,"{""g7d4"",""e2f2"",""d4f2""}",queen,8,intermediate,Queen 8 · Endgame,endgame,Black to move.,1529,Club,"{""advantage"",""endgame"",""short""}",An endgame technique — precise play with few pieces where every tempo counts.,true,lichess,xsCfX,34704,96,{}
lc_7IBYl,rnb1kb1r/5ppp/p2n4/1p1Np3/2q5/4B3/PPP1QPPP/2KR1B1R w kq - 4 12,"{""e2c4"",""b5c4"",""d5c7""}",queen,8,intermediate,Queen 8 · Advantage,advantage,White to move.,1529,Club,"{""advantage"",""opening"",""short""}",Find the strongest continuation and seize the advantage.,true,lichess,7IBYl,34406,96,"{""Sicilian_Defense"",""Sicilian_Defense_Najdorf_Variation""}"
lc_BcGkU,rn1r2k1/pp3ppp/8/3N1q2/4n3/5N2/PPP3PP/R1BQ1K2 w - - 3 15,"{""d5e7"",""g8f8"",""d1d8""}",queen,8,intermediate,Queen 8 · Mate In2,mateIn2,White to move.,1529,Club,"{""discoveredAttack"",""fork"",""mate"",""mateIn2"",""middlegame"",""short""}",Checkmate in two — a forced sequence that delivers checkmate on move two.,true,lichess,BcGkU,34297,96,"{""Sicilian_Defense"",""Sicilian_Defense_Marshall_Counterattack""}"
lc_1AR1Q,5rk1/p2n4/3p2p1/P1p1p2p/8/1PQ2NqP/1P2r1P1/R4RK1 w - - 2 31,"{""c3c4"",""d6d5"",""c4e2""}",queen,8,intermediate,Queen 8 · Fork,fork,White to move.,1529,Club,"{""crushing"",""fork"",""middlegame"",""short""}","A fork — one piece attacks two enemy pieces at once, forcing a material win.",true,lichess,1AR1Q,34035,95,{}
lc_J7l8B,r1bq1rk1/pp2nppp/2n1p3/2bpP3/8/2NB1N2/PPP2PPP/R1BQ1RK1 w - - 4 9,"{""d3h7"",""g8h7"",""f3g5"",""h7g8"",""d1h5""}",queen,8,intermediate,Queen 8 · Attraction,attraction,White to move.,1529,Club,"{""attraction"",""clearance"",""crushing"",""kingsideAttack"",""long"",""opening"",""sacrifice""}",An attraction — force an enemy piece onto a square where it can be exploited.,true,lichess,J7l8B,33520,95,"{""Caro-Kann_Defense"",""Caro-Kann_Defense_Other_variations""}"
lc_39Qq2,6k1/5pp1/Q1P1b3/3p3p/P2r4/R6P/3q1PPN/6K1 b - - 0 31,"{""d2c1"",""h2f1"",""c1a3""}",queen,8,intermediate,Queen 8 · Fork,fork,Black to move.,1529,Club,"{""crushing"",""endgame"",""fork"",""short""}","A fork — one piece attacks two enemy pieces at once, forcing a material win.",true,lichess,39Qq2,33258,95,{}
lc_evM9M,2rq2k1/Q4ppp/2b2b2/p4R2/1p6/1B1P4/PPP1r1PP/4R1K1 w - - 0 22,"{""a7f7"",""g8h8"",""e1e2""}",queen,8,intermediate,Queen 8 · Advantage,advantage,White to move.,1529,Club,"{""advantage"",""intermezzo"",""middlegame"",""short""}",Find the strongest continuation and seize the advantage.,true,lichess,evM9M,33133,95,{}
lc_G4tpG,4R3/pp4k1/6p1/3P4/8/3p4/P7/2q1Q1K1 b - - 2 43,"{""d3d2"",""e1c1"",""d2c1q""}",queen,8,intermediate,Queen 8 · Promotion,promotion,Black to move.,1529,Club,"{""advancedPawn"",""crushing"",""endgame"",""master"",""promotion"",""short""}",Pawn promotion — advance the pawn to its final rank and choose your new piece wisely.,true,lichess,G4tpG,32684,97,{}
lc_i46aS,r1bq1rk1/1p3pbp/3pp3/p2N1P2/P5QP/1B6/1PP3P1/2KR3R w - - 0 18,"{""f5f6"",""d8f6"",""d5f6""}",queen,8,intermediate,Queen 8 · Pin,pin,White to move.,1529,Club,"{""crushing"",""kingsideAttack"",""middlegame"",""pin"",""short""}",A pin — the attacked piece can't move without exposing a more valuable piece behind it.,true,lichess,i46aS,31510,95,"{""Sicilian_Defense"",""Sicilian_Defense_Accelerated_Dragon""}"
lc_Miax1,8/8/p5RP/1p3p2/3k4/6P1/6K1/2r5 w - - 3 49,"{""h6h7"",""c1c8"",""g6g8""}",queen,8,intermediate,Queen 8 · Advanced Pawn,advancedPawn,White to move.,1529,Club,"{""advancedPawn"",""crushing"",""endgame"",""rookEndgame"",""short""}",An advanced pawn — push the passer or use its threats to win material.,true,lichess,Miax1,31392,96,{}
lc_EdHaY,rnb2rk1/p1p2pp1/1p1b3p/4p3/4q1B1/4B2P/PPP2PPN/R2Q1RK1 w - - 0 14,"{""g4f3"",""e4g6"",""f3a8""}",queen,8,intermediate,Queen 8 · Skewer,skewer,White to move.,1530,Club,"{""advantage"",""opening"",""short"",""skewer""}","A skewer — the higher-value piece is forced to move, losing the piece behind it.",true,lichess,EdHaY,41798,95,"{""Kings_Pawn_Game"",""Kings_Pawn_Game_Leonardis_Variation""}"
lc_gVMgy,r2q1rk1/1pp2ppp/p1np1n2/8/2BBP1b1/2N5/PPP2PPP/R2QR1K1 w - - 2 11,"{""d4f6"",""d8f6"",""d1g4""}",queen,8,intermediate,Queen 8 · Advantage,advantage,White to move.,1530,Club,"{""advantage"",""capturingDefender"",""opening"",""short""}",Find the strongest continuation and seize the advantage.,true,lichess,gVMgy,40883,95,"{""Three_Knights_Opening"",""Three_Knights_Opening_Other_variations""}"
lc_CgrGK,r1b1k2r/p3bpp1/1qp2n1p/3p4/7B/1P2P3/P1P1BPPP/RN1QK2R b KQkq - 1 11,"{""b6b4"",""b1d2"",""b4h4""}",queen,8,intermediate,Queen 8 · Fork,fork,Black to move.,1530,Club,"{""advantage"",""fork"",""opening"",""short""}","A fork — one piece attacks two enemy pieces at once, forcing a material win.",true,lichess,CgrGK,38196,95,"{""Benoni_Defense"",""Benoni_Defense_Old_Benoni""}"
lc_cSOVj,r2r2k1/5pp1/p3pn1p/4P3/8/q2BQb1P/P4PP1/R3R1K1 w - - 0 22,"{""d3h7"",""f6h7"",""e3a3""}",queen,8,intermediate,Queen 8 · Discovered Attack,discoveredAttack,White to move.,1530,Club,"{""advantage"",""discoveredAttack"",""middlegame"",""short""}",A discovered attack — moving one piece uncovers a deadly attack from another.,true,lichess,cSOVj,36656,95,{}
lc_ciZwU,r4rk1/3R1p2/2b2bpp/p3p3/Pp2P3/6BP/1PB2PP1/5RK1 w - - 4 23,"{""d7d6"",""c6a4"",""c2a4""}",queen,8,intermediate,Queen 8 · Fork,fork,White to move.,1530,Club,"{""advantage"",""fork"",""master"",""middlegame"",""short""}","A fork — one piece attacks two enemy pieces at once, forcing a material win.",true,lichess,ciZwU,34376,95,{}
lc_mGlwa,5rk1/p3p1Bp/1rNp2p1/3P4/q1p5/2Pb1P2/PP1Q2P1/K2R3R b - - 0 23,"{""a4a2"",""a1a2"",""b6a6"",""c6a5"",""a6a5""}",queen,8,intermediate,Queen 8 · Mate In3,mateIn3,Black to move.,1530,Club,"{""attraction"",""long"",""mate"",""mateIn3"",""middlegame"",""pillsburysMate"",""sacrifice""}",Checkmate in three — calculate the forcing line all the way to mate.,true,lichess,mGlwa,33643,95,{}
lc_qPDQ2,8/p2rkp2/1p2p2p/1Q1P3q/4P3/6p1/PP3P1P/3R3K w - - 0 34,"{""d5d6"",""d7d6"",""b5h5""}",queen,8,intermediate,Queen 8 · Discovered Attack,discoveredAttack,White to move.,1530,Club,"{""crushing"",""discoveredAttack"",""endgame"",""short""}",A discovered attack — moving one piece uncovers a deadly attack from another.,true,lichess,qPDQ2,32997,97,{}
lc_c4Lwh,r1b1kbnr/p1pp1ppp/1p6/6q1/B2nP3/5N2/PPPP1PPP/RNBQK2R b KQkq - 2 6,"{""g5g2"",""f3d4"",""g2h1""}",queen,8,intermediate,Queen 8 · Fork,fork,Black to move.,1530,Club,"{""capturingDefender"",""crushing"",""fork"",""opening"",""short""}","A fork — one piece attacks two enemy pieces at once, forcing a material win.",true,lichess,c4Lwh,32805,94,"{""Ruy_Lopez"",""Ruy_Lopez_Bird_Variation""}"
lc_IejqS,3r1k2/1pq3pQ/p4p2/2p5/3p4/3P4/PPP2RPP/7K w - - 0 26,"{""f2f6"",""g7f6"",""h7c7""}",queen,8,intermediate,Queen 8 · Endgame,endgame,White to move.,1530,Club,"{""crushing"",""endgame"",""short""}",An endgame technique — precise play with few pieces where every tempo counts.,true,lichess,IejqS,32430,96,{}
lc_FdnkH,k1r5/pR4p1/3q4/PQ2p2p/3p4/2rP3P/6P1/1R5K w - - 5 33,"{""b7a7"",""a8a7"",""b5b7""}",queen,8,intermediate,Queen 8 · Mate In2,mateIn2,White to move.,1530,Club,"{""attraction"",""endgame"",""mate"",""mateIn2"",""sacrifice"",""short""}",Checkmate in two — a forced sequence that delivers checkmate on move two.,true,lichess,FdnkH,32336,96,{}
lc_GwvJ7,r2q1rk1/pp4pp/3bpn2/2p3B1/4Pp2/2NP4/PPP4P/2R1QRK1 w - - 0 15,"{""e4e5"",""d6e5"",""e1e5"",""d8d4"",""e5d4""}",queen,8,intermediate,Queen 8 · Fork,fork,White to move.,1530,Club,"{""advantage"",""fork"",""long"",""middlegame""}","A fork — one piece attacks two enemy pieces at once, forcing a material win.",true,lichess,GwvJ7,31838,95,"{""Sicilian_Defense"",""Sicilian_Defense_Closed""}"
lc_dkv5P,2k3Q1/3r1p2/P1p1r3/1p5p/8/5q1P/2P2P2/1R3RK1 b - - 1 26,"{""d7d8"",""g8g3"",""e6g6"",""g3g6"",""f7g6""}",queen,8,intermediate,Queen 8 · Pin,pin,Black to move.,1530,Club,"{""crushing"",""defensiveMove"",""endgame"",""long"",""master"",""pin""}",A pin — the attacked piece can't move without exposing a more valuable piece behind it.,true,lichess,dkv5P,31356,95,{}
lc_uYNpO,r3k2r/p4pp1/2p2n1p/n3p3/Bb1q4/P1N4P/1PPP1P1P/R1BQ1RK1 b kq - 0 13,"{""b4c3"",""d2c3"",""d4a4""}",queen,8,intermediate,Queen 8 · Discovered Attack,discoveredAttack,Black to move.,1531,Club,"{""advantage"",""capturingDefender"",""discoveredAttack"",""middlegame"",""short""}",A discovered attack — moving one piece uncovers a deadly attack from another.,true,lichess,uYNpO,37280,95,"{""Italian_Game"",""Italian_Game_Two_Knights_Defense""}"
lc_wd1W7,7k/p2q2rp/6r1/4Q3/2PpRp2/3P3P/P4R1K/8 b - - 5 33,"{""d7h3"",""h2h3"",""g6h6"",""e5h5"",""h6h5""}",queen,8,intermediate,Queen 8 · Mate In3,mateIn3,Black to move.,1531,Club,"{""attraction"",""endgame"",""long"",""mate"",""mateIn3"",""sacrifice""}",Checkmate in three — calculate the forcing line all the way to mate.,true,lichess,wd1W7,36909,96,{}
lc_x2Z1u,8/4r2R/p4kp1/4p1N1/6P1/KP4r1/8/8 w - - 1 37,"{""g5e4"",""f6e6"",""h7e7"",""e6e7"",""e4g3""}",queen,8,intermediate,Queen 8 · Fork,fork,White to move.,1531,Club,"{""crushing"",""endgame"",""fork"",""long""}","A fork — one piece attacks two enemy pieces at once, forcing a material win.",true,lichess,x2Z1u,35844,95,{}
lc_Hu3gu,5rk1/p5pp/1pn5/8/1P1Pp1n1/PN2P1bq/1B2Q3/5RK1 w - - 6 31,"{""e2c4"",""f8f7"",""c4f7"",""g8h8"",""f7e8""}",queen,8,intermediate,Queen 8 · Mate In3,mateIn3,White to move.,1531,Club,"{""backRankMate"",""fork"",""long"",""mate"",""mateIn3"",""middlegame""}",Checkmate in three — calculate the forcing line all the way to mate.,true,lichess,Hu3gu,34788,95,{}
lc_NdyrS,3r3r/p4kb1/1p2b1pp/1N6/2PPpq2/1Q5P/PP4P1/R5KR w - - 2 24,"{""a1f1"",""g7d4"",""b5d4"",""f4f1"",""g1f1""}",queen,8,intermediate,Queen 8 · Pin,pin,White to move.,1531,Club,"{""advantage"",""long"",""middlegame"",""pin""}",A pin — the attacked piece can't move without exposing a more valuable piece behind it.,true,lichess,NdyrS,34778,96,{}
lc_LZ5Y5,5rk1/pRQ3pp/8/2P1r3/8/8/q4PPP/5RK1 b - - 3 26,"{""a2f2"",""f1f2"",""e5e1"",""f2f1"",""f8f1""}",queen,8,intermediate,Queen 8 · Mate In3,mateIn3,Black to move.,1531,Club,"{""endgame"",""long"",""mate"",""mateIn3"",""sacrifice""}",Checkmate in three — calculate the forcing line all the way to mate.,true,lichess,LZ5Y5,34089,96,{}
lc_Cfv9d,2rq1rk1/5pbp/1p4p1/2nQ4/P7/2N1BP2/1PP3PP/R3K2R b KQ - 0 19,"{""g7c3"",""b2c3"",""d8d5""}",queen,8,intermediate,Queen 8 · Crushing,crushing,Black to move.,1531,Club,"{""crushing"",""middlegame"",""short""}",Find the strongest continuation and seize the advantage.,true,lichess,Cfv9d,33914,96,"{""Modern_Defense"",""Modern_Defense_Standard_Line""}"
lc_FgXor,r4rk1/pp1q1ppp/3b4/2p1R3/3p4/5QB1/PPP2PPP/R5K1 w - - 3 19,"{""e5d5"",""f8d8"",""d5d6""}",queen,8,intermediate,Queen 8 · Advantage,advantage,White to move.,1531,Club,"{""advantage"",""middlegame"",""short""}",Find the strongest continuation and seize the advantage.,true,lichess,FgXor,33511,95,"{""Sicilian_Defense"",""Sicilian_Defense_Bowdler_Attack""}"
lc_Hev57,r4r2/3nb1pk/R1p4p/4pq2/8/1PN1B1QP/1PP3P1/R6K b - - 0 23,"{""a8a6"",""a1a6"",""f5f1"",""h1h2"",""f1a6""}",queen,8,intermediate,Queen 8 · Fork,fork,Black to move.,1531,Club,"{""attraction"",""crushing"",""fork"",""long"",""middlegame""}","A fork — one piece attacks two enemy pieces at once, forcing a material win.",true,lichess,Hev57,32992,96,{}
lc_2VHbf,6k1/3r1bpp/p7/5p2/3p1r2/1Pq5/PQ1R2PP/2R4K w - - 2 34,"{""b2c3"",""d4c3"",""d2d7""}",queen,8,intermediate,Queen 8 · Advantage,advantage,White to move.,1531,Club,"{""advantage"",""middlegame"",""short""}",Find the strongest continuation and seize the advantage.,true,lichess,2VHbf,32765,95,{}
lc_58gnB,8/7p/1pr2Pp1/p2pk3/8/1R4KP/PP6/8 w - - 0 35,"{""f6f7"",""c6f6"",""b3f3"",""f6f7"",""f3f7""}",queen,8,intermediate,Queen 8 · Advanced Pawn,advancedPawn,White to move.,1531,Club,"{""advancedPawn"",""crushing"",""endgame"",""long"",""rookEndgame""}",An advanced pawn — push the passer or use its threats to win material.,true,lichess,58gnB,32680,97,{}
lc_sjArv,r5k1/p2nq1pp/8/3RB3/1pp2r2/2P4P/P3QP2/2K4R w - - 0 24,"{""d5d7"",""e7d7"",""e5f4""}",queen,8,intermediate,Queen 8 · Advantage,advantage,White to move.,1531,Club,"{""advantage"",""intermezzo"",""middlegame"",""short""}",Find the strongest continuation and seize the advantage.,true,lichess,sjArv,32634,96,{}
lc_IIaid,3rn1k1/p5pp/1q3p2/4p3/1P1p4/P6Q/2r2PPP/2N1RRK1 w - - 0 28,"{""h3b3"",""g8h8"",""b3c2""}",queen,8,intermediate,Queen 8 · Fork,fork,White to move.,1531,Club,"{""advantage"",""fork"",""middlegame"",""short""}","A fork — one piece attacks two enemy pieces at once, forcing a material win.",true,lichess,IIaid,32107,96,{}
lc_DryBh,8/7p/3k1p2/2pp2PP/3p4/3K4/8/8 w - - 0 44,"{""g5g6"",""h7g6"",""h5h6"",""d6e6"",""h6h7""}",queen,8,intermediate,Queen 8 · Advanced Pawn,advancedPawn,White to move.,1531,Club,"{""advancedPawn"",""crushing"",""endgame"",""long"",""pawnEndgame""}",An advanced pawn — push the passer or use its threats to win material.,true,lichess,DryBh,31684,96,{}
lc_aAdZv,r4rk1/1p4bp/2p3p1/p2pPb2/P7/2PQ1BqP/1P4P1/R3R1K1 w - - 1 25,"{""f3d5"",""c6d5"",""d3g3""}",queen,8,intermediate,Queen 8 · Discovered Attack,discoveredAttack,White to move.,1532,Club,"{""advantage"",""discoveredAttack"",""middlegame"",""short""}",A discovered attack — moving one piece uncovers a deadly attack from another.,true,lichess,aAdZv,37420,96,{}
lc_wPq2b,r1b1k2r/pp1pnppp/2q1p3/2b5/2B1PP2/4B3/PPP1Q1PP/RN2K2R b KQkq - 3 9,"{""c5e3"",""e2e3"",""c6c4""}",queen,8,intermediate,Queen 8 · Discovered Attack,discoveredAttack,Black to move.,1532,Club,"{""advantage"",""discoveredAttack"",""opening"",""short""}",A discovered attack — moving one piece uncovers a deadly attack from another.,true,lichess,wPq2b,36098,95,"{""Sicilian_Defense"",""Sicilian_Defense_McDonnell_Attack""}"
lc_B6vAL,r2q1rk1/3bbp1p/p5p1/p2PQ3/2P5/1PNB3P/P4PP1/R3R1K1 b - - 0 18,"{""e7f6"",""e5d6"",""f6c3""}",queen,8,intermediate,Queen 8 · Skewer,skewer,Black to move.,1532,Club,"{""advantage"",""middlegame"",""short"",""skewer""}","A skewer — the higher-value piece is forced to move, losing the piece behind it.",true,lichess,B6vAL,35867,95,"{""Italian_Game"",""Italian_Game_Hungarian_Defense""}"
lc_YdS2T,2kr2r1/1ppn2R1/p7/5pp1/P1P5/1P5P/5PP1/3R2K1 w - - 4 27,"{""d1d7"",""g8g7"",""d7g7""}",queen,8,intermediate,Queen 8 · Endgame,endgame,White to move.,1532,Club,"{""advantage"",""endgame"",""short""}",An endgame technique — precise play with few pieces where every tempo counts.,true,lichess,YdS2T,34814,96,{}
lc_xzJqO,6k1/p2n2p1/q1r1p2p/3p4/1B1Pp3/2P1N3/3K2PP/3Q1R2 b - - 1 30,"{""a6d3"",""d2e1"",""d3e3""}",queen,8,intermediate,Queen 8 · Deflection,deflection,Black to move.,1532,Club,"{""advantage"",""deflection"",""middlegame"",""short""}",A deflection — lure a defending piece away from the square it was guarding.,true,lichess,xzJqO,34775,95,{}
lc_9lDlo,5r2/1RR2pk1/p4p1p/4pP1n/7N/8/r5P1/6K1 w - - 0 32,"{""h4g6"",""h5f4"",""g6f8""}",queen,8,intermediate,Queen 8 · Pin,pin,White to move.,1532,Club,"{""advantage"",""endgame"",""pin"",""short""}",A pin — the attacked piece can't move without exposing a more valuable piece behind it.,true,lichess,9lDlo,34344,96,{}
lc_2GH8m,4r1k1/p4rp1/2p4B/2p5/2P3Q1/7P/q4pP1/1R3R1K b - - 0 27,"{""a2b1"",""f1b1"",""e8e1"",""b1e1"",""f2e1q""}",queen,8,intermediate,Queen 8 · Sacrifice,sacrifice,Black to move.,1532,Club,"{""advancedPawn"",""crushing"",""long"",""middlegame"",""promotion"",""sacrifice""}",A sacrifice — give up material to gain a decisive tactical or positional advantage.,true,lichess,2GH8m,34220,96,{}
lc_pVNTm,2R5/p4rpk/6Rp/1p1p4/3qr2P/6Q1/PP3PP1/7K w - - 4 31,"{""g6h6"",""g7h6"",""g3g8""}",queen,8,intermediate,Queen 8 · Mate In2,mateIn2,White to move.,1532,Club,"{""clearance"",""endgame"",""mate"",""mateIn2"",""sacrifice"",""short""}",Checkmate in two — a forced sequence that delivers checkmate on move two.,true,lichess,pVNTm,33166,95,{}
lc_9L5SI,4r2k/p4pRp/3p1P2/2p5/1p2r3/1Pq5/P1P3QP/1K5R w - - 1 32,"{""g7h7"",""h8h7"",""g2g7""}",queen,8,intermediate,Queen 8 · Mate In2,mateIn2,White to move.,1532,Club,"{""attraction"",""endgame"",""mate"",""mateIn2"",""sacrifice"",""short""}",Checkmate in two — a forced sequence that delivers checkmate on move two.,true,lichess,9L5SI,32764,96,{}
lc_yEq8F,2r3k1/Q4pp1/1r5p/3pNb2/3P4/4P2P/Pqp3PK/R1R5 w - - 1 34,"{""a7f7"",""g8h8"",""f7f5""}",queen,8,intermediate,Queen 8 · Fork,fork,White to move.,1532,Club,"{""crushing"",""fork"",""middlegame"",""short""}","A fork — one piece attacks two enemy pieces at once, forcing a material win.",true,lichess,yEq8F,32679,95,{}
lc_WKNwg,r7/p1pk4/1p2r3/3p1Q2/8/8/P5PP/6K1 w - - 4 31,"{""f5d5"",""e6d6"",""d5a8""}",queen,8,intermediate,Queen 8 · Fork,fork,White to move.,1532,Club,"{""crushing"",""endgame"",""fork"",""queenRookEndgame"",""short""}","A fork — one piece attacks two enemy pieces at once, forcing a material win.",true,lichess,WKNwg,32393,95,{}
lc_Ov2f3,r2qk2r/p4ppp/n1N5/1p1p4/3P2b1/BQP3P1/P2nPPBP/R4RK1 b kq - 0 13,"{""d2b3"",""c6d8"",""b3a1""}",queen,8,intermediate,Queen 8 · Advantage,advantage,Black to move.,1533,Club,"{""advantage"",""middlegame"",""short""}",Find the strongest continuation and seize the advantage.,true,lichess,Ov2f3,38325,96,"{""Semi-Slav_Defense"",""Semi-Slav_Defense_Other_variations""}"
lc_qIzvt,2r2r1k/p1q1ppR1/5n1p/2p5/2BP2QP/2P5/P2K1P2/6R1 w - - 1 24,"{""g7h7"",""f6h7"",""g4g7""}",queen,8,intermediate,Queen 8 · Mate In2,mateIn2,White to move.,1533,Club,"{""clearance"",""kingsideAttack"",""mate"",""mateIn2"",""middlegame"",""sacrifice"",""short""}",Checkmate in two — a forced sequence that delivers checkmate on move two.,true,lichess,qIzvt,37103,96,{}
lc_mCiCp,rnbqk2r/ppp2ppp/3bp3/8/1nB1Q3/P1N5/1PPP1PPP/R1B1K1NR b KQkq - 0 7,"{""f7f5"",""e4e2"",""b4c2""}",queen,8,intermediate,Queen 8 · Advantage,advantage,Black to move.,1533,Club,"{""advantage"",""opening"",""short""}",Find the strongest continuation and seize the advantage.,true,lichess,mCiCp,36295,95,"{""Scandinavian_Defense"",""Scandinavian_Defense_Modern_Variation""}"
lc_lkHPh,r2qkb1r/ppp1pppp/1P6/4P3/3n2b1/5N2/PP4PP/RNBQKB1R b KQkq - 0 9,"{""d4f3"",""g2f3"",""d8d1"",""e1d1"",""g4f3""}",queen,8,intermediate,Queen 8 · Discovered Attack,discoveredAttack,Black to move.,1533,Club,"{""advantage"",""attraction"",""discoveredAttack"",""exposedKing"",""long"",""opening""}",A discovered attack — moving one piece uncovers a deadly attack from another.,true,lichess,lkHPh,34705,95,"{""Alekhine_Defense"",""Alekhine_Defense_Four_Pawns_Attack""}"
lc_1YKAF,6k1/4qpp1/4p2p/3p4/1p1P1Q2/1PnB1RPP/5PK1/r7 w - - 0 31,"{""f4b8"",""e7f8"",""d3h7"",""g8h7"",""b8f8""}",queen,8,intermediate,Queen 8 · Deflection,deflection,White to move.,1533,Club,"{""crushing"",""deflection"",""endgame"",""long""}",A deflection — lure a defending piece away from the square it was guarding.,true,lichess,1YKAF,33981,96,{}
lc_TbQN5,5rk1/pQ3ppp/8/2P5/P3n3/4P2P/2qr2P1/1R3RK1 w - - 1 27,"{""b7f7"",""f8f7"",""b1b8"",""d2d8"",""b8d8"",""f7f8"",""f1f8""}",queen,8,intermediate,Queen 8 · Clearance,clearance,White to move.,1533,Club,"{""clearance"",""mate"",""mateIn4"",""middlegame"",""sacrifice"",""veryLong""}",A clearance — vacate a square or line so another piece can strike.,true,lichess,TbQN5,33927,95,{}
lc_ukSEZ,rn2kb1r/ppp2ppp/3p4/4pP2/4P1bq/N1PP1P2/PP2K2P/R1BQ1B1R b kq - 2 9,"{""g4f3"",""e2f3"",""h4h5"",""f3f2"",""h5d1""}",queen,8,intermediate,Queen 8 · Skewer,skewer,Black to move.,1533,Club,"{""attraction"",""crushing"",""long"",""opening"",""sacrifice"",""skewer""}","A skewer — the higher-value piece is forced to move, losing the piece behind it.",true,lichess,ukSEZ,33829,95,"{""Rat_Defense"",""Rat_Defense_Harmonist""}"
lc_UkgWM,7r/5pk1/4p1p1/pb1pP2P/1b1P1P2/PPp5/6KR/3BB3 b - - 0 43,"{""c3c2"",""d1c2"",""b4e1""}",queen,8,intermediate,Queen 8 · Discovered Attack,discoveredAttack,Black to move.,1533,Club,"{""advancedPawn"",""crushing"",""discoveredAttack"",""endgame"",""short""}",A discovered attack — moving one piece uncovers a deadly attack from another.,true,lichess,UkgWM,33716,95,{}
lc_hWupx,2q5/6pk/2p4p/2P2bbP/3R2P1/4rP2/1B3Q2/5K1R b - - 2 40,"{""c8a6"",""f1g2"",""e3e2""}",queen,8,intermediate,Queen 8 · Pin,pin,Black to move.,1533,Club,"{""advantage"",""middlegame"",""pin"",""short""}",A pin — the attacked piece can't move without exposing a more valuable piece behind it.,true,lichess,hWupx,33160,96,{}
lc_ZhTlm,2r3k1/3n1pp1/3p3p/3P1P2/8/2p2B1P/1qQ2PP1/2R3K1 w - - 3 38,"{""c2b2"",""c3b2"",""c1c8"",""g8h7"",""f3e4""}",queen,8,intermediate,Queen 8 · Discovered Attack,discoveredAttack,White to move.,1533,Club,"{""crushing"",""defensiveMove"",""discoveredAttack"",""endgame"",""long""}",A discovered attack — moving one piece uncovers a deadly attack from another.,true,lichess,ZhTlm,33079,96,{}
lc_C5qKL,2k3r1/pp1qbp2/3p1p2/1Qp1p2r/P1P1P3/3R1N1P/1PP2PPK/3R4 b - - 1 22,"{""g8g2"",""h2g2"",""d7h3"",""g2g1"",""h3h1""}",queen,8,intermediate,Queen 8 · Mate In3,mateIn3,Black to move.,1533,Club,"{""attraction"",""long"",""mate"",""mateIn3"",""middlegame"",""sacrifice""}",Checkmate in three — calculate the forcing line all the way to mate.,true,lichess,C5qKL,32819,96,{}
lc_GUcXs,5rk1/5ppp/Rp1n1q2/3b4/3P4/4BN1P/P3QPP1/6K1 b - - 0 25,"{""d5c4"",""e2b2"",""c4a6""}",queen,8,intermediate,Queen 8 · Fork,fork,Black to move.,1533,Club,"{""advantage"",""fork"",""interference"",""middlegame"",""short""}","A fork — one piece attacks two enemy pieces at once, forcing a material win.",true,lichess,GUcXs,31826,95,{}
lc_omlR0,3q1rk1/p2r1ppp/2p5/2Pn4/P2PN1Qb/4P2P/5PP1/R1B2RK1 b - - 2 20,"{""f7f5"",""g4f3"",""f5e4""}",queen,8,intermediate,Queen 8 · Fork,fork,Black to move.,1533,Club,"{""advantage"",""fork"",""middlegame"",""short""}","A fork — one piece attacks two enemy pieces at once, forcing a material win.",true,lichess,omlR0,31353,95,{}
lc_nCyey,rn1qkb1r/1p3ppp/p3bn2/3Np1B1/4P3/8/PPP2PPP/R2QKB1R w KQkq - 1 10,"{""d5f6"",""g7f6"",""d1d8"",""e8d8"",""g5f6""}",queen,8,intermediate,Queen 8 · Discovered Attack,discoveredAttack,White to move.,1534,Club,"{""advantage"",""attraction"",""discoveredAttack"",""long"",""master"",""opening""}",A discovered attack — moving one piece uncovers a deadly attack from another.,true,lichess,nCyey,36986,96,"{""Sicilian_Defense"",""Sicilian_Defense_Najdorf_Variation""}"
lc_295HI,1kb4r/p2pb3/n1pP3p/QpP1qp2/1P4p1/P1N1P3/4BPPP/2RR2K1 b - - 0 21,"{""e7d8"",""a5d8"",""h8d8""}",queen,8,intermediate,Queen 8 · Trapped Piece,trappedPiece,Black to move.,1534,Club,"{""advantage"",""middlegame"",""short"",""trappedPiece""}",A trapped piece — the enemy piece has no safe squares and can be won.,true,lichess,295HI,36809,96,{}
lc_lgQj8,r3n3/pprb1Qp1/3kppP1/3p3P/3P4/2P5/PP1q1P2/1K2R2R w - - 2 27,"{""f7f8"",""d6c6"",""f8c5""}",queen,8,intermediate,Queen 8 · Mate In2,mateIn2,White to move.,1534,Club,"{""mate"",""mateIn2"",""middlegame"",""short""}",Checkmate in two — a forced sequence that delivers checkmate on move two.,true,lichess,lgQj8,36373,96,{}
lc_LrOvn,4r3/1p3pkp/3N2p1/p7/5n2/2P2P2/PP3KPP/4R3 b - - 4 26,"{""f4d3"",""f2g3"",""e8e1""}",queen,8,intermediate,Queen 8 · Fork,fork,Black to move.,1534,Club,"{""crushing"",""deflection"",""endgame"",""fork"",""short""}","A fork — one piece attacks two enemy pieces at once, forcing a material win.",true,lichess,LrOvn,35416,96,{}
lc_yZs41,3r2k1/6p1/Np2p1q1/3p4/5nr1/PP6/2PR2RQ/6K1 w - - 2 34,"{""h2f4"",""g4f4"",""g2g6""}",queen,8,intermediate,Queen 8 · Advantage,advantage,White to move.,1534,Club,"{""advantage"",""middlegame"",""short""}",Find the strongest continuation and seize the advantage.,true,lichess,yZs41,35068,95,{}
lc_urOFL,3r2k1/5p2/p4Pp1/5p1p/1Q2b3/1P6/P3q1PP/3R3K w - - 0 35,"{""d1d8"",""g8h7"",""d8h8"",""h7h8"",""b4f8"",""h8h7"",""f8g7""}",queen,8,intermediate,Queen 8 · Attraction,attraction,White to move.,1534,Club,"{""attraction"",""endgame"",""mate"",""mateIn4"",""veryLong""}",An attraction — force an enemy piece onto a square where it can be exploited.,true,lichess,urOFL,34867,95,{}
lc_jK0do,3r2k1/p4p1p/4pQp1/8/8/8/PPq2PPP/2RrR1K1 w - - 2 27,"{""f6d8"",""d1d8"",""c1c2""}",queen,8,intermediate,Queen 8 · Endgame,endgame,White to move.,1534,Club,"{""crushing"",""endgame"",""short""}",An endgame technique — precise play with few pieces where every tempo counts.,true,lichess,jK0do,34124,95,{}
lc_gpybx,2rqk2r/pp3ppp/4p3/b3P3/b2B1P2/2PB4/P1PQ2PP/R4RK1 b k - 6 17,"{""d8d4"",""c3d4"",""a5d2""}",queen,8,intermediate,Queen 8 · Crushing,crushing,Black to move.,1534,Club,"{""crushing"",""middlegame"",""short""}",Find the strongest continuation and seize the advantage.,true,lichess,gpybx,33364,95,"{""French_Defense"",""French_Defense_Normal_Variation""}"
lc_YYmI5,8/1b3pk1/2p2bp1/2B4p/1P3R2/3B4/2P1K1PP/r7 w - - 1 26,"{""f4f6"",""g7f6"",""c5d4""}",queen,8,intermediate,Queen 8 · Attraction,attraction,White to move.,1534,Club,"{""attraction"",""crushing"",""endgame"",""sacrifice"",""short""}",An attraction — force an enemy piece onto a square where it can be exploited.,true,lichess,YYmI5,32306,96,{}
lc_gUMSr,3rk1nr/1Q1bbpp1/p1p2q1p/8/4B3/2NK1N2/PP3PPP/R1B1R3 b k - 3 15,"{""d7c8"",""d3c2"",""c8b7""}",queen,8,intermediate,Queen 8 · Discovered Attack,discoveredAttack,Black to move.,1534,Club,"{""crushing"",""discoveredAttack"",""discoveredCheck"",""middlegame"",""short""}",A discovered attack — moving one piece uncovers a deadly attack from another.,true,lichess,gUMSr,31547,96,"{""Queens_Gambit_Declined"",""Queens_Gambit_Declined_Queens_Knight_Variation""}"
lc_H9REL,1r6/k7/pp6/2q5/3Q1P2/1P6/P5PP/3R2K1 b - - 2 32,"{""b8d8"",""d4c5"",""d8d1"",""g1f2"",""b6c5""}",queen,8,intermediate,Queen 8 · Pin,pin,Black to move.,1535,Club,"{""advantage"",""endgame"",""intermezzo"",""long"",""pin"",""sacrifice"",""skewer""}",A pin — the attacked piece can't move without exposing a more valuable piece behind it.,true,lichess,H9REL,36784,95,{}
lc_SNRsn,r5nr/1p2kbbp/8/pq1B4/4Ppp1/KQP5/PP4PP/RNB4R b - - 1 19,"{""b5c5"",""b3b4"",""a5b4""}",queen,8,intermediate,Queen 8 · Double Check,doubleCheck,Black to move.,1535,Club,"{""crushing"",""discoveredCheck"",""doubleCheck"",""middlegame"",""short""}","A double check — two pieces give check at once, so only a king move can escape.",true,lichess,SNRsn,36649,95,"{""Kings_Gambit_Accepted"",""Kings_Gambit_Accepted_Sorensen_Gambit""}"
lc_xXCyD,8/1p3p2/p3pk2/6n1/1Br1P2R/P7/5PKP/8 w - - 0 31,"{""e4e5"",""f6e5"",""h4c4""}",queen,8,intermediate,Queen 8 · Discovered Attack,discoveredAttack,White to move.,1535,Club,"{""crushing"",""discoveredAttack"",""endgame"",""short""}",A discovered attack — moving one piece uncovers a deadly attack from another.,true,lichess,xXCyD,35872,96,{}
lc_9H084,3r2k1/p2r1ppp/1p2pn2/8/2PB4/bP3B1P/3R1PP1/3R2K1 w - - 0 24,"{""d4f6"",""d7d2"",""f6d8""}",queen,8,intermediate,Queen 8 · Advantage,advantage,White to move.,1535,Club,"{""advantage"",""middlegame"",""short""}",Find the strongest continuation and seize the advantage.,true,lichess,9H084,35695,95,{}
lc_cuRBg,4r3/pp4pp/2p2nqk/5Q2/7P/P7/1PB1r3/RK1R4 w - - 2 26,"{""f5f4"",""h6h5"",""c2g6""}",queen,8,intermediate,Queen 8 · Discovered Attack,discoveredAttack,White to move.,1535,Club,"{""crushing"",""discoveredAttack"",""middlegame"",""short""}",A discovered attack — moving one piece uncovers a deadly attack from another.,true,lichess,cuRBg,35477,95,{}
lc_frYVA,6k1/4Kpb1/3Q2pp/p3P2P/1q3PP1/nB6/P6R/8 b - - 5 37,"{""g7f8"",""e7d7"",""f8d6""}",queen,8,intermediate,Queen 8 · Skewer,skewer,Black to move.,1535,Club,"{""crushing"",""endgame"",""short"",""skewer""}","A skewer — the higher-value piece is forced to move, losing the piece behind it.",true,lichess,frYVA,34925,96,{}
lc_i31VD,r1bq1rk1/1pp2ppp/3p1b2/4p3/1n2P3/3P1N1P/B1P2PP1/R1BQ1RK1 w - - 0 14,"{""a2f7"",""g8f7"",""a1a8""}",queen,8,intermediate,Queen 8 · Discovered Attack,discoveredAttack,White to move.,1535,Club,"{""advantage"",""discoveredAttack"",""opening"",""short""}",A discovered attack — moving one piece uncovers a deadly attack from another.,true,lichess,i31VD,34847,95,"{""Four_Knights_Game"",""Four_Knights_Game_Gunsberg_Variation""}"
lc_QdjIx,2br4/2p1Rpk1/1p4Rp/p7/3n4/P2B3P/2P2PP1/6K1 b - - 0 31,"{""g7f8"",""e7c7"",""f7g6""}",queen,8,intermediate,Queen 8 · Endgame,endgame,Black to move.,1535,Club,"{""advantage"",""defensiveMove"",""endgame"",""short""}",An endgame technique — precise play with few pieces where every tempo counts.,true,lichess,QdjIx,33867,95,{}
lc_hTz1Z,1r4k1/5pp1/1qp3b1/p1b1p3/2Q1P1P1/1PN2P2/P5BK/3R4 w - - 3 27,"{""c3a4"",""c5g1"",""d1g1""}",queen,8,intermediate,Queen 8 · Advantage,advantage,White to move.,1535,Club,"{""advantage"",""middlegame"",""short""}",Find the strongest continuation and seize the advantage.,true,lichess,hTz1Z,33846,96,{}
lc_oTpaX,5r2/1p4kp/p1p2qp1/3np3/6Q1/P3P1NP/1P3PP1/3R2K1 w - - 2 28,"{""g3h5"",""g7h6"",""h5f6""}",queen,8,intermediate,Queen 8 · Pin,pin,White to move.,1535,Club,"{""crushing"",""endgame"",""pin"",""short""}",A pin — the attacked piece can't move without exposing a more valuable piece behind it.,true,lichess,oTpaX,32695,96,{}
lc_ZtntP,2r2Q2/1b5k/5nNP/1p1p4/6P1/q4PN1/npPQ4/1K1R3R b - - 0 27,"{""a2c3"",""d2c3"",""a3a1""}",queen,8,intermediate,Queen 8 · Mate In2,mateIn2,Black to move.,1535,Club,"{""clearance"",""fork"",""mate"",""mateIn2"",""middlegame"",""sacrifice"",""short""}",Checkmate in two — a forced sequence that delivers checkmate on move two.,true,lichess,ZtntP,32404,96,{}
lc_enz4R,8/8/R5p1/1pbk1p2/1P6/P1P1rN1P/5K2/8 b - b3 0 38,"{""e3e6"",""b4c5"",""e6a6""}",queen,8,intermediate,Queen 8 · Discovered Attack,discoveredAttack,Black to move.,1535,Club,"{""crushing"",""discoveredAttack"",""discoveredCheck"",""endgame"",""short""}",A discovered attack — moving one piece uncovers a deadly attack from another.,true,lichess,enz4R,31386,96,{}
lc_UPU6H,1rbqkb1r/ppp2ppp/8/4Pn2/1nPNQ3/5N2/PP2PPPP/R1B1KB1R b KQk - 0 9,"{""f5d4"",""f3d4"",""d8d4"",""e4d4"",""b4c2"",""e1d1"",""c2d4""}",queen,8,intermediate,Queen 8 · Fork,fork,Black to move.,1536,Club,"{""advantage"",""attraction"",""fork"",""opening"",""sacrifice"",""veryLong""}","A fork — one piece attacks two enemy pieces at once, forcing a material win.",true,lichess,UPU6H,41089,95,"{""Queens_Gambit_Declined"",""Queens_Gambit_Declined_Albin_Countergambit""}"
lc_UieiZ,3r4/p1p1k2p/n1p1b3/4N3/2p5/8/r6P/2KR1R2 w - - 0 22,"{""e5c6"",""e7e8"",""d1d8""}",queen,8,intermediate,Queen 8 · Mate In2,mateIn2,White to move.,1536,Club,"{""fork"",""mate"",""mateIn2"",""middlegame"",""short""}",Checkmate in two — a forced sequence that delivers checkmate on move two.,true,lichess,UieiZ,38570,96,{}
lc_wF0ig,2r3k1/pq3pbp/1p4p1/4P3/1PnnNP2/P6P/6PK/R1B1QR2 b - - 7 27,"{""d4c2"",""e1e2"",""c2a1""}",queen,8,intermediate,Queen 8 · Fork,fork,Black to move.,1536,Club,"{""advantage"",""fork"",""middlegame"",""short""}","A fork — one piece attacks two enemy pieces at once, forcing a material win.",true,lichess,wF0ig,35968,96,{}
lc_di2s3,1r3rk1/pBp1pp1p/6p1/2q5/3n4/3P2PP/PP2PP2/2RQ1RK1 b - - 2 15,"{""c5c1"",""d1c1"",""d4e2"",""g1h1"",""e2c1""}",queen,8,intermediate,Queen 8 · Fork,fork,Black to move.,1536,Club,"{""attraction"",""crushing"",""fork"",""long"",""middlegame"",""sacrifice""}","A fork — one piece attacks two enemy pieces at once, forcing a material win.",true,lichess,di2s3,33050,96,"{""English_Opening"",""English_Opening_Anglo-Indian_Defense""}"
lc_ZIh2L,6k1/1bp3p1/p2p3Q/1p6/8/6R1/PPqN1PPP/6K1 b - - 0 27,"{""c2c1"",""d2f1"",""c1h6""}",queen,8,intermediate,Queen 8 · Endgame,endgame,Black to move.,1536,Club,"{""crushing"",""endgame"",""short""}",An endgame technique — precise play with few pieces where every tempo counts.,true,lichess,ZIh2L,32863,97,{}
lc_xTzak,8/8/5p1p/2k5/2n5/1N3P2/1pK3PP/8 b - - 3 42,"{""c5b4"",""b3d4"",""b4a3""}",queen,8,intermediate,Queen 8 · Knight Endgame,knightEndgame,Black to move.,1536,Club,"{""crushing"",""defensiveMove"",""endgame"",""knightEndgame"",""short""}",A knight endgame — calculate carefully; knights are slow to switch wings.,true,lichess,xTzak,31842,94,{}
lc_s3FrU,3rr1k1/1q2bpp1/1p2p3/p1p1P2p/P4BPP/2N1P3/1PQ5/3R1KR1 b - - 0 23,"{""b7f3"",""c2f2"",""d8d1"",""c3d1"",""f3d1""}",queen,8,intermediate,Queen 8 · Deflection,deflection,Black to move.,1536,Club,"{""crushing"",""deflection"",""exposedKing"",""long"",""middlegame""}",A deflection — lure a defending piece away from the square it was guarding.,true,lichess,s3FrU,31611,95,{}
lc_9uMr4,3r2k1/RR6/5rp1/8/6PP/2N1n3/PPP5/6K1 b - - 6 29,"{""f6f1"",""g1h2"",""d8d2"",""c3e2"",""d2e2"",""h2g3"",""e2g2"",""g3h3"",""f1f3""}",queen,8,intermediate,Queen 8 · Endgame,endgame,Black to move.,1537,Club,"{""endgame"",""exposedKing"",""mate"",""mateIn5"",""veryLong""}",An endgame technique — precise play with few pieces where every tempo counts.,true,lichess,9uMr4,42688,96,{}
lc_5YiJ8,rn2kb1r/pp3Npp/1q2p3/4P3/3p4/2P5/P1P1Q1PP/R1B2RK1 b kq - 0 13,"{""d4d3"",""e2f2"",""f8c5""}",queen,8,intermediate,Queen 8 · Pin,pin,Black to move.,1537,Club,"{""advantage"",""discoveredAttack"",""discoveredCheck"",""middlegame"",""pin"",""short""}",A pin — the attacked piece can't move without exposing a more valuable piece behind it.,true,lichess,5YiJ8,41824,95,"{""Caro-Kann_Defense"",""Caro-Kann_Defense_Maroczy_Variation""}"
lc_729Ea,7r/2k5/1p2b3/pP1pP3/P1pP2B1/R1P2K2/8/8 b - - 2 36,"{""h8f8"",""f3g3"",""f8g8""}",queen,8,intermediate,Queen 8 · Pin,pin,Black to move.,1537,Club,"{""advantage"",""endgame"",""pin"",""short""}",A pin — the attacked piece can't move without exposing a more valuable piece behind it.,true,lichess,729Ea,41357,95,{}
lc_sPYTG,2kr1b1r/ppp2pp1/2n1q3/4p1Np/2P5/P2P4/1P2bPPP/R1BQ1RK1 w - - 0 12,"{""g5e6"",""e2d1"",""e6d8"",""c6d8"",""f1d1""}",queen,8,intermediate,Queen 8 · Advantage,advantage,White to move.,1537,Club,"{""advantage"",""long"",""opening""}",Find the strongest continuation and seize the advantage.,true,lichess,sPYTG,36817,95,"{""Four_Knights_Game"",""Four_Knights_Game_Other_variations""}"
lc_x2gxz,4R3/pp2nkpp/2pb2p1/8/3P4/P4rP1/1P3BKP/4R3 b - - 2 28,"{""f3f2"",""g2f2"",""f7e8""}",queen,8,intermediate,Queen 8 · Endgame,endgame,Black to move.,1537,Club,"{""advantage"",""endgame"",""short""}",An endgame technique — precise play with few pieces where every tempo counts.,true,lichess,x2gxz,35368,95,{}
lc_qKjDF,5n1k/3r2p1/2pN3p/4P3/1p3P2/1P6/1pP3PP/1R5K b - - 1 35,"{""d7a7"",""d6c4"",""a7a1""}",queen,8,intermediate,Queen 8 · Pin,pin,Black to move.,1537,Club,"{""advantage"",""endgame"",""pin"",""quietMove"",""short""}",A pin — the attacked piece can't move without exposing a more valuable piece behind it.,true,lichess,qKjDF,34600,95,{}
lc_FAWKo,6k1/5pp1/4r3/7p/7P/3R2PK/2Q1q3/8 w - - 3 49,"{""d3d8"",""e6e8"",""c2e2""}",queen,8,intermediate,Queen 8 · Pin,pin,White to move.,1537,Club,"{""advantage"",""endgame"",""pin"",""short""}",A pin — the attacked piece can't move without exposing a more valuable piece behind it.,true,lichess,FAWKo,33839,96,{}
lc_F4ccO,r2qkb1r/1pp2pp1/p1b2n1p/4N3/4P3/2NP4/PPP3PP/R1BQ1RK1 b kq - 1 10,"{""d8d4"",""g1h1"",""d4e5""}",queen,8,intermediate,Queen 8 · Fork,fork,Black to move.,1537,Club,"{""advantage"",""fork"",""opening"",""short""}","A fork — one piece attacks two enemy pieces at once, forcing a material win.",true,lichess,F4ccO,33772,95,"{""Kings_Gambit"",""Kings_Gambit_Other_variations""}"
lc_48xq9,2rqkbnr/5ppp/p5b1/3Q4/Np2P3/4BN2/PP3PPP/1K1R3R b k - 2 14,"{""d8d5"",""d1d5"",""g6e4"",""b1a1"",""e4d5""}",queen,8,intermediate,Queen 8 · Fork,fork,Black to move.,1537,Club,"{""attraction"",""capturingDefender"",""crushing"",""fork"",""long"",""middlegame"",""pin""}","A fork — one piece attacks two enemy pieces at once, forcing a material win.",true,lichess,48xq9,33414,95,"{""Queens_Pawn_Game"",""Queens_Pawn_Game_Zukertort_Variation""}"
lc_9EWyY,1k3b1r/ppp2p2/7n/3r4/8/3BB2P/PPP3PK/R4R2 b - - 2 19,"{""h6g4"",""h2h1"",""g4e3""}",queen,8,intermediate,Queen 8 · Pin,pin,Black to move.,1537,Club,"{""advantage"",""middlegame"",""pin"",""short""}",A pin — the attacked piece can't move without exposing a more valuable piece behind it.,true,lichess,9EWyY,33084,96,"{""Italian_Game"",""Italian_Game_Other_variations""}"
lc_hFKd4,r5k1/pp1b2bp/2pqprp1/3p4/6B1/2N4P/PPP1QPP1/3RR1K1 w - - 9 21,"{""c3e4"",""d6e7"",""e4f6""}",queen,8,intermediate,Queen 8 · Advantage,advantage,White to move.,1537,Club,"{""advantage"",""kingsideAttack"",""middlegame"",""short""}",Find the strongest continuation and seize the advantage.,true,lichess,hFKd4,32765,95,{}
lc_H8Mve,1k5r/p1pp4/1p2p2p/4q3/1PP3p1/P1PBB3/3Q2KP/8 w - - 0 30,"{""e3d4"",""e5h5"",""d4h8""}",queen,8,intermediate,Queen 8 · Skewer,skewer,White to move.,1537,Club,"{""crushing"",""endgame"",""short"",""skewer""}","A skewer — the higher-value piece is forced to move, losing the piece behind it.",true,lichess,H8Mve,32724,95,{}
lc_MYazd,r1b1kbnr/ppp1pppp/n7/1Nq5/2Q5/8/PPPP1PPP/R1B1KBNR w KQkq - 8 7,"{""c4c5"",""a6c5"",""b5c7""}",queen,8,intermediate,Queen 8 · Capturing Defender,capturingDefender,White to move.,1537,Club,"{""capturingDefender"",""crushing"",""opening"",""short""}",Find the strongest continuation and seize the advantage.,true,lichess,MYazd,32301,95,"{""Scandinavian_Defense"",""Scandinavian_Defense_Gubinsky-Melts_Defense""}"
lc_xjiCx,3r3r/5k2/p1Q3p1/8/1P1P2P1/5PKP/3q4/R3R3 b - - 3 32,"{""h8h3"",""g3h3"",""d8h8"",""h3g3"",""d2h2""}",queen,8,intermediate,Queen 8 · Mate In3,mateIn3,Black to move.,1537,Club,"{""attraction"",""endgame"",""long"",""mate"",""mateIn3"",""sacrifice""}",Checkmate in three — calculate the forcing line all the way to mate.,true,lichess,xjiCx,32145,95,{}
lc_O82Si,5rk1/p1p2pbp/1r4pn/8/2BqQ3/7P/PP3PP1/R1B2RK1 w - - 0 16,"{""e4d4"",""g7d4"",""c1h6""}",queen,8,intermediate,Queen 8 · Advantage,advantage,White to move.,1538,Club,"{""advantage"",""master"",""middlegame"",""short""}",Find the strongest continuation and seize the advantage.,true,lichess,O82Si,42823,95,"{""Modern_Defense"",""Modern_Defense_Other_variations""}"
lc_bi0LA,r4b2/1pk1pN1p/1n1p4/p1pP1p1Q/qnP1b3/N3B3/PP2B1PP/2KR3R b - - 6 18,"{""b4a2"",""c1d2"",""a4b4""}",queen,8,intermediate,Queen 8 · Mate In2,mateIn2,Black to move.,1538,Club,"{""mate"",""mateIn2"",""middlegame"",""queensideAttack"",""short""}",Checkmate in two — a forced sequence that delivers checkmate on move two.,true,lichess,bi0LA,38372,96,"{""Alekhine_Defense"",""Alekhine_Defense_Four_Pawns_Attack""}"
lc_6rmMQ,R7/8/3p2kp/P2r2p1/3b2P1/4B3/4K1PP/8 b - - 2 34,"{""d5e5"",""e2d3"",""d4e3""}",queen,8,intermediate,Queen 8 · Pin,pin,Black to move.,1538,Club,"{""advantage"",""endgame"",""pin"",""short""}",A pin — the attacked piece can't move without exposing a more valuable piece behind it.,true,lichess,6rmMQ,35445,96,{}
lc_s6Shi,r1bq1rk1/pppn1ppp/3p1n2/2bN2B1/4P3/1N6/PPP2PPP/R2QKB1R b KQ - 6 8,"{""c5f2"",""e1f2"",""f6e4""}",queen,8,intermediate,Queen 8 · Attraction,attraction,Black to move.,1538,Club,"{""advantage"",""attackingF2F7"",""attraction"",""opening"",""short""}",An attraction — force an enemy piece onto a square where it can be exploited.,true,lichess,s6Shi,34639,95,"{""Vienna_Game"",""Vienna_Game_Anderssen_Defense""}"
lc_Cd1lQ,8/R5pp/2pk4/2p3P1/3bP3/1KNP4/PP5r/8 b - - 2 31,"{""c5c4"",""b3c4"",""d4a7""}",queen,8,intermediate,Queen 8 · Discovered Attack,discoveredAttack,Black to move.,1538,Club,"{""crushing"",""discoveredAttack"",""endgame"",""short""}",A discovered attack — moving one piece uncovers a deadly attack from another.,true,lichess,Cd1lQ,34617,95,{}
lc_b2Pbo,r1b1k2r/ppp2ppp/2n1pn2/3q4/2PP4/B4N2/P1P2PPP/R2QKB1R b KQkq - 0 8,"{""d5a5"",""d1d2"",""a5a3""}",queen,8,intermediate,Queen 8 · Fork,fork,Black to move.,1538,Club,"{""advantage"",""fork"",""opening"",""short""}","A fork — one piece attacks two enemy pieces at once, forcing a material win.",true,lichess,b2Pbo,34223,95,"{""Nimzowitsch_Defense"",""Nimzowitsch_Defense_Franco-Nimzowitsch_Variation""}"
lc_OxX1x,r5rk/1p3p1p/p2ppPpQ/8/4P3/2PR4/PP3qPP/4R2K w - - 7 27,"{""h6h7"",""h8h7"",""d3h3"",""f2h4"",""h3h4""}",queen,8,intermediate,Queen 8 · Mate In3,mateIn3,White to move.,1538,Club,"{""attraction"",""endgame"",""kingsideAttack"",""long"",""mate"",""mateIn3"",""sacrifice""}",Checkmate in three — calculate the forcing line all the way to mate.,true,lichess,OxX1x,34152,95,{}
lc_JcW4t,1r3rk1/p1pq1p1p/3p3p/2pN2bQ/2b1P3/1N6/PPP2PPP/R3K2R w KQ - 3 17,"{""h5g5"",""h6g5"",""d5f6"",""g8g7"",""f6d7""}",queen,8,intermediate,Queen 8 · Fork,fork,White to move.,1538,Club,"{""crushing"",""fork"",""long"",""middlegame"",""sacrifice""}","A fork — one piece attacks two enemy pieces at once, forcing a material win.",true,lichess,JcW4t,32273,94,"{""Ruy_Lopez"",""Ruy_Lopez_Berlin_Defense""}"
lc_n6hmE,5k2/pQ3p2/5pr1/4p3/4P3/7b/P1PR1P1P/5R1K b - - 2 23,"{""h3g2"",""h1g1"",""g2f3""}",queen,8,intermediate,Queen 8 · Mate In2,mateIn2,Black to move.,1538,Club,"{""discoveredAttack"",""discoveredCheck"",""endgame"",""fork"",""mate"",""mateIn2"",""pillsburysMate"",""short""}",Checkmate in two — a forced sequence that delivers checkmate on move two.,true,lichess,n6hmE,32129,95,{}
lc_3w1GU,2rbr1k1/6p1/pq1p3p/1p1Ppp2/1P2N3/P1P1Q2P/5PP1/2R2RK1 w - f6 0 22,"{""e3b6"",""d8b6"",""e4d6""}",queen,8,intermediate,Queen 8 · Advantage,advantage,White to move.,1538,Club,"{""advantage"",""capturingDefender"",""middlegame"",""short""}",Find the strongest continuation and seize the advantage.,true,lichess,3w1GU,31328,95,{}
lc_1oEt1,3k4/pb3Q1N/1pq1p1p1/8/2Pr4/P4P2/1P4PP/6K1 w - - 1 29,"{""f7f6"",""d8c8"",""f6d4""}",queen,8,intermediate,Queen 8 · Fork,fork,White to move.,1539,Club,"{""crushing"",""endgame"",""fork"",""short""}","A fork — one piece attacks two enemy pieces at once, forcing a material win.",true,lichess,1oEt1,41338,96,{}
lc_QpcVn,r1b1k2r/ppp2ppp/2nb2q1/3Bp3/8/2N2Q2/PPPP1PPP/R1B1K2R w KQkq - 3 9,"{""d5c6"",""b7c6"",""f3c6""}",queen,8,intermediate,Queen 8 · Advantage,advantage,White to move.,1539,Club,"{""advantage"",""opening"",""short""}",Find the strongest continuation and seize the advantage.,true,lichess,QpcVn,37291,95,"{""Italian_Game"",""Italian_Game_Two_Knights_Defense""}"
lc_Z72Zx,4r1k1/5pn1/1q2pBp1/p3P3/3P1QP1/P7/2r5/1q1R2KR w - - 0 37,"{""h1h8"",""g8h8"",""f4h6"",""h8g8"",""h6g7""}",queen,8,intermediate,Queen 8 · Mate In3,mateIn3,White to move.,1539,Club,"{""attraction"",""long"",""mate"",""mateIn3"",""middlegame"",""sacrifice""}",Checkmate in three — calculate the forcing line all the way to mate.,true,lichess,Z72Zx,35998,96,{}
lc_M4ulL,4r3/7k/6b1/pp2p2p/4Pq2/1P2N1RQ/P5PK/8 b - - 13 54,"{""h5h4"",""e3d5"",""f4g3"",""h3g3"",""h4g3""}",queen,8,intermediate,Queen 8 · Endgame,endgame,Black to move.,1539,Club,"{""crushing"",""endgame"",""long""}",An endgame technique — precise play with few pieces where every tempo counts.,true,lichess,M4ulL,35617,96,{}
lc_jer0Z,r1b1k1nr/pp5p/3pq1p1/8/3bP3/1Q6/PP3PPP/RNB2RK1 w kq - 0 13,"{""b3a4"",""c8d7"",""a4d4""}",queen,8,intermediate,Queen 8 · Fork,fork,White to move.,1539,Club,"{""advantage"",""fork"",""opening"",""short""}","A fork — one piece attacks two enemy pieces at once, forcing a material win.",true,lichess,jer0Z,35605,95,"{""Sicilian_Defense"",""Sicilian_Defense_Old_Sicilian""}"
lc_Btdnv,r2q2k1/pp2b1pp/4p1r1/3pB2Q/2p5/2P1P2P/PP3PP1/R4RK1 b - - 3 18,"{""g6g5"",""h5e2"",""g5e5""}",queen,8,intermediate,Queen 8 · Interference,interference,Black to move.,1539,Club,"{""advantage"",""interference"",""middlegame"",""short""}",Interference — block the line between two enemy pieces to break their coordination.,true,lichess,Btdnv,34609,95,"{""Rapport-Jobava_System"",""Rapport-Jobava_System_Other_variations""}"
lc_jINGA,r1b1kb1r/pp3ppp/2n2n2/4p3/2Ppq3/5N1P/PP2BPP1/RNBQ1RK1 w kq - 1 10,"{""e2d3"",""e4d3"",""d1d3""}",queen,8,intermediate,Queen 8 · Trapped Piece,trappedPiece,White to move.,1539,Club,"{""crushing"",""opening"",""short"",""trappedPiece""}",A trapped piece — the enemy piece has no safe squares and can be won.,true,lichess,jINGA,34521,95,"{""Sicilian_Defense"",""Sicilian_Defense_Old_Sicilian""}"
lc_PWdAQ,6rk/5prp/p1p2Q2/2pR4/8/P2b2P1/1P1q1PK1/7R w - - 0 31,"{""h1h7"",""d3h7"",""d5d2""}",queen,8,intermediate,Queen 8 · Pin,pin,White to move.,1539,Club,"{""advantage"",""middlegame"",""pin"",""short""}",A pin — the attacked piece can't move without exposing a more valuable piece behind it.,true,lichess,PWdAQ,33958,96,{}
lc_bqzH1,r4r2/ppp1k3/2n2p1p/4P3/4q3/2P4P/PP4P1/R2Q1R1K w - - 1 24,"{""e5f6"",""f8f6"",""f1e1"",""e4e1"",""d1e1""}",queen,8,intermediate,Queen 8 · Pin,pin,White to move.,1539,Club,"{""advantage"",""long"",""middlegame"",""pin""}",A pin — the attacked piece can't move without exposing a more valuable piece behind it.,true,lichess,bqzH1,33916,95,{}
lc_nGUcw,2r1r1k1/pp3ppp/1q1b1n2/3pN2b/3Q1P2/1B2B2P/PP4P1/RN3RK1 b - - 0 17,"{""d6c5"",""d4c5"",""c8c5""}",queen,8,intermediate,Queen 8 · Advantage,advantage,Black to move.,1539,Club,"{""advantage"",""middlegame"",""short""}",Find the strongest continuation and seize the advantage.,true,lichess,nGUcw,33874,95,"{""French_Defense"",""French_Defense_Other_variations""}"
lc_wWgZP,4Q3/pp1P2pk/5r1p/8/8/6qP/P5P1/7K w - - 5 31,"{""e8e4"",""g3g6"",""e4g6"",""f6g6"",""d7d8q""}",queen,8,intermediate,Queen 8 · Promotion,promotion,White to move.,1539,Club,"{""advancedPawn"",""crushing"",""endgame"",""long"",""promotion""}",Pawn promotion — advance the pawn to its final rank and choose your new piece wisely.,true,lichess,wWgZP,33757,96,{}
lc_qriYC,6k1/R1p1r3/3p4/5p2/1P1KPP1p/2P4P/1n4B1/8 b - - 3 32,"{""c7c5"",""d4d5"",""e7a7""}",queen,8,intermediate,Queen 8 · Discovered Attack,discoveredAttack,Black to move.,1539,Club,"{""advantage"",""discoveredAttack"",""endgame"",""short""}",A discovered attack — moving one piece uncovers a deadly attack from another.,true,lichess,qriYC,33515,95,{}
lc_e8lHp,r1bq2nr/ppp3pp/3b2k1/3B4/3nP2P/5N2/PPP2PP1/RNB1K2R w KQ - 0 11,"{""h4h5"",""g6f6"",""c1g5""}",queen,8,intermediate,Queen 8 · Mate In2,mateIn2,White to move.,1539,Club,"{""mate"",""mateIn2"",""opening"",""short""}",Checkmate in two — a forced sequence that delivers checkmate on move two.,true,lichess,e8lHp,32864,96,"{""Queens_Pawn_Game"",""Queens_Pawn_Game_Other_variations""}"
lc_FRVEY,3Q4/p4pkp/1p1pq1p1/7P/2r2PP1/8/5R1K/8 w - - 9 47,"{""h5h6"",""g7h6"",""d8f8""}",queen,8,intermediate,Queen 8 · Mate In2,mateIn2,White to move.,1539,Club,"{""attraction"",""endgame"",""mate"",""mateIn2"",""short""}",Checkmate in two — a forced sequence that delivers checkmate on move two.,true,lichess,FRVEY,32315,97,{}
lc_8vxfq,r3r1k1/p5pp/1pn1qp2/2pb4/4p3/PPQ1P3/1B2BPPP/3R1RK1 w - - 0 20,"{""d1d5"",""e6d5"",""e2c4""}",queen,8,intermediate,Queen 8 · Pin,pin,White to move.,1539,Club,"{""advantage"",""middlegame"",""pin"",""sacrifice"",""short""}",A pin — the attacked piece can't move without exposing a more valuable piece behind it.,true,lichess,8vxfq,32071,95,"{""Queens_Gambit_Declined"",""Queens_Gambit_Declined_Marshall_Defense""}"
lc_di801,6k1/pbr5/1p2p3/n3P1p1/3P3p/P3NrPR/1Q2K3/7R b - - 1 32,"{""f3e3"",""e2e3"",""a5c4"",""e3e2"",""c4b2""}",queen,8,intermediate,Queen 8 · Fork,fork,Black to move.,1539,Club,"{""attraction"",""crushing"",""exposedKing"",""fork"",""long"",""middlegame"",""sacrifice""}","A fork — one piece attacks two enemy pieces at once, forcing a material win.",true,lichess,di801,31712,95,{}
lc_wqZag,r1b2rk1/pp2qppp/2n2n2/2Q5/N4B2/P3pN2/1P3PPP/3RKB1R b K - 0 13,"{""e3f2"",""e1f2"",""f6e4"",""f2g1"",""e4c5""}",queen,8,intermediate,Queen 8 · Fork,fork,Black to move.,1540,Club,"{""advancedPawn"",""attackingF2F7"",""attraction"",""crushing"",""discoveredCheck"",""doubleCheck"",""fork"",""long"",""opening""}","A fork — one piece attacks two enemy pieces at once, forcing a material win.",true,lichess,wqZag,39248,96,"{""Nimzo-Indian_Defense"",""Nimzo-Indian_Defense_Classical_Variation""}"
lc_WN44v,r3k2r/ppp1qppN/2n5/1N1p1b2/3Pn3/2PQP1P1/PP3PP1/R3K2R w KQkq - 1 14,"{""h7f6"",""e7f6"",""h1h8"",""e8d7"",""h8a8""}",queen,8,intermediate,Queen 8 · Skewer,skewer,White to move.,1540,Club,"{""advantage"",""discoveredAttack"",""long"",""middlegame"",""skewer""}","A skewer — the higher-value piece is forced to move, losing the piece behind it.",true,lichess,WN44v,38058,96,"{""Indian_Defense"",""Indian_Defense_London_System""}"
lc_s72iQ,2r2rk1/5pp1/2Nqn3/1pR5/pP2P3/P2P4/3Q1PPP/2R3K1 b - - 0 28,"{""e6c5"",""b4c5"",""d6c6""}",queen,8,intermediate,Queen 8 · Advantage,advantage,Black to move.,1540,Club,"{""advantage"",""capturingDefender"",""intermezzo"",""middlegame"",""short""}",Find the strongest continuation and seize the advantage.,true,lichess,s72iQ,37264,95,{}
lc_oXjHo,8/2p1q1k1/p2p1np1/1p2p1B1/4P1Q1/2P2KP1/PP3P1r/R3R3 b - - 8 34,"{""h2f2"",""f3f2"",""f6g4""}",queen,8,intermediate,Queen 8 · Attraction,attraction,Black to move.,1540,Club,"{""attraction"",""crushing"",""middlegame"",""short""}",An attraction — force an enemy piece onto a square where it can be exploited.,true,lichess,oXjHo,35688,96,{}
lc_cYEz6,3r2k1/1QR2ppp/p3p3/1p2n1q1/8/4P1BP/PP3PPK/8 b - - 6 27,"{""e5g4"",""h3g4"",""g5h6"",""g3h4"",""h6h4"",""h2g1"",""d8d1""}",queen,8,intermediate,Queen 8 · Sacrifice,sacrifice,Black to move.,1540,Club,"{""endgame"",""mate"",""mateIn4"",""sacrifice"",""veryLong""}",A sacrifice — give up material to gain a decisive tactical or positional advantage.,true,lichess,cYEz6,34605,96,{}
lc_vVOFl,3R4/4r1pk/5pRp/5P2/4p1Q1/3r3P/3p2PK/2q5 w - - 2 56,"{""g6h6"",""g7h6"",""g4g6""}",queen,8,intermediate,Queen 8 · Mate In2,mateIn2,White to move.,1540,Club,"{""clearance"",""endgame"",""mate"",""mateIn2"",""sacrifice"",""short""}",Checkmate in two — a forced sequence that delivers checkmate on move two.,true,lichess,vVOFl,34577,95,{}
lc_hMAfl,4rk1r/pp1Q2p1/2p1ppp1/6q1/2P5/P2R3P/1P4P1/3R2K1 w - - 4 27,"{""d7e8"",""f8e8"",""d3d8"",""e8f7"",""d1d7""}",queen,8,intermediate,Queen 8 · Mate In3,mateIn3,White to move.,1540,Club,"{""attraction"",""endgame"",""long"",""mate"",""mateIn3"",""sacrifice""}",Checkmate in three — calculate the forcing line all the way to mate.,true,lichess,hMAfl,34506,97,{}
lc_btdsD,rnbq1rk1/ppp1npbp/6p1/4B3/8/1P3NP1/P1PPP1BP/RN1QK2R b KQ - 0 8,"{""g7e5"",""f3e5"",""d8d4"",""b1c3"",""d4e5""}",queen,8,intermediate,Queen 8 · Fork,fork,Black to move.,1540,Club,"{""advantage"",""fork"",""long"",""opening""}","A fork — one piece attacks two enemy pieces at once, forcing a material win.",true,lichess,btdsD,34450,95,"{""Hungarian_Opening"",""Hungarian_Opening_Other_variations""}"
lc_y7nXg,4r1k1/r4pp1/p1q4p/2P1N1n1/3p4/1P1Q1PP1/P6P/2R1R1K1 b - - 0 28,"{""e8e5"",""e1e5"",""g5f3"",""g1f2"",""f3e5""}",queen,8,intermediate,Queen 8 · Fork,fork,Black to move.,1540,Club,"{""attraction"",""crushing"",""fork"",""long"",""middlegame""}","A fork — one piece attacks two enemy pieces at once, forcing a material win.",true,lichess,y7nXg,34367,95,{}
lc_Uasnt,r4r2/1p1qbppk/p6p/3pP3/3n3N/P5Q1/1P4PP/R1B2RK1 w - - 0 20,"{""g3d3"",""h7g8"",""d3d4""}",queen,8,intermediate,Queen 8 · Fork,fork,White to move.,1540,Club,"{""advantage"",""fork"",""middlegame"",""short""}","A fork — one piece attacks two enemy pieces at once, forcing a material win.",true,lichess,Uasnt,33472,95,"{""English_Opening"",""English_Opening_Anglo-Indian_Defense""}"
lc_ecrgK,Q7/8/1P3p2/2P1p3/8/5Pp1/r6k/1R3K2 b - - 0 51,"{""g3g2"",""f1e1"",""g2g1q""}",queen,8,intermediate,Queen 8 · Mate In2,mateIn2,Black to move.,1540,Club,"{""advancedPawn"",""deflection"",""endgame"",""mate"",""mateIn2"",""promotion"",""queenRookEndgame"",""short""}",Checkmate in two — a forced sequence that delivers checkmate on move two.,true,lichess,ecrgK,33137,95,{}
lc_HkN0V,2r2rk1/pp1P1ppp/8/4P3/1P3p2/P4P2/5q1P/R2QR2K b - - 0 26,"{""c8c2"",""d1c2"",""f2c2""}",queen,8,intermediate,Queen 8 · Endgame,endgame,Black to move.,1540,Club,"{""advantage"",""endgame"",""quietMove"",""short""}",An endgame technique — precise play with few pieces where every tempo counts.,true,lichess,HkN0V,32829,95,{}
lc_HdgUI,6k1/pp3ppp/8/2b1B3/5Q2/2Pr1qP1/PP3P1P/5RK1 b - - 1 25,"{""c5f2"",""f1f2"",""d3d1"",""f2f1"",""d1f1""}",queen,8,intermediate,Queen 8 · Mate In3,mateIn3,Black to move.,1540,Club,"{""endgame"",""long"",""mate"",""mateIn3"",""sacrifice""}",Checkmate in three — calculate the forcing line all the way to mate.,true,lichess,HdgUI,31676,96,{}
lc_fzKPT,4r1rk/ppp2RR1/3p3p/3P4/3qP2Q/2N4P/PP6/7K b - - 0 28,"{""g8g7"",""h4h6"",""h8g8"",""f7g7"",""d4g7""}",queen,8,intermediate,Queen 8 · Advantage,advantage,Black to move.,1540,Club,"{""advantage"",""long"",""middlegame""}",Find the strongest continuation and seize the advantage.,true,lichess,fzKPT,31638,95,{}
lc_9mpvM,2rr2k1/pp2bppp/n7/1N2Bb2/1PB5/P3P3/4KPPP/2R4R b - - 4 17,"{""c8c4"",""c1c4"",""f5d3""}",queen,8,intermediate,Queen 8 · Sacrifice,sacrifice,Black to move.,1540,Club,"{""advantage"",""middlegame"",""sacrifice"",""short""}",A sacrifice — give up material to gain a decisive tactical or positional advantage.,true,lichess,9mpvM,31637,96,"{""Blumenfeld_Countergambit"",""Blumenfeld_Countergambit_Other_variations""}"
lc_nuRGj,rn3b1r/ppqknQp1/2p1p2p/3pPb2/5P2/3P1N2/PPP3PP/RNB1KB1R b KQ - 2 9,"{""f5g6"",""f7g6"",""e7g6""}",queen,8,intermediate,Queen 8 · Trapped Piece,trappedPiece,Black to move.,1540,Club,"{""crushing"",""opening"",""short"",""trappedPiece""}",A trapped piece — the enemy piece has no safe squares and can be won.,true,lichess,nuRGj,31444,96,"{""Caro-Kann_Defense"",""Caro-Kann_Defense_Other_variations""}"
lc_p7D9z,6r1/r3q1pk/4p1Rp/4Pp1P/2pp1P2/P6P/1P4QK/6R1 w - - 0 38,"{""g6h6"",""g7h6"",""g2g8""}",queen,8,intermediate,Queen 8 · Mate In2,mateIn2,White to move.,1540,Club,"{""discoveredAttack"",""endgame"",""mate"",""mateIn2"",""short""}",Checkmate in two — a forced sequence that delivers checkmate on move two.,true,lichess,p7D9z,31368,96,{}
lc_nTW0g,r1b1kb1r/pppn2p1/4q2p/5p2/3P4/3QNP2/PPP3PP/R3KBNR b KQkq - 2 10,"{""f5f4"",""d3e4"",""e6e4"",""f3e4"",""f4e3""}",queen,8,intermediate,Queen 8 · Pin,pin,Black to move.,1541,Club,"{""advantage"",""long"",""opening"",""pin""}",A pin — the attacked piece can't move without exposing a more valuable piece behind it.,true,lichess,nTW0g,37058,95,"{""Dutch_Defense"",""Dutch_Defense_Raphael_Variation""}"
lc_vCQKq,1r2r3/R2Rn2p/4Pk2/3N1pp1/1nP1p3/1B5P/6PK/8 b - - 3 39,"{""b4d5"",""c4d5"",""b8b3""}",queen,8,intermediate,Queen 8 · Discovered Attack,discoveredAttack,Black to move.,1541,Club,"{""crushing"",""discoveredAttack"",""master"",""middlegame"",""short""}",A discovered attack — moving one piece uncovers a deadly attack from another.,true,lichess,vCQKq,36799,96,{}
lc_HWwiP,r2qk1nr/ppp2ppp/4p3/4Pb2/1bp2B2/2N1P3/PP3PPP/R2QKB1R w KQkq - 0 9,"{""d1a4"",""d8d7"",""a4b4""}",queen,8,intermediate,Queen 8 · Fork,fork,White to move.,1541,Club,"{""crushing"",""fork"",""opening"",""short""}","A fork — one piece attacks two enemy pieces at once, forcing a material win.",true,lichess,HWwiP,36705,95,"{""Queens_Pawn_Game"",""Queens_Pawn_Game_Accelerated_London_System""}"
lc_iFzgr,rnb1r1k1/pp4pp/2p1p3/q2pNp2/2PP3P/3BP3/PPQN1nP1/1K1R3R w - f6 0 13,"{""d2b3"",""a5c7"",""c2f2""}",queen,8,intermediate,Queen 8 · Discovered Attack,discoveredAttack,White to move.,1541,Club,"{""advantage"",""discoveredAttack"",""middlegame"",""short""}",A discovered attack — moving one piece uncovers a deadly attack from another.,true,lichess,iFzgr,36612,95,"{""Queens_Gambit_Declined"",""Queens_Gambit_Declined_Other_variations""}"
lc_sTUbS,r1bqkb1r/ppp2ppp/8/4p3/4n3/1Q6/PPP2PPP/RN2KBNR w KQkq - 0 8,"{""b3a4"",""c8d7"",""a4e4""}",queen,8,intermediate,Queen 8 · Fork,fork,White to move.,1541,Club,"{""advantage"",""fork"",""opening"",""short""}","A fork — one piece attacks two enemy pieces at once, forcing a material win.",true,lichess,sTUbS,35006,95,"{""Nimzowitsch_Defense"",""Nimzowitsch_Defense_Kennedy_Variation""}"
lc_EP5th,3q1r1k/pp5p/5rR1/4Q3/1b1p4/1P1P4/P1P1KPP1/7R w - - 0 27,"{""h1h7"",""h8h7"",""e5h5""}",queen,8,intermediate,Queen 8 · Mate In2,mateIn2,White to move.,1541,Club,"{""attraction"",""mate"",""mateIn2"",""middlegame"",""pin"",""sacrifice"",""short""}",Checkmate in two — a forced sequence that delivers checkmate on move two.,true,lichess,EP5th,34928,96,{}
lc_hOIpp,rn1qkb1r/ppp2ppp/5B2/4p3/2B3b1/3P1Q2/PPP2PPP/RN2K1NR b KQkq - 0 7,"{""g4f3"",""f6d8"",""f3g2""}",queen,8,intermediate,Queen 8 · Advantage,advantage,Black to move.,1541,Club,"{""advantage"",""opening"",""short""}",Find the strongest continuation and seize the advantage.,true,lichess,hOIpp,34466,95,"{""Bishops_Opening"",""Bishops_Opening_Berlin_Defense""}"
lc_nGP7d,r2k3r/pp1n1Q2/2p1B3/3pP3/3P3q/2N3p1/PPP3K1/R4R2 b - - 0 21,"{""h4h2"",""g2f3"",""h8f8"",""f3g4"",""f8f7""}",queen,8,intermediate,Queen 8 · Pin,pin,Black to move.,1541,Club,"{""advantage"",""long"",""middlegame"",""pin""}",A pin — the attacked piece can't move without exposing a more valuable piece behind it.,true,lichess,nGP7d,34150,95,{}
lc_VzaDm,r3rbk1/pp3ppp/8/nQ6/3P4/P1q2N2/5PPP/R1B2RK1 w - - 0 20,"{""c1d2"",""c3c4"",""b5a5""}",queen,8,intermediate,Queen 8 · Advantage,advantage,White to move.,1541,Club,"{""advantage"",""middlegame"",""short""}",Find the strongest continuation and seize the advantage.,true,lichess,VzaDm,33190,96,"{""Italian_Game"",""Italian_Game_Classical_Variation""}"
lc_gb0Bt,5r2/1pk2r1R/2p1Rb2/p4B2/3p2P1/1P6/1PP5/1K6 w - - 4 29,"{""e6f6"",""f7h7"",""f6f8""}",queen,8,intermediate,Queen 8 · Pin,pin,White to move.,1541,Club,"{""crushing"",""endgame"",""pin"",""short""}",A pin — the attacked piece can't move without exposing a more valuable piece behind it.,true,lichess,gb0Bt,33033,95,{}
lc_HvZDN,8/3R4/6p1/6k1/5nP1/5PK1/r6P/8 w - - 7 49,"{""h2h4"",""g5f6"",""g3f4""}",queen,8,intermediate,Queen 8 · Deflection,deflection,White to move.,1541,Club,"{""crushing"",""deflection"",""endgame"",""short""}",A deflection — lure a defending piece away from the square it was guarding.,true,lichess,HvZDN,32727,95,{}
lc_hIAhe,6r1/pp5p/4k3/2pR1r2/4n1N1/7P/P6K/3R4 w - - 9 31,"{""d5f5"",""e6f5"",""g4h6"",""f5e5"",""h6g8""}",queen,8,intermediate,Queen 8 · Fork,fork,White to move.,1541,Club,"{""advantage"",""attraction"",""endgame"",""exposedKing"",""fork"",""long""}","A fork — one piece attacks two enemy pieces at once, forcing a material win.",true,lichess,hIAhe,32669,96,{}
lc_c2Ukj,r4rk1/5ppp/p2qp3/1pp5/1N1nQB2/P6P/1P3PP1/R4RK1 b - - 1 20,"{""d6f4"",""e4f4"",""d4e2"",""g1h2"",""e2f4""}",queen,8,intermediate,Queen 8 · Fork,fork,Black to move.,1541,Club,"{""advantage"",""attraction"",""fork"",""long"",""middlegame"",""sacrifice""}","A fork — one piece attacks two enemy pieces at once, forcing a material win.",true,lichess,c2Ukj,32609,95,{}
lc_G56bk,5rk1/1p3pp1/p6R/8/1P6/P2r4/1B1Q1KP1/1q6 w - - 0 36,"{""h6h8"",""g8h8"",""d2h6"",""h8g8"",""h6g7""}",queen,8,intermediate,Queen 8 · Mate In3,mateIn3,White to move.,1541,Club,"{""attraction"",""endgame"",""long"",""mate"",""mateIn3"",""pin"",""sacrifice""}",Checkmate in three — calculate the forcing line all the way to mate.,true,lichess,G56bk,32535,96,{}
lc_nVBMV,4r2r/1ppb2k1/p6n/3PR2p/2B3pP/8/PPP3P1/5RK1 w - - 1 23,"{""e5g5"",""g7h7"",""c4d3""}",queen,8,intermediate,Queen 8 · Crushing,crushing,White to move.,1541,Club,"{""crushing"",""middlegame"",""short""}",Find the strongest continuation and seize the advantage.,true,lichess,nVBMV,32335,96,{}
lc_bap6R,7r/pp2kp2/2p5/3pPn1r/P7/4PN2/1P3KP1/3R3R w - - 7 30,"{""h1h5"",""h8h5"",""g2g4""}",queen,8,intermediate,Queen 8 · Endgame,endgame,White to move.,1541,Club,"{""advantage"",""endgame"",""short""}",An endgame technique — precise play with few pieces where every tempo counts.,true,lichess,bap6R,31965,96,{}
lc_mcect,6k1/5pp1/7p/p3bN2/8/P2Q2PP/1r2r3/6K1 w - - 5 36,"{""f5e7"",""g8h8"",""d3d8"",""h8h7"",""d8g8""}",queen,8,intermediate,Queen 8 · Mate In3,mateIn3,White to move.,1541,Club,"{""endgame"",""long"",""mate"",""mateIn3""}",Checkmate in three — calculate the forcing line all the way to mate.,true,lichess,mcect,31250,96,{}
lc_iKKrD,r1bqk2r/p1p2ppp/2p5/2b5/1p2P3/7P/PPP2PP1/RNBQKB1R b KQkq - 0 9,"{""c5f2"",""e1e2"",""c8a6"",""e2f2"",""d8d1""}",queen,8,intermediate,Queen 8 · Deflection,deflection,Black to move.,1542,Club,"{""attackingF2F7"",""crushing"",""deflection"",""long"",""opening""}",A deflection — lure a defending piece away from the square it was guarding.,true,lichess,iKKrD,35255,96,"{""Russian_Game"",""Russian_Game_Three_Knights_Game""}"
lc_2MaDQ,r4rk1/pp2b1pp/2p1p3/4P3/2P5/PQnqB1P1/5PBP/3RR1K1 b - - 6 21,"{""c3e2"",""e1e2"",""d3b3""}",queen,8,intermediate,Queen 8 · Discovered Attack,discoveredAttack,Black to move.,1542,Club,"{""crushing"",""discoveredAttack"",""middlegame"",""short""}",A discovered attack — moving one piece uncovers a deadly attack from another.,true,lichess,2MaDQ,35158,96,{}
lc_5CJyv,r2q1rk1/pp2b1pp/4b3/2pnN3/Q2n4/2NP2P1/PP1BPPB1/2R2RK1 b - - 0 15,"{""d5c3"",""d2c3"",""d4e2""}",queen,8,intermediate,Queen 8 · Advantage,advantage,Black to move.,1542,Club,"{""advantage"",""capturingDefender"",""middlegame"",""short""}",Find the strongest continuation and seize the advantage.,true,lichess,5CJyv,34671,96,"{""Kings_Indian_Attack"",""Kings_Indian_Attack_French_Variation""}"
lc_yHkxZ,8/1r5p/2p1k1p1/pp2P3/4P3/1PP5/R4PPP/bN4K1 b - - 4 24,"{""b7d7"",""g1f1"",""d7d1"",""f1e2"",""d1b1""}",queen,8,intermediate,Queen 8 · Fork,fork,Black to move.,1542,Club,"{""advantage"",""endgame"",""fork"",""long"",""quietMove""}","A fork — one piece attacks two enemy pieces at once, forcing a material win.",true,lichess,yHkxZ,33743,95,{}
lc_Qgwjy,3Q4/8/5K2/2k2P1p/6NP/8/8/4q3 b - - 2 72,"{""e1h4"",""f6g6"",""h4d8""}",queen,8,intermediate,Queen 8 · Fork,fork,Black to move.,1542,Club,"{""crushing"",""endgame"",""fork"",""short"",""skewer""}","A fork — one piece attacks two enemy pieces at once, forcing a material win.",true,lichess,Qgwjy,33658,96,{}
lc_Umja0,rn1q1rk1/p2nbppp/2p1p3/1p1pP3/3P2b1/2PQBN2/PPBN1PPP/R3K2R b KQ - 1 11,"{""g4f5"",""d3e2"",""f5c2""}",queen,8,intermediate,Queen 8 · Skewer,skewer,Black to move.,1542,Club,"{""advantage"",""middlegame"",""short"",""skewer""}","A skewer — the higher-value piece is forced to move, losing the piece behind it.",true,lichess,Umja0,33062,95,"{""Zukertort_Opening"",""Zukertort_Opening_Wade_Defense""}"
lc_FXgxE,8/8/4pkp1/7p/4KPP1/8/7P/8 w - h6 0 34,"{""g4g5"",""f6e7"",""e4e5"",""h5h4"",""h2h3"",""e7d7"",""e5f6""}",queen,8,intermediate,Queen 8 · Zugzwang,zugzwang,White to move.,1542,Club,"{""crushing"",""endgame"",""pawnEndgame"",""quietMove"",""veryLong"",""zugzwang""}",Zugzwang — every move worsens the opponent's position; force them to move.,true,lichess,FXgxE,32957,95,{}
lc_98cVb,4k2r/1q2ppb1/2bp2p1/p1p5/1rPnP3/1P1QBPPp/P3NR1P/1R3NK1 b k - 2 24,"{""d4f3"",""f2f3"",""c6e4""}",queen,8,intermediate,Queen 8 · Crushing,crushing,Black to move.,1543,Club,"{""crushing"",""kingsideAttack"",""middlegame"",""short""}",Find the strongest continuation and seize the advantage.,true,lichess,98cVb,45508,95,{}
lc_2GN7A,rnb1k2r/pppp1ppp/4p3/4P1q1/3PQ3/8/PPP2PPP/RN2KBNR b KQkq - 0 7,"{""g5c1"",""e1e2"",""c1b2""}",queen,8,intermediate,Queen 8 · Advantage,advantage,Black to move.,1543,Club,"{""advantage"",""opening"",""short""}",Find the strongest continuation and seize the advantage.,true,lichess,2GN7A,36711,96,"{""Trompowsky_Attack"",""Trompowsky_Attack_Classical_Defense""}"
lc_dnrwZ,3r2k1/5ppp/p1P5/5R2/P2p4/8/6PP/6K1 w - - 0 32,"{""c6c7"",""d8c8"",""f5d5"",""g8f8"",""d5d8"",""f8e7"",""d8c8""}",queen,8,intermediate,Queen 8 · Advanced Pawn,advancedPawn,White to move.,1543,Club,"{""advancedPawn"",""crushing"",""endgame"",""rookEndgame"",""veryLong""}",An advanced pawn — push the passer or use its threats to win material.,true,lichess,dnrwZ,36191,96,{}
lc_tXIQ0,rnk3r1/1b1p3p/1Q2p3/pPn2p2/2Pq4/2N1P2N/P4PPP/2R1KB1R b K - 0 19,"{""c5d3"",""f1d3"",""d4b6""}",queen,8,intermediate,Queen 8 · Fork,fork,Black to move.,1543,Club,"{""advantage"",""discoveredAttack"",""fork"",""middlegame"",""short""}","A fork — one piece attacks two enemy pieces at once, forcing a material win.",true,lichess,tXIQ0,35674,95,"{""Benoni_Defense"",""Benoni_Defense_Weenink_Variation""}"
lc_BxFaR,r1b2rk1/ppp3pp/2np1p2/8/4Pn2/1PQ2P1P/PBPN2P1/2KR1Bq1 w - - 0 17,"{""f1c4"",""d6d5"",""d1g1""}",queen,8,intermediate,Queen 8 · Discovered Attack,discoveredAttack,White to move.,1543,Club,"{""advantage"",""discoveredAttack"",""middlegame"",""short""}",A discovered attack — moving one piece uncovers a deadly attack from another.,true,lichess,BxFaR,35012,95,"{""Kings_Pawn_Game"",""Kings_Pawn_Game_McConnell_Defense""}"
lc_BrjVL,2r2rk1/ppq4p/4p1p1/4Np2/2P1b3/1P3PQ1/PK4PP/3R3R b - - 0 23,"{""f5f4"",""g3e1"",""c7e5""}",queen,8,intermediate,Queen 8 · Interference,interference,Black to move.,1543,Club,"{""advantage"",""interference"",""middlegame"",""short""}",Interference — block the line between two enemy pieces to break their coordination.,true,lichess,BrjVL,34575,95,{}
lc_nGNMS,r2qk2r/ppp2p1p/3pb3/4p3/1b2P3/3B4/PB3PPP/R2Q1RK1 w kq - 0 13,"{""d1a4"",""d8d7"",""a4b4""}",queen,8,intermediate,Queen 8 · Fork,fork,White to move.,1543,Club,"{""advantage"",""fork"",""middlegame"",""short""}","A fork — one piece attacks two enemy pieces at once, forcing a material win.",true,lichess,nGNMS,34072,94,"{""Danish_Gambit_Accepted"",""Danish_Gambit_Accepted_Other_variations""}"
lc_I13kB,3qr1k1/1r3pbp/p1bBp1p1/3pP3/2PQ4/1P3B2/P4PPP/R4RK1 b - c3 0 19,"{""d8d6"",""e5d6"",""g7d4""}",queen,8,intermediate,Queen 8 · Advantage,advantage,Black to move.,1543,Club,"{""advantage"",""middlegame"",""short""}",Find the strongest continuation and seize the advantage.,true,lichess,I13kB,34055,95,"{""Sicilian_Defense"",""Sicilian_Defense_Open""}"
lc_ifhOM,r5r1/6k1/pbp4p/1p1pPPqb/P4Q2/2P1P2B/5B2/1RR4K b - - 4 37,"{""g5f4"",""e3f4"",""b6f2""}",queen,8,intermediate,Queen 8 · Advantage,advantage,Black to move.,1543,Club,"{""advantage"",""capturingDefender"",""middlegame"",""short""}",Find the strongest continuation and seize the advantage.,true,lichess,ifhOM,33877,96,{}
lc_SqCdq,r4rk1/pp3pp1/3p3p/3Pn3/4N3/5P1q/PPPP2Q1/R1B1R1K1 b - - 2 20,"{""e5f3"",""g1f1"",""h3g2"",""f1g2"",""f3e1""}",queen,8,intermediate,Queen 8 · Fork,fork,Black to move.,1543,Club,"{""attraction"",""crushing"",""exposedKing"",""fork"",""long"",""middlegame""}","A fork — one piece attacks two enemy pieces at once, forcing a material win.",true,lichess,SqCdq,33519,95,{}
lc_dIc35,4rrk1/ppp3b1/2n2q2/7R/3p2p1/P2QP3/1PPP1PP1/R1B1K3 w Q - 1 21,"{""d3h7"",""g8f7"",""h5f5"",""f8h8"",""f5f6"",""f7f6"",""h7d3""}",queen,8,intermediate,Queen 8 · Pin,pin,White to move.,1543,Club,"{""advantage"",""clearance"",""exposedKing"",""kingsideAttack"",""middlegame"",""pin"",""veryLong""}",A pin — the attacked piece can't move without exposing a more valuable piece behind it.,true,lichess,dIc35,33095,95,{}
lc_uBw2i,8/p4pk1/1b3p2/2q5/P7/1P1RBPPp/4P2P/R4K2 b - - 2 30,"{""c5e5"",""a1d1"",""b6e3""}",queen,9,intermediate,Queen 9 · Discovered Attack,discoveredAttack,Black to move.,1543,Club,"{""advantage"",""discoveredAttack"",""endgame"",""short""}",A discovered attack — moving one piece uncovers a deadly attack from another.,true,lichess,uBw2i,33069,95,{}
lc_aFXns,3r4/p4p1k/1p2P1p1/5n1p/q3N3/2Q1PPP1/2R3KP/8 b - - 0 33,"{""a4c2"",""c3c2"",""f5e3"",""g2f2"",""e3c2""}",queen,9,intermediate,Queen 9 · Fork,fork,Black to move.,1543,Club,"{""attraction"",""crushing"",""endgame"",""fork"",""long"",""sacrifice""}","A fork — one piece attacks two enemy pieces at once, forcing a material win.",true,lichess,aFXns,32901,96,{}
lc_IcY0G,5kn1/1pp1n3/1p2q3/4p2Q/1P2P1P1/2PP4/3r4/1RR3K1 w - - 1 29,"{""c1f1"",""f8g7"",""h5g5"",""e7g6"",""g5d2""}",queen,9,intermediate,Queen 9 · Fork,fork,White to move.,1543,Club,"{""crushing"",""exposedKing"",""fork"",""long"",""middlegame""}","A fork — one piece attacks two enemy pieces at once, forcing a material win.",true,lichess,IcY0G,32738,94,{}
lc_eO7UZ,r1bqk1nr/pp1p1ppp/2p5/8/2BbP1Q1/2N5/PP1P1PPP/R1B2RK1 b kq - 1 10,"{""d7d5"",""g4g3"",""d5c4""}",queen,9,intermediate,Queen 9 · Advantage,advantage,Black to move.,1543,Club,"{""advantage"",""opening"",""short""}",Find the strongest continuation and seize the advantage.,true,lichess,eO7UZ,32628,94,"{""Ruy_Lopez"",""Ruy_Lopez_Alapin_Defense""}"
lc_4h7YX,r2q1r1k/5pp1/p4n2/1p1p1QN1/3P4/N1b5/5PPP/RR4K1 w - - 4 26,"{""f5h3"",""h8g8"",""h3c3""}",queen,9,intermediate,Queen 9 · Fork,fork,White to move.,1543,Club,"{""advantage"",""fork"",""middlegame"",""short""}","A fork — one piece attacks two enemy pieces at once, forcing a material win.",true,lichess,4h7YX,32165,95,{}
lc_i2cwt,6r1/ppk2pq1/2Pp4/4p3/4Pp1p/2PQ1PrP/P2R2PK/6R1 b - - 0 26,"{""g3h3"",""g2h3"",""g7g1""}",queen,9,intermediate,Queen 9 · Mate In2,mateIn2,Black to move.,1543,Club,"{""discoveredAttack"",""endgame"",""mate"",""mateIn2"",""short""}",Checkmate in two — a forced sequence that delivers checkmate on move two.,true,lichess,i2cwt,32043,96,{}
lc_kz4er,4kb1r/1r3pp1/4q2p/1p1p1Q2/p4R2/2P4P/3B1PP1/1R4K1 w k - 0 29,"{""b1e1"",""e6e1"",""d2e1""}",queen,9,intermediate,Queen 9 · Pin,pin,White to move.,1543,Club,"{""crushing"",""middlegame"",""pin"",""short""}",A pin — the attacked piece can't move without exposing a more valuable piece behind it.,true,lichess,kz4er,31998,95,{}
lc_B3TcN,4r1k1/ppqn1p1p/2pb1pp1/8/3P1Bb1/2P2N2/PPBQ1PPP/4R1K1 b - - 1 18,"{""e8e1"",""d2e1"",""d6f4""}",queen,9,intermediate,Queen 9 · Crushing,crushing,Black to move.,1543,Club,"{""crushing"",""kingsideAttack"",""middlegame"",""short""}",Find the strongest continuation and seize the advantage.,true,lichess,B3TcN,31944,95,"{""Caro-Kann_Defense"",""Caro-Kann_Defense_Tartakower_Variation""}"
lc_F81ds,r4rk1/ppp2p1n/3P3p/b4PqQ/1n1PR3/1B6/PPP3PP/5R1K w - - 1 21,"{""e4g4"",""g5g4"",""h5g4""}",queen,9,intermediate,Queen 9 · Pin,pin,White to move.,1543,Club,"{""crushing"",""middlegame"",""pin"",""short""}",A pin — the attacked piece can't move without exposing a more valuable piece behind it.,true,lichess,F81ds,31754,96,{}
lc_FVZMC,3r1b1k/pp2q1p1/3pB1Pp/8/4P3/5R2/P2N4/3K1R2 w - - 6 33,"{""f3f7"",""e7e6"",""f7f8"",""e6g8"",""f8g8""}",queen,9,intermediate,Queen 9 · Advantage,advantage,White to move.,1543,Club,"{""advantage"",""long"",""middlegame""}",Find the strongest continuation and seize the advantage.,true,lichess,FVZMC,31536,96,{}
lc_853KF,7r/pp5p/1b1R4/4k1p1/1B3p2/4pP1P/PP4P1/7K w - - 0 29,"{""d6b6"",""a7b6"",""b4c3""}",queen,9,intermediate,Queen 9 · Sacrifice,sacrifice,White to move.,1543,Club,"{""advantage"",""endgame"",""sacrifice"",""short""}",A sacrifice — give up material to gain a decisive tactical or positional advantage.,true,lichess,853KF,31468,94,{}
lc_Dhq6G,8/p1r2p2/4pk2/3n4/5P1P/1P3P2/P2Q2K1/8 b - - 0 36,"{""c7c2"",""d2c2"",""d5e3"",""g2f2"",""e3c2""}",queen,9,intermediate,Queen 9 · Fork,fork,Black to move.,1544,Club,"{""advantage"",""attraction"",""endgame"",""fork"",""long"",""pin"",""sacrifice""}","A fork — one piece attacks two enemy pieces at once, forcing a material win.",true,lichess,Dhq6G,38097,96,{}
lc_a6NV0,r3kbnr/ppp1qppp/8/3PB3/Q1p1P1b1/5P2/PP3P1P/RN2KB1R b KQkq - 2 9,"{""g4d7"",""a4c4"",""e7e5""}",queen,9,intermediate,Queen 9 · Advantage,advantage,Black to move.,1544,Club,"{""advantage"",""defensiveMove"",""opening"",""short""}",Find the strongest continuation and seize the advantage.,true,lichess,a6NV0,36434,95,"{""Queens_Pawn_Game"",""Queens_Pawn_Game_Chigorin_Variation""}"
lc_qBW3N,3r4/pR4pp/1b4k1/8/8/8/r4PPP/3RBK2 w - - 4 28,"{""b7b6"",""a7b6"",""d1d8""}",queen,9,intermediate,Queen 9 · Endgame,endgame,White to move.,1544,Club,"{""advantage"",""endgame"",""master"",""short""}",An endgame technique — precise play with few pieces where every tempo counts.,true,lichess,qBW3N,35728,95,{}
lc_BkidX,r1b1r1k1/1pq2pbp/p5nB/3p4/2P5/2PP1N2/1PNK1PP1/R2Q3R b - - 0 17,"{""g7h6"",""h1h6"",""c7f4"",""c2e3"",""f4h6""}",queen,9,intermediate,Queen 9 · Fork,fork,Black to move.,1544,Club,"{""advantage"",""attraction"",""fork"",""long"",""middlegame"",""pin""}","A fork — one piece attacks two enemy pieces at once, forcing a material win.",true,lichess,BkidX,34585,95,"{""Sicilian_Defense"",""Sicilian_Defense_Bowdler_Attack""}"
lc_3ZrFc,rr4k1/p5pp/5q2/2Q1pn2/n7/2BRPP2/PPP3PP/R5K1 w - - 5 20,"{""c5c4"",""g8h8"",""c4a4""}",queen,9,intermediate,Queen 9 · Fork,fork,White to move.,1544,Club,"{""advantage"",""fork"",""middlegame"",""short""}","A fork — one piece attacks two enemy pieces at once, forcing a material win.",true,lichess,3ZrFc,34567,95,"{""Queens_Pawn_Game"",""Queens_Pawn_Game_Krause_Variation""}"
lc_GjcpH,r1bqk2r/pppnbppp/3p1n2/3Np1B1/2B1P3/3P4/PPP2PPP/R2QK1NR b KQkq - 3 6,"{""f6d5"",""g5e7"",""d5e7""}",queen,9,intermediate,Queen 9 · Advantage,advantage,Black to move.,1544,Club,"{""advantage"",""opening"",""short""}",Find the strongest continuation and seize the advantage.,true,lichess,GjcpH,34157,96,"{""Pirc_Defense"",""Pirc_Defense_Other_variations""}"
lc_YQ29R,r5k1/1pp1q2b/2n1pr1R/5ppQ/3Pp3/pPP1P3/P1B2PP1/R3K3 w Q - 4 26,"{""h5g5"",""h7g6"",""h6g6"",""f6g6"",""g5g6""}",queen,9,intermediate,Queen 9 · Advantage,advantage,White to move.,1544,Club,"{""advantage"",""exposedKing"",""kingsideAttack"",""long"",""middlegame""}",Find the strongest continuation and seize the advantage.,true,lichess,YQ29R,33966,96,{}
lc_Zw8cO,2kr3r/1ppR1ppp/2n5/p1B1Pb2/2P2Q2/2P5/PP2p1PP/2K2B1R b - - 0 16,"{""e2e1q"",""d7d1"",""e1d1""}",queen,9,intermediate,Queen 9 · Mate In2,mateIn2,Black to move.,1544,Club,"{""advancedPawn"",""mate"",""mateIn2"",""middlegame"",""promotion"",""queensideAttack"",""short""}",Checkmate in two — a forced sequence that delivers checkmate on move two.,true,lichess,Zw8cO,32576,95,"{""Vienna_Game"",""Vienna_Game_Vienna_Gambit""}"
lc_9Ixat,rnbqkbnr/ppp1p1pp/8/5p2/2B5/2N5/PPP1pPPP/R1BQK2R w KQkq - 0 6,"{""c4f7"",""e8f7"",""d1d8""}",queen,9,intermediate,Queen 9 · Deflection,deflection,White to move.,1544,Club,"{""advantage"",""deflection"",""opening"",""short""}",A deflection — lure a defending piece away from the square it was guarding.,true,lichess,9Ixat,32160,95,"{""Van_Geet_Opening"",""Van_Geet_Opening_Hector_Gambit""}"
lc_vlNCu,5r1k/pp6/2pp4/4pPq1/6p1/1Q1R1P1p/PPP4P/5RK1 b - - 0 31,"{""g4f3"",""g1f2"",""g5g2"",""f2e1"",""g2e2""}",queen,9,intermediate,Queen 9 · Mate In3,mateIn3,Black to move.,1544,Club,"{""discoveredAttack"",""discoveredCheck"",""endgame"",""kingsideAttack"",""long"",""mate"",""mateIn3""}",Checkmate in three — calculate the forcing line all the way to mate.,true,lichess,vlNCu,31659,96,{}
lc_rKBUZ,r2qr3/1pp1kp2/3pn2Q/p7/4P3/5PB1/PP2R1PP/7K w - - 1 28,"{""g3h4"",""f7f6"",""h4f6"",""e7d7"",""f6d8""}",queen,9,intermediate,Queen 9 · Skewer,skewer,White to move.,1544,Club,"{""advantage"",""long"",""middlegame"",""skewer""}","A skewer — the higher-value piece is forced to move, losing the piece behind it.",true,lichess,rKBUZ,31639,96,{}
lc_hAOZG,8/6R1/4k2p/2p5/R1P3K1/4r2P/5r2/8 w - - 0 40,"{""a4a6"",""e6e5"",""g7e7"",""e5d4"",""a6d6"",""d4c3"",""e7e3""}",queen,9,intermediate,Queen 9 · Deflection,deflection,White to move.,1545,Club,"{""crushing"",""deflection"",""endgame"",""exposedKing"",""rookEndgame"",""veryLong""}",A deflection — lure a defending piece away from the square it was guarding.,true,lichess,hAOZG,35674,96,{}
lc_Y521n,1r6/2k3p1/1qp1pp2/p2n4/2Q5/P5PP/1PR3P1/KB6 b - - 3 34,"{""d5e3"",""c4c3"",""e3c2""}",queen,9,intermediate,Queen 9 · Fork,fork,Black to move.,1545,Club,"{""advantage"",""endgame"",""fork"",""short""}","A fork — one piece attacks two enemy pieces at once, forcing a material win.",true,lichess,Y521n,35386,95,{}
lc_i4Fj0,8/q1k5/6Qp/2N3p1/1p1n2P1/7P/6P1/6K1 w - - 0 37,"{""g6g7"",""c7b6"",""g7d4""}",queen,9,intermediate,Queen 9 · Fork,fork,White to move.,1545,Club,"{""advantage"",""endgame"",""fork"",""short""}","A fork — one piece attacks two enemy pieces at once, forcing a material win.",true,lichess,i4Fj0,34857,96,{}
lc_tvYVG,2r2r2/1b3pk1/p7/1p6/3PB2Q/2q1PPP1/6P1/R2R2K1 b - - 0 28,"{""c3e3"",""g1h2"",""f8h8""}",queen,9,intermediate,Queen 9 · Pin,pin,Black to move.,1545,Club,"{""advantage"",""middlegame"",""pin"",""short""}",A pin — the attacked piece can't move without exposing a more valuable piece behind it.,true,lichess,tvYVG,34738,95,{}
lc_FZS0P,r2q1rk1/p3b2p/1p2p1p1/2npP1Nn/3B1p1P/2P2Q2/PP1N1PP1/2KR3R w - - 0 19,"{""d4c5"",""b6c5"",""g5e6"",""d8d7"",""e6f8""}",queen,9,intermediate,Queen 9 · Fork,fork,White to move.,1545,Club,"{""capturingDefender"",""crushing"",""fork"",""long"",""middlegame""}","A fork — one piece attacks two enemy pieces at once, forcing a material win.",true,lichess,FZS0P,34369,94,"{""Indian_Defense"",""Indian_Defense_Other_variations""}"
lc_gMABQ,rn3b2/pp3k2/2p2p2/3n2pr/2BP1pR1/2N5/PPP2P1P/2KR4 w - g6 0 21,"{""c3d5"",""c6d5"",""c4d5"",""f7g6"",""d5b7""}",queen,9,intermediate,Queen 9 · Advantage,advantage,White to move.,1545,Club,"{""advantage"",""long"",""middlegame""}",Find the strongest continuation and seize the advantage.,true,lichess,gMABQ,34127,96,{}
lc_xoiIO,r2q1r2/1bp2p1k/p3pnpp/1p6/4N3/1BP5/PP1Q1PPP/R3R1K1 w - - 1 20,"{""d2d8"",""a8d8"",""e4f6""}",queen,9,intermediate,Queen 9 · Advantage,advantage,White to move.,1545,Club,"{""advantage"",""capturingDefender"",""middlegame"",""short""}",Find the strongest continuation and seize the advantage.,true,lichess,xoiIO,33512,95,"{""Modern_Defense"",""Modern_Defense_Other_variations""}"
lc_maN8n,5rk1/pp1q2bp/4b1p1/3Np3/2Pp4/3P1QPP/PP4BK/5R2 w - - 4 23,"{""f3f8"",""g7f8"",""d5f6"",""g8g7"",""f6d7""}",queen,9,intermediate,Queen 9 · Fork,fork,White to move.,1545,Club,"{""crushing"",""fork"",""long"",""middlegame"",""sacrifice""}","A fork — one piece attacks two enemy pieces at once, forcing a material win.",true,lichess,maN8n,33181,97,{}
lc_d1Zdp,8/5qkp/3p2p1/1rpnp1B1/8/5Q1P/1P3PP1/R5K1 w - - 0 27,"{""g5h6"",""g7h6"",""f3f7""}",queen,9,intermediate,Queen 9 · Deflection,deflection,White to move.,1545,Club,"{""crushing"",""deflection"",""endgame"",""short""}",A deflection — lure a defending piece away from the square it was guarding.,true,lichess,d1Zdp,33144,96,{}
lc_WoZ4L,4r1k1/5ppp/r1Rq4/8/3P4/7P/P1Q2PP1/2R3K1 b - - 0 29,"{""a6c6"",""c2c6"",""e8e1"",""c1e1"",""d6c6""}",queen,9,intermediate,Queen 9 · Deflection,deflection,Black to move.,1545,Club,"{""advantage"",""deflection"",""endgame"",""long""}",A deflection — lure a defending piece away from the square it was guarding.,true,lichess,WoZ4L,32730,96,{}
lc_KgveY,2r1k3/4b3/1p2p2Q/p2pr1p1/P2R2P1/2P2q1P/1BR2P2/6K1 w - - 1 32,"{""h6h8"",""e8f7"",""h8e5""}",queen,9,intermediate,Queen 9 · Fork,fork,White to move.,1545,Club,"{""advantage"",""fork"",""middlegame"",""short""}","A fork — one piece attacks two enemy pieces at once, forcing a material win.",true,lichess,KgveY,32129,94,{}
lc_XtNoq,2r2r2/pp3p1k/3p2pp/3P4/4P1R1/6Q1/5RPK/4q3 w - - 0 29,"{""f2f7"",""f8f7"",""g3e1""}",queen,9,intermediate,Queen 9 · Discovered Attack,discoveredAttack,White to move.,1545,Club,"{""advantage"",""discoveredAttack"",""endgame"",""short""}",A discovered attack — moving one piece uncovers a deadly attack from another.,true,lichess,XtNoq,31915,95,{}
lc_lIdGR,rn3rk1/p2qb1pp/2p1Nn2/8/8/1Q1B4/PP1B1PPP/2R3K1 w - - 1 19,"{""e6c5"",""d7d5"",""d3c4""}",queen,9,intermediate,Queen 9 · Pin,pin,White to move.,1545,Club,"{""advantage"",""discoveredAttack"",""discoveredCheck"",""middlegame"",""pin"",""short""}",A pin — the attacked piece can't move without exposing a more valuable piece behind it.,true,lichess,lIdGR,31846,97,"{""Caro-Kann_Defense"",""Caro-Kann_Defense_Classical_Variation""}"
lc_ijDdu,2k4r/1p3p2/p1p1b3/r6p/2nP2pB/2P5/4BPPP/R4RK1 w - - 0 24,"{""e2c4"",""a5a1"",""c4e6"",""f7e6"",""f1a1""}",queen,9,intermediate,Queen 9 · Advantage,advantage,White to move.,1545,Club,"{""advantage"",""long"",""middlegame""}",Find the strongest continuation and seize the advantage.,true,lichess,ijDdu,31588,96,{}
lc_fx4ON,2R5/pp3pk1/5np1/q6p/5N2/3P2P1/nQ3P2/K7 b - - 0 33,"{""a2c3"",""b2a3"",""a5a3""}",queen,9,intermediate,Queen 9 · Mate In2,mateIn2,Black to move.,1545,Club,"{""discoveredAttack"",""discoveredCheck"",""endgame"",""mate"",""mateIn2"",""short""}",Checkmate in two — a forced sequence that delivers checkmate on move two.,true,lichess,fx4ON,31477,97,{}
lc_yKsHX,3r2k1/4pp1p/Q5p1/8/3b2P1/2r4P/R7/1K1R4 b - - 3 32,"{""d8b8"",""a2b2"",""b8b2"",""b1b2"",""c3c6"",""d1d4"",""c6a6""}",queen,9,intermediate,Queen 9 · Discovered Attack,discoveredAttack,Black to move.,1546,Club,"{""advantage"",""discoveredAttack"",""discoveredCheck"",""endgame"",""exposedKing"",""veryLong""}",A discovered attack — moving one piece uncovers a deadly attack from another.,true,lichess,yKsHX,42957,96,{}
lc_nAHS8,2B2rk1/R5pp/2p3r1/B2pQp2/4n2q/4P2P/5PP1/5R1K b - - 0 29,"{""e4f2"",""f1f2"",""h4f2"",""c8e6"",""g8h8""}",queen,9,intermediate,Queen 9 · Crushing,crushing,Black to move.,1546,Club,"{""crushing"",""defensiveMove"",""kingsideAttack"",""long"",""middlegame""}",Find the strongest continuation and seize the advantage.,true,lichess,nAHS8,37229,95,{}
lc_dADLn,r1b2rk1/3nppb1/6p1/pp1q3p/3p1Q1P/NP1P4/PBP1BP2/1K1R3R w - - 2 17,"{""e2f3"",""d5e5"",""f4e5"",""d7e5"",""f3a8""}",queen,9,intermediate,Queen 9 · Advantage,advantage,White to move.,1546,Club,"{""advantage"",""long"",""middlegame""}",Find the strongest continuation and seize the advantage.,true,lichess,dADLn,35316,95,"{""Sicilian_Defense"",""Sicilian_Defense_Snyder_Variation""}"
lc_qgE7o,r2qkb1r/1pp2ppp/p3nn2/4N3/4P3/2NP4/PPP3PP/R1BQ1RK1 b kq - 0 10,"{""d8d4"",""g1h1"",""d4e5""}",queen,9,intermediate,Queen 9 · Fork,fork,Black to move.,1546,Club,"{""advantage"",""fork"",""opening"",""short""}","A fork — one piece attacks two enemy pieces at once, forcing a material win.",true,lichess,qgE7o,34544,95,"{""Kings_Gambit"",""Kings_Gambit_Other_variations""}"
lc_WOqae,2b2r2/3p1k1p/4pPp1/2Nn2P1/1p3P2/q7/1QP4P/2KR3R b - - 1 27,"{""a3e3"",""d1d2"",""e3c5""}",queen,9,intermediate,Queen 9 · Fork,fork,Black to move.,1546,Club,"{""advantage"",""fork"",""master"",""middlegame"",""short""}","A fork — one piece attacks two enemy pieces at once, forcing a material win.",true,lichess,WOqae,34267,95,{}
lc_6l0FM,r6r/1kp1nppp/Rp1pq3/1n2p3/2N1P3/2P1Q1N1/1P3PPP/R6K w - - 8 21,"{""a6b6"",""b7c8"",""a1a8""}",queen,9,intermediate,Queen 9 · Discovered Attack,discoveredAttack,White to move.,1546,Club,"{""crushing"",""deflection"",""discoveredAttack"",""middlegame"",""short""}",A discovered attack — moving one piece uncovers a deadly attack from another.,true,lichess,6l0FM,33354,95,{}
lc_rNPlH,r4rk1/pp1qpp1p/3p2p1/3Nb3/8/8/P4PPP/2RQR1K1 w - - 2 17,"{""e1e5"",""d6e5"",""d5f6"",""e7f6"",""d1d7""}",queen,9,intermediate,Queen 9 · Discovered Attack,discoveredAttack,White to move.,1546,Club,"{""advantage"",""discoveredAttack"",""kingsideAttack"",""long"",""middlegame"",""sacrifice""}",A discovered attack — moving one piece uncovers a deadly attack from another.,true,lichess,rNPlH,33177,96,"{""Sicilian_Defense"",""Sicilian_Defense_Smith-Morra_Gambit""}"
lc_T2iML,3r4/5pk1/8/6P1/p6P/1p1B4/bP1K4/2R5 b - - 0 34,"{""a4a3"",""b2a3"",""b3b2""}",queen,9,intermediate,Queen 9 · Advanced Pawn,advancedPawn,Black to move.,1546,Club,"{""advancedPawn"",""crushing"",""endgame"",""short""}",An advanced pawn — push the passer or use its threats to win material.,true,lichess,T2iML,32629,97,{}
lc_KOvnh,3k4/p2q1p2/Nb2p2B/3pPb2/1p6/1P2PP2/6Q1/6K1 w - - 3 34,"{""g2g8"",""d7e8"",""h6g5"",""d8d7"",""a6b8"",""e8b8"",""g8b8""}",queen,9,intermediate,Queen 9 · X Ray Attack,xRayAttack,White to move.,1546,Club,"{""crushing"",""endgame"",""exposedKing"",""veryLong"",""xRayAttack""}",An x-ray — a piece attacks through an enemy piece to the target behind it.,true,lichess,KOvnh,32554,96,{}
lc_tAgck,3k1r2/ppqnR3/2p4Q/3p3r/3P1n2/1NP4P/PP3P2/R4K2 w - - 8 31,"{""e7d7"",""c7d7"",""h6f8"",""d8c7"",""f8f4""}",queen,9,intermediate,Queen 9 · Fork,fork,White to move.,1546,Club,"{""crushing"",""exposedKing"",""fork"",""long"",""middlegame""}","A fork — one piece attacks two enemy pieces at once, forcing a material win.",true,lichess,tAgck,32440,97,{}
lc_5a4M5,2r3k1/p4ppp/p1N5/3b2q1/8/5Q2/PP3PPP/5RK1 w - - 4 25,"{""f3d5"",""g5d5"",""c6e7"",""g8f8"",""e7d5""}",queen,9,intermediate,Queen 9 · Fork,fork,White to move.,1546,Club,"{""advantage"",""attraction"",""endgame"",""fork"",""long"",""sacrifice""}","A fork — one piece attacks two enemy pieces at once, forcing a material win.",true,lichess,5a4M5,32312,95,{}
lc_OsjQ7,r1bqk2r/pp3ppp/4pn2/4n3/1bP5/6P1/P2NPPBP/R1BQK1NR w KQkq - 1 10,"{""d1a4"",""e5c6"",""g2c6"",""b7c6"",""a4b4""}",queen,9,intermediate,Queen 9 · Fork,fork,White to move.,1546,Club,"{""advantage"",""fork"",""long"",""opening""}","A fork — one piece attacks two enemy pieces at once, forcing a material win.",true,lichess,OsjQ7,32306,96,"{""Indian_Defense"",""Indian_Defense_Tartakower_Attack""}"
lc_8DX2N,r4rk1/2p3qp/pp2p1pQ/1b6/3PPNP1/2P5/PP6/R3K2R w KQ - 0 23,"{""h6g7"",""g8g7"",""f4e6""}",queen,9,intermediate,Queen 9 · Attraction,attraction,White to move.,1546,Club,"{""advantage"",""attraction"",""kingsideAttack"",""middlegame"",""short""}",An attraction — force an enemy piece onto a square where it can be exploited.,true,lichess,8DX2N,31774,97,{}
lc_LtWC0,6k1/6p1/8/p6p/5Pp1/1P2rqP1/P1p4P/2Q1R1K1 w - - 0 40,"{""e1e3"",""f3d1"",""e3e1""}",queen,9,intermediate,Queen 9 · Endgame,endgame,White to move.,1546,Club,"{""crushing"",""endgame"",""short""}",An endgame technique — precise play with few pieces where every tempo counts.,true,lichess,LtWC0,31707,95,{}
lc_Ys18U,r1b5/1pN2pk1/pn1r2pp/4qp2/8/8/PP2B1PP/R2Q1R1K w - - 0 22,"{""d1d6"",""e5d6"",""c7e8"",""g7f8"",""e8d6""}",queen,9,intermediate,Queen 9 · Fork,fork,White to move.,1546,Club,"{""attraction"",""crushing"",""fork"",""long"",""middlegame"",""sacrifice""}","A fork — one piece attacks two enemy pieces at once, forcing a material win.",true,lichess,Ys18U,31610,95,{}
lc_mlMZL,r3r1k1/pp3pp1/2n2q1p/8/4B1b1/2P2NP1/PPQ2PP1/1K1R3R b - - 4 19,"{""e8e4"",""c2e4"",""g4f5"",""e4f5"",""f6f5""}",queen,9,intermediate,Queen 9 · Pin,pin,Black to move.,1546,Club,"{""advantage"",""long"",""middlegame"",""pin"",""sacrifice""}",A pin — the attacked piece can't move without exposing a more valuable piece behind it.,true,lichess,mlMZL,31538,95,"{""Indian_Defense"",""Indian_Defense_Other_variations""}"
lc_6RLHx,8/rR5p/P7/1K1k4/7P/4p3/6P1/8 b - - 1 49,"{""e3e2"",""b7a7"",""e2e1q"",""a7d7"",""d5e6""}",queen,9,intermediate,Queen 9 · Promotion,promotion,Black to move.,1547,Club,"{""advancedPawn"",""crushing"",""defensiveMove"",""endgame"",""long"",""promotion"",""rookEndgame""}",Pawn promotion — advance the pawn to its final rank and choose your new piece wisely.,true,lichess,6RLHx,38194,96,{}
lc_sASaG,r2qr1k1/p1p2ppp/4b3/4b3/2P5/1Q1PB3/PP3PPP/RN2K1NR b KQ c3 0 14,"{""a8b8"",""b3d1"",""e5b2""}",queen,9,intermediate,Queen 9 · Advantage,advantage,Black to move.,1547,Club,"{""advantage"",""opening"",""short""}",Find the strongest continuation and seize the advantage.,true,lichess,sASaG,37305,95,"{""Bishops_Opening"",""Bishops_Opening_Berlin_Defense""}"
lc_QV9yn,r3k1nr/p3bpQp/4q3/8/8/4B3/PPP2PPP/RN2K2R b KQkq - 2 13,"{""e7f6"",""g7g3"",""f6b2""}",queen,9,intermediate,Queen 9 · Interference,interference,Black to move.,1547,Club,"{""advantage"",""interference"",""middlegame"",""short""}",Interference — block the line between two enemy pieces to break their coordination.,true,lichess,QV9yn,36100,95,"{""Sicilian_Defense"",""Sicilian_Defense_Lowenthal_Variation""}"
lc_dGXSr,r5k1/5r1p/5n2/3p4/pBpP4/P5P1/1Pq2RKQ/4R3 b - - 6 34,"{""c2f2"",""g2f2"",""f6g4"",""f2g1"",""g4h2""}",queen,9,intermediate,Queen 9 · Fork,fork,Black to move.,1547,Club,"{""attraction"",""crushing"",""discoveredCheck"",""doubleCheck"",""fork"",""long"",""middlegame"",""sacrifice""}","A fork — one piece attacks two enemy pieces at once, forcing a material win.",true,lichess,dGXSr,35746,95,{}
lc_ch87Q,2k4r/pb6/p1p5/2NpPp1q/1P1P1P2/P7/2PB1QP1/5K2 b - - 3 40,"{""h5d1"",""f2e1"",""h8h1"",""f1f2"",""h1e1""}",queen,9,intermediate,Queen 9 · Skewer,skewer,Black to move.,1547,Club,"{""clearance"",""crushing"",""endgame"",""long"",""skewer""}","A skewer — the higher-value piece is forced to move, losing the piece behind it.",true,lichess,ch87Q,34676,96,{}
lc_bFVi5,2r2rk1/3bbpp1/p2p1n1p/1p1Np3/4P3/P2P3P/BP1q1PPB/3R1RK1 w - - 0 19,"{""d5e7"",""g8h7"",""d1d2""}",queen,9,intermediate,Queen 9 · Fork,fork,White to move.,1547,Club,"{""crushing"",""fork"",""hangingPiece"",""intermezzo"",""middlegame"",""short""}","A fork — one piece attacks two enemy pieces at once, forcing a material win.",true,lichess,bFVi5,34424,95,"{""Sicilian_Defense"",""Sicilian_Defense_Bowdler_Attack""}"
lc_s8Tkn,r1bq1rk1/ppppnpp1/7p/b3P3/2B1P3/2P4Q/PP3PPP/RNB2RK1 b - - 1 11,"{""d7d5"",""h3g3"",""d5c4"",""c1h6"",""e7g6""}",queen,9,intermediate,Queen 9 · Advantage,advantage,Black to move.,1547,Club,"{""advantage"",""long"",""opening""}",Find the strongest continuation and seize the advantage.,true,lichess,s8Tkn,34173,95,"{""Russian_Game"",""Russian_Game_Stafford_Gambit""}"
lc_xZsyN,5r2/7p/1R2p3/2nbb1k1/6P1/6K1/2P2P2/4R3 w - - 0 37,"{""e1e5"",""g5g6"",""e5d5""}",queen,9,intermediate,Queen 9 · Pin,pin,White to move.,1547,Club,"{""crushing"",""endgame"",""hangingPiece"",""pin"",""short""}",A pin — the attacked piece can't move without exposing a more valuable piece behind it.,true,lichess,xZsyN,33772,95,{}
lc_RfKeU,6rk/4qp1p/b3pR1Q/p2pP1PN/P1pP4/2r1P3/7P/6K1 w - - 1 30,"{""h6h7"",""h8h7"",""f6h6""}",queen,9,intermediate,Queen 9 · Mate In2,mateIn2,White to move.,1547,Club,"{""attraction"",""kingsideAttack"",""mate"",""mateIn2"",""middlegame"",""sacrifice"",""short"",""vukovicMate""}",Checkmate in two — a forced sequence that delivers checkmate on move two.,true,lichess,RfKeU,33643,96,{}
lc_lCQV2,3r1Rr1/3k2P1/8/pp1pn1p1/7p/4P2P/PP4K1/5R2 w - - 2 28,"{""f8d8"",""g8d8"",""f1f8""}",queen,9,intermediate,Queen 9 · Clearance,clearance,White to move.,1547,Club,"{""clearance"",""crushing"",""endgame"",""short""}",A clearance — vacate a square or line so another piece can strike.,true,lichess,lCQV2,33420,96,{}
lc_WRthg,2rqk2r/pp1nbppp/4pnb1/1N1p4/3P1B2/3BPN2/PP3PPP/2RQ1RK1 b k - 3 11,"{""c8c1"",""d1c1"",""g6d3"",""b5c7"",""e8f8""}",queen,9,intermediate,Queen 9 · Fork,fork,Black to move.,1547,Club,"{""advantage"",""fork"",""long"",""opening""}","A fork — one piece attacks two enemy pieces at once, forcing a material win.",true,lichess,WRthg,33343,95,"{""Queens_Pawn_Game"",""Queens_Pawn_Game_London_System""}"
lc_CoVbN,4r1k1/p7/5r2/7p/2PR2pN/3P2KP/1P4P1/8 b - - 0 33,"{""e8e3"",""h4f3"",""g4f3""}",queen,9,intermediate,Queen 9 · Endgame,endgame,Black to move.,1547,Club,"{""crushing"",""endgame"",""short""}",An endgame technique — precise play with few pieces where every tempo counts.,true,lichess,CoVbN,32989,96,{}
lc_4RPbd,rnbqk1nr/ppP2pp1/7p/2b5/5P2/8/PPP1P1PP/RNBQKBNR b KQkq - 0 5,"{""c5f2"",""e1f2"",""d8d1""}",queen,9,intermediate,Queen 9 · Deflection,deflection,Black to move.,1547,Club,"{""advantage"",""deflection"",""opening"",""short""}",A deflection — lure a defending piece away from the square it was guarding.,true,lichess,4RPbd,32671,96,"{""Englund_Gambit"",""Englund_Gambit_Other_variations""}"
lc_2ya81,2kr3r/p1p5/P1Qqp2p/p2p1pp1/8/2P3P1/4PP1P/1R4K1 w - - 2 27,"{""b1b8"",""c8b8"",""c6b7""}",queen,9,intermediate,Queen 9 · Mate In2,mateIn2,White to move.,1547,Club,"{""attraction"",""endgame"",""mate"",""mateIn2"",""queensideAttack"",""sacrifice"",""short""}",Checkmate in two — a forced sequence that delivers checkmate on move two.,true,lichess,2ya81,32131,95,{}
lc_gToH6,8/3r1kpp/1P3p2/1N1p4/8/4PKP1/5P2/8 w - - 0 39,"{""b6b7"",""d7b7"",""b5d6"",""f7e6"",""d6b7""}",queen,9,intermediate,Queen 9 · Fork,fork,White to move.,1547,Club,"{""advancedPawn"",""advantage"",""attraction"",""endgame"",""fork"",""long""}","A fork — one piece attacks two enemy pieces at once, forcing a material win.",true,lichess,gToH6,31804,96,{}
lc_gz1gM,r5rk/pp1b1p1p/2p2PpQ/6R1/4PR2/3B2K1/3q2PP/8 w - - 2 29,"{""h6h7"",""h8h7"",""f4h4""}",queen,9,intermediate,Queen 9 · Mate In2,mateIn2,White to move.,1547,Club,"{""attraction"",""kingsideAttack"",""mate"",""mateIn2"",""middlegame"",""sacrifice"",""short""}",Checkmate in two — a forced sequence that delivers checkmate on move two.,true,lichess,gz1gM,31616,95,{}
lc_hUnr1,r4rk1/p3bpp1/1qn2n1p/1p1pN3/2pP1B2/2P4P/PPQ2PP1/RN2R1K1 w - - 2 15,"{""e5c6"",""b6c6"",""e1e7""}",queen,9,intermediate,Queen 9 · Discovered Attack,discoveredAttack,White to move.,1547,Club,"{""advantage"",""capturingDefender"",""discoveredAttack"",""middlegame"",""short""}",A discovered attack — moving one piece uncovers a deadly attack from another.,true,lichess,hUnr1,31428,95,"{""Sicilian_Defense"",""Sicilian_Defense_Bowdler_Attack""}"
lc_rooCY,r2q1rk1/ppp2ppp/2n5/4p3/5n2/1BPP3P/PP1N1P2/R1B1QRK1 b - - 0 14,"{""d8g5"",""g1h1"",""g5g2""}",queen,9,intermediate,Queen 9 · Mate In2,mateIn2,Black to move.,1547,Club,"{""kingsideAttack"",""mate"",""mateIn2"",""opening"",""short""}",Checkmate in two — a forced sequence that delivers checkmate on move two.,true,lichess,rooCY,31412,96,"{""Ruy_Lopez"",""Ruy_Lopez_Steinitz_Defense""}"
lc_s3TP3,8/pp6/8/2P3p1/PP3P2/5K1k/8/8 b - - 0 46,"{""g5g4"",""f3f2"",""h3h2"",""f4f5"",""g4g3""}",queen,9,intermediate,Queen 9 · Pawn Endgame,pawnEndgame,Black to move.,1548,Club,"{""crushing"",""endgame"",""long"",""pawnEndgame""}",A pawn endgame — king opposition and the square of the pawn decide it.,true,lichess,s3TP3,222444,92,{}
lc_aEKbO,r1bqk2r/pp2bppp/2n1p3/1B2N3/3PP3/8/P4PPP/R1BQK2R b KQkq - 4 10,"{""d8a5"",""c1d2"",""a5b5""}",queen,9,intermediate,Queen 9 · Fork,fork,Black to move.,1548,Club,"{""advantage"",""fork"",""opening"",""short""}","A fork — one piece attacks two enemy pieces at once, forcing a material win.",true,lichess,aEKbO,38389,96,"{""Queens_Gambit_Declined"",""Queens_Gambit_Declined_Exchange_Variation""}"
lc_8gcPe,r1b1kbr1/1ppnpp1p/3q4/pP1P2N1/2PQ1P2/P7/3NB1PP/R3K2R b KQq - 0 16,"{""f8g7"",""d4e3"",""g7a1""}",queen,9,intermediate,Queen 9 · Skewer,skewer,Black to move.,1548,Club,"{""advantage"",""middlegame"",""short"",""skewer""}","A skewer — the higher-value piece is forced to move, losing the piece behind it.",true,lichess,8gcPe,34898,96,"{""Nimzowitsch_Defense"",""Nimzowitsch_Defense_Other_variations""}"
lc_xGXjP,r1bq1rk1/1p2bppp/p3p3/6B1/1Q2p3/5N2/PPP1BPPP/R2R2K1 b - - 0 14,"{""d8d1"",""a1d1"",""e7b4""}",queen,9,intermediate,Queen 9 · Advantage,advantage,Black to move.,1548,Club,"{""advantage"",""intermezzo"",""middlegame"",""short""}",Find the strongest continuation and seize the advantage.,true,lichess,xGXjP,34769,97,"{""Sicilian_Defense"",""Sicilian_Defense_Chekhover_Variation""}"
lc_FRdCe,r1b1k1nr/pp2q1pp/2n5/2p1p3/3p1P2/3P2P1/PPP3BP/R1BQR1K1 w kq - 2 15,"{""g2c6"",""b7c6"",""e1e5""}",queen,9,intermediate,Queen 9 · Pin,pin,White to move.,1548,Club,"{""advantage"",""opening"",""pin"",""short""}",A pin — the attacked piece can't move without exposing a more valuable piece behind it.,true,lichess,FRdCe,34359,95,"{""French_Defense"",""French_Defense_Steinitz_Attack""}"
lc_mukOj,4r1k1/1p3pb1/6q1/7R/P2PpB2/4P2p/4QPr1/5R1K b - - 3 33,"{""g2h2"",""f4h2"",""g6g2""}",queen,9,intermediate,Queen 9 · Mate In2,mateIn2,Black to move.,1548,Club,"{""clearance"",""mate"",""mateIn2"",""middlegame"",""sacrifice"",""short""}",Checkmate in two — a forced sequence that delivers checkmate on move two.,true,lichess,mukOj,33308,95,{}
lc_Cx3V7,1k1r3r/ppp2p2/2n4p/3pP1p1/3P2Q1/1qNPP3/R2K3P/R7 w - g6 0 25,"{""a1b1"",""b3b1"",""c3b1""}",queen,9,intermediate,Queen 9 · Trapped Piece,trappedPiece,White to move.,1548,Club,"{""advantage"",""middlegame"",""short"",""trappedPiece""}",A trapped piece — the enemy piece has no safe squares and can be won.,true,lichess,Cx3V7,33172,95,{}
lc_aCYsR,r1b2r1k/p1p4p/2p3p1/4bp2/2q1p3/2P1P2P/PP2BPPB/3R1RK1 w - - 0 19,"{""h2e5"",""h8g8"",""e2c4""}",queen,9,intermediate,Queen 9 · Hanging Piece,hangingPiece,White to move.,1548,Club,"{""crushing"",""hangingPiece"",""intermezzo"",""kingsideAttack"",""master"",""middlegame"",""short""}",A hanging piece — an undefended enemy piece is free to capture.,true,lichess,aCYsR,33127,95,"{""Indian_Defense"",""Indian_Defense_Other_variations""}"
lc_fhgze,r4rk1/pp3ppp/4p1n1/2RpP3/1P6/q4N2/3Q1PPP/2R3K1 w - - 0 20,"{""c5a5"",""a3c1"",""d2c1""}",queen,9,intermediate,Queen 9 · Advantage,advantage,White to move.,1548,Club,"{""advantage"",""middlegame"",""short""}",Find the strongest continuation and seize the advantage.,true,lichess,fhgze,33033,96,"{""French_Defense"",""French_Defense_Advance_Variation""}"
lc_onjuA,3n1k2/p4p1p/1p1q4/2p1pQP1/4P3/P1P3NP/1P6/1K6 b - - 0 27,"{""d6d3"",""b1a1"",""d3g3""}",queen,9,intermediate,Queen 9 · Fork,fork,Black to move.,1548,Club,"{""crushing"",""endgame"",""fork"",""short""}","A fork — one piece attacks two enemy pieces at once, forcing a material win.",true,lichess,onjuA,32760,96,{}
lc_l1yU6,r2q1rk1/pb2bppp/1p3n2/3Np1B1/2PpP3/3P2P1/PP4BP/R2Q1RK1 b - - 1 13,"{""f6d5"",""g5e7"",""d5e7""}",queen,9,intermediate,Queen 9 · Advantage,advantage,Black to move.,1548,Club,"{""advantage"",""middlegame"",""short""}",Find the strongest continuation and seize the advantage.,true,lichess,l1yU6,32212,96,"{""English_Opening"",""English_Opening_Kings_English_Variation""}"
lc_jTVLV,8/1pr2k1p/3Rb1pP/1P6/P2PPpp1/5P2/1KR5/8 b - - 0 45,"{""c7c2"",""b2c2"",""g4g3""}",queen,9,intermediate,Queen 9 · Endgame,endgame,Black to move.,1548,Club,"{""crushing"",""endgame"",""master"",""masterVsMaster"",""short""}",An endgame technique — precise play with few pieces where every tempo counts.,true,lichess,jTVLV,31621,95,{}
lc_A4TeR,5r2/1pq1Q1kp/p2p2p1/2pP2N1/PnP5/7P/5PP1/4R1K1 b - - 3 25,"{""c7e7"",""e1e7"",""g7f6"",""e7h7"",""f6g5""}",queen,9,intermediate,Queen 9 · Endgame,endgame,Black to move.,1548,Club,"{""advantage"",""endgame"",""long""}",An endgame technique — precise play with few pieces where every tempo counts.,true,lichess,A4TeR,31289,95,{}
lc_yKFDJ,r2qk2r/pB2bpp1/3p2bp/4p3/3pP3/3P1PQ1/PPP3PP/R1B1K2R b KQkq - 0 14,"{""e7h4"",""b7c6"",""e8f8""}",queen,9,intermediate,Queen 9 · Pin,pin,Black to move.,1549,Club,"{""advantage"",""defensiveMove"",""middlegame"",""pin"",""short""}",A pin — the attacked piece can't move without exposing a more valuable piece behind it.,true,lichess,yKFDJ,43048,95,"{""Sicilian_Defense"",""Sicilian_Defense_Bowdler_Attack""}"
lc_wfpbt,r1b2r2/pp1k4/4pq2/QpPp2p1/P3np2/3BP1P1/4KPP1/1RR5 w - - 0 26,"{""d3b5"",""d7e7"",""a5c7"",""c8d7"",""c7d7""}",queen,9,intermediate,Queen 9 · Mate In3,mateIn3,White to move.,1549,Club,"{""long"",""mate"",""mateIn3"",""middlegame""}",Checkmate in three — calculate the forcing line all the way to mate.,true,lichess,wfpbt,41078,96,{}
lc_XAhTt,r5rk/1q3p1p/p2P1PpQ/P1p5/2P5/1P2R3/7P/6Kb w - - 2 37,"{""h6h7"",""h8h7"",""e3h3""}",queen,9,intermediate,Queen 9 · Mate In2,mateIn2,White to move.,1549,Club,"{""attraction"",""endgame"",""mate"",""mateIn2"",""sacrifice"",""short""}",Checkmate in two — a forced sequence that delivers checkmate on move two.,true,lichess,XAhTt,38386,95,{}
lc_YtFvF,5r1k/pp6/3q4/3p2p1/1P1Pnb2/P2QB2P/1P3PP1/R5RK b - - 1 24,"{""f4e3"",""d3e3"",""e4f2"",""e3f2"",""f8f2""}",queen,9,intermediate,Queen 9 · Advantage,advantage,Black to move.,1549,Club,"{""advantage"",""kingsideAttack"",""long"",""middlegame""}",Find the strongest continuation and seize the advantage.,true,lichess,YtFvF,34958,94,{}
lc_Chakg,1r2kb1r/2p2ppp/p2p4/1p6/3Nb3/2P5/PP3PPP/R1B2RK1 w k - 0 15,"{""f1e1"",""d6d5"",""f2f3""}",queen,9,intermediate,Queen 9 · Pin,pin,White to move.,1549,Club,"{""advantage"",""middlegame"",""pin"",""short""}",A pin — the attacked piece can't move without exposing a more valuable piece behind it.,true,lichess,Chakg,33411,95,"{""Ruy_Lopez"",""Ruy_Lopez_Other_variations""}"
lc_D95AD,4q1k1/p2b2pp/Q1pp4/5p2/3b4/3B4/P1PB1PPP/6K1 w - - 0 25,"{""a6c4"",""d7e6"",""c4d4""}",queen,9,intermediate,Queen 9 · Fork,fork,White to move.,1549,Club,"{""crushing"",""endgame"",""fork"",""short""}","A fork — one piece attacks two enemy pieces at once, forcing a material win.",true,lichess,D95AD,33345,96,{}
lc_Tj84T,2r2rk1/pp3pp1/4p2p/5q1n/2P1NPP1/1P5P/P2RQ3/3R3K b - g3 0 24,"{""f5e4"",""e2e4"",""h5g3"",""h1g2"",""g3e4""}",queen,9,intermediate,Queen 9 · Fork,fork,Black to move.,1549,Club,"{""advantage"",""attraction"",""exposedKing"",""fork"",""long"",""middlegame"",""sacrifice""}","A fork — one piece attacks two enemy pieces at once, forcing a material win.",true,lichess,Tj84T,33319,95,{}
lc_XLovK,r3k2r/p4ppp/2b2n2/1B1q4/3Qn3/4B3/PP3PPP/R4RK1 w kq - 0 16,"{""d4d5"",""f6d5"",""b5c6""}",queen,9,intermediate,Queen 9 · Pin,pin,White to move.,1549,Club,"{""capturingDefender"",""crushing"",""intermezzo"",""middlegame"",""pin"",""short""}",A pin — the attacked piece can't move without exposing a more valuable piece behind it.,true,lichess,XLovK,32766,95,"{""Slav_Defense"",""Slav_Defense_Other_variations""}"
lc_eX2It,r3qrk1/ppb3pp/2p2p2/1P6/2PQ4/P6P/1BP2PP1/R4RK1 b - - 0 22,"{""c7e5"",""d4c5"",""e5b2""}",queen,9,intermediate,Queen 9 · Skewer,skewer,Black to move.,1549,Club,"{""advantage"",""middlegame"",""short"",""skewer""}","A skewer — the higher-value piece is forced to move, losing the piece behind it.",true,lichess,eX2It,32425,96,{}
lc_WLKBe,5k2/6p1/8/3PP3/2pB4/P1P3KP/3r4/8 b - - 4 50,"{""d2d4"",""c3d4"",""c4c3"",""g3f3"",""c3c2""}",queen,9,intermediate,Queen 9 · Sacrifice,sacrifice,Black to move.,1549,Club,"{""advancedPawn"",""crushing"",""endgame"",""long"",""master"",""sacrifice""}",A sacrifice — give up material to gain a decisive tactical or positional advantage.,true,lichess,WLKBe,32239,96,{}
lc_YWQOI,3r3r/2kpn1Qp/p1b5/1p2n3/4P3/2NR2P1/PPP2q2/2KR4 w - - 0 27,"{""g7e5"",""c7b7"",""e5e7""}",queen,9,intermediate,Queen 9 · Fork,fork,White to move.,1549,Club,"{""advantage"",""fork"",""middlegame"",""short""}","A fork — one piece attacks two enemy pieces at once, forcing a material win.",true,lichess,YWQOI,32056,95,{}
lc_I7dVl,r1b4r/p1p1bkpp/8/1p2p3/3q4/8/PP3PPP/RNBQ1RK1 w - - 0 12,"{""d1f3"",""e7f6"",""f3a8""}",queen,9,intermediate,Queen 9 · Fork,fork,White to move.,1549,Club,"{""crushing"",""fork"",""middlegame"",""short""}","A fork — one piece attacks two enemy pieces at once, forcing a material win.",true,lichess,I7dVl,31622,96,"{""Italian_Game"",""Italian_Game_Two_Knights_Defense""}"
lc_QfkXc,2b2rk1/ppN2pbp/6p1/6q1/4P3/3Q2P1/PPP4P/R4RK1 b - - 2 18,"{""g5c5"",""g1h1"",""c5c7""}",queen,9,intermediate,Queen 9 · Fork,fork,Black to move.,1550,Club,"{""advantage"",""fork"",""middlegame"",""short""}","A fork — one piece attacks two enemy pieces at once, forcing a material win.",true,lichess,QfkXc,37570,95,"{""Rat_Defense"",""Rat_Defense_Harmonist""}"
lc_je5sL,r1b5/bp1n4/2p3k1/p1P3q1/1P1Npr2/P5QB/5P1P/R4RK1 w - - 2 26,"{""g3g5"",""g6g5"",""d4e6"",""g5h4"",""e6f4""}",queen,9,intermediate,Queen 9 · Fork,fork,White to move.,1550,Club,"{""advantage"",""attraction"",""exposedKing"",""fork"",""long"",""middlegame""}","A fork — one piece attacks two enemy pieces at once, forcing a material win.",true,lichess,je5sL,33906,95,{}
lc_wz7w2,2r1r1k1/1p3pbp/p3p1p1/3q4/PP1P1P2/2PQ2BP/4R1P1/4R1K1 b - - 2 27,"{""c8c3"",""d3c3"",""g7d4"",""c3d4"",""d5d4""}",queen,9,intermediate,Queen 9 · Fork,fork,Black to move.,1550,Club,"{""advantage"",""fork"",""long"",""middlegame"",""sacrifice""}","A fork — one piece attacks two enemy pieces at once, forcing a material win.",true,lichess,wz7w2,33327,96,{}
lc_K4RDc,2r3k1/1b3ppp/B2R4/p3n3/1p2P3/4BP1P/PKP3P1/8 b - - 2 25,"{""b7a6"",""d6a6"",""e5c4""}",queen,9,intermediate,Queen 9 · Endgame,endgame,Black to move.,1550,Club,"{""advantage"",""endgame"",""short""}",An endgame technique — precise play with few pieces where every tempo counts.,true,lichess,K4RDc,33070,95,{}
lc_VPm52,5b2/1p3p1k/1qnp1P1p/2p4N/2P5/1P4PP/r3rPB1/2RQ1RK1 b - - 0 26,"{""a2d2"",""c1b1"",""d2d1""}",queen,9,intermediate,Queen 9 · Trapped Piece,trappedPiece,Black to move.,1550,Club,"{""advantage"",""middlegame"",""short"",""trappedPiece""}",A trapped piece — the enemy piece has no safe squares and can be won.,true,lichess,VPm52,32932,95,{}
lc_oWaGZ,8/8/1R3p1r/2rkp2P/2p3K1/2R1P3/5P2/8 b - - 4 45,"{""f6f5"",""g4f5"",""h6b6""}",queen,9,intermediate,Queen 9 · Discovered Attack,discoveredAttack,Black to move.,1550,Club,"{""crushing"",""discoveredAttack"",""endgame"",""rookEndgame"",""short""}",A discovered attack — moving one piece uncovers a deadly attack from another.,true,lichess,oWaGZ,32667,96,{}
lc_83S7R,r2q1rk1/pp4b1/3p2pp/P1pPp3/3nP1b1/5N2/1P1BBPPP/R2Q1RK1 w - - 1 15,"{""f3d4"",""g4e2"",""d4e2""}",queen,9,intermediate,Queen 9 · Discovered Attack,discoveredAttack,White to move.,1550,Club,"{""crushing"",""discoveredAttack"",""middlegame"",""short""}",A discovered attack — moving one piece uncovers a deadly attack from another.,true,lichess,83S7R,32454,95,"{""Sicilian_Defense"",""Sicilian_Defense_Other_variations""}"
lc_vtTKU,5rk1/p4ppp/1p6/2rpP3/3Nq3/P1N1P3/R2BQ3/3K4 b - - 5 27,"{""c5c3"",""d2c3"",""e4b1"",""d1d2"",""b1a2""}",queen,9,intermediate,Queen 9 · Interference,interference,Black to move.,1550,Club,"{""advantage"",""exposedKing"",""interference"",""long"",""middlegame"",""sacrifice""}",Interference — block the line between two enemy pieces to break their coordination.,true,lichess,vtTKU,31440,96,{}
lc_yJgpm,4r3/pp3k1p/4qnp1/3p1p2/2rB1P2/P3PB1P/5P1K/3Q2R1 w - - 2 28,"{""d4f6"",""e6f6"",""f3d5"",""f7g7"",""d5c4""}",queen,9,intermediate,Queen 9 · Fork,fork,White to move.,1551,Club,"{""capturingDefender"",""crushing"",""fork"",""long"",""middlegame""}","A fork — one piece attacks two enemy pieces at once, forcing a material win.",true,lichess,yJgpm,45758,94,{}
lc_v2N83,r1bqk2r/1pp2p2/p2p3p/2b1N1pn/4P3/P1NP2BP/1PP1QPP1/R3K2R b KQkq - 0 12,"{""h5g3"",""f2g3"",""d6e5""}",queen,9,intermediate,Queen 9 · Advantage,advantage,Black to move.,1551,Club,"{""advantage"",""intermezzo"",""middlegame"",""short""}",Find the strongest continuation and seize the advantage.,true,lichess,v2N83,36645,95,"{""Kings_Pawn_Game"",""Kings_Pawn_Game_Leonardis_Variation""}"
lc_0ASee,5r1k/1p3pp1/p7/3pqN2/2r3Q1/7P/6P1/5R1K w - - 3 34,"{""g4h5"",""h8g8"",""f5h6"",""g7h6"",""h5e5""}",queen,9,intermediate,Queen 9 · Discovered Attack,discoveredAttack,White to move.,1551,Club,"{""crushing"",""discoveredAttack"",""endgame"",""long""}",A discovered attack — moving one piece uncovers a deadly attack from another.,true,lichess,0ASee,35861,96,{}
lc_QM6O7,6k1/B4p2/2r4p/6p1/3K1b2/P1R2P2/6PP/8 b - - 1 55,"{""f4e5"",""d4e5"",""c6c3""}",queen,9,intermediate,Queen 9 · Deflection,deflection,Black to move.,1551,Club,"{""advantage"",""deflection"",""endgame"",""master"",""short""}",A deflection — lure a defending piece away from the square it was guarding.,true,lichess,QM6O7,35239,95,{}
lc_vHPgW,r1bqk2r/ppp1Pppp/2n5/2b5/8/P4N2/1PP1PPPP/RNBQKB1R b KQkq - 0 6,"{""c5f2"",""e1f2"",""d8d1""}",queen,9,intermediate,Queen 9 · Deflection,deflection,Black to move.,1551,Club,"{""advantage"",""attackingF2F7"",""deflection"",""opening"",""short""}",A deflection — lure a defending piece away from the square it was guarding.,true,lichess,vHPgW,34949,96,"{""Englund_Gambit_Complex"",""Englund_Gambit_Complex_Felbecker_Gambit""}"
lc_eF3Er,rn1qk2r/pp2nppp/4p3/2bpP3/6b1/2P2N2/P3BPPP/RNBQ1RK1 w kq - 1 10,"{""d1a4"",""b8d7"",""a4g4""}",queen,9,intermediate,Queen 9 · Fork,fork,White to move.,1551,Club,"{""advantage"",""fork"",""opening"",""short""}","A fork — one piece attacks two enemy pieces at once, forcing a material win.",true,lichess,eF3Er,34715,96,"{""Caro-Kann_Defense"",""Caro-Kann_Defense_Other_variations""}"
lc_G0uGW,5rk1/Q1R4p/3p1b2/P2Pp3/5p1r/2B2P1P/1P3qPK/7R b - - 0 31,"{""h4h3"",""h2h3"",""f2g3""}",queen,9,intermediate,Queen 9 · Mate In2,mateIn2,Black to move.,1551,Club,"{""attraction"",""mate"",""mateIn2"",""middlegame"",""pin"",""sacrifice"",""short""}",Checkmate in two — a forced sequence that delivers checkmate on move two.,true,lichess,G0uGW,33321,96,{}
lc_Dfa19,4rrk1/6p1/3p1q1p/8/pPPQ4/P4P1P/6P1/1R1R2K1 b - - 0 31,"{""e8e1"",""g1h2"",""f6d4"",""d1d4"",""e1b1""}",queen,9,intermediate,Queen 9 · Endgame,endgame,Black to move.,1551,Club,"{""advantage"",""endgame"",""intermezzo"",""long""}",An endgame technique — precise play with few pieces where every tempo counts.,true,lichess,Dfa19,32921,96,{}
lc_Q2pTm,3k3r/np5q/p2N4/3P4/3P1R2/PN6/1P4P1/5RK1 b - - 0 29,"{""h7h2"",""g1f2"",""h2f4""}",queen,9,intermediate,Queen 9 · Interference,interference,Black to move.,1551,Club,"{""crushing"",""interference"",""middlegame"",""short""}",Interference — block the line between two enemy pieces to break their coordination.,true,lichess,Q2pTm,32423,97,{}
lc_YY7oz,8/8/4pk2/5p1P/5K2/6P1/8/8 b - - 0 57,"{""e6e5"",""f4f3"",""f6g5""}",queen,9,intermediate,Queen 9 · Pawn Endgame,pawnEndgame,Black to move.,1551,Club,"{""crushing"",""endgame"",""pawnEndgame"",""short""}",A pawn endgame — king opposition and the square of the pawn decide it.,true,lichess,YY7oz,31481,95,{}
lc_4nNdm,r1b2r1k/5pR1/2pR3P/1p2P1Q1/p7/P1b5/BpP2qP1/1K6 w - - 0 28,"{""g7h7"",""h8h7"",""g5g7""}",queen,9,intermediate,Queen 9 · Mate In2,mateIn2,White to move.,1551,Club,"{""attraction"",""kingsideAttack"",""mate"",""mateIn2"",""middlegame"",""sacrifice"",""short""}",Checkmate in two — a forced sequence that delivers checkmate on move two.,true,lichess,4nNdm,31249,96,{}
lc_Ib3t7,r4bnr/2pQqkpp/p7/1p2p3/3p4/8/PPP2PPP/RNB1K2R w KQ - 3 13,"{""d7d5"",""e7e6"",""d5a8""}",queen,9,intermediate,Queen 9 · Fork,fork,White to move.,1552,Club,"{""crushing"",""fork"",""middlegame"",""short""}","A fork — one piece attacks two enemy pieces at once, forcing a material win.",true,lichess,Ib3t7,38122,96,"{""Ruy_Lopez"",""Ruy_Lopez_Morphy_Defense""}"
lc_hPfsX,2k3nr/ppp2ppp/3b4/8/2P1NB2/P1K3P1/1P3P1P/n2r1B1R w - - 1 18,"{""f1h3"",""c8b8"",""h1d1""}",queen,9,intermediate,Queen 9 · Discovered Attack,discoveredAttack,White to move.,1552,Club,"{""crushing"",""discoveredAttack"",""middlegame"",""short""}",A discovered attack — moving one piece uncovers a deadly attack from another.,true,lichess,hPfsX,38104,96,"{""Queens_Gambit_Declined"",""Queens_Gambit_Declined_Albin_Countergambit""}"
lc_GwBqp,rn4rk/pp3p1p/2pp3Q/4Pq2/2P5/5B1P/P1P2PP1/R3R1K1 b - - 2 18,"{""f5f3"",""h6f6"",""f3f6""}",queen,9,intermediate,Queen 9 · Pin,pin,Black to move.,1552,Club,"{""advantage"",""middlegame"",""pin"",""short""}",A pin — the attacked piece can't move without exposing a more valuable piece behind it.,true,lichess,GwBqp,37501,95,"{""Vienna_Game"",""Vienna_Game_Other_variations""}"
lc_Qwy4e,r1bqk2r/ppp1Pppp/2n5/2b5/5B2/5N2/PPP1PPPP/RN1QKB1R b KQkq - 0 6,"{""c5f2"",""e1f2"",""d8d1""}",queen,9,intermediate,Queen 9 · Deflection,deflection,Black to move.,1552,Club,"{""advantage"",""attackingF2F7"",""deflection"",""opening"",""short""}",A deflection — lure a defending piece away from the square it was guarding.,true,lichess,Qwy4e,37163,96,"{""Englund_Gambit"",""Englund_Gambit_Other_variations""}"
lc_K2ifs,r1b3kr/pp1p2p1/2p4p/2bNq3/8/5QP1/PPPP4/R1BK1R2 w - - 0 15,"{""f3f7"",""g8h7"",""d5f6"",""e5f6"",""f1f6""}",queen,9,intermediate,Queen 9 · Pin,pin,White to move.,1552,Club,"{""crushing"",""kingsideAttack"",""long"",""middlegame"",""pin""}",A pin — the attacked piece can't move without exposing a more valuable piece behind it.,true,lichess,K2ifs,36087,96,"{""Kings_Gambit_Declined"",""Kings_Gambit_Declined_Queens_Knight_Defense""}"
lc_n3Tdw,rnb1k2r/ppp2ppp/8/2q1p3/4n3/2P2N2/PP2BPPP/RN1QK2R w KQkq - 1 9,"{""d1a4"",""b8c6"",""a4e4""}",queen,9,intermediate,Queen 9 · Fork,fork,White to move.,1552,Club,"{""advantage"",""fork"",""opening"",""short""}","A fork — one piece attacks two enemy pieces at once, forcing a material win.",true,lichess,n3Tdw,34549,95,"{""Philidor_Defense"",""Philidor_Defense_Nimzowitsch_Variation""}"
lc_UeH6m,r4rk1/1p3pn1/p1nq4/3pp1Q1/5N2/P2P3P/1PP2PP1/R4RK1 w - - 0 20,"{""f4h5"",""d6g6"",""h5f6"",""g8h8"",""g5h4""}",queen,9,intermediate,Queen 9 · Advantage,advantage,White to move.,1552,Club,"{""advantage"",""kingsideAttack"",""long"",""middlegame""}",Find the strongest continuation and seize the advantage.,true,lichess,UeH6m,34502,95,"{""Caro-Kann_Defense"",""Caro-Kann_Defense_Other_variations""}"
lc_qBGmu,r6k/pp1n1r1p/3pq1p1/2p1pN2/3pPPQ1/3P2RP/PPP3P1/R5K1 w - - 0 19,"{""f5h6"",""e6g4"",""h6f7""}",queen,9,intermediate,Queen 9 · Sacrifice,sacrifice,White to move.,1552,Club,"{""advantage"",""kingsideAttack"",""middlegame"",""sacrifice"",""short""}",A sacrifice — give up material to gain a decisive tactical or positional advantage.,true,lichess,qBGmu,34275,95,"{""Italian_Game"",""Italian_Game_Two_Knights_Defense""}"
lc_z6hLK,1bb3k1/1p3r2/p6p/3P4/1P6/P2B1pq1/5Q2/5R1K w - - 0 35,"{""f1g1"",""g3g2"",""g1g2"",""f3g2"",""f2g2""}",queen,9,intermediate,Queen 9 · Pin,pin,White to move.,1552,Club,"{""advantage"",""exposedKing"",""long"",""middlegame"",""pin""}",A pin — the attacked piece can't move without exposing a more valuable piece behind it.,true,lichess,z6hLK,34097,96,{}
lc_lKQh1,r2q1rk1/2nnppbp/b2p2p1/2pP4/4PP2/2NBB3/PPQ1N1PP/R4RK1 b - - 4 13,"{""c5c4"",""d3c4"",""a6c4""}",queen,9,intermediate,Queen 9 · Trapped Piece,trappedPiece,Black to move.,1552,Club,"{""advantage"",""middlegame"",""short"",""trappedPiece""}",A trapped piece — the enemy piece has no safe squares and can be won.,true,lichess,lKQh1,33997,96,"{""Benoni_Defense"",""Benoni_Defense_Hromadka_System""}"
lc_Kzg9t,1r6/RB3pp1/3p1k1p/4pP2/3nP3/5P1P/6P1/6K1 b - - 10 33,"{""d4b5"",""a7a6"",""b8b7""}",queen,9,intermediate,Queen 9 · Endgame,endgame,Black to move.,1552,Club,"{""advantage"",""endgame"",""short""}",An endgame technique — precise play with few pieces where every tempo counts.,true,lichess,Kzg9t,33257,95,{}
lc_uFoDf,2R5/pr6/2p3k1/3p4/P2Np3/4PpPp/5P1P/2n3K1 w - - 2 44,"{""c8c6"",""g6f7"",""c6c1""}",queen,9,intermediate,Queen 9 · Fork,fork,White to move.,1552,Club,"{""advantage"",""endgame"",""fork"",""short""}","A fork — one piece attacks two enemy pieces at once, forcing a material win.",true,lichess,uFoDf,32729,95,{}
lc_4Ahz6,6k1/6p1/7p/8/2P5/p2P1Q1q/5R2/4K3 b - - 0 52,"{""h3f3"",""f2f3"",""a3a2"",""e1e2"",""a2a1q""}",queen,9,intermediate,Queen 9 · Promotion,promotion,Black to move.,1552,Club,"{""advancedPawn"",""crushing"",""endgame"",""long"",""promotion""}",Pawn promotion — advance the pawn to its final rank and choose your new piece wisely.,true,lichess,4Ahz6,31982,96,{}
lc_FvTaL,r5k1/1p3ppp/p4n2/1N6/8/PP5P/Rnr2PP1/1N3RK1 w - - 2 24,"{""b5d4"",""c2c5"",""a2b2""}",queen,9,intermediate,Queen 9 · Advantage,advantage,White to move.,1552,Club,"{""advantage"",""middlegame"",""short""}",Find the strongest continuation and seize the advantage.,true,lichess,FvTaL,31966,96,{}
lc_zjFJf,1r4k1/1b3qp1/p3Q2p/2pn4/8/1P1B1P2/P1P3PP/4R2K w - - 1 26,"{""d3h7"",""g8f8"",""e6d6""}",queen,9,intermediate,Queen 9 · Crushing,crushing,White to move.,1552,Club,"{""crushing"",""middlegame"",""short""}",Find the strongest continuation and seize the advantage.,true,lichess,zjFJf,31443,95,{}
lc_YBCg3,2r2rk1/pp2q1pp/4p3/3pN2b/3P1n2/P1N3Q1/1P3PPP/2R2RK1 b - - 0 21,"{""c8c3"",""c1c3"",""f4e2"",""g1h1"",""e2g3""}",queen,9,intermediate,Queen 9 · Fork,fork,Black to move.,1552,Club,"{""advantage"",""fork"",""long"",""master"",""middlegame"",""sacrifice""}","A fork — one piece attacks two enemy pieces at once, forcing a material win.",true,lichess,YBCg3,31360,94,{}
lc_5h4Ab,r6r/p1pR1pk1/4q1p1/1p2p2p/2p1P1P1/P1B3P1/1P2Q1P1/3R3K b - - 0 26,"{""h5g4"",""h1g1"",""e6b6"",""e2f2"",""h8h1"",""g1h1"",""b6f2""}",queen,9,intermediate,Queen 9 · Discovered Attack,discoveredAttack,Black to move.,1552,Club,"{""advantage"",""deflection"",""discoveredAttack"",""discoveredCheck"",""kingsideAttack"",""middlegame"",""veryLong""}",A discovered attack — moving one piece uncovers a deadly attack from another.,true,lichess,5h4Ab,31286,94,{}
lc_GXoqd,r7/p4R1p/k1p1rB2/1p3b2/2p3P1/2P2P2/PP5P/R5K1 b - - 0 25,"{""f5g6"",""f7e7"",""e6f6""}",queen,9,intermediate,Queen 9 · Endgame,endgame,Black to move.,1553,Club,"{""advantage"",""endgame"",""short""}",An endgame technique — precise play with few pieces where every tempo counts.,true,lichess,GXoqd,35860,96,{}
lc_ktjHs,rn2k2r/pp2bpp1/2pp1n1p/4p1B1/4P1qQ/2NP1N2/PPP2PPP/R4RK1 w kq - 6 11,"{""g5f6"",""g4h4"",""f6h4""}",queen,9,intermediate,Queen 9 · Advantage,advantage,White to move.,1553,Club,"{""advantage"",""middlegame"",""short""}",Find the strongest continuation and seize the advantage.,true,lichess,ktjHs,35583,96,"{""Bishops_Opening"",""Bishops_Opening_Other_variations""}"
lc_aS23O,5rk1/1pp1p2p/pnp1b1p1/4b3/2PqQ3/1PN4P/PB3PP1/R4RK1 b - - 5 17,"{""d4e4"",""c3e4"",""e5b2""}",queen,9,intermediate,Queen 9 · Discovered Attack,discoveredAttack,Black to move.,1553,Club,"{""advantage"",""discoveredAttack"",""middlegame"",""short""}",A discovered attack — moving one piece uncovers a deadly attack from another.,true,lichess,aS23O,35058,96,"{""Nimzowitsch_Defense"",""Nimzowitsch_Defense_Declined_Variation""}"
lc_VGkf6,2r1qrk1/1n1R1p1p/1P3bp1/pQ6/4p3/6P1/P3PPBP/1R4K1 w - - 3 24,"{""d7b7"",""c8c1"",""g2f1"",""c1b1"",""b5b1""}",queen,9,intermediate,Queen 9 · Hanging Piece,hangingPiece,White to move.,1553,Club,"{""advantage"",""hangingPiece"",""long"",""middlegame""}",A hanging piece — an undefended enemy piece is free to capture.,true,lichess,VGkf6,34884,95,{}
lc_Fy0jJ,r1bq3r/pp1p1kp1/n2B1n1p/1P2Q3/2P5/P7/5PPP/RN2KB1R b KQ - 0 18,"{""h8e8"",""f1e2"",""e8e5""}",queen,9,intermediate,Queen 9 · Pin,pin,Black to move.,1553,Club,"{""advantage"",""opening"",""pin"",""short""}",A pin — the attacked piece can't move without exposing a more valuable piece behind it.,true,lichess,Fy0jJ,34622,95,"{""Horwitz_Defense"",""Horwitz_Defense_Other_variations""}"
lc_XOBz1,6k1/1q4pp/5p2/2Qp4/p3rP2/P3P1B1/1n3RPP/6K1 w - - 2 30,"{""f2b2"",""b7b2"",""c5d5"",""g8f8"",""d5e4""}",queen,9,intermediate,Queen 9 · Fork,fork,White to move.,1553,Club,"{""advantage"",""deflection"",""endgame"",""fork"",""long""}","A fork — one piece attacks two enemy pieces at once, forcing a material win.",true,lichess,XOBz1,34225,96,{}
lc_6H987,8/7k/6p1/pP5p/P2Q1q2/7P/5rP1/3R3K b - - 2 35,"{""f2f1"",""d1f1"",""f4d4""}",queen,9,intermediate,Queen 9 · Deflection,deflection,Black to move.,1553,Club,"{""crushing"",""deflection"",""endgame"",""short""}",A deflection — lure a defending piece away from the square it was guarding.,true,lichess,6H987,33894,96,{}
lc_ddzah,5r1k/6pp/8/4q3/5R1Q/4P2P/P5PK/8 b - - 3 30,"{""g7g5"",""h4g5"",""e5g5"",""f4f8"",""h8g7""}",queen,9,intermediate,Queen 9 · Fork,fork,Black to move.,1553,Club,"{""advantage"",""endgame"",""fork"",""long"",""pin""}","A fork — one piece attacks two enemy pieces at once, forcing a material win.",true,lichess,ddzah,32383,95,{}
lc_wgThP,5rk1/6pp/ppq1b3/4P3/2P5/Q7/PP4PP/2K2B1R b - - 0 25,"{""f8f1"",""h1f1"",""c6c4"",""c1d2"",""c4f1""}",queen,9,intermediate,Queen 9 · Fork,fork,Black to move.,1553,Club,"{""advantage"",""attraction"",""endgame"",""fork"",""long""}","A fork — one piece attacks two enemy pieces at once, forcing a material win.",true,lichess,wgThP,32332,97,{}
lc_yjFFq,2kr4/ppp3Rp/2n5/4p2P/1P2N2b/P3Pr2/1B3P1P/R3K3 b Q - 0 18,"{""f3e3"",""e1f1"",""e3e4""}",queen,9,intermediate,Queen 9 · Pin,pin,Black to move.,1553,Club,"{""crushing"",""middlegame"",""pin"",""short""}",A pin — the attacked piece can't move without exposing a more valuable piece behind it.,true,lichess,yjFFq,31469,95,"{""Queens_Gambit_Accepted"",""Queens_Gambit_Accepted_Old_Variation""}"
lc_k5RkQ,r3k1nr/pp3ppp/2nbq3/3pN3/3p1P2/8/PPP3PP/RNBQ1RK1 w kq - 0 11,"{""e5c6"",""b7c6"",""f1e1""}",queen,9,intermediate,Queen 9 · Pin,pin,White to move.,1553,Club,"{""advantage"",""opening"",""pin"",""short""}",A pin — the attacked piece can't move without exposing a more valuable piece behind it.,true,lichess,k5RkQ,31358,96,"{""Sicilian_Defense"",""Sicilian_Defense_Bowdler_Attack""}"
lc_7LtCm,2kr1r2/ppp4p/4pp2/4Nqp1/2Pn1P2/P2P2P1/1P3R1P/R2Q2K1 w - - 0 20,"{""g3g4"",""f5f4"",""f2f4"",""g5f4"",""e5f3""}",queen,9,intermediate,Queen 9 · Trapped Piece,trappedPiece,White to move.,1554,Club,"{""advantage"",""long"",""middlegame"",""trappedPiece""}",A trapped piece — the enemy piece has no safe squares and can be won.,true,lichess,7LtCm,36257,95,"{""Scandinavian_Defense"",""Scandinavian_Defense_Modern_Variation""}"
lc_jPS7E,rn1q1rk1/pp3p1p/2pp1n1Q/4pp2/3P4/5P2/PPP2P2/RN2K2R w KQ - 0 15,"{""h1g1"",""f6g4"",""f3g4""}",queen,9,intermediate,Queen 9 · Advantage,advantage,White to move.,1554,Club,"{""advantage"",""middlegame"",""short""}",Find the strongest continuation and seize the advantage.,true,lichess,jPS7E,36073,95,"{""Queens_Pawn_Game"",""Queens_Pawn_Game_Other_variations""}"
lc_9fufj,1Q4q1/5p2/4p3/PQ1pPP1k/2nP4/2N2N1p/5Pr1/R6K b - - 0 46,"{""g2h2"",""f3h2"",""g8g2""}",queen,9,intermediate,Queen 9 · Mate In2,mateIn2,Black to move.,1554,Club,"{""clearance"",""mate"",""mateIn2"",""middlegame"",""sacrifice"",""short""}",Checkmate in two — a forced sequence that delivers checkmate on move two.,true,lichess,9fufj,35240,96,{}
lc_NAFgZ,8/ppp2pk1/2n3p1/4p3/P3P3/1PP1QPPq/3RK3/1r4R1 b - - 16 35,"{""h3h2"",""e3f2"",""h2g1"",""f2g1"",""b1g1""}",queen,9,intermediate,Queen 9 · Endgame,endgame,Black to move.,1554,Club,"{""advantage"",""endgame"",""long""}",An endgame technique — precise play with few pieces where every tempo counts.,true,lichess,NAFgZ,34981,96,{}
lc_dRadH,rn1q1rk1/pp3pp1/2p4p/3pNb2/1b1Pn3/2N4P/PP1BPPP1/R2QKB1R w KQ - 4 11,"{""c3e4"",""b4d2"",""e4d2""}",queen,9,intermediate,Queen 9 · Advantage,advantage,White to move.,1554,Club,"{""advantage"",""opening"",""short""}",Find the strongest continuation and seize the advantage.,true,lichess,dRadH,34865,95,"{""Slav_Defense"",""Slav_Defense_Modern_Line""}"
lc_KtZ2m,5rk1/r4ppp/1b6/3R4/7P/2N2P2/1PP3P1/1K5R b - - 2 26,"{""f8a8"",""b2b4"",""a7a1"",""b1b2"",""a1h1""}",queen,9,intermediate,Queen 9 · Skewer,skewer,Black to move.,1554,Club,"{""advantage"",""endgame"",""long"",""quietMove"",""skewer""}","A skewer — the higher-value piece is forced to move, losing the piece behind it.",true,lichess,KtZ2m,34055,96,{}
lc_NRMRK,r4rk1/5pp1/pp2b2p/1Q6/P2qN3/3P1N1P/5RP1/5RK1 b - - 1 29,"{""d4f2"",""e4f2"",""a6b5""}",queen,9,intermediate,Queen 9 · Crushing,crushing,Black to move.,1554,Club,"{""crushing"",""middlegame"",""short""}",Find the strongest continuation and seize the advantage.,true,lichess,NRMRK,33507,96,{}
lc_tADGf,8/1pp4P/3k2n1/p5r1/6P1/7R/4K3/8 w - - 1 38,"{""h3h6"",""d6c5"",""h6g6"",""g5g6"",""h7h8q""}",queen,9,intermediate,Queen 9 · Promotion,promotion,White to move.,1554,Club,"{""advancedPawn"",""crushing"",""endgame"",""long"",""promotion""}",Pawn promotion — advance the pawn to its final rank and choose your new piece wisely.,true,lichess,tADGf,33337,96,{}
lc_3eTFy,1q6/Q6p/6pk/8/8/7P/1r4P1/R6K b - - 0 39,"{""b2b1"",""a1b1"",""b8a7""}",queen,9,intermediate,Queen 9 · Deflection,deflection,Black to move.,1554,Club,"{""crushing"",""deflection"",""endgame"",""short""}",A deflection — lure a defending piece away from the square it was guarding.,true,lichess,3eTFy,33317,95,{}
lc_OTMG3,3r2kr/pp3p1p/2q2ppQ/8/1P4n1/PB2R3/2P3PP/4R2K w - - 4 25,"{""b3f7"",""g8f7"",""e3e7"",""f7g8"",""h6g7""}",queen,9,intermediate,Queen 9 · Mate In3,mateIn3,White to move.,1554,Club,"{""attraction"",""kingsideAttack"",""long"",""mate"",""mateIn3"",""middlegame"",""sacrifice""}",Checkmate in three — calculate the forcing line all the way to mate.,true,lichess,OTMG3,32862,95,{}
lc_xcniX,rnq4r/pppk1Bpp/3b2b1/8/4p1Pn/1QP5/PP1P3P/RNB2RK1 w - - 1 13,"{""f7e6"",""d7d8"",""e6c8""}",queen,9,intermediate,Queen 9 · Skewer,skewer,White to move.,1554,Club,"{""advantage"",""middlegame"",""short"",""skewer""}","A skewer — the higher-value piece is forced to move, losing the piece behind it.",true,lichess,xcniX,32706,96,"{""Bird_Opening"",""Bird_Opening_Williams_Gambit""}"
lc_07CBm,1n1q1rk1/r4ppp/p2Q4/1p2p1b1/4P3/1N6/PPP2PPP/1K1R1B1R b - - 0 15,"{""a7d7"",""d6d7"",""b8d7""}",queen,9,intermediate,Queen 9 · Advantage,advantage,Black to move.,1554,Club,"{""advantage"",""middlegame"",""short""}",Find the strongest continuation and seize the advantage.,true,lichess,07CBm,32234,95,"{""Sicilian_Defense"",""Sicilian_Defense_Other_variations""}"
lc_7Nbug,3r1rk1/pp1n1p1p/2p2p2/8/1bB1N3/7P/PP3PP1/3R1RK1 w - - 4 18,"{""d1d7"",""d8d7"",""e4f6"",""g8g7"",""f6d7""}",queen,9,intermediate,Queen 9 · Fork,fork,White to move.,1554,Club,"{""advantage"",""attraction"",""capturingDefender"",""fork"",""long"",""middlegame""}","A fork — one piece attacks two enemy pieces at once, forcing a material win.",true,lichess,7Nbug,31971,96,"{""French_Defense"",""French_Defense_Normal_Variation""}"
lc_8Lb1c,r1b2rk1/pp1nbppp/2pp1n2/3N4/3BP3/5P2/PPPq2PP/1K1R1BNR w - - 0 11,"{""d5e7"",""g8h8"",""d1d2""}",queen,9,intermediate,Queen 9 · Hanging Piece,hangingPiece,White to move.,1555,Club,"{""crushing"",""hangingPiece"",""intermezzo"",""opening"",""short""}",A hanging piece — an undefended enemy piece is free to capture.,true,lichess,8Lb1c,37001,95,"{""Pirc_Defense"",""Pirc_Defense_Other_variations""}"
lc_VFhvc,rnb3rk/pp1p1p1p/1q2p3/4Np2/2P5/1P1BP1P1/P4P1P/R2QK2R b KQ - 1 15,"{""b6a5"",""d1d2"",""a5e5""}",queen,9,intermediate,Queen 9 · Fork,fork,Black to move.,1555,Club,"{""advantage"",""fork"",""middlegame"",""short""}","A fork — one piece attacks two enemy pieces at once, forcing a material win.",true,lichess,VFhvc,35909,96,"{""Benoni_Defense"",""Benoni_Defense_Benoni_Gambit_Accepted""}"
lc_yqAOP,r2qkb1r/pp1b1p1p/2n1pp2/1B1p4/3p3B/5N2/PPP2PPP/RN1QK2R b KQkq - 1 9,"{""d8a5"",""b1d2"",""a5b5"",""h4f6"",""h8g8""}",queen,9,intermediate,Queen 9 · Fork,fork,Black to move.,1555,Club,"{""advantage"",""fork"",""long"",""opening""}","A fork — one piece attacks two enemy pieces at once, forcing a material win.",true,lichess,yqAOP,34408,95,"{""Sicilian_Defense"",""Sicilian_Defense_Old_Sicilian""}"
lc_yKS7m,8/8/1p1k1pp1/pPp5/P1P2Pp1/3K4/3N1b2/8 w - - 0 46,"{""d2e4"",""d6e6"",""e4f2"",""g4g3"",""f2h3"",""e6f5"",""d3e3"",""f5g4"",""h3g1""}",queen,9,intermediate,Queen 9 · Fork,fork,White to move.,1555,Club,"{""crushing"",""defensiveMove"",""endgame"",""fork"",""quietMove"",""veryLong"",""zugzwang""}","A fork — one piece attacks two enemy pieces at once, forcing a material win.",true,lichess,yKS7m,34219,95,{}
lc_cOhcr,5r2/kb6/pp2QB1n/8/4B3/2P3P1/PP2RK2/RNq5 b - - 0 35,"{""f8f6"",""e6f6"",""h6g4"",""f2f3"",""g4f6""}",queen,9,intermediate,Queen 9 · Fork,fork,Black to move.,1555,Club,"{""advantage"",""attraction"",""fork"",""long"",""middlegame"",""sacrifice""}","A fork — one piece attacks two enemy pieces at once, forcing a material win.",true,lichess,cOhcr,34063,96,{}
lc_xK5Ch,r5k1/p2r1pqp/1pQ3p1/8/4p3/8/PP3PPP/3R2K1 w - - 0 30,"{""c6a8"",""g7f8"",""a8f8"",""g8f8"",""d1d7""}",queen,9,intermediate,Queen 9 · Hanging Piece,hangingPiece,White to move.,1555,Club,"{""crushing"",""endgame"",""hangingPiece"",""long""}",A hanging piece — an undefended enemy piece is free to capture.,true,lichess,xK5Ch,33874,95,{}
lc_sgJ8W,8/p7/1p1k3p/n4P2/P1pP3P/2P1r3/4N3/5RK1 b - - 4 33,"{""e3e2"",""f5f6"",""e2e8"",""f6f7"",""e8f8""}",queen,9,intermediate,Queen 9 · Hanging Piece,hangingPiece,Black to move.,1555,Club,"{""advantage"",""endgame"",""hangingPiece"",""long"",""quietMove""}",A hanging piece — an undefended enemy piece is free to capture.,true,lichess,sgJ8W,33296,95,{}
lc_EJqtk,8/1p6/p1k3p1/5p1p/4b2P/1P2B1P1/P2R1KPr/8 w - - 16 43,"{""f2g1"",""h2h4"",""g3h4""}",queen,9,intermediate,Queen 9 · Endgame,endgame,White to move.,1555,Club,"{""advantage"",""endgame"",""master"",""short""}",An endgame technique — precise play with few pieces where every tempo counts.,true,lichess,EJqtk,32910,94,{}
lc_0sfnb,r2qkbnr/1pp2pp1/2np3p/p3N3/P1B1P3/2N4P/1PPP1PP1/R1BbK2R w KQkq - 0 9,"{""c4f7"",""e8e7"",""c3d5""}",queen,9,intermediate,Queen 9 · Mate In2,mateIn2,White to move.,1555,Club,"{""attackingF2F7"",""mate"",""mateIn2"",""middlegame"",""short""}",Checkmate in two — a forced sequence that delivers checkmate on move two.,true,lichess,0sfnb,32819,94,"{""Philidor_Defense"",""Philidor_Defense_Other_variations""}"
lc_01Btz,2r1k2r/1p2bppp/1q1p4/p2Pp1P1/P4n1P/1N3P2/1PPQ4/2KR1B1R b k a3 0 17,"{""b6b3"",""f1b5"",""e8f8""}",queen,9,intermediate,Queen 9 · Pin,pin,Black to move.,1555,Club,"{""advantage"",""defensiveMove"",""middlegame"",""pin"",""short""}",A pin — the attacked piece can't move without exposing a more valuable piece behind it.,true,lichess,01Btz,32655,94,"{""Sicilian_Defense"",""Sicilian_Defense_Najdorf_Variation""}"
lc_3yfbL,4rrk1/2p2pp1/pp5p/2q5/8/1P6/P4QPP/4RR1K w - - 3 26,"{""e1e8"",""c5f2"",""e8f8"",""g8f8"",""f1f2""}",queen,9,intermediate,Queen 9 · Endgame,endgame,White to move.,1555,Club,"{""crushing"",""endgame"",""intermezzo"",""long""}",An endgame technique — precise play with few pieces where every tempo counts.,true,lichess,3yfbL,32025,96,{}
lc_a7kFV,r1bqk1nr/pp1p1pbp/2n1p1p1/1BP5/4P3/5N2/PPP2PPP/RNBQK2R b KQkq - 2 6,"{""d8a5"",""b1c3"",""g7c3"",""b2c3"",""a5b5""}",queen,9,intermediate,Queen 9 · Fork,fork,Black to move.,1556,Club,"{""advantage"",""fork"",""long"",""opening""}","A fork — one piece attacks two enemy pieces at once, forcing a material win.",true,lichess,a7kFV,43620,95,"{""Sicilian_Defense"",""Sicilian_Defense_Hyperaccelerated_Dragon""}"
lc_AsErP,r3kb1r/1ppb1ppp/p2q1nN1/n7/3P1B2/2NB4/PPP3PP/R2Q1RK1 b kq - 2 12,"{""d6d4"",""g1h1"",""h7g6""}",queen,9,intermediate,Queen 9 · Advantage,advantage,Black to move.,1556,Club,"{""advantage"",""opening"",""short""}",Find the strongest continuation and seize the advantage.,true,lichess,AsErP,36959,95,"{""Kings_Gambit_Accepted"",""Kings_Gambit_Accepted_Fischer_Defense""}"
lc_smM8k,r5k1/p5pp/2n1q3/1Q1n1p2/2BP1p2/2P2P2/P6P/1KR4R b - - 4 20,"{""a8b8"",""b5b8"",""c6b8""}",queen,9,intermediate,Queen 9 · Pin,pin,Black to move.,1556,Club,"{""advantage"",""middlegame"",""pin"",""short""}",A pin — the attacked piece can't move without exposing a more valuable piece behind it.,true,lichess,smM8k,34099,96,{}
lc_3t5f2,6rk/p6p/1p2Qp2/1P3p2/P5rq/4P3/3N3P/1RR4K b - - 0 31,"{""h4h2"",""h1h2"",""g4h4""}",queen,9,intermediate,Queen 9 · Mate In2,mateIn2,Black to move.,1556,Club,"{""attraction"",""mate"",""mateIn2"",""middlegame"",""sacrifice"",""short""}",Checkmate in two — a forced sequence that delivers checkmate on move two.,true,lichess,3t5f2,33843,96,{}
lc_fntj7,5rk1/pppR2pp/2p2q2/8/8/6Q1/PPr2PPP/3R2K1 w - - 2 22,"{""g3b3"",""g8h8"",""b3c2""}",queen,9,intermediate,Queen 9 · Fork,fork,White to move.,1556,Club,"{""crushing"",""endgame"",""fork"",""short""}","A fork — one piece attacks two enemy pieces at once, forcing a material win.",true,lichess,fntj7,33461,96,{}
lc_A75qH,8/8/2R4R/kp6/8/1P3PP1/r6r/3K4 b - - 0 36,"{""a2a1"",""c6c1"",""a1c1"",""d1c1"",""h2h6""}",queen,9,intermediate,Queen 9 · Rook Endgame,rookEndgame,Black to move.,1556,Club,"{""crushing"",""endgame"",""exposedKing"",""long"",""rookEndgame""}",A rook endgame — master the Lucena and Philidor ideas to convert.,true,lichess,A75qH,33047,95,{}
lc_WcRg8,3rr2k/pp3p2/1n4Rp/4P3/1Bbp3q/P2Q4/1PB3PP/5RK1 w - - 1 25,"{""g6g8"",""e8g8"",""d3h7""}",queen,9,intermediate,Queen 9 · Mate In2,mateIn2,White to move.,1556,Club,"{""clearance"",""kingsideAttack"",""mate"",""mateIn2"",""middlegame"",""sacrifice"",""short""}",Checkmate in two — a forced sequence that delivers checkmate on move two.,true,lichess,WcRg8,32959,95,{}
lc_6973v,6k1/p4pp1/6qp/2p2r2/8/2P1QPrP/PP2B2K/R5R1 b - - 4 29,"{""g3h3"",""h2h3"",""f5h5""}",queen,9,intermediate,Queen 9 · Mate In2,mateIn2,Black to move.,1556,Club,"{""attraction"",""mate"",""mateIn2"",""middlegame"",""sacrifice"",""short""}",Checkmate in two — a forced sequence that delivers checkmate on move two.,true,lichess,6973v,32703,96,{}
lc_RXCeL,2bbr3/pp3kp1/1n5p/4P3/3r1B2/1P4P1/P5BP/4RRK1 w - - 1 25,"{""f4e3"",""f7g8"",""e3d4""}",queen,9,intermediate,Queen 9 · Discovered Attack,discoveredAttack,White to move.,1556,Club,"{""crushing"",""discoveredAttack"",""discoveredCheck"",""middlegame"",""short""}",A discovered attack — moving one piece uncovers a deadly attack from another.,true,lichess,RXCeL,32539,95,{}
lc_Fq3vX,7k/p1P3pp/8/1P2pq2/P2p1p2/3P1Pbr/2Q3P1/R4RK1 b - - 1 35,"{""h3h1"",""g1h1"",""f5h5"",""h1g1"",""h5h2""}",queen,9,intermediate,Queen 9 · Mate In3,mateIn3,Black to move.,1556,Club,"{""attraction"",""endgame"",""kingsideAttack"",""long"",""mate"",""mateIn3"",""sacrifice""}",Checkmate in three — calculate the forcing line all the way to mate.,true,lichess,Fq3vX,32422,96,{}
lc_TgImB,8/6p1/5pk1/8/4P2K/4RP1P/6r1/8 b - - 6 51,"{""g6h6"",""f3f4"",""g7g5"",""f4g5"",""f6g5""}",queen,9,intermediate,Queen 9 · Mate In3,mateIn3,Black to move.,1556,Club,"{""endgame"",""long"",""mate"",""mateIn3"",""rookEndgame""}",Checkmate in three — calculate the forcing line all the way to mate.,true,lichess,TgImB,31975,96,{}
lc_FqsPi,8/8/pp4kp/2p5/4qp1b/P1Q2R1P/1P1K2P1/8 b - - 6 46,"{""h4e1"",""d2d1"",""e1c3""}",queen,9,intermediate,Queen 9 · Skewer,skewer,Black to move.,1556,Club,"{""crushing"",""endgame"",""short"",""skewer""}","A skewer — the higher-value piece is forced to move, losing the piece behind it.",true,lichess,FqsPi,31846,96,{}
lc_fQLWl,8/6p1/6p1/1p5p/1P3PPP/5K2/7k/8 b - - 0 41,"{""h2h3"",""g4h5"",""g6h5""}",queen,9,intermediate,Queen 9 · Pawn Endgame,pawnEndgame,Black to move.,1556,Club,"{""crushing"",""endgame"",""pawnEndgame"",""short""}",A pawn endgame — king opposition and the square of the pawn decide it.,true,lichess,fQLWl,31722,96,{}
lc_kcCWG,8/8/p5p1/1p5p/1P4PP/P4K2/7k/8 b - - 0 46,"{""h2h3"",""g4h5"",""g6h5""}",queen,9,intermediate,Queen 9 · Pawn Endgame,pawnEndgame,Black to move.,1556,Club,"{""crushing"",""endgame"",""pawnEndgame"",""short""}",A pawn endgame — king opposition and the square of the pawn decide it.,true,lichess,kcCWG,31688,96,{}
lc_mopDj,8/8/pp6/3B4/2P5/1k4p1/4Kb2/8 w - - 2 62,"{""c4c5"",""b3b4"",""c5c6"",""b4c5"",""c6c7""}",queen,9,intermediate,Queen 9 · Discovered Attack,discoveredAttack,White to move.,1556,Club,"{""advancedPawn"",""bishopEndgame"",""crushing"",""discoveredAttack"",""discoveredCheck"",""endgame"",""long""}",A discovered attack — moving one piece uncovers a deadly attack from another.,true,lichess,mopDj,31510,96,{}
lc_foCsJ,8/p7/1prb1kpp/4p3/5P2/8/6PP/3RRK2 w - - 1 32,"{""d1d6"",""c6d6"",""f4e5"",""f6e6"",""e5d6""}",queen,9,intermediate,Queen 9 · Fork,fork,White to move.,1556,Club,"{""advantage"",""attraction"",""discoveredAttack"",""discoveredCheck"",""endgame"",""fork"",""long""}","A fork — one piece attacks two enemy pieces at once, forcing a material win.",true,lichess,foCsJ,31421,96,{}
lc_ThuH2,r1b2rk1/p4pp1/1p1R3p/1Bp2P2/6PP/2N2n2/PPP5/2K4R w - - 0 19,"{""b5c6"",""a8b8"",""c6f3""}",queen,9,intermediate,Queen 9 · Fork,fork,White to move.,1556,Club,"{""crushing"",""fork"",""middlegame"",""short""}","A fork — one piece attacks two enemy pieces at once, forcing a material win.",true,lichess,ThuH2,31287,96,"{""Philidor_Defense"",""Philidor_Defense_Other_variations""}"
lc_es9y1,r2qk2r/pp3ppp/2n5/1Bbp4/6b1/4PN2/PPQ2PPP/R1B1K2R b KQkq - 4 10,"{""d8a5"",""c1d2"",""a5b5""}",queen,9,intermediate,Queen 9 · Fork,fork,Black to move.,1557,Club,"{""crushing"",""fork"",""opening"",""short""}","A fork — one piece attacks two enemy pieces at once, forcing a material win.",true,lichess,es9y1,38241,95,"{""Queens_Gambit_Declined"",""Queens_Gambit_Declined_Marshall_Defense""}"
lc_o6we7,8/pb4qk/6p1/3r1r1p/PB1p1p2/6P1/3Q3P/2R1R1K1 w - - 0 36,"{""e1e7"",""f5f7"",""c1c7""}",queen,9,intermediate,Queen 9 · Pin,pin,White to move.,1557,Club,"{""advantage"",""middlegame"",""pin"",""short""}",A pin — the attacked piece can't move without exposing a more valuable piece behind it.,true,lichess,o6we7,35642,96,{}
lc_rWglh,rnbqk1nr/1pp2ppp/p7/2b1P3/8/1N6/PPP1PPPP/R1BQKBNR b KQkq - 2 6,"{""c5f2"",""e1f2"",""d8d1""}",queen,9,intermediate,Queen 9 · Deflection,deflection,Black to move.,1557,Club,"{""attackingF2F7"",""crushing"",""deflection"",""opening"",""short""}",A deflection — lure a defending piece away from the square it was guarding.,true,lichess,rWglh,35549,95,"{""Queens_Pawn_Game"",""Queens_Pawn_Game_Chigorin_Variation""}"
lc_EHDLV,8/1p2r2p/p1p2k2/5p2/5P2/2NrpR2/PP4R1/5K2 b - - 3 34,"{""e3e2"",""c3e2"",""d3f3""}",queen,9,intermediate,Queen 9 · Discovered Attack,discoveredAttack,Black to move.,1557,Club,"{""advancedPawn"",""crushing"",""discoveredAttack"",""endgame"",""short""}",A discovered attack — moving one piece uncovers a deadly attack from another.,true,lichess,EHDLV,35495,97,{}
lc_Rwh5f,6k1/5pp1/pqr1pb1p/1p1pn3/1P1P4/P1Q1B1P1/4NP1P/2R3K1 w - - 8 31,"{""d4e5"",""c6c3"",""e3b6"",""c3c1"",""e2c1""}",queen,9,intermediate,Queen 9 · Discovered Attack,discoveredAttack,White to move.,1557,Club,"{""advantage"",""discoveredAttack"",""long"",""middlegame""}",A discovered attack — moving one piece uncovers a deadly attack from another.,true,lichess,Rwh5f,35248,95,{}
lc_4ja6J,1r3r2/1p2qpkp/p1np2p1/2p2bQ1/P1P5/2NP3P/1P2B1P1/R4RK1 w - - 2 20,"{""f1f5"",""e7g5"",""f5g5""}",queen,9,intermediate,Queen 9 · Pin,pin,White to move.,1557,Club,"{""advantage"",""middlegame"",""pin"",""short""}",A pin — the attacked piece can't move without exposing a more valuable piece behind it.,true,lichess,4ja6J,35110,95,"{""Sicilian_Defense"",""Sicilian_Defense_Staunton-Cochrane_Variation""}"
lc_qhTNO,2r2rk1/1p1b1pp1/1p2pn1p/3pb3/1P1N4/P1BP2P1/4PPBP/R1R3K1 b - - 2 20,"{""c8c3"",""c1c3"",""e5d4""}",queen,9,intermediate,Queen 9 · Advantage,advantage,Black to move.,1557,Club,"{""advantage"",""capturingDefender"",""middlegame"",""short""}",Find the strongest continuation and seize the advantage.,true,lichess,qhTNO,33374,95,{}
lc_cP9Vl,r2q1rk1/pp3p1p/1bn3pQ/1B2Pp2/1P1p1P2/P3BR2/2P3PP/3R2K1 b - - 3 18,"{""d4e3"",""d1d8"",""e3e2""}",queen,9,intermediate,Queen 9 · Discovered Attack,discoveredAttack,Black to move.,1557,Club,"{""advancedPawn"",""advantage"",""discoveredAttack"",""discoveredCheck"",""kingsideAttack"",""middlegame"",""sacrifice"",""short""}",A discovered attack — moving one piece uncovers a deadly attack from another.,true,lichess,cP9Vl,32622,95,"{""French_Defense"",""French_Defense_Winawer_Variation""}"
lc_V7nzJ,2k3nr/pppr2bp/6p1/q4p2/4p3/1P2Q2P/PBP2PP1/1NR2RK1 w - - 2 17,"{""b2g7"",""d7g7"",""e3d4"",""g8f6"",""d4f6""}",queen,9,intermediate,Queen 9 · Advantage,advantage,White to move.,1557,Club,"{""advantage"",""long"",""middlegame""}",Find the strongest continuation and seize the advantage.,true,lichess,V7nzJ,32377,95,"{""Scandinavian_Defense"",""Scandinavian_Defense_Main_Line""}"
lc_UA5eJ,2r2rk1/Qn2q1pp/1p2p3/2pnN3/1P1PN3/7P/P4PP1/2R2RK1 b - - 0 20,"{""c8a8"",""a7a8"",""f8a8""}",queen,9,intermediate,Queen 9 · Trapped Piece,trappedPiece,Black to move.,1557,Club,"{""advantage"",""middlegame"",""short"",""trappedPiece""}",A trapped piece — the enemy piece has no safe squares and can be won.,true,lichess,UA5eJ,32236,95,{}
lc_D64Xs,5rk1/2p2pp1/1Q3b1p/8/P4N2/4PP1P/R2P4/1rR3K1 b - - 0 28,"{""b1c1"",""g1h2"",""c7b6""}",queen,9,intermediate,Queen 9 · Hanging Piece,hangingPiece,Black to move.,1557,Club,"{""crushing"",""hangingPiece"",""intermezzo"",""middlegame"",""short""}",A hanging piece — an undefended enemy piece is free to capture.,true,lichess,D64Xs,32189,96,{}
lc_yTKyS,r2q2k1/1Q2bppp/2r1pn2/p2p2B1/3P4/P1N1P3/1P3PPP/R4RK1 b - - 0 17,"{""c6b6"",""b7a8"",""d8a8""}",queen,9,intermediate,Queen 9 · Trapped Piece,trappedPiece,Black to move.,1558,Club,"{""advantage"",""middlegame"",""short"",""trappedPiece""}",A trapped piece — the enemy piece has no safe squares and can be won.,true,lichess,yTKyS,35265,95,"{""Slav_Defense"",""Slav_Defense_Exchange_Variation""}"
lc_1s1GR,6k1/p5p1/2pQp2p/4Pr2/8/4q2P/PP1R2PK/8 w - - 5 26,"{""d6e6"",""f5f7"",""d2d8"",""g8h7"",""e6f7""}",queen,9,intermediate,Queen 9 · Fork,fork,White to move.,1558,Club,"{""crushing"",""deflection"",""endgame"",""fork"",""long""}","A fork — one piece attacks two enemy pieces at once, forcing a material win.",true,lichess,1s1GR,34776,97,{}
lc_4gxAC,r4rk1/5pp1/p1p1pn1p/3p4/3P4/P2Q1N1P/1qP2PP1/R4RK1 w - - 0 17,"{""f1b1"",""b2b5"",""b1b5""}",queen,9,intermediate,Queen 9 · Trapped Piece,trappedPiece,White to move.,1558,Club,"{""advantage"",""middlegame"",""short"",""trappedPiece""}",A trapped piece — the enemy piece has no safe squares and can be won.,true,lichess,4gxAC,34742,96,"{""Caro-Kann_Defense"",""Caro-Kann_Defense_Other_variations""}"
lc_a5v62,r1b4r/pppkbQpp/8/4q3/1N6/Pn2B3/1P2KPPP/7R w - - 0 19,"{""h1d1"",""b3d4"",""d1d4"",""e5d4"",""e3d4""}",queen,9,intermediate,Queen 9 · Advantage,advantage,White to move.,1558,Club,"{""advantage"",""long"",""middlegame""}",Find the strongest continuation and seize the advantage.,true,lichess,a5v62,34579,95,"{""Italian_Game"",""Italian_Game_Two_Knights_Defense""}"
lc_A1QyK,3r2k1/pB3p1p/6p1/3bp3/8/P7/5PPP/4R1K1 w - - 1 26,"{""e1d1"",""d8d7"",""b7d5""}",queen,9,intermediate,Queen 9 · Endgame,endgame,White to move.,1558,Club,"{""advantage"",""endgame"",""short""}",An endgame technique — precise play with few pieces where every tempo counts.,true,lichess,A1QyK,32553,96,{}
lc_v1H52,2rr2k1/4qpp1/3p1b2/p6R/1p6/1Pp2Q1K/P1B2P2/3R4 w - - 2 40,"{""h5h8"",""g8h8"",""f3h5"",""h8g8"",""h5h7"",""g8f8"",""h7h8""}",queen,9,intermediate,Queen 9 · Attraction,attraction,White to move.,1558,Club,"{""attraction"",""mate"",""mateIn4"",""middlegame"",""sacrifice"",""veryLong""}",An attraction — force an enemy piece onto a square where it can be exploited.,true,lichess,v1H52,32375,96,{}
lc_FpAmQ,5rk1/1p4p1/p5P1/3pQ3/3nqP2/7R/2P3P1/6K1 w - - 1 33,"{""h3h8"",""g8h8"",""e5h5"",""h8g8"",""h5h7""}",queen,9,intermediate,Queen 9 · Mate In3,mateIn3,White to move.,1558,Club,"{""attraction"",""endgame"",""long"",""mate"",""mateIn3"",""sacrifice""}",Checkmate in three — calculate the forcing line all the way to mate.,true,lichess,FpAmQ,31798,95,{}
lc_KL025,r1b1k2r/ppp2ppp/4p3/8/1b1qP3/8/PPQB1PPP/R3KB1R w KQkq - 2 12,"{""c2a4"",""c8d7"",""a4b4"",""d4b4"",""d2b4""}",queen,9,intermediate,Queen 9 · Advantage,advantage,White to move.,1558,Club,"{""advantage"",""long"",""middlegame""}",Find the strongest continuation and seize the advantage.,true,lichess,KL025,31732,96,"{""Queens_Gambit_Declined"",""Queens_Gambit_Declined_Marshall_Defense""}"
lc_w3ggb,2krr3/ppp2pb1/2p4p/8/1q2PQ2/3B3P/PPP3P1/2KR3R w - - 1 18,"{""f4g4"",""f7f5"",""g4g7""}",queen,9,intermediate,Queen 9 · Fork,fork,White to move.,1559,Club,"{""crushing"",""fork"",""middlegame"",""short""}","A fork — one piece attacks two enemy pieces at once, forcing a material win.",true,lichess,w3ggb,34728,95,"{""Four_Knights_Game"",""Four_Knights_Game_Scotch_Variation_Accepted""}"
lc_oEYSa,r2qk2r/pp1n1pbp/2p3p1/8/1NP1PP2/8/PP2Q1PP/R1B2RK1 b kq - 1 14,"{""d8b6"",""c1e3"",""b6b4""}",queen,9,intermediate,Queen 9 · Fork,fork,Black to move.,1559,Club,"{""advantage"",""fork"",""middlegame"",""short""}","A fork — one piece attacks two enemy pieces at once, forcing a material win.",true,lichess,oEYSa,33363,97,"{""Kings_Indian_Defense"",""Kings_Indian_Defense_Normal_Variation""}"
lc_Yehnh,1R6/8/7k/6pp/7P/2r2PK1/8/8 w - - 0 58,"{""b8b6"",""h6h7"",""h4g5""}",queen,9,intermediate,Queen 9 · Deflection,deflection,White to move.,1559,Club,"{""crushing"",""deflection"",""endgame"",""rookEndgame"",""short""}",A deflection — lure a defending piece away from the square it was guarding.,true,lichess,Yehnh,32777,96,{}
lc_i75aO,r3r2k/1p2b1Rp/p6B/3pn2p/3q4/6Q1/PP4PP/R6K w - - 0 25,"{""g7h7"",""h8h7"",""g3g7""}",queen,9,intermediate,Queen 9 · Mate In2,mateIn2,White to move.,1559,Club,"{""attraction"",""kingsideAttack"",""mate"",""mateIn2"",""middlegame"",""sacrifice"",""short""}",Checkmate in two — a forced sequence that delivers checkmate on move two.,true,lichess,i75aO,32463,95,{}
lc_8Oqa5,4r1k1/pp2qpp1/1bp5/4P1P1/3rB3/8/1P1Q3R/R5K1 w - - 0 36,"{""h2h8"",""g8h8"",""d2h2"",""h8g8"",""h2h7"",""g8f8"",""h7h8""}",queen,9,intermediate,Queen 9 · Attraction,attraction,White to move.,1559,Club,"{""attraction"",""master"",""mate"",""mateIn4"",""middlegame"",""sacrifice"",""veryLong""}",An attraction — force an enemy piece onto a square where it can be exploited.,true,lichess,8Oqa5,31811,98,{}
lc_RENAM,r2qr1k1/ppp2p1p/2np2p1/5P1Q/2B2P2/2N5/PPP2bPP/R6K w - - 0 15,"{""f5g6"",""h7g6"",""h5g6""}",queen,9,intermediate,Queen 9 · Pin,pin,White to move.,1559,Club,"{""advantage"",""kingsideAttack"",""middlegame"",""pin"",""short""}",A pin — the attacked piece can't move without exposing a more valuable piece behind it.,true,lichess,RENAM,31735,95,"{""Bishops_Opening"",""Bishops_Opening_Stein_Gambit""}"
lc_UStXY,r1bqk2r/ppp2pp1/5n1p/3Pp3/1b2P3/2NB4/PP3PPP/R1BQK2R w KQkq - 4 10,"{""d1a4"",""c7c6"",""a4b4""}",queen,9,intermediate,Queen 9 · Fork,fork,White to move.,1559,Club,"{""crushing"",""fork"",""opening"",""short""}","A fork — one piece attacks two enemy pieces at once, forcing a material win.",true,lichess,UStXY,31654,94,"{""Ponziani_Opening"",""Ponziani_Opening_Other_variations""}"
lc_YDhqo,2rr4/pb3pkp/1p1q2p1/4p3/3n4/1P3NP1/PQ3PBP/3R1RK1 w - - 0 19,"{""f3d4"",""e5d4"",""g2b7""}",queen,9,intermediate,Queen 9 · Discovered Attack,discoveredAttack,White to move.,1559,Club,"{""advantage"",""discoveredAttack"",""master"",""middlegame"",""short""}",A discovered attack — moving one piece uncovers a deadly attack from another.,true,lichess,YDhqo,31573,96,"{""English_Opening"",""English_Opening_Anglo-Indian_Defense""}"
lc_DbCYE,6k1/2p3q1/1p1p4/3PpP1p/5b2/2P3R1/PP2Q1K1/5R2 b - - 0 38,"{""g7g3"",""g2h1"",""g3h3"",""h1g1"",""f4e3""}",queen,9,intermediate,Queen 9 · Endgame,endgame,Black to move.,1559,Club,"{""crushing"",""endgame"",""exposedKing"",""long""}",An endgame technique — precise play with few pieces where every tempo counts.,true,lichess,DbCYE,31439,95,{}
lc_EeU0B,r5k1/1pRb1pp1/p3q2p/3N4/8/8/PP3PPP/3Q2K1 w - - 2 21,"{""c7d7"",""e6d7"",""d5f6"",""g7f6"",""d1d7""}",queen,9,intermediate,Queen 9 · Discovered Attack,discoveredAttack,White to move.,1560,Club,"{""advantage"",""attraction"",""discoveredAttack"",""endgame"",""long"",""sacrifice""}",A discovered attack — moving one piece uncovers a deadly attack from another.,true,lichess,EeU0B,46943,95,{}
lc_lggzI,R7/4q1pk/6Rp/1p2p2P/1p2r2r/6Q1/1P6/6K1 w - - 2 39,"{""g6h6"",""g7h6"",""g3g8""}",queen,9,intermediate,Queen 9 · Mate In2,mateIn2,White to move.,1560,Club,"{""clearance"",""endgame"",""mate"",""mateIn2"",""sacrifice"",""short""}",Checkmate in two — a forced sequence that delivers checkmate on move two.,true,lichess,lggzI,34640,96,{}
lc_MpqBR,3r1r2/p2q3p/7k/2bpp1R1/7P/p3P3/6Q1/4K3 w - - 0 30,"{""g5h5"",""h6h5"",""g2g5""}",queen,9,intermediate,Queen 9 · Mate In2,mateIn2,White to move.,1560,Club,"{""attraction"",""endgame"",""mate"",""mateIn2"",""sacrifice"",""short""}",Checkmate in two — a forced sequence that delivers checkmate on move two.,true,lichess,MpqBR,34203,96,{}
lc_qjKPG,1rb1r1k1/2q2pbp/p2B2p1/4p3/8/PB3P2/1PP3PP/R2Q1RK1 b - - 4 18,"{""c7b6"",""g1h1"",""e8d8"",""d6b8"",""d8d1"",""f1d1"",""b6b8""}",queen,9,intermediate,Queen 9 · Trapped Piece,trappedPiece,Black to move.,1560,Club,"{""advantage"",""middlegame"",""trappedPiece"",""veryLong""}",A trapped piece — the enemy piece has no safe squares and can be won.,true,lichess,qjKPG,33736,95,"{""Sicilian_Defense"",""Sicilian_Defense_Accelerated_Dragon""}"
lc_JpqeJ,5k2/8/4b3/P1R5/2P5/2KB4/1P3p1r/8 b - - 0 33,"{""h2h3"",""c3d2"",""h3d3"",""d2d3"",""f2f1q""}",queen,9,intermediate,Queen 9 · Attraction,attraction,Black to move.,1560,Club,"{""advancedPawn"",""attraction"",""crushing"",""endgame"",""long"",""promotion""}",An attraction — force an enemy piece onto a square where it can be exploited.,true,lichess,JpqeJ,33494,95,{}
lc_bTp5y,r1bq1rk1/pppp2pp/1nn2P2/2b5/4Q3/3B1N2/PPP2PPP/RNB1K2R b KQ - 0 10,"{""f8e8"",""f6f7"",""g8f7"",""e1g1"",""e8e4""}",queen,9,intermediate,Queen 9 · Pin,pin,Black to move.,1560,Club,"{""crushing"",""long"",""opening"",""pin""}",A pin — the attacked piece can't move without exposing a more valuable piece behind it.,true,lichess,bTp5y,33410,96,"{""Center_Game"",""Center_Game_Other_variations""}"
lc_a4wUj,4nk2/2pb1pp1/1p1p3p/p2P1q2/2P5/P1B2B1P/5PP1/4Q1K1 w - - 2 25,"{""f3g4"",""f5g5"",""g4d7""}",queen,9,intermediate,Queen 9 · Skewer,skewer,White to move.,1560,Club,"{""advantage"",""endgame"",""master"",""short"",""skewer""}","A skewer — the higher-value piece is forced to move, losing the piece behind it.",true,lichess,a4wUj,32599,95,{}
lc_iKnA5,2kr3r/Q1pb2p1/2p2p2/3Pb2p/7q/1BN4P/PPPB2P1/R4RK1 b - - 0 23,"{""e5d4"",""d2e3"",""d4a7""}",queen,9,intermediate,Queen 9 · Fork,fork,Black to move.,1560,Club,"{""advantage"",""fork"",""middlegame"",""short""}","A fork — one piece attacks two enemy pieces at once, forcing a material win.",true,lichess,iKnA5,32500,95,{}
lc_VOmps,6k1/2Rb2p1/3r3p/p2Pp2q/Pp2Pp2/5PrP/2Q3P1/5BNK w - - 0 32,"{""c7d7"",""d6d7"",""c2c8"",""g8h7"",""c8d7""}",queen,9,intermediate,Queen 9 · Fork,fork,White to move.,1560,Club,"{""advantage"",""attraction"",""clearance"",""fork"",""long"",""middlegame"",""sacrifice""}","A fork — one piece attacks two enemy pieces at once, forcing a material win.",true,lichess,VOmps,31287,95,{}
lc_J3Zdr,r1bqk1nr/pp3ppp/1b2p3/3pP3/3n4/1P1B1N2/P4PPP/RNBQK2R w KQkq - 0 9,"{""f3d4"",""b6d4"",""d3b5"",""c8d7"",""b5d7"",""d8d7"",""d1d4""}",queen,9,intermediate,Queen 9 · Advantage,advantage,White to move.,1561,Club,"{""advantage"",""opening"",""veryLong""}",Find the strongest continuation and seize the advantage.,true,lichess,J3Zdr,35076,96,"{""French_Defense"",""French_Defense_Knight_Variation""}"
lc_6gTsf,5rk1/R1R2bpp/4p1p1/4B3/3Pq1r1/5P1Q/P5P1/6K1 b - - 0 29,"{""e4e1"",""g1h2"",""g4h4"",""h3h4"",""e1h4""}",queen,9,intermediate,Queen 9 · Pin,pin,Black to move.,1561,Club,"{""advantage"",""long"",""middlegame"",""pin""}",A pin — the attacked piece can't move without exposing a more valuable piece behind it.,true,lichess,6gTsf,34730,95,{}
lc_VMZx1,r3k2r/ppp2ppp/2n1p1b1/2qp4/5P2/P1PBP1B1/2Q3PP/R3K1NR b KQkq - 1 13,"{""c5e3"",""c2e2"",""e3d3"",""e2d3"",""g6d3""}",queen,9,intermediate,Queen 9 · Advantage,advantage,Black to move.,1561,Club,"{""advantage"",""long"",""middlegame""}",Find the strongest continuation and seize the advantage.,true,lichess,VMZx1,32654,95,"{""Queens_Pawn_Game"",""Queens_Pawn_Game_Accelerated_London_System""}"
lc_n7pZU,8/4Rpk1/pp1p2p1/2bP1r2/2P5/3K2B1/6B1/8 b - - 1 53,"{""f5g5"",""g3d6"",""c5d6""}",queen,9,intermediate,Queen 9 · Endgame,endgame,Black to move.,1561,Club,"{""advantage"",""endgame"",""short""}",An endgame technique — precise play with few pieces where every tempo counts.,true,lichess,n7pZU,32478,97,{}
lc_o14RO,2k3r1/pp6/1qp1pp1p/8/8/2BP2rP/PPP1Q1B1/6RK b - - 3 28,"{""g3h3"",""g2h3"",""b6g1""}",queen,9,intermediate,Queen 9 · Mate In2,mateIn2,Black to move.,1561,Club,"{""kingsideAttack"",""mate"",""mateIn2"",""middlegame"",""short""}",Checkmate in two — a forced sequence that delivers checkmate on move two.,true,lichess,o14RO,32032,96,{}
lc_fKhdQ,1r3rk1/p4pp1/q3p2p/3pP2P/P1p3Q1/1P2R3/2P3P1/R6K w - - 0 23,"{""e3g3"",""g7g5"",""h5g6""}",queen,9,intermediate,Queen 9 · Endgame,endgame,White to move.,1562,Club,"{""advantage"",""enPassant"",""endgame"",""quietMove"",""short""}",An endgame technique — precise play with few pieces where every tempo counts.,true,lichess,fKhdQ,41738,96,{}
lc_nXzRQ,r1r5/5p2/p3bp1p/3p2k1/1P2nNP1/P1p1PK1P/2R5/B7 w - - 3 46,"{""h3h4"",""g5h4"",""c2h2"",""h4g5"",""h2h5""}",queen,9,intermediate,Queen 9 · Mate In3,mateIn3,White to move.,1562,Club,"{""attraction"",""hookMate"",""long"",""mate"",""mateIn3"",""middlegame""}",Checkmate in three — calculate the forcing line all the way to mate.,true,lichess,nXzRQ,40831,96,{}
lc_LEpPr,4k3/1R2P3/5p2/6p1/1P2P2p/5P2/1r6/4K3 b - - 2 38,"{""h4h3"",""b7b8"",""e8e7"",""b8h8"",""h3h2""}",queen,9,intermediate,Queen 9 · Advanced Pawn,advancedPawn,Black to move.,1562,Club,"{""advancedPawn"",""crushing"",""endgame"",""long"",""rookEndgame""}",An advanced pawn — push the passer or use its threats to win material.,true,lichess,LEpPr,34709,96,{}
lc_VYS77,r2r2k1/pp3pbp/8/1Qq5/3NpP2/2P4P/PP4P1/2KR3R b - - 2 19,"{""g7d4"",""b5c5"",""d4c5""}",queen,9,intermediate,Queen 9 · Pin,pin,Black to move.,1562,Club,"{""advantage"",""middlegame"",""pin"",""short""}",A pin — the attacked piece can't move without exposing a more valuable piece behind it.,true,lichess,VYS77,34186,96,"{""Indian_Defense"",""Indian_Defense_Other_variations""}"
lc_ZHsVs,8/8/1p1k4/p1b4R/2PpK3/1P2p3/1P6/8 b - - 4 45,"{""e3e2"",""h5h1"",""c5b4""}",queen,9,intermediate,Queen 9 · Advanced Pawn,advancedPawn,Black to move.,1562,Club,"{""advancedPawn"",""crushing"",""defensiveMove"",""endgame"",""short""}",An advanced pawn — push the passer or use its threats to win material.,true,lichess,ZHsVs,32333,96,{}
lc_oMAQp,7r/Qbk3pp/Bp2p3/2p2p2/4q3/P7/KP4PP/3R4 w - - 4 26,"{""a6b7"",""e4b7"",""d1d7"",""c7d7"",""a7b7""}",queen,9,intermediate,Queen 9 · Pin,pin,White to move.,1562,Club,"{""attraction"",""crushing"",""deflection"",""endgame"",""long"",""pin""}",A pin — the attacked piece can't move without exposing a more valuable piece behind it.,true,lichess,oMAQp,31940,96,{}
lc_uOYae,2kr3r/1pp1bpp1/p2p4/4p2p/1PBnP1n1/P1NP4/R1PB1P1N/5RK1 b - - 2 17,"{""g4h2"",""g1h2"",""d4f3"",""h2g2"",""f3d2""}",queen,9,intermediate,Queen 9 · Fork,fork,Black to move.,1562,Club,"{""advantage"",""attraction"",""fork"",""long"",""middlegame""}","A fork — one piece attacks two enemy pieces at once, forcing a material win.",true,lichess,uOYae,31901,95,"{""Philidor_Defense"",""Philidor_Defense_Other_variations""}"
lc_I8CKY,r1bqkb1r/pp3ppp/2pp4/n2B4/4PB2/2N2Q2/PPP2PPP/R3K2R w KQkq - 0 10,"{""d5f7"",""e8f7"",""f4g5"",""f7e8"",""g5d8""}",queen,9,intermediate,Queen 9 · Discovered Attack,discoveredAttack,White to move.,1562,Club,"{""attackingF2F7"",""crushing"",""discoveredAttack"",""discoveredCheck"",""long"",""middlegame"",""sacrifice""}",A discovered attack — moving one piece uncovers a deadly attack from another.,true,lichess,I8CKY,31790,96,"{""Englund_Gambit_Complex"",""Englund_Gambit_Complex_Zilbermints_Gambit""}"
lc_mRG15,5b1r/4n1pp/2pk4/p1Np1p2/Qq1P4/1P5P/P4PKP/4R3 w - - 5 27,"{""e1e6"",""d6c7"",""c5a6"",""c7d7"",""a6b4""}",queen,9,intermediate,Queen 9 · Fork,fork,White to move.,1562,Club,"{""crushing"",""fork"",""long"",""middlegame""}","A fork — one piece attacks two enemy pieces at once, forcing a material win.",true,lichess,mRG15,31486,96,{}
lc_zVjpp,r1b2rk1/p4ppp/3bpn2/2ppq3/8/2P1B1P1/PP1NBP1P/R2QK2R w KQ - 0 13,"{""e3f4"",""e5f5"",""f4d6""}",queen,9,intermediate,Queen 9 · Skewer,skewer,White to move.,1563,Club,"{""advantage"",""opening"",""short"",""skewer""}","A skewer — the higher-value piece is forced to move, losing the piece behind it.",true,lichess,zVjpp,37499,96,"{""Sicilian_Defense"",""Sicilian_Defense_French_Variation""}"
lc_uyUeU,5rk1/1pp2pp1/6rp/3pP2q/p2P1Q2/P1P2N2/4KP2/R3R3 b - - 3 25,"{""g6g4"",""f4h2"",""g4e4"",""e2d2"",""h5f3""}",queen,9,intermediate,Queen 9 · Discovered Attack,discoveredAttack,Black to move.,1563,Club,"{""advantage"",""deflection"",""discoveredAttack"",""long"",""middlegame""}",A discovered attack — moving one piece uncovers a deadly attack from another.,true,lichess,uyUeU,36952,96,{}
lc_QPTbN,3k4/R1b3pp/5p2/8/4PP2/1r2B2P/4K3/8 b - - 10 40,"{""b3e3"",""e2e3"",""c7b6"",""e3f3"",""b6a7""}",queen,9,intermediate,Queen 9 · Fork,fork,Black to move.,1563,Club,"{""attraction"",""crushing"",""endgame"",""exposedKing"",""fork"",""long"",""sacrifice""}","A fork — one piece attacks two enemy pieces at once, forcing a material win.",true,lichess,QPTbN,36905,96,{}
lc_HlXdv,r2qkbr1/1p5p/p1ppb1p1/3N4/2QpPp2/1P6/P1PP1PPP/2KR2NR w q - 0 13,"{""d5c7"",""d8c7"",""c4e6"",""c7e7"",""e6g8""}",queen,9,intermediate,Queen 9 · Fork,fork,White to move.,1563,Club,"{""crushing"",""discoveredAttack"",""exposedKing"",""fork"",""long"",""middlegame""}","A fork — one piece attacks two enemy pieces at once, forcing a material win.",true,lichess,HlXdv,36084,96,"{""Kings_Pawn_Opening"",""Kings_Pawn_Opening_Other_variations""}"
lc_0CcpF,2r3k1/5p2/p3p1pP/4P1P1/n1rB4/2P4R/P3K3/2R5 b - - 0 31,"{""c4d4"",""c3d4"",""c8c1""}",queen,9,intermediate,Queen 9 · Discovered Attack,discoveredAttack,Black to move.,1563,Club,"{""advantage"",""discoveredAttack"",""endgame"",""short""}",A discovered attack — moving one piece uncovers a deadly attack from another.,true,lichess,0CcpF,34995,95,{}
lc_9HQaa,r4rk1/1p4p1/p1pp3p/P7/2qRpQ2/2N5/1PP2PPP/6K1 w - - 0 23,"{""f4f8"",""a8f8"",""d4c4""}",queen,9,intermediate,Queen 9 · Endgame,endgame,White to move.,1563,Club,"{""advantage"",""endgame"",""intermezzo"",""short""}",An endgame technique — precise play with few pieces where every tempo counts.,true,lichess,9HQaa,34095,95,{}
lc_e2xmd,5rk1/4Qppp/p3R3/1p1p4/8/P1r2R1P/1q4P1/6K1 w - - 0 28,"{""e7f7"",""f8f7"",""e6e8"",""f7f8"",""f3f8""}",queen,9,intermediate,Queen 9 · Mate In3,mateIn3,White to move.,1563,Club,"{""clearance"",""endgame"",""long"",""mate"",""mateIn3"",""sacrifice""}",Checkmate in three — calculate the forcing line all the way to mate.,true,lichess,e2xmd,32961,95,{}
lc_Q2cRI,5rk1/1R4p1/p1pqp1Bp/8/5P2/P2p2QP/6P1/3n2K1 w - - 0 37,"{""g6h7"",""g8h8"",""g3g7""}",queen,9,intermediate,Queen 9 · Mate In2,mateIn2,White to move.,1563,Club,"{""discoveredAttack"",""endgame"",""mate"",""mateIn2"",""short""}",Checkmate in two — a forced sequence that delivers checkmate on move two.,true,lichess,Q2cRI,32958,96,{}
lc_purmy,2k4r/R4p2/1pp4q/b7/P3Q3/6P1/5P2/1R4K1 b - - 0 31,"{""h6h2"",""g1f1"",""h2h1"",""e4h1"",""h8h1"",""f1e2"",""h1b1""}",queen,9,intermediate,Queen 9 · Skewer,skewer,Black to move.,1563,Club,"{""advantage"",""endgame"",""skewer"",""veryLong""}","A skewer — the higher-value piece is forced to move, losing the piece behind it.",true,lichess,purmy,32952,96,{}
lc_K41xa,7k/6p1/1p3q1p/p2Qp3/4n1P1/P6P/1r6/2R3K1 w - - 2 32,"{""c1c8"",""h8h7"",""d5e4"",""f6g6"",""c8h8"",""h7h8"",""e4g6""}",queen,9,intermediate,Queen 9 · Deflection,deflection,White to move.,1563,Club,"{""advantage"",""deflection"",""endgame"",""veryLong""}",A deflection — lure a defending piece away from the square it was guarding.,true,lichess,K41xa,32695,96,{}
lc_gasp6,r2q1rk1/p4pp1/2pb1n1p/n4b2/5B2/3N3P/PPP1BPP1/RN1Q1RK1 b - - 2 15,"{""f5d3"",""d1d3"",""d6f4""}",queen,9,intermediate,Queen 9 · Advantage,advantage,Black to move.,1563,Club,"{""advantage"",""capturingDefender"",""opening"",""short""}",Find the strongest continuation and seize the advantage.,true,lichess,gasp6,32114,95,"{""Italian_Game"",""Italian_Game_Two_Knights_Defense""}"
lc_abqBG,4r2r/pp1k1p1p/2p3p1/8/2bp2P1/q2B1Q1P/P1PK1P2/3R3R w - - 0 20,"{""d3f5"",""g6f5"",""f3a3""}",queen,9,intermediate,Queen 9 · Discovered Attack,discoveredAttack,White to move.,1563,Club,"{""crushing"",""discoveredAttack"",""middlegame"",""short""}",A discovered attack — moving one piece uncovers a deadly attack from another.,true,lichess,abqBG,31935,96,"{""French_Defense"",""French_Defense_Exchange_Variation""}"
lc_gMDtD,8/3bB3/3P4/3k1pKP/8/7r/1p6/6R1 b - - 0 64,"{""h3g3"",""g1g3"",""b2b1q""}",queen,9,intermediate,Queen 9 · Deflection,deflection,Black to move.,1563,Club,"{""advancedPawn"",""crushing"",""deflection"",""endgame"",""promotion"",""short""}",A deflection — lure a defending piece away from the square it was guarding.,true,lichess,gMDtD,31831,96,{}
lc_mDxds,8/8/3p2p1/2pq1p1b/5k2/1P3p2/3P1R1K/4Q3 w - - 2 46,"{""e1e3"",""f4g4"",""f2g2"",""f3g2"",""e3g3""}",queen,9,intermediate,Queen 9 · Mate In3,mateIn3,White to move.,1563,Club,"{""endgame"",""long"",""mate"",""mateIn3"",""sacrifice"",""swallowstailMate""}",Checkmate in three — calculate the forcing line all the way to mate.,true,lichess,mDxds,31358,96,{}
lc_xymk4,2r3k1/1b3qp1/p3Q1p1/1p2P3/8/2N1p3/PPP5/2KR4 w - - 1 27,"{""e6f7"",""g8f7"",""d1d7"",""f7e6"",""d7b7""}",queen,9,intermediate,Queen 9 · Fork,fork,White to move.,1564,Club,"{""advantage"",""attraction"",""endgame"",""fork"",""long"",""master""}","A fork — one piece attacks two enemy pieces at once, forcing a material win.",true,lichess,xymk4,34962,96,{}
lc_I9ZCN,r4r1k/1pq5/2bb4/p2BppQ1/2Pp4/PP1P3P/5PP1/R3R1K1 w - - 2 28,"{""g5h6"",""c7h7"",""h6d6""}",queen,9,intermediate,Queen 9 · Deflection,deflection,White to move.,1564,Club,"{""crushing"",""deflection"",""middlegame"",""short""}",A deflection — lure a defending piece away from the square it was guarding.,true,lichess,I9ZCN,34380,95,{}
lc_Asm8p,5k2/2R5/5Pp1/1p5p/P1p2P2/6P1/1r5P/6K1 b - - 0 38,"{""b5a4"",""c7c4"",""a4a3"",""c4a4"",""a3a2""}",queen,9,intermediate,Queen 9 · Advanced Pawn,advancedPawn,Black to move.,1564,Club,"{""advancedPawn"",""crushing"",""endgame"",""long"",""rookEndgame""}",An advanced pawn — push the passer or use its threats to win material.,true,lichess,Asm8p,33919,96,{}
lc_rGiUh,r5k1/p1R2pp1/3Bp2p/5b2/1P1P4/qQ2P3/P3KPPP/8 b - - 2 22,"{""a3a6"",""b3c4"",""a6d6""}",queen,9,intermediate,Queen 9 · Fork,fork,Black to move.,1564,Club,"{""advantage"",""endgame"",""fork"",""short""}","A fork — one piece attacks two enemy pieces at once, forcing a material win.",true,lichess,rGiUh,33347,95,{}
lc_0Lxt8,2r2b2/1p4k1/1p4pp/5bN1/3q4/1B6/P1P3PP/1R3Q1K w - - 0 25,"{""f1f5"",""g6f5"",""g5e6"",""g7f6"",""e6d4""}",queen,9,intermediate,Queen 9 · Fork,fork,White to move.,1564,Club,"{""advantage"",""fork"",""long"",""middlegame"",""sacrifice""}","A fork — one piece attacks two enemy pieces at once, forcing a material win.",true,lichess,0Lxt8,33113,95,{}
lc_V812t,7k/8/5p1p/8/1PpPK3/4PP1P/8/8 b - - 1 51,"{""f6f5"",""e4f5"",""c4c3""}",queen,9,intermediate,Queen 9 · Pawn Endgame,pawnEndgame,Black to move.,1564,Club,"{""crushing"",""endgame"",""pawnEndgame"",""short""}",A pawn endgame — king opposition and the square of the pawn decide it.,true,lichess,V812t,32236,95,{}
lc_dg9wu,6k1/5pp1/4p2p/1QB1n3/pP5P/Pq4P1/5P1K/8 w - - 1 35,"{""b5b8"",""g8h7"",""b8e5""}",queen,9,intermediate,Queen 9 · Fork,fork,White to move.,1564,Club,"{""crushing"",""endgame"",""fork"",""short""}","A fork — one piece attacks two enemy pieces at once, forcing a material win.",true,lichess,dg9wu,32104,96,{}
lc_NOMrV,1k1r4/pPp4q/5p2/2B2Q2/8/2N5/PPPn4/R4RK1 b - - 0 28,"{""d8g8"",""g1f2"",""h7f5""}",queen,9,intermediate,Queen 9 · Interference,interference,Black to move.,1564,Club,"{""crushing"",""interference"",""intermezzo"",""middlegame"",""short""}",Interference — block the line between two enemy pieces to break their coordination.,true,lichess,NOMrV,31978,96,{}
lc_ZLiaf,r1b1k2r/ppp2pp1/2n4p/3p1q2/3P2nP/2P1PB2/PP1KQb2/RNB3NR w kq - 2 15,"{""f3g4"",""f5g4"",""e2f2""}",queen,9,intermediate,Queen 9 · Advantage,advantage,White to move.,1565,Club,"{""advantage"",""capturingDefender"",""opening"",""short""}",Find the strongest continuation and seize the advantage.,true,lichess,ZLiaf,37251,95,"{""Queens_Pawn_Game"",""Queens_Pawn_Game_Chigorin_Variation""}"
lc_DuRNs,3r2k1/Q4pp1/5q1p/8/1R6/7P/5PP1/6K1 b - - 0 34,"{""d8d1"",""g1h2"",""f6d6"",""f2f4"",""d6b4""}",queen,9,intermediate,Queen 9 · Fork,fork,Black to move.,1565,Club,"{""crushing"",""endgame"",""fork"",""long""}","A fork — one piece attacks two enemy pieces at once, forcing a material win.",true,lichess,DuRNs,34941,96,{}
lc_KZT91,1k1r4/pppn4/5p2/R5r1/3P1Q1q/2P1P1N1/PP3KP1/7R b - - 4 27,"{""h4f4"",""e3f4"",""g5a5""}",queen,9,intermediate,Queen 9 · Advantage,advantage,Black to move.,1565,Club,"{""advantage"",""middlegame"",""short""}",Find the strongest continuation and seize the advantage.,true,lichess,KZT91,34374,95,{}
lc_FN9Mn,2kr3r/1ppq1ppp/p4p2/8/4Pb2/3P2R1/PP3K1P/2RQ1B2 w - - 0 18,"{""f1h3"",""f4g3"",""f2g3"",""c8b8"",""h3d7""}",queen,9,intermediate,Queen 9 · Pin,pin,White to move.,1565,Club,"{""advantage"",""long"",""middlegame"",""pin"",""sacrifice""}",A pin — the attacked piece can't move without exposing a more valuable piece behind it.,true,lichess,FN9Mn,34359,95,"{""Bird_Opening"",""Bird_Opening_Other_variations""}"
lc_bkYpK,1r5k/1br3pp/p2p1n2/1p2pPBq/4P2Q/P1NP2R1/1P5P/1K3R2 w - - 15 31,"{""g5f6"",""h5h4"",""f6h4""}",queen,9,intermediate,Queen 9 · Advantage,advantage,White to move.,1565,Club,"{""advantage"",""middlegame"",""short""}",Find the strongest continuation and seize the advantage.,true,lichess,bkYpK,34099,96,{}
lc_u9K01,8/1p5r/p1p2k2/5b1R/3p1p2/P2P1B2/1PP2K2/8 w - - 16 41,"{""h5f5"",""f6f5"",""f3e4"",""f5f6"",""e4h7""}",queen,9,intermediate,Queen 9 · Skewer,skewer,White to move.,1565,Club,"{""attraction"",""crushing"",""endgame"",""exposedKing"",""long"",""sacrifice"",""skewer""}","A skewer — the higher-value piece is forced to move, losing the piece behind it.",true,lichess,u9K01,33864,95,{}
lc_5jSKT,rnbqkb1r/pp2pppp/5n2/8/P1B5/2p1PN2/1P3PPP/R1BQK2R w KQkq - 0 8,"{""c4f7"",""e8f7"",""d1d8""}",queen,9,intermediate,Queen 9 · Deflection,deflection,White to move.,1565,Club,"{""advantage"",""attackingF2F7"",""deflection"",""opening"",""short""}",A deflection — lure a defending piece away from the square it was guarding.,true,lichess,5jSKT,33636,95,"{""Slav_Defense"",""Slav_Defense_Alapin_Variation""}"
lc_CHsA7,3r2k1/p5pp/b2Npp2/2pn4/2N5/2P3P1/PP2RP1P/6K1 b - - 5 27,"{""d8d6"",""c4d6"",""a6e2""}",queen,9,intermediate,Queen 9 · Endgame,endgame,Black to move.,1565,Club,"{""advantage"",""endgame"",""short""}",An endgame technique — precise play with few pieces where every tempo counts.,true,lichess,CHsA7,33463,96,{}
lc_aIdxw,5r2/ppk1q1QR/2n1bp2/3pp3/8/1NP1PNP1/PP3PP1/2K5 b - - 5 29,"{""f8f7"",""g7f7"",""e6f7""}",queen,9,intermediate,Queen 9 · Advantage,advantage,Black to move.,1565,Club,"{""advantage"",""middlegame"",""short""}",Find the strongest continuation and seize the advantage.,true,lichess,aIdxw,32724,96,{}
lc_4UO2Q,r4rk1/5ppp/Qp3n2/1Nq5/8/3N4/P4RPP/4R1K1 b - - 5 22,"{""c5f2"",""d3f2"",""a8a6""}",queen,9,intermediate,Queen 9 · Crushing,crushing,Black to move.,1565,Club,"{""crushing"",""middlegame"",""short""}",Find the strongest continuation and seize the advantage.,true,lichess,4UO2Q,32343,95,{}
lc_gVtuO,k2r1b1r/pp2q1pp/4Bp2/n1pPp3/8/2P2PBP/P1PQ1P2/1R2R1K1 b - - 2 19,"{""e7e6"",""d5e6"",""d8d2""}",queen,9,intermediate,Queen 9 · Advantage,advantage,Black to move.,1565,Club,"{""advantage"",""middlegame"",""short""}",Find the strongest continuation and seize the advantage.,true,lichess,gVtuO,31818,95,"{""Sicilian_Defense"",""Sicilian_Defense_Bowdler_Attack""}"
lc_yLHrK,Q7/6pp/2K5/2P5/2k3P1/1q6/7P/8 b - - 0 45,"{""b3f3"",""c6d6"",""f3a8""}",queen,9,intermediate,Queen 9 · Skewer,skewer,Black to move.,1565,Club,"{""crushing"",""endgame"",""queenEndgame"",""short"",""skewer""}","A skewer — the higher-value piece is forced to move, losing the piece behind it.",true,lichess,yLHrK,31738,96,{}
lc_fIXx2,r1bq1rk1/p1ppbppp/1p6/4n3/4P1P1/1BN3QN/PPP3PP/R1B1K2R b KQ - 0 11,"{""e7h4"",""c1g5"",""h4g3"",""h2g3"",""d8e8""}",queen,9,intermediate,Queen 9 · Pin,pin,Black to move.,1565,Club,"{""advantage"",""defensiveMove"",""exposedKing"",""long"",""opening"",""pin""}",A pin — the attacked piece can't move without exposing a more valuable piece behind it.,true,lichess,fIXx2,31729,95,"{""Bishops_Opening"",""Bishops_Opening_Ponziani_Gambit""}"
lc_xkXhK,rn3rk1/pp1q2pp/4pb2/2pp2N1/8/2NP4/PPP2QPP/R1B2RK1 b - - 1 13,"{""f6d4"",""c1e3"",""f8f2""}",queen,9,intermediate,Queen 9 · Pin,pin,Black to move.,1565,Club,"{""advantage"",""discoveredAttack"",""opening"",""pin"",""short""}",A pin — the attacked piece can't move without exposing a more valuable piece behind it.,true,lichess,xkXhK,31262,96,"{""Sicilian_Defense"",""Sicilian_Defense_Bowdler_Attack""}"
lc_3fl9d,2r1k2r/4npp1/p1pB3p/Q3nq2/B1p5/8/PPP2PPP/2KR3R b k - 0 19,"{""e5d3"",""d1d3"",""f5a5""}",queen,9,intermediate,Queen 9 · Discovered Attack,discoveredAttack,Black to move.,1566,Club,"{""crushing"",""discoveredAttack"",""middlegame"",""short""}",A discovered attack — moving one piece uncovers a deadly attack from another.,true,lichess,3fl9d,34880,97,"{""Kings_Pawn_Game"",""Kings_Pawn_Game_McConnell_Defense""}"
lc_zUzfb,2kr1b1r/pppq2pp/2n2p2/1B6/2pP4/4BQ1P/PP4P1/2KR1R2 w - - 0 16,"{""d4d5"",""c6e5"",""b5d7""}",queen,9,intermediate,Queen 9 · Advantage,advantage,White to move.,1566,Club,"{""advantage"",""middlegame"",""queensideAttack"",""short""}",Find the strongest continuation and seize the advantage.,true,lichess,zUzfb,33738,95,"{""Blackmar-Diemer_Gambit"",""Blackmar-Diemer_Gambit_Teichmann_Variation""}"
lc_CUfbS,r2qr1k1/1ppb1ppp/p1n2n2/2bp4/3NP3/2P1B2P/PPBN1PP1/R2QK2R w KQ - 0 12,"{""d4c6"",""d7c6"",""e3c5""}",queen,9,intermediate,Queen 9 · Discovered Attack,discoveredAttack,White to move.,1566,Club,"{""advantage"",""discoveredAttack"",""opening"",""short""}",A discovered attack — moving one piece uncovers a deadly attack from another.,true,lichess,CUfbS,33596,95,"{""Scotch_Game"",""Scotch_Game_Classical_Variation""}"
lc_brc8D,2Q5/5k2/Q5p1/1p1p1p2/5P2/3r2P1/KPn5/8 b - - 0 43,"{""c2b4"",""a2b1"",""d3d1"",""c8c1"",""d1c1"",""b1c1"",""b4a6""}",queen,9,intermediate,Queen 9 · Fork,fork,Black to move.,1566,Club,"{""crushing"",""endgame"",""fork"",""veryLong""}","A fork — one piece attacks two enemy pieces at once, forcing a material win.",true,lichess,brc8D,33426,97,{}
lc_xQBof,r1b2rk1/pp2bppp/2n2n2/qBpp4/8/2NP1N2/PPP1QPPP/R1B2RK1 w - - 6 10,"{""b5c6"",""b7c6"",""e2e7"",""f8e8"",""e7d6""}",queen,9,intermediate,Queen 9 · Advantage,advantage,White to move.,1566,Club,"{""advantage"",""capturingDefender"",""long"",""opening""}",Find the strongest continuation and seize the advantage.,true,lichess,xQBof,32808,96,"{""Sicilian_Defense"",""Sicilian_Defense_French_Variation""}"
lc_csfq5,2r1k3/p6R/6p1/3B4/4P2P/2p1KpP1/P3b3/8 w - - 0 41,"{""h7h8"",""e8d7"",""d5e6"",""d7e6"",""h8c8""}",queen,9,intermediate,Queen 9 · Deflection,deflection,White to move.,1566,Club,"{""crushing"",""deflection"",""endgame"",""exposedKing"",""long"",""master""}",A deflection — lure a defending piece away from the square it was guarding.,true,lichess,csfq5,32467,97,{}
lc_tptZd,5rk1/6bp/2Q3p1/4pqP1/8/1P6/PBPr1P2/1K4RR b - - 0 28,"{""f8c8"",""c6c8"",""f5c8""}",queen,9,intermediate,Queen 9 · Advantage,advantage,Black to move.,1566,Club,"{""advantage"",""middlegame"",""short""}",Find the strongest continuation and seize the advantage.,true,lichess,tptZd,31363,95,{}
lc_QsScm,r4rk1/p1p3pp/4p3/4P3/1ppPqnQ1/2P2N2/PP3PPP/4RRK1 b - - 3 20,"{""f4e2"",""e1e2"",""e4g4""}",queen,9,intermediate,Queen 9 · Discovered Attack,discoveredAttack,Black to move.,1567,Club,"{""crushing"",""discoveredAttack"",""kingsideAttack"",""middlegame"",""short""}",A discovered attack — moving one piece uncovers a deadly attack from another.,true,lichess,QsScm,35616,96,{}
lc_vEOWk,6k1/p2r3p/6p1/2qbQpP1/3p3R/5PP1/PP4K1/7R b - - 0 34,"{""d5f3"",""g2f2"",""c5e5""}",queen,9,intermediate,Queen 9 · Discovered Attack,discoveredAttack,Black to move.,1567,Club,"{""crushing"",""discoveredAttack"",""endgame"",""master"",""short""}",A discovered attack — moving one piece uncovers a deadly attack from another.,true,lichess,vEOWk,32479,95,{}
lc_2yFfG,5r2/3k3p/p1pp4/7b/4N1r1/P2P4/1PP2R2/2K1R3 b - - 1 26,"{""g4e4"",""e1e4"",""f8f2""}",queen,9,intermediate,Queen 9 · Endgame,endgame,Black to move.,1567,Club,"{""advantage"",""capturingDefender"",""endgame"",""short""}",An endgame technique — precise play with few pieces where every tempo counts.,true,lichess,2yFfG,32413,96,{}
lc_r7Fpn,8/7P/2p1N3/1pp5/2k1p3/2b1P1K1/5P2/8 w - - 0 55,"{""e6d4"",""c5d4"",""h7h8q""}",queen,9,intermediate,Queen 9 · Promotion,promotion,White to move.,1567,Club,"{""advancedPawn"",""advantage"",""endgame"",""master"",""promotion"",""short""}",Pawn promotion — advance the pawn to its final rank and choose your new piece wisely.,true,lichess,r7Fpn,31717,95,{}
lc_8C0aA,r1b2k2/pp3ppp/8/3p1q2/n1pp3P/5Q2/PPP2PP1/4R1K1 w - - 0 20,"{""f3a3"",""a4c5"",""a3c5"",""f8g8"",""e1e8""}",queen,9,intermediate,Queen 9 · Mate In3,mateIn3,White to move.,1568,Club,"{""backRankMate"",""endgame"",""fork"",""long"",""mate"",""mateIn3""}",Checkmate in three — calculate the forcing line all the way to mate.,true,lichess,8C0aA,34708,95,{}
lc_3Afar,2r5/p3kp2/1p6/2p1nP1Q/8/P1P5/1PK3P1/4r3 w - - 5 38,"{""h5h4"",""f7f6"",""h4e1""}",queen,9,intermediate,Queen 9 · Fork,fork,White to move.,1568,Club,"{""advantage"",""endgame"",""fork"",""short""}","A fork — one piece attacks two enemy pieces at once, forcing a material win.",true,lichess,3Afar,32610,96,{}
lc_2Qaa8,5rk1/6p1/2npq2p/4pp2/r7/P2QP2P/3N2P1/R4RK1 w - - 2 25,"{""d3b5"",""f8a8"",""b5c6""}",queen,9,intermediate,Queen 9 · Fork,fork,White to move.,1568,Club,"{""advantage"",""fork"",""middlegame"",""short""}","A fork — one piece attacks two enemy pieces at once, forcing a material win.",true,lichess,2Qaa8,32410,95,{}
lc_jSfSK,8/p1p1k3/7p/4P1p1/5p2/2Pr3P/P3R1K1/2R5 b - - 4 36,"{""f4f3"",""g2f2"",""f3e2""}",queen,9,intermediate,Queen 9 · Fork,fork,Black to move.,1568,Club,"{""advancedPawn"",""advantage"",""endgame"",""fork"",""rookEndgame"",""short""}","A fork — one piece attacks two enemy pieces at once, forcing a material win.",true,lichess,jSfSK,31825,95,{}
lc_pfKAY,r1b1k1nr/pp3ppp/4p3/3pP3/1b1q1P2/8/PPQB2PP/RN2KB1R w KQkq - 1 11,"{""c2a4"",""c8d7"",""a4b4"",""d4b4"",""d2b4""}",queen,9,intermediate,Queen 9 · Advantage,advantage,White to move.,1568,Club,"{""advantage"",""long"",""opening""}",Find the strongest continuation and seize the advantage.,true,lichess,pfKAY,31508,94,"{""French_Defense"",""French_Defense_Advance_Variation""}"
lc_imm4r,r3k2r/p4pp1/Qnpbp2p/8/P3n3/1pP1B3/5PPP/2KR1B1R b kq - 0 18,"{""d6a3"",""c1b1"",""e4c3"",""b1a1"",""b3b2""}",queen,9,intermediate,Queen 9 · Mate In3,mateIn3,Black to move.,1568,Club,"{""advancedPawn"",""exposedKing"",""fork"",""intermezzo"",""long"",""master"",""mate"",""mateIn3"",""middlegame""}",Checkmate in three — calculate the forcing line all the way to mate.,true,lichess,imm4r,31274,96,"{""Semi-Slav_Defense"",""Semi-Slav_Defense_Other_variations""}"
lc_ffWpH,1rb1qrk1/p5p1/n5P1/3R1p2/4p3/6P1/Pb2PPB1/1K1Q3R w - - 0 22,"{""h1h8"",""g8h8"",""d1h1"",""h8g8"",""h1h7""}",queen,9,intermediate,Queen 9 · Mate In3,mateIn3,White to move.,1569,Club,"{""attraction"",""kingsideAttack"",""long"",""mate"",""mateIn3"",""middlegame"",""sacrifice""}",Checkmate in three — calculate the forcing line all the way to mate.,true,lichess,ffWpH,35660,96,{}
lc_O040k,r2k1b1r/p3n1pp/1q2b3/3p4/p2P1B1Q/8/PP3PPP/2R1R1K1 w - - 7 20,"{""f4c7"",""b6c7"",""c1c7"",""d8c7"",""e1e6""}",queen,9,intermediate,Queen 9 · Fork,fork,White to move.,1569,Club,"{""advantage"",""fork"",""long"",""middlegame""}","A fork — one piece attacks two enemy pieces at once, forcing a material win.",true,lichess,O040k,34618,95,"{""Italian_Game"",""Italian_Game_Two_Knights_Defense""}"
lc_z0TrR,3rkb1r/pN2nppp/1p6/1b5q/4QB2/2P2N2/PP3PPP/R3K2R b KQk - 4 16,"{""b5c6"",""e4e3"",""c6b7""}",queen,9,intermediate,Queen 9 · Interference,interference,Black to move.,1569,Club,"{""advantage"",""interference"",""middlegame"",""short""}",Interference — block the line between two enemy pieces to break their coordination.,true,lichess,z0TrR,33690,96,"{""English_Defense"",""English_Defense_Other_variations""}"
lc_nwJHs,2r3k1/p5p1/4pr2/1pP4p/3PR1n1/P5Pq/1B4QP/2R3K1 b - - 1 31,"{""h3g2"",""g1g2"",""f6f2"",""g2g1"",""f2b2""}",queen,9,intermediate,Queen 9 · Fork,fork,Black to move.,1569,Club,"{""advantage"",""attraction"",""fork"",""long"",""middlegame""}","A fork — one piece attacks two enemy pieces at once, forcing a material win.",true,lichess,nwJHs,33448,97,{}
lc_Dz717,6k1/2p2pp1/p1p4p/2P5/2Nrb3/1P5P/P4KP1/R7 w - - 0 28,"{""f2e3"",""d4c4"",""b3c4""}",queen,9,intermediate,Queen 9 · Endgame,endgame,White to move.,1569,Club,"{""advantage"",""endgame"",""short""}",An endgame technique — precise play with few pieces where every tempo counts.,true,lichess,Dz717,33070,95,{}
lc_X2DDT,rnbqkb1r/pp3ppp/4p3/2ppP3/3Pn3/3B1P2/PPP3PP/RNBQK1NR b KQkq - 0 6,"{""d8h4"",""g2g3"",""e4g3"",""h2g3"",""h4h1""}",queen,9,intermediate,Queen 9 · Pin,pin,Black to move.,1569,Club,"{""crushing"",""long"",""opening"",""pin"",""trappedPiece""}",A pin — the attacked piece can't move without exposing a more valuable piece behind it.,true,lichess,X2DDT,32662,96,"{""Alekhine_Defense"",""Alekhine_Defense_Mokele_Mbembe""}"
lc_FjPrr,rnbqk1nr/pppp3p/4P3/5pp1/8/4P1B1/PbP2PPP/RN1QKBNR w KQkq - 0 7,"{""d1h5"",""e8e7"",""h5f7""}",queen,9,intermediate,Queen 9 · Mate In2,mateIn2,White to move.,1569,Club,"{""mate"",""mateIn2"",""opening"",""short""}",Checkmate in two — a forced sequence that delivers checkmate on move two.,true,lichess,FjPrr,32393,95,"{""Englund_Gambit_Complex"",""Englund_Gambit_Complex_Soller_Gambit""}"
lc_OQF5G,8/2R3bk/5p2/p4b1p/1r1B1P2/1P4P1/PK1R4/4r3 w - - 0 40,"{""d4f6"",""h7g6"",""f6g7""}",queen,9,intermediate,Queen 9 · Pin,pin,White to move.,1569,Club,"{""advantage"",""middlegame"",""pin"",""short""}",A pin — the attacked piece can't move without exposing a more valuable piece behind it.,true,lichess,OQF5G,32354,95,{}
lc_Q4231,4kb1r/3b1ppp/B1qppn2/8/8/2N1P1P1/Pr2NP1P/1R1Q1RK1 b k - 3 16,"{""b2b1"",""d1b1"",""c6a6""}",queen,9,intermediate,Queen 9 · Advantage,advantage,Black to move.,1569,Club,"{""advantage"",""middlegame"",""short""}",Find the strongest continuation and seize the advantage.,true,lichess,Q4231,31986,95,"{""English_Opening"",""English_Opening_Agincourt_Defense""}"
lc_lz8E4,r5r1/ppq2pbk/2pR1p1p/5N2/1PQ1P3/5P2/P4P1P/4R1K1 b - - 6 22,"{""g7f8"",""g1f1"",""f8d6""}",queen,9,intermediate,Queen 9 · Discovered Attack,discoveredAttack,Black to move.,1569,Club,"{""crushing"",""discoveredAttack"",""discoveredCheck"",""middlegame"",""short""}",A discovered attack — moving one piece uncovers a deadly attack from another.,true,lichess,lz8E4,31284,95,{}
lc_4kLXC,2r1k2r/1p1bqpb1/p3p2p/3pP1pQ/1P1P4/P2B2P1/3N2PP/R4RK1 w k - 5 21,"{""f1f7"",""e7f7"",""d3g6"",""e8g8"",""g6f7""}",queen,9,intermediate,Queen 9 · Pin,pin,White to move.,1570,Club,"{""advantage"",""attackingF2F7"",""attraction"",""long"",""middlegame"",""pin"",""sacrifice""}",A pin — the attacked piece can't move without exposing a more valuable piece behind it.,true,lichess,4kLXC,36623,95,{}
lc_Za1uR,rn4k1/ppp2rpp/8/8/8/2q5/P1P1QPPP/2KR2NR w - - 0 14,"{""d1d8"",""f7f8"",""e2e6"",""g8h8"",""d8f8""}",queen,9,intermediate,Queen 9 · Mate In3,mateIn3,White to move.,1570,Club,"{""backRankMate"",""deflection"",""long"",""mate"",""mateIn3"",""middlegame"",""pin""}",Checkmate in three — calculate the forcing line all the way to mate.,true,lichess,Za1uR,35036,95,"{""Scandinavian_Defense"",""Scandinavian_Defense_Mieses-Kotroc_Variation""}"
lc_04t02,r3k2r/1p1n1ppp/p3p3/q2p4/3Pb3/PPb1PN1P/1B2BPP1/R2Q1RK1 w kq - 1 14,"{""b3b4"",""c3b4"",""a3b4""}",queen,9,intermediate,Queen 9 · Advantage,advantage,White to move.,1570,Club,"{""advantage"",""middlegame"",""short""}",Find the strongest continuation and seize the advantage.,true,lichess,04t02,34937,96,"{""Queens_Pawn_Game"",""Queens_Pawn_Game_Zukertort_Variation""}"
lc_fuikr,2kr2r1/pppq3Q/2n1p2p/3pP1b1/3P4/2PB3P/PPN2PP1/R3K1R1 b Q - 0 14,"{""g8g7"",""h7g7"",""d7g7""}",queen,9,intermediate,Queen 9 · Trapped Piece,trappedPiece,Black to move.,1570,Club,"{""advantage"",""middlegame"",""short"",""trappedPiece""}",A trapped piece — the enemy piece has no safe squares and can be won.,true,lichess,fuikr,33989,95,"{""Nimzowitsch_Defense"",""Nimzowitsch_Defense_Scandinavian_Variation""}"
lc_PFkL5,r7/k5p1/1p1b1p2/p1pn3p/P2N4/8/3B1PPP/2R2K2 w - - 0 30,"{""d4b5"",""a7a6"",""b5d6""}",queen,9,intermediate,Queen 9 · Fork,fork,White to move.,1570,Club,"{""advantage"",""endgame"",""fork"",""short""}","A fork — one piece attacks two enemy pieces at once, forcing a material win.",true,lichess,PFkL5,33814,96,{}
lc_zLd2P,2r3k1/6p1/p6p/2qnPp2/R2p4/1QbP1N1P/5PP1/6K1 w - - 2 33,"{""a4c4"",""c5f8"",""c4c8"",""f8c8"",""b3d5""}",queen,9,intermediate,Queen 9 · Pin,pin,White to move.,1570,Club,"{""advantage"",""discoveredAttack"",""long"",""middlegame"",""pin""}",A pin — the attacked piece can't move without exposing a more valuable piece behind it.,true,lichess,zLd2P,33628,95,{}
lc_KFtOS,rn2kb2/p1qb1p2/1p1ppQp1/4N3/B2pn3/8/PPP1KPP1/4R3 w q - 2 22,"{""f6f7"",""e8d8"",""f7f8"",""d7e8"",""f8e8""}",queen,9,intermediate,Queen 9 · Mate In3,mateIn3,White to move.,1570,Club,"{""attackingF2F7"",""deflection"",""long"",""mate"",""mateIn3"",""middlegame""}",Checkmate in three — calculate the forcing line all the way to mate.,true,lichess,KFtOS,33323,96,{}
lc_EBzgr,r2q1r1k/ppp2p1p/2n3bQ/6bP/2pp2P1/8/PPP2P2/RNB2RK1 w - - 0 15,"{""c1g5"",""f7f6"",""h5g6""}",queen,9,intermediate,Queen 9 · Advantage,advantage,White to move.,1570,Club,"{""advantage"",""opening"",""short""}",Find the strongest continuation and seize the advantage.,true,lichess,EBzgr,33273,95,"{""Bishops_Opening"",""Bishops_Opening_Urusov_Gambit""}"
lc_E8T49,r4rk1/1p2p2p/1p4p1/2p1b3/4N1P1/2P1P3/bP2BP2/R3K2R w KQ - 0 19,"{""a1a2"",""a8a2"",""e2c4"",""g8h8"",""c4a2""}",queen,9,intermediate,Queen 9 · Fork,fork,White to move.,1571,Club,"{""advantage"",""attraction"",""fork"",""long"",""middlegame"",""sacrifice""}","A fork — one piece attacks two enemy pieces at once, forcing a material win.",true,lichess,E8T49,41125,96,"{""Queens_Pawn_Game"",""Queens_Pawn_Game_London_System""}"
lc_9H8yI,r4k1r/pb3qb1/1p4Q1/3p1B1p/5p2/2P5/PP3PP1/4RRK1 w - - 4 27,"{""g6d6"",""f8g8"",""f5e6""}",queen,9,intermediate,Queen 9 · Pin,pin,White to move.,1571,Club,"{""crushing"",""middlegame"",""pin"",""short""}",A pin — the attacked piece can't move without exposing a more valuable piece behind it.,true,lichess,9H8yI,33281,96,{}
lc_Mk5GG,r1bq1rk1/ppp2p1p/1n3p2/b2pPN2/3Q4/2P5/P4PPP/RN3RK1 w - - 0 14,"{""d4g4"",""g8h8"",""g4g7""}",queen,9,intermediate,Queen 9 · Mate In2,mateIn2,White to move.,1571,Club,"{""kingsideAttack"",""mate"",""mateIn2"",""opening"",""short""}",Checkmate in two — a forced sequence that delivers checkmate on move two.,true,lichess,Mk5GG,32674,96,"{""Italian_Game"",""Italian_Game_Evans_Gambit""}"
lc_wcSiX,r1b3k1/p1R5/1p2pbp1/4n3/2B5/8/P1P1KPP1/7R w - - 1 22,"{""c7c8"",""a8c8"",""c4e6"",""g8f8"",""e6c8""}",queen,9,intermediate,Queen 9 · Fork,fork,White to move.,1571,Club,"{""advantage"",""attraction"",""exposedKing"",""fork"",""long"",""middlegame""}","A fork — one piece attacks two enemy pieces at once, forcing a material win.",true,lichess,wcSiX,32545,95,{}
lc_AQAfT,2r1k1r1/p3p3/1p2q3/3p1pbp/3P1Bp1/2P1P1Q1/PP3PPP/R1N2RK1 b - - 5 23,"{""h5h4"",""f4g5"",""h4g3""}",queen,9,intermediate,Queen 9 · Trapped Piece,trappedPiece,Black to move.,1571,Club,"{""advantage"",""middlegame"",""short"",""trappedPiece""}",A trapped piece — the enemy piece has no safe squares and can be won.,true,lichess,AQAfT,32429,95,{}
lc_Xzmk4,rn2k2r/1p2nppp/pb4q1/2pPPb2/PPP4N/3QB3/6PP/RN2KB1R b KQkq - 4 15,"{""f5d3"",""h4g6"",""d3g6""}",queen,9,intermediate,Queen 9 · Advantage,advantage,Black to move.,1571,Club,"{""advantage"",""middlegame"",""short""}",Find the strongest continuation and seize the advantage.,true,lichess,Xzmk4,31652,95,"{""Kings_Gambit_Declined"",""Kings_Gambit_Declined_Classical_Variation""}"
lc_9CZIb,2r1k2r/pp1b1ppp/4P3/8/2q5/P7/1P2QPPP/R3K2R w KQk - 0 17,"{""e6d7"",""e8d7"",""a1d1"",""d7c7"",""e2c4""}",queen,9,intermediate,Queen 9 · Double Check,doubleCheck,White to move.,1571,Club,"{""advancedPawn"",""attraction"",""crushing"",""discoveredCheck"",""doubleCheck"",""interference"",""long"",""middlegame""}","A double check — two pieces give check at once, so only a king move can escape.",true,lichess,9CZIb,31489,95,"{""French_Defense"",""French_Defense_Tarrasch_Variation""}"
lc_wfjZ4,6k1/5b2/3q2p1/p2P1p1p/P2Q1N1P/1r1P4/6P1/4R1K1 b - - 2 36,"{""b3b4"",""d4e5"",""d6e5"",""e1e5"",""b4f4""}",queen,9,intermediate,Queen 9 · Endgame,endgame,Black to move.,1572,Club,"{""advantage"",""capturingDefender"",""endgame"",""long""}",An endgame technique — precise play with few pieces where every tempo counts.,true,lichess,wfjZ4,41006,96,{}
lc_9C7vD,r3r1k1/ppp2pp1/1bn1bq1p/3p4/3P4/2PQ1N2/P1B2PPP/R1B2RK1 w - - 3 15,"{""d3h7"",""g8f8"",""c1a3""}",queen,9,intermediate,Queen 9 · Crushing,crushing,White to move.,1572,Club,"{""crushing"",""middlegame"",""short""}",Find the strongest continuation and seize the advantage.,true,lichess,9C7vD,34713,96,"{""Italian_Game"",""Italian_Game_Anti-Fried_Liver_Defense""}"
lc_Wo3Nv,3Q4/p5kp/4Q3/2P2p2/1P6/8/P2ppqPP/6RK b - - 0 36,"{""f2g1"",""h1g1"",""e2e1q"",""e6e1"",""d2e1q""}",queen,9,intermediate,Queen 9 · Mate In3,mateIn3,Black to move.,1572,Club,"{""advancedPawn"",""attraction"",""endgame"",""long"",""mate"",""mateIn3"",""promotion""}",Checkmate in three — calculate the forcing line all the way to mate.,true,lichess,Wo3Nv,34552,95,{}
lc_u7zqT,3B1b1r/1kp3q1/pp1p1np1/7p/2QPr1p1/2P1P3/PP3PPP/3RR1K1 w - - 4 23,"{""d8f6"",""g7f6"",""c4d5"",""b7b8"",""d5e4""}",queen,9,intermediate,Queen 9 · Fork,fork,White to move.,1572,Club,"{""advantage"",""fork"",""long"",""middlegame""}","A fork — one piece attacks two enemy pieces at once, forcing a material win.",true,lichess,u7zqT,33571,96,{}
lc_YV7k2,r1b1k2r/ppp2ppp/2p5/4P3/5q2/3P1Q2/PPP2KPP/RN3B1R b kq - 4 11,"{""f4d4"",""f3e3"",""d4b2"",""d3d4"",""b2a1""}",queen,9,intermediate,Queen 9 · Pin,pin,Black to move.,1572,Club,"{""advantage"",""long"",""middlegame"",""pin"",""trappedPiece""}",A pin — the attacked piece can't move without exposing a more valuable piece behind it.,true,lichess,YV7k2,33291,96,"{""Russian_Game"",""Russian_Game_Stafford_Gambit""}"
lc_A9nOV,2rq1rk1/p1pnbpp1/1p2pP2/6p1/3P4/2N1B1PP/PPQ2Pb1/R4RK1 w - - 0 16,"{""f6e7"",""d8e7"",""g1g2""}",queen,9,intermediate,Queen 9 · Advanced Pawn,advancedPawn,White to move.,1572,Club,"{""advancedPawn"",""advantage"",""middlegame"",""short""}",An advanced pawn — push the passer or use its threats to win material.,true,lichess,A9nOV,33125,95,"{""Queens_Gambit_Declined"",""Queens_Gambit_Declined_Other_variations""}"
lc_rI9rb,r7/1q2b1kn/3p1p2/2p1p1pp/1n6/NQ1PBN1P/p4PP1/K2R3R b - - 5 34,"{""a8a3"",""b3a3"",""b4c2"",""a1a2"",""c2a3""}",queen,9,intermediate,Queen 9 · Fork,fork,Black to move.,1572,Club,"{""attraction"",""crushing"",""exposedKing"",""fork"",""long"",""middlegame"",""sacrifice""}","A fork — one piece attacks two enemy pieces at once, forcing a material win.",true,lichess,rI9rb,32104,95,{}
lc_K3LRi,8/p2B2pk/1p4p1/6q1/3b4/5Q1P/PP2K1P1/8 b - - 1 34,"{""g5e7"",""e2d1"",""e7d7""}",queen,9,intermediate,Queen 9 · Fork,fork,Black to move.,1572,Club,"{""crushing"",""endgame"",""fork"",""short""}","A fork — one piece attacks two enemy pieces at once, forcing a material win.",true,lichess,K3LRi,31958,95,{}
lc_oj2yC,r1r3k1/R4ppp/8/3Q4/4Pq2/5P2/6PP/3R2K1 b - - 0 25,"{""f4e3"",""g1h1"",""e3a7""}",queen,9,intermediate,Queen 9 · Fork,fork,Black to move.,1572,Club,"{""crushing"",""endgame"",""fork"",""short""}","A fork — one piece attacks two enemy pieces at once, forcing a material win.",true,lichess,oj2yC,31724,95,{}
lc_FVRep,r3r1k1/1p4bp/p7/q3n1B1/8/2PB3P/1P3PP1/1QKR3R b - - 3 23,"{""e5d3"",""b1d3"",""a5g5""}",queen,9,intermediate,Queen 9 · Discovered Attack,discoveredAttack,Black to move.,1573,Club,"{""advantage"",""discoveredAttack"",""middlegame"",""queensideAttack"",""short""}",A discovered attack — moving one piece uncovers a deadly attack from another.,true,lichess,FVRep,36175,95,{}
lc_weT5I,r3kb1r/pp1b1ppp/5n2/3q4/1B1p4/1Q3NN1/PP2PPPP/3RKB1R b Kkq - 0 13,"{""d5b3"",""a2b3"",""f8b4""}",queen,9,intermediate,Queen 9 · Advantage,advantage,Black to move.,1573,Club,"{""advantage"",""capturingDefender"",""intermezzo"",""middlegame"",""short""}",Find the strongest continuation and seize the advantage.,true,lichess,weT5I,35505,95,"{""Slav_Defense"",""Slav_Defense_Winawer_Countergambit""}"
lc_1n1yr,r7/P2R3p/4p3/8/8/3p1P2/2k3PP/4K3 b - - 6 47,"{""a8a7"",""d7a7"",""d3d2"",""e1f2"",""d2d1q""}",queen,9,intermediate,Queen 9 · Deflection,deflection,Black to move.,1573,Club,"{""advancedPawn"",""advantage"",""deflection"",""endgame"",""exposedKing"",""long"",""promotion"",""rookEndgame"",""sacrifice""}",A deflection — lure a defending piece away from the square it was guarding.,true,lichess,1n1yr,35298,96,{}
lc_vnZEE,r1b1k2r/pp2pp1p/3p2pB/8/4n3/1Bq2Q2/P1P2PPP/R3K2R w KQkq - 0 13,"{""f3c3"",""e4c3"",""h6g7"",""h8g8"",""g7c3""}",queen,9,intermediate,Queen 9 · Fork,fork,White to move.,1573,Club,"{""advantage"",""fork"",""long"",""middlegame""}","A fork — one piece attacks two enemy pieces at once, forcing a material win.",true,lichess,vnZEE,34584,96,"{""Sicilian_Defense"",""Sicilian_Defense_Dragon_Variation""}"
lc_4oNws,1r1q3k/5prp/p2p1P2/1p2nN2/8/8/PPP4P/2KR2R1 w - - 0 29,"{""f6g7"",""h8g8"",""f5h6""}",queen,10,intermediate,Queen 10 · Mate In2,mateIn2,White to move.,1573,Club,"{""advancedPawn"",""mate"",""mateIn2"",""middlegame"",""short""}",Checkmate in two — a forced sequence that delivers checkmate on move two.,true,lichess,4oNws,34393,96,{}
lc_9ySbp,1k1r1r2/pp1b2pp/1q2p3/3pP3/1P1B1nP1/P7/3Q1PBP/2R2RK1 b - - 8 20,"{""b6d4"",""d2d4"",""f4e2"",""g1h1"",""e2d4""}",queen,10,intermediate,Queen 10 · Fork,fork,Black to move.,1573,Club,"{""attraction"",""crushing"",""fork"",""long"",""middlegame"",""sacrifice""}","A fork — one piece attacks two enemy pieces at once, forcing a material win.",true,lichess,9ySbp,34391,96,{}
lc_3Y8qO,r1b2rk1/1p3ppp/p2bp3/3p4/3N1P2/4q3/PP2B1PP/R2Q1R1K w - - 3 17,"{""f1f3"",""e3e4"",""e2d3"",""e4d4"",""d3h7""}",queen,10,intermediate,Queen 10 · Sacrifice,sacrifice,White to move.,1573,Club,"{""advantage"",""long"",""middlegame"",""sacrifice""}",A sacrifice — give up material to gain a decisive tactical or positional advantage.,true,lichess,3Y8qO,34038,95,"{""French_Defense"",""French_Defense_Advance_Variation""}"
lc_ilykH,r3k1nr/pp1b1ppp/1qn1p3/1BbpP3/8/2N2N2/PPP1Q1PP/R1B2K1R w kq - 4 10,"{""c3a4"",""b6c7"",""a4c5""}",queen,10,intermediate,Queen 10 · Advantage,advantage,White to move.,1573,Club,"{""advantage"",""opening"",""short""}",Find the strongest continuation and seize the advantage.,true,lichess,ilykH,33880,95,"{""French_Defense"",""French_Defense_Advance_Variation""}"
lc_1dKIH,r2qk2r/1b1nppbp/3p2p1/1BpP4/4N3/4P3/PP3PPP/R1BQK2R b KQkq - 0 12,"{""d8a5"",""e4c3"",""g7c3"",""b2c3"",""a5b5""}",queen,10,intermediate,Queen 10 · Fork,fork,Black to move.,1573,Club,"{""crushing"",""fork"",""long"",""opening""}","A fork — one piece attacks two enemy pieces at once, forcing a material win.",true,lichess,1dKIH,33636,96,"{""Benko_Gambit_Accepted"",""Benko_Gambit_Accepted_Fully_Accepted_Variation""}"
lc_1KY0c,r4r1k/1b4pp/p2pBb2/1pq5/3nP3/2NR3Q/PPP4P/1K4R1 w - - 0 22,"{""h3h7"",""h8h7"",""d3h3"",""f6h4"",""h3h4"",""c5h5"",""h4h5""}",queen,10,intermediate,Queen 10 · Attraction,attraction,White to move.,1573,Club,"{""attraction"",""kingsideAttack"",""mate"",""mateIn4"",""middlegame"",""pillsburysMate"",""sacrifice"",""veryLong""}",An attraction — force an enemy piece onto a square where it can be exploited.,true,lichess,1KY0c,32639,94,{}
lc_1eGhV,r1bqkb1r/pp3p1p/2n2p2/1B2p3/8/3P1N2/PPP2PPP/R1BQK2R b KQkq - 0 8,"{""d8a5"",""f3d2"",""a5b5""}",queen,10,intermediate,Queen 10 · Fork,fork,Black to move.,1573,Club,"{""advantage"",""fork"",""master"",""opening"",""short""}","A fork — one piece attacks two enemy pieces at once, forcing a material win.",true,lichess,1eGhV,31818,95,"{""Caro-Kann_Defense"",""Caro-Kann_Defense_Other_variations""}"
lc_OLMi8,rn2q3/pp3r1k/7p/2p5/1b1P2R1/4PP1Q/PP2KP1P/6R1 w - - 2 20,"{""h3h6"",""h7h6"",""g4h4""}",queen,10,intermediate,Queen 10 · Mate In2,mateIn2,White to move.,1573,Club,"{""attraction"",""mate"",""mateIn2"",""middlegame"",""sacrifice"",""short""}",Checkmate in two — a forced sequence that delivers checkmate on move two.,true,lichess,OLMi8,31615,96,"{""Horwitz_Defense"",""Horwitz_Defense_Other_variations""}"
lc_3zuCr,b2k1n1r/p2p3p/1pp3q1/4PR2/5PQ1/2P5/PP6/1K4R1 w - - 1 36,"{""g4h4"",""d8e8"",""g1g6""}",queen,10,intermediate,Queen 10 · Discovered Attack,discoveredAttack,White to move.,1574,Club,"{""crushing"",""discoveredAttack"",""middlegame"",""short""}",A discovered attack — moving one piece uncovers a deadly attack from another.,true,lichess,3zuCr,36568,96,{}
lc_izQSI,r1b2rk1/ppp1ppbp/6B1/4n3/4Q2q/7P/PPP2PP1/RNBR2K1 b - - 2 13,"{""e5g6"",""e4h4"",""g6h4""}",queen,10,intermediate,Queen 10 · Crushing,crushing,Black to move.,1574,Club,"{""crushing"",""opening"",""short""}",Find the strongest continuation and seize the advantage.,true,lichess,izQSI,35364,95,"{""Pirc_Defense"",""Pirc_Defense_Other_variations""}"
lc_a4o47,5rk1/8/R7/3R4/1b6/1P6/1P1p2PP/6K1 b - - 0 38,"{""b4c5"",""d5c5"",""d2d1q""}",queen,10,intermediate,Queen 10 · Mate In2,mateIn2,Black to move.,1574,Club,"{""advancedPawn"",""deflection"",""endgame"",""mate"",""mateIn2"",""promotion"",""short""}",Checkmate in two — a forced sequence that delivers checkmate on move two.,true,lichess,a4o47,35028,96,{}
lc_KkVia,r4rk1/p4pbp/3q2p1/2pp1n2/5B2/P1P4P/1P1NbPP1/R2QR1K1 w - - 0 18,"{""f4d6"",""e2d1"",""d6f8""}",queen,10,intermediate,Queen 10 · Advantage,advantage,White to move.,1574,Club,"{""advantage"",""middlegame"",""short""}",Find the strongest continuation and seize the advantage.,true,lichess,KkVia,34460,95,"{""Sicilian_Defense"",""Sicilian_Defense_Bowdler_Attack""}"
lc_2H7HW,8/p7/1p2p3/5pk1/PP1P3p/4KPP1/8/8 w - - 0 42,"{""g3h4"",""g5h4"",""e3f4""}",queen,10,intermediate,Queen 10 · Pawn Endgame,pawnEndgame,White to move.,1574,Club,"{""crushing"",""endgame"",""pawnEndgame"",""short""}",A pawn endgame — king opposition and the square of the pawn decide it.,true,lichess,2H7HW,33824,96,{}
lc_g741h,r3k2r/p2nq2p/2Q1R1p1/8/5p2/6nP/PPP3PK/8 w kq - 1 26,"{""c6a8"",""e8f7"",""e6e7"",""f7e7"",""a8h8""}",queen,10,intermediate,Queen 10 · Pin,pin,White to move.,1574,Club,"{""crushing"",""exposedKing"",""hangingPiece"",""long"",""middlegame"",""pin""}",A pin — the attacked piece can't move without exposing a more valuable piece behind it.,true,lichess,g741h,33424,95,{}
lc_jFFKa,2k3r1/pp1n1p2/2p1b3/3pP3/3P4/3BPNrp/PPP2K1R/6R1 b - - 1 31,"{""g3f3"",""f2f3"",""g8g1""}",queen,10,intermediate,Queen 10 · Discovered Attack,discoveredAttack,Black to move.,1574,Club,"{""crushing"",""deflection"",""discoveredAttack"",""middlegame"",""short""}",A discovered attack — moving one piece uncovers a deadly attack from another.,true,lichess,jFFKa,33260,96,{}
lc_FFZEL,r5k1/p1p2Rp1/1p4Qp/7P/4P3/6P1/1PP1KP2/1q6 b - - 1 32,"{""b1c2"",""e2f1"",""c2c4"",""f1g2"",""c4f7""}",queen,10,intermediate,Queen 10 · Endgame,endgame,Black to move.,1574,Club,"{""crushing"",""endgame"",""long""}",An endgame technique — precise play with few pieces where every tempo counts.,true,lichess,FFZEL,32837,96,{}
lc_rQArd,r1b3k1/pp4pp/2p5/3p2q1/3Pp3/P6P/1P1Q2PN/R3RrK1 w - - 2 23,"{""h2f1"",""g5d2"",""f1d2""}",queen,10,intermediate,Queen 10 · Hanging Piece,hangingPiece,White to move.,1574,Club,"{""advantage"",""hangingPiece"",""middlegame"",""short""}",A hanging piece — an undefended enemy piece is free to capture.,true,lichess,rQArd,32521,95,{}
lc_VQcYf,5k2/ppQ2ppp/8/4n3/8/5P2/PP3P1q/2KR2R1 b - - 0 23,"{""e5d3"",""d1d3"",""h2c7""}",queen,10,intermediate,Queen 10 · Discovered Attack,discoveredAttack,Black to move.,1574,Club,"{""advantage"",""discoveredAttack"",""endgame"",""short""}",A discovered attack — moving one piece uncovers a deadly attack from another.,true,lichess,VQcYf,32441,95,{}
lc_cv3SY,2k5/p1pr3p/1p2p1p1/3bP3/1PN5/2R2nP1/P4P1P/4RK2 b - - 9 29,"{""d5c4"",""c3c4"",""f3d2"",""f1g2"",""d2c4""}",queen,10,intermediate,Queen 10 · Fork,fork,Black to move.,1574,Club,"{""attraction"",""crushing"",""endgame"",""fork"",""long""}","A fork — one piece attacks two enemy pieces at once, forcing a material win.",true,lichess,cv3SY,31861,96,{}
lc_S5mxe,2kr1b1r/p1p5/P1Qp4/1R1P3p/2P2pp1/3p3P/6PK/1Nq5 w - - 0 29,"{""b5b8"",""c8b8"",""c6b7""}",queen,10,intermediate,Queen 10 · Mate In2,mateIn2,White to move.,1574,Club,"{""attraction"",""mate"",""mateIn2"",""middlegame"",""queensideAttack"",""sacrifice"",""short""}",Checkmate in two — a forced sequence that delivers checkmate on move two.,true,lichess,S5mxe,31735,96,{}
lc_ZZSS0,r2r2k1/pp3ppp/2p3b1/4q3/3nPB1P/1P4P1/PQ3PB1/R4RK1 b - - 1 20,"{""d4f3"",""g2f3"",""e5b2""}",queen,10,intermediate,Queen 10 · Discovered Attack,discoveredAttack,Black to move.,1574,Club,"{""crushing"",""discoveredAttack"",""middlegame"",""short""}",A discovered attack — moving one piece uncovers a deadly attack from another.,true,lichess,ZZSS0,31280,96,{}
lc_AFdpA,3r2k1/Rq3nbp/1p1rQpp1/1PpNp3/2P1P3/3P2PP/R3NPK1/8 b - - 0 37,"{""b7a7"",""a2a7"",""d6e6""}",queen,10,intermediate,Queen 10 · Advantage,advantage,Black to move.,1575,Club,"{""advantage"",""middlegame"",""short""}",Find the strongest continuation and seize the advantage.,true,lichess,AFdpA,35665,95,{}
lc_vMNBK,q1r3k1/3Qpp1p/6p1/1p6/1P6/4P2P/1b1N1PP1/5RK1 b - - 0 21,"{""c8d8"",""d7b5"",""d8d2""}",queen,10,intermediate,Queen 10 · Skewer,skewer,Black to move.,1575,Club,"{""advantage"",""endgame"",""short"",""skewer""}","A skewer — the higher-value piece is forced to move, losing the piece behind it.",true,lichess,vMNBK,35187,95,{}
lc_fvvyo,3r2k1/p2b1Rp1/1p3pB1/3p4/3P1K2/2P3P1/P5P1/8 b - - 10 31,"{""d7e8"",""f7a7"",""e8g6""}",queen,10,intermediate,Queen 10 · Skewer,skewer,Black to move.,1575,Club,"{""advantage"",""endgame"",""short"",""skewer""}","A skewer — the higher-value piece is forced to move, losing the piece behind it.",true,lichess,fvvyo,34515,95,{}
lc_ZZutO,1k1r4/n5R1/p1pP3q/1pPb3p/3Q2p1/P2Br3/3N2PP/5RK1 b - - 5 32,"{""e3d3"",""d4d3"",""h6g7""}",queen,10,intermediate,Queen 10 · Deflection,deflection,Black to move.,1575,Club,"{""advantage"",""deflection"",""middlegame"",""short""}",A deflection — lure a defending piece away from the square it was guarding.,true,lichess,ZZutO,34477,95,{}
lc_rK7XX,rn2k1nr/pQp1bppp/2qpb3/8/2B1P3/2p2N2/PP3PPP/RNB1K2R w KQkq - 1 9,"{""c4b5"",""c6b5"",""b7b5""}",queen,10,intermediate,Queen 10 · Pin,pin,White to move.,1575,Club,"{""crushing"",""opening"",""pin"",""short""}",A pin — the attacked piece can't move without exposing a more valuable piece behind it.,true,lichess,rK7XX,31823,96,"{""Philidor_Defense"",""Philidor_Defense_Morphy_Gambit""}"
lc_n9G04,r3k2r/1b1p4/p1n1p3/1pp1N1pp/4P3/2PP4/PPQ1B1q1/R2K3R w kq - 0 21,"{""e2h5"",""h8h5"",""c2g2"",""h5h1"",""g2h1""}",queen,10,intermediate,Queen 10 · Discovered Attack,discoveredAttack,White to move.,1575,Club,"{""crushing"",""discoveredAttack"",""long"",""middlegame""}",A discovered attack — moving one piece uncovers a deadly attack from another.,true,lichess,n9G04,31566,95,{}
lc_irdcN,r1bkr3/pp1p1pQp/1q6/1NbP4/8/8/PPPR1PPP/2K2B1R b - - 0 15,"{""e8e1"",""d2d1"",""c5e3"",""f2e3"",""b6e3"",""c1b1"",""e1d1""}",queen,10,intermediate,Queen 10 · Back Rank Mate,backRankMate,Black to move.,1576,Club,"{""backRankMate"",""deflection"",""mate"",""mateIn4"",""middlegame"",""sacrifice"",""veryLong""}",A back-rank mate — the king is trapped behind its own pawns on the last rank.,true,lichess,irdcN,33877,96,"{""Sicilian_Defense"",""Sicilian_Defense_Franco-Sicilian_Variation""}"
lc_NWOAg,R7/2br1pkp/6p1/N7/8/5KPP/5P2/8 b - - 0 38,"{""d7d3"",""f3g2"",""d3a3""}",queen,10,intermediate,Queen 10 · Endgame,endgame,Black to move.,1576,Club,"{""advantage"",""endgame"",""short""}",An endgame technique — precise play with few pieces where every tempo counts.,true,lichess,NWOAg,33842,95,{}
lc_sCuCS,r3r1k1/5pq1/p1p5/2R3BQ/5P2/1P1b4/P5PP/2R3K1 b - - 1 24,"{""g7d4"",""g1h1"",""d4c5""}",queen,10,intermediate,Queen 10 · Crushing,crushing,Black to move.,1576,Club,"{""crushing"",""middlegame"",""short""}",Find the strongest continuation and seize the advantage.,true,lichess,sCuCS,33540,95,{}
lc_dpS3c,r7/1p2k1p1/pP3p2/P1b5/3pb3/3R2B1/5P2/R5K1 w - - 0 30,"{""a1e1"",""f6f5"",""f2f3""}",queen,10,intermediate,Queen 10 · Pin,pin,White to move.,1576,Club,"{""advantage"",""endgame"",""pin"",""short""}",A pin — the attacked piece can't move without exposing a more valuable piece behind it.,true,lichess,dpS3c,33335,96,{}
lc_veNRe,r2q1rk1/1p1bbppp/p2p1n2/3Nn1B1/3NP3/PB6/1PP3PP/R2Q1RK1 b - - 2 13,"{""f6d5"",""g5e7"",""d5e7""}",queen,10,intermediate,Queen 10 · Advantage,advantage,Black to move.,1576,Club,"{""advantage"",""opening"",""short""}",Find the strongest continuation and seize the advantage.,true,lichess,veNRe,33188,95,"{""Sicilian_Defense"",""Sicilian_Defense_Sozin_Attack""}"
lc_hEd6Q,r3qrk1/ppNb1p2/2n4p/2p4n/2B1P3/P2P1N1P/2P3PK/R2Q1R2 b - - 0 18,"{""e8b8"",""h2g1"",""b8c7""}",queen,10,intermediate,Queen 10 · Pin,pin,Black to move.,1576,Club,"{""advantage"",""middlegame"",""pin"",""short""}",A pin — the attacked piece can't move without exposing a more valuable piece behind it.,true,lichess,hEd6Q,32856,95,"{""Kings_Gambit_Accepted"",""Kings_Gambit_Accepted_Bishops_Gambit""}"
lc_LXTFs,3r2k1/p3rppp/1p3p2/2qPb3/P1PN4/3Q3P/5PP1/2RR2K1 b - - 6 25,"{""e5d4"",""d3d4"",""e7e1"",""d1e1"",""c5d4""}",queen,10,intermediate,Queen 10 · Deflection,deflection,Black to move.,1576,Club,"{""advantage"",""deflection"",""long"",""middlegame""}",A deflection — lure a defending piece away from the square it was guarding.,true,lichess,LXTFs,31974,96,{}
lc_jHB62,br3rk1/4Rp2/7p/4Q3/6pN/6Pq/P3PP1P/5RK1 b - - 1 25,"{""h3f1"",""g1f1"",""b8b1""}",queen,10,intermediate,Queen 10 · Mate In2,mateIn2,Black to move.,1577,Club,"{""attraction"",""mate"",""mateIn2"",""middlegame"",""pillsburysMate"",""sacrifice"",""short""}",Checkmate in two — a forced sequence that delivers checkmate on move two.,true,lichess,jHB62,39702,95,{}
lc_AQMEN,8/4k2p/2p5/2P2P2/1P1N1PK1/2r3R1/4p2r/4R3 b - - 0 48,"{""h7h5"",""g4g5"",""c3g3""}",queen,10,intermediate,Queen 10 · Deflection,deflection,Black to move.,1577,Club,"{""crushing"",""deflection"",""endgame"",""short""}",A deflection — lure a defending piece away from the square it was guarding.,true,lichess,AQMEN,34951,95,{}
lc_5Tb9k,2k4r/p1pnqp2/bp2pnrp/8/2PPB2Q/P3B1P1/2P1NP1P/R4RK1 b - - 0 19,"{""g6g4"",""h4h3"",""g4e4""}",queen,10,intermediate,Queen 10 · Interference,interference,Black to move.,1577,Club,"{""advantage"",""interference"",""middlegame"",""short""}",Interference — block the line between two enemy pieces to break their coordination.,true,lichess,5Tb9k,34785,96,"{""French_Defense"",""French_Defense_Winawer_Variation""}"
lc_bvtby,1r3rk1/1p3ppp/2p1p3/p2pP1P1/2n2B1P/2PQPP2/q1P2K2/1R5R w - a6 0 19,"{""b1a1"",""a2b2"",""h1b1"",""b2b1"",""a1b1""}",queen,10,intermediate,Queen 10 · Clearance,clearance,White to move.,1577,Club,"{""advantage"",""clearance"",""long"",""middlegame"",""trappedPiece""}",A clearance — vacate a square or line so another piece can strike.,true,lichess,bvtby,34247,96,"{""Queens_Pawn_Game"",""Queens_Pawn_Game_Zukertort_Variation""}"
lc_STT7o,r5k1/2qbrpp1/p2b3p/P2P4/7R/3BB3/1P3QPP/R5K1 b - - 6 21,"{""e7e3"",""f2e3"",""d6c5""}",queen,10,intermediate,Queen 10 · Pin,pin,Black to move.,1577,Club,"{""advantage"",""middlegame"",""pin"",""sacrifice"",""short""}",A pin — the attacked piece can't move without exposing a more valuable piece behind it.,true,lichess,STT7o,32283,95,{}
lc_WnySx,rn2k2r/ppp2ppp/4b3/4N3/q3P3/1P1P4/P1PQ2PP/R3KB1R b KQkq - 0 12,"{""a4d4"",""c2c3"",""d4e5""}",queen,10,intermediate,Queen 10 · Fork,fork,Black to move.,1577,Club,"{""advantage"",""fork"",""middlegame"",""short""}","A fork — one piece attacks two enemy pieces at once, forcing a material win.",true,lichess,WnySx,32052,95,"{""Alekhine_Defense"",""Alekhine_Defense_Scandinavian_Variation""}"
lc_zTiay,r4r1k/2pqn1p1/p2p1n1p/1p6/7N/3Q3P/PP3PP1/R1B1R1K1 w - - 6 21,"{""e1e7"",""d7e7"",""h4g6"",""h8g8"",""g6e7""}",queen,10,intermediate,Queen 10 · Fork,fork,White to move.,1578,Club,"{""attraction"",""crushing"",""fork"",""long"",""middlegame"",""sacrifice""}","A fork — one piece attacks two enemy pieces at once, forcing a material win.",true,lichess,zTiay,37176,96,{}
lc_r2Ux1,r1bqkb1r/p1pn1ppp/1p2pn2/3pN3/2PP4/P7/1P2PPPP/RNBQKB1R w KQkq - 2 6,"{""e5c6"",""c8b7"",""c6d8""}",queen,10,intermediate,Queen 10 · Trapped Piece,trappedPiece,White to move.,1578,Club,"{""crushing"",""opening"",""short"",""trappedPiece""}",A trapped piece — the enemy piece has no safe squares and can be won.,true,lichess,r2Ux1,36779,95,"{""Queens_Indian_Defense"",""Queens_Indian_Defense_Petrosian_Variation""}"
lc_NeUfZ,3r4/4b1k1/1q4p1/7p/1P1N2bP/6P1/2P2Q1K/1R6 w - - 3 34,"{""d4f5"",""g4f5"",""f2b6""}",queen,10,intermediate,Queen 10 · Discovered Attack,discoveredAttack,White to move.,1578,Club,"{""advantage"",""discoveredAttack"",""middlegame"",""short""}",A discovered attack — moving one piece uncovers a deadly attack from another.,true,lichess,NeUfZ,33840,95,{}
lc_tLvNC,rn1qkbnr/pp3ppp/2p1b3/8/2BQP3/5N2/PPP3PP/RNB1K2R b KQkq - 0 7,"{""d8d4"",""f3d4"",""e6c4""}",queen,10,intermediate,Queen 10 · Advantage,advantage,Black to move.,1578,Club,"{""advantage"",""capturingDefender"",""opening"",""short""}",Find the strongest continuation and seize the advantage.,true,lichess,tLvNC,33030,96,"{""Caro-Kann_Defense"",""Caro-Kann_Defense_Maroczy_Variation""}"
lc_uJxje,rn2k2r/pb1pqppp/1p6/2pP4/3p4/6P1/PPP1QPBP/R3K1NR w KQkq - 2 11,"{""e2e7"",""e8e7"",""d5d6"",""e7d6"",""g2b7""}",queen,10,intermediate,Queen 10 · Discovered Attack,discoveredAttack,White to move.,1578,Club,"{""advantage"",""attraction"",""discoveredAttack"",""long"",""middlegame""}",A discovered attack — moving one piece uncovers a deadly attack from another.,true,lichess,uJxje,32298,95,"{""Hungarian_Opening"",""Hungarian_Opening_Other_variations""}"
lc_9yqVO,1r3r1k/p1N1RB1p/2p3p1/1p3b2/3P1n2/8/PPP2PPP/2R3K1 b - - 0 22,"{""f8f7"",""e7f7"",""f4e2"",""g1f1"",""e2c1""}",queen,10,intermediate,Queen 10 · Fork,fork,Black to move.,1578,Club,"{""advantage"",""fork"",""long"",""middlegame"",""sacrifice""}","A fork — one piece attacks two enemy pieces at once, forcing a material win.",true,lichess,9yqVO,32196,96,{}
lc_CfEla,8/1p6/4k3/2n1pN1P/p5p1/P3K3/5P2/8 w - - 1 43,"{""h5h6"",""e6f5"",""h6h7""}",queen,10,intermediate,Queen 10 · Sacrifice,sacrifice,White to move.,1578,Club,"{""advancedPawn"",""crushing"",""endgame"",""knightEndgame"",""sacrifice"",""short""}",A sacrifice — give up material to gain a decisive tactical or positional advantage.,true,lichess,CfEla,31702,96,{}
lc_lLVE7,5nk1/p6p/4p1p1/6P1/6N1/3q2P1/Prp4P/4Q1K1 w - - 0 34,"{""g4h6"",""g8h8"",""e1e5""}",queen,10,intermediate,Queen 10 · Mate In2,mateIn2,White to move.,1579,Club,"{""endgame"",""mate"",""mateIn2"",""short""}",Checkmate in two — a forced sequence that delivers checkmate on move two.,true,lichess,lLVE7,41319,95,{}
lc_0000D,5rk1/1p3ppp/pq1Q1b2/8/8/1P3N2/P4PPP/3R2K1 b - - 3 27,"{""f8d8"",""d6d8"",""f6d8""}",queen,10,intermediate,Queen 10 · Endgame,endgame,Black to move.,1579,Club,"{""advantage"",""endgame"",""short""}",An endgame technique — precise play with few pieces where every tempo counts.,true,lichess,0000D,36672,96,{}
lc_IwsjD,r2r2k1/pBpnp1np/5pp1/8/P7/1P4P1/1BPb3P/RK4R1 w - - 1 22,"{""b7a8"",""d8a8"",""g1d1""}",queen,10,intermediate,Queen 10 · Advantage,advantage,White to move.,1579,Club,"{""advantage"",""middlegame"",""short""}",Find the strongest continuation and seize the advantage.,true,lichess,IwsjD,35866,95,{}
lc_r9qDY,3br3/5p1p/4k3/2PR4/p4P2/8/P4KPP/8 w - - 1 37,"{""d5e5"",""e6d7"",""c5c6"",""d7c6"",""e5e8""}",queen,10,intermediate,Queen 10 · Deflection,deflection,White to move.,1579,Club,"{""crushing"",""deflection"",""endgame"",""exposedKing"",""long""}",A deflection — lure a defending piece away from the square it was guarding.,true,lichess,r9qDY,34849,96,{}
lc_oKy5x,r4rk1/pp2qppp/5n2/2p3B1/2B1Ppb1/1Q6/PP4PP/R3R1K1 w - - 0 15,"{""e4e5"",""e7d7"",""e5f6""}",queen,10,intermediate,Queen 10 · Advantage,advantage,White to move.,1579,Club,"{""advantage"",""middlegame"",""short""}",Find the strongest continuation and seize the advantage.,true,lichess,oKy5x,32805,95,"{""Philidor_Defense"",""Philidor_Defense_Morphy_Gambit""}"
lc_KBmdf,r2qr1k1/pppb2pp/3b1p2/3Pn2Q/7N/6P1/PBP2PBP/R4RK1 b - - 2 15,"{""d7g4"",""h5e8"",""d8e8""}",queen,10,intermediate,Queen 10 · Trapped Piece,trappedPiece,Black to move.,1579,Club,"{""crushing"",""middlegame"",""short"",""trappedPiece""}",A trapped piece — the enemy piece has no safe squares and can be won.,true,lichess,KBmdf,32801,96,"{""Hungarian_Opening"",""Hungarian_Opening_Other_variations""}"
lc_a9K9B,2kr3r/2pb1p2/1P2p2p/3p2p1/R2Pn3/3qPNP1/2P3PP/1R4K1 w - - 0 22,"{""b6b7"",""c8b8"",""a4a8""}",queen,10,intermediate,Queen 10 · Mate In2,mateIn2,White to move.,1579,Club,"{""advancedPawn"",""mate"",""mateIn2"",""middlegame"",""queensideAttack"",""short""}",Checkmate in two — a forced sequence that delivers checkmate on move two.,true,lichess,a9K9B,32755,96,{}
lc_Fe8k4,1r4k1/5p1p/2pR2p1/p1n5/PrB5/1P4PP/1R3P2/6K1 b - - 1 30,"{""b4c4"",""b3c4"",""b8b2""}",queen,10,intermediate,Queen 10 · Discovered Attack,discoveredAttack,Black to move.,1579,Club,"{""advantage"",""discoveredAttack"",""endgame"",""short""}",A discovered attack — moving one piece uncovers a deadly attack from another.,true,lichess,Fe8k4,32442,97,{}
lc_jyJhQ,r4rk1/5p2/p2p2p1/1ppPq2b/3p4/P2P1P2/BPP1Q3/1K4RR w - - 2 23,"{""e2e5"",""d6e5"",""h1h5""}",queen,10,intermediate,Queen 10 · Pin,pin,White to move.,1579,Club,"{""advantage"",""middlegame"",""pin"",""short""}",A pin — the attacked piece can't move without exposing a more valuable piece behind it.,true,lichess,jyJhQ,32402,95,{}
lc_yhF6W,r1q1k2r/ppp1ppb1/2n2n1p/4B1p1/6b1/2NP1N1P/PPP1BPP1/R2QK2R b KQkq - 0 11,"{""g4f3"",""e5f6"",""f3e2"",""d1e2"",""g7f6""}",queen,10,intermediate,Queen 10 · Crushing,crushing,Black to move.,1579,Club,"{""crushing"",""long"",""opening""}",Find the strongest continuation and seize the advantage.,true,lichess,yhF6W,32291,96,"{""Alekhine_Defense"",""Alekhine_Defense_Maroczy_Variation""}"
lc_QWx97,2r2r2/p1PR2pp/np3k2/4p3/5P2/8/PPP3PP/5RK1 w - - 1 22,"{""f4e5"",""f6e5"",""f1f8"",""c8f8"",""d7d8""}",queen,10,intermediate,Queen 10 · Discovered Attack,discoveredAttack,White to move.,1579,Club,"{""crushing"",""discoveredAttack"",""discoveredCheck"",""doubleCheck"",""endgame"",""long""}",A discovered attack — moving one piece uncovers a deadly attack from another.,true,lichess,QWx97,32235,96,{}
lc_PlXZF,1r6/p5pp/3k4/p4p2/2P5/P2p1P2/1n1R1BPP/4K3 w - - 2 35,"{""f2g3"",""d6c6"",""g3b8""}",queen,10,intermediate,Queen 10 · Skewer,skewer,White to move.,1579,Club,"{""crushing"",""endgame"",""short"",""skewer""}","A skewer — the higher-value piece is forced to move, losing the piece behind it.",true,lichess,PlXZF,32231,96,{}
lc_swLbC,8/4k2p/4p3/3pP1pN/3P4/5B2/r2r2PP/5RK1 b - - 1 32,"{""g5g4"",""f3d5"",""e6d5""}",queen,10,intermediate,Queen 10 · Endgame,endgame,Black to move.,1579,Club,"{""advantage"",""endgame"",""short""}",An endgame technique — precise play with few pieces where every tempo counts.,true,lichess,swLbC,31614,96,{}
lc_wKNh9,r1bq1rk1/p3bpp1/2p4p/n3pB2/1n6/2N2QN1/PPPP1PPP/R1B1K2R b KQ - 5 13,"{""c8f5"",""g3f5"",""b4c2""}",queen,10,intermediate,Queen 10 · Advantage,advantage,Black to move.,1579,Club,"{""advantage"",""capturingDefender"",""middlegame"",""short""}",Find the strongest continuation and seize the advantage.,true,lichess,wKNh9,31352,91,"{""Italian_Game"",""Italian_Game_Two_Knights_Defense""}"
lc_862jJ,8/1b1R1p2/pk6/1p6/6B1/P1P5/2P3r1/2K5 w - - 1 29,"{""d7b7"",""b6b7"",""g4f3"",""b7b6"",""f3g2""}",queen,10,intermediate,Queen 10 · Fork,fork,White to move.,1579,Club,"{""attraction"",""crushing"",""endgame"",""fork"",""long"",""sacrifice""}","A fork — one piece attacks two enemy pieces at once, forcing a material win.",true,lichess,862jJ,31249,96,{}
lc_pAhfz,8/2Qbk3/2p5/4n3/2P5/1P4q1/P3PNB1/6K1 b - - 5 41,"{""e5f3"",""g1h1"",""g3c7""}",queen,10,intermediate,Queen 10 · Discovered Attack,discoveredAttack,Black to move.,1580,Club,"{""advantage"",""discoveredAttack"",""endgame"",""master"",""masterVsMaster"",""short""}",A discovered attack — moving one piece uncovers a deadly attack from another.,true,lichess,pAhfz,32953,95,{}
lc_pF8fe,3r2k1/5n1p/b5p1/p1p2p2/P3p3/1NPqP1BP/1RQ2PP1/6K1 b - - 4 31,"{""d3f1"",""g1h2"",""d8d1"",""c2d1"",""f1d1""}",queen,10,intermediate,Queen 10 · Clearance,clearance,Black to move.,1580,Club,"{""advantage"",""clearance"",""long"",""middlegame"",""quietMove""}",A clearance — vacate a square or line so another piece can strike.,true,lichess,pF8fe,32920,95,{}
lc_SwqvG,r2q1rk1/1ppn1ppp/p1b1pn2/8/2QP4/2B1PN2/PP2BPPP/2R2RK1 b - - 0 12,"{""c6b5"",""c4b3"",""b5e2""}",queen,10,intermediate,Queen 10 · Skewer,skewer,Black to move.,1580,Club,"{""advantage"",""middlegame"",""short"",""skewer""}","A skewer — the higher-value piece is forced to move, losing the piece behind it.",true,lichess,SwqvG,32778,96,"{""Queens_Gambit_Declined"",""Queens_Gambit_Declined_Other_variations""}"
lc_NsToe,8/1p1k3p/p5p1/3p4/5Q2/bP2P2P/P5P1/q1B3K1 w - - 16 34,"{""f4a4"",""d7e6"",""a4a3""}",queen,10,intermediate,Queen 10 · Fork,fork,White to move.,1580,Club,"{""crushing"",""endgame"",""fork"",""short""}","A fork — one piece attacks two enemy pieces at once, forcing a material win.",true,lichess,NsToe,32449,97,{}
lc_wz4Wm,5rk1/P2r4/1P3pq1/2Q1p3/2N2n1p/3P2p1/1BP2PPP/R4RK1 b - - 0 35,"{""g3h2"",""g1h1"",""g6g2""}",queen,10,intermediate,Queen 10 · Mate In2,mateIn2,Black to move.,1580,Club,"{""advancedPawn"",""discoveredAttack"",""kingsideAttack"",""mate"",""mateIn2"",""middlegame"",""short""}",Checkmate in two — a forced sequence that delivers checkmate on move two.,true,lichess,wz4Wm,32416,95,{}
lc_it04U,r1bq1rk1/4bppp/pp3n2/2n1N3/P3P3/2NB4/1PP3PP/R1B1QRK1 b - - 0 13,"{""d8d4"",""g1h1"",""d4e5""}",queen,10,intermediate,Queen 10 · Fork,fork,Black to move.,1580,Club,"{""advantage"",""fork"",""master"",""masterVsMaster"",""middlegame"",""short""}","A fork — one piece attacks two enemy pieces at once, forcing a material win.",true,lichess,it04U,31536,96,"{""Sicilian_Defense"",""Sicilian_Defense_Najdorf_Variation""}"
lc_LUM95,6k1/p1R2p1p/2p1b1p1/3p4/5P2/8/PP1qQKPP/8 b - - 5 33,"{""d2f4"",""f2g1"",""f4c7""}",queen,10,intermediate,Queen 10 · Fork,fork,Black to move.,1581,Club,"{""crushing"",""endgame"",""fork"",""short""}","A fork — one piece attacks two enemy pieces at once, forcing a material win.",true,lichess,LUM95,38260,94,{}
lc_svpXx,8/8/p1p5/2P5/PP2k1p1/6Pp/5K2/8 w - - 1 43,"{""b4b5"",""c6b5"",""c5c6"",""e4e5"",""c6c7""}",queen,10,intermediate,Queen 10 · Advanced Pawn,advancedPawn,White to move.,1581,Club,"{""advancedPawn"",""crushing"",""endgame"",""long"",""pawnEndgame""}",An advanced pawn — push the passer or use its threats to win material.,true,lichess,svpXx,37709,95,{}
lc_tSYBp,r1b1k2N/ppp3pp/2n5/3pp3/3q4/3P1KP1/PPP5/RNBQ3R b q - 0 12,"{""c8g4"",""f3g2"",""g4d1""}",queen,10,intermediate,Queen 10 · Skewer,skewer,Black to move.,1581,Club,"{""crushing"",""middlegame"",""short"",""skewer""}","A skewer — the higher-value piece is forced to move, losing the piece behind it.",true,lichess,tSYBp,34565,96,"{""Italian_Game"",""Italian_Game_Two_Knights_Defense""}"
lc_VyyQW,1r3r2/1p5k/p2p3q/2p5/2P1pR2/1P1P3b/P2Q3P/5R1K w - - 2 27,"{""f4f7"",""f8f7"",""f1f7"",""h7g6"",""f7f6"",""g6f6"",""d2h6""}",queen,10,intermediate,Queen 10 · Deflection,deflection,White to move.,1581,Club,"{""advantage"",""attraction"",""collinearMove"",""deflection"",""exposedKing"",""master"",""middlegame"",""veryLong""}",A deflection — lure a defending piece away from the square it was guarding.,true,lichess,VyyQW,34080,96,{}
lc_RBc3b,3KQ3/3R2pk/3R4/8/8/4r2p/6r1/8 b - - 0 49,"{""e3e8"",""d8e8"",""h3h2"",""d6d1"",""g2g1""}",queen,10,intermediate,Queen 10 · Advanced Pawn,advancedPawn,Black to move.,1581,Club,"{""advancedPawn"",""crushing"",""endgame"",""long""}",An advanced pawn — push the passer or use its threats to win material.,true,lichess,RBc3b,33744,96,{}
lc_qpUe2,r1b5/1p2Q2p/p1p3pk/4Pqn1/1P3P2/PB4P1/2P4P/R4RK1 b - - 0 24,"{""g5h3"",""g1g2"",""f5e4"",""f1f3"",""e4e2"",""f3f2"",""e2f2"",""g2h1"",""f2f3""}",queen,10,intermediate,Queen 10 · Kingside Attack,kingsideAttack,Black to move.,1581,Club,"{""kingsideAttack"",""mate"",""mateIn5"",""middlegame"",""veryLong""}",Find the strongest continuation and seize the advantage.,true,lichess,qpUe2,33627,96,{}
lc_IC4bD,rnbq1rk1/pp2bppp/4p3/6Bn/2BN4/2N5/PPP3P1/R2Q1RK1 w - - 0 12,"{""g5e7"",""d8e7"",""d1h5""}",queen,10,intermediate,Queen 10 · Advantage,advantage,White to move.,1581,Club,"{""advantage"",""intermezzo"",""opening"",""short""}",Find the strongest continuation and seize the advantage.,true,lichess,IC4bD,33255,95,"{""Blackmar-Diemer_Gambit"",""Blackmar-Diemer_Gambit_Fritz_Attack""}"
lc_uWUnb,r1r5/2Rp1kp1/p1bBp1p1/1p2Pp2/8/P7/5PPP/2R3K1 w - - 3 26,"{""c1c6"",""c8c7"",""c6c7""}",queen,10,intermediate,Queen 10 · Pin,pin,White to move.,1581,Club,"{""advantage"",""endgame"",""pin"",""short""}",A pin — the attacked piece can't move without exposing a more valuable piece behind it.,true,lichess,uWUnb,32373,95,{}
lc_WRgGj,1r1q1r1k/p1p1b1p1/2Q2n1p/2N1p3/3pP3/1P3P2/P1P2BPP/3R1RK1 b - - 4 19,"{""b8b6"",""c6a4"",""e7c5""}",queen,10,intermediate,Queen 10 · Advantage,advantage,Black to move.,1581,Club,"{""advantage"",""middlegame"",""short""}",Find the strongest continuation and seize the advantage.,true,lichess,WRgGj,32059,95,"{""Scotch_Game"",""Scotch_Game_Other_variations""}"
lc_Y8jqX,7r/PK2kpp1/4p3/4N2p/8/5P2/8/8 w - - 6 43,"{""e5c6"",""e7f6"",""c6b8""}",queen,10,intermediate,Queen 10 · Endgame,endgame,White to move.,1581,Club,"{""advantage"",""defensiveMove"",""endgame"",""short""}",An endgame technique — precise play with few pieces where every tempo counts.,true,lichess,Y8jqX,31583,96,{}
lc_5dQzy,r2k1r2/p6p/b5p1/2qQ4/2P5/P7/2P1BPPP/R3K2R b KQ - 0 20,"{""c5d5"",""c4d5"",""f8e8""}",queen,10,intermediate,Queen 10 · Pin,pin,Black to move.,1581,Club,"{""advantage"",""middlegame"",""pin"",""short""}",A pin — the attacked piece can't move without exposing a more valuable piece behind it.,true,lichess,5dQzy,31358,95,{}
lc_Kzd3o,r1b1k1nr/pp3ppp/4p3/2Pp4/3n1q2/5N2/PP1N1PPP/R2QKB1R w KQkq - 0 10,"{""d1a4"",""c8d7"",""a4d4"",""f4d4"",""f3d4""}",queen,10,intermediate,Queen 10 · Advantage,advantage,White to move.,1582,Club,"{""advantage"",""long"",""opening""}",Find the strongest continuation and seize the advantage.,true,lichess,Kzd3o,40171,96,"{""Queens_Pawn_Game"",""Queens_Pawn_Game_Accelerated_London_System""}"
lc_mEXQn,r1bq1rk1/1p1pbppp/p4n2/3Np1B1/2BnP3/P7/1PP2PPP/RN1Q1RK1 b - - 2 11,"{""f6d5"",""g5e7"",""d5e7""}",queen,10,intermediate,Queen 10 · Advantage,advantage,Black to move.,1582,Club,"{""advantage"",""opening"",""short""}",Find the strongest continuation and seize the advantage.,true,lichess,mEXQn,36181,96,"{""Sicilian_Defense"",""Sicilian_Defense_Lowenthal_Variation""}"
lc_Oy5pM,r3k1nr/pp1b1ppp/4p3/8/2Q1P3/8/Pq1B2PP/R3KB1R w KQkq - 0 13,"{""d2c3"",""b2b6"",""c3g7""}",queen,10,intermediate,Queen 10 · Interference,interference,White to move.,1582,Club,"{""advantage"",""interference"",""middlegame"",""short""}",Interference — block the line between two enemy pieces to break their coordination.,true,lichess,Oy5pM,34582,96,"{""French_Defense"",""French_Defense_Tarrasch_Variation""}"
lc_CoG5G,r4r2/5pk1/p4qp1/2p1pbQP/1p1p4/3P2N1/PPP2PP1/R4RK1 w - - 3 30,"{""h5h6"",""g7h7"",""g5f6""}",queen,10,intermediate,Queen 10 · Deflection,deflection,White to move.,1582,Club,"{""crushing"",""deflection"",""middlegame"",""short""}",A deflection — lure a defending piece away from the square it was guarding.,true,lichess,CoG5G,32236,95,{}
lc_u6l18,4r1k1/p4ppp/1p6/1R1n4/3B2r1/P3P3/7P/3KN2R b - - 1 27,"{""g4d4"",""e3d4"",""d5c3"",""d1d2"",""c3b5""}",queen,10,intermediate,Queen 10 · Fork,fork,Black to move.,1583,Club,"{""advantage"",""exposedKing"",""fork"",""long"",""middlegame"",""sacrifice""}","A fork — one piece attacks two enemy pieces at once, forcing a material win.",true,lichess,u6l18,48129,96,{}
lc_VKumJ,5k1r/p3bpp1/1pqp4/8/4b1P1/2P1BN2/P1P2PK1/1R1Q3R b - - 4 19,"{""h8h1"",""g2h1"",""e4f3"",""h1g1"",""f3d1""}",queen,10,intermediate,Queen 10 · Fork,fork,Black to move.,1583,Club,"{""attraction"",""crushing"",""fork"",""long"",""middlegame""}","A fork — one piece attacks two enemy pieces at once, forcing a material win.",true,lichess,VKumJ,42790,95,"{""Scotch_Game"",""Scotch_Game_Other_variations""}"
lc_Hi1Tk,r1q2rk1/p2bp3/p2p2pp/3P2n1/PP2PPP1/2N3K1/1Q5N/R4R2 b - f3 0 25,"{""c8c3"",""b2c3"",""g5e4""}",queen,10,intermediate,Queen 10 · Sacrifice,sacrifice,Black to move.,1583,Club,"{""crushing"",""middlegame"",""sacrifice"",""short""}",A sacrifice — give up material to gain a decisive tactical or positional advantage.,true,lichess,Hi1Tk,34154,95,{}
lc_HPRVw,7k/1pp2pp1/7p/P3PP2/rP1r1R1P/5K2/5P2/1R6 b - - 0 32,"{""a4a3"",""f3g4"",""h6h5"",""g4g5"",""f7f6"",""e5f6"",""g7f6"",""g5h6"",""d4f4""}",queen,10,intermediate,Queen 10 · Rook Endgame,rookEndgame,Black to move.,1583,Club,"{""advantage"",""endgame"",""exposedKing"",""master"",""rookEndgame"",""veryLong""}",A rook endgame — master the Lucena and Philidor ideas to convert.,true,lichess,HPRVw,33858,96,{}
lc_YylQr,r5k1/pRp3p1/5q1p/8/5Q2/6P1/P4P1P/7K b - - 0 29,"{""f6c6"",""f2f3"",""c6b7""}",queen,10,intermediate,Queen 10 · Fork,fork,Black to move.,1583,Club,"{""crushing"",""endgame"",""fork"",""short""}","A fork — one piece attacks two enemy pieces at once, forcing a material win.",true,lichess,YylQr,33161,95,{}
lc_qisAl,r3kb1r/ppp2ppp/4B3/4p3/3q4/1P3Q2/P1PP1PPP/R3K1NR b KQkq - 0 10,"{""d4a1"",""e1e2"",""f7e6"",""f3b7"",""a8d8""}",queen,10,intermediate,Queen 10 · Hanging Piece,hangingPiece,Black to move.,1583,Club,"{""crushing"",""hangingPiece"",""intermezzo"",""long"",""middlegame""}",A hanging piece — an undefended enemy piece is free to capture.,true,lichess,qisAl,32860,94,"{""Nimzo-Larsen_Attack"",""Nimzo-Larsen_Attack_Modern_Variation""}"
lc_YEQNq,4r3/pp3k2/2p3n1/3p1Kp1/3P4/2P4r/PP1N1R2/R7 w - - 0 27,"{""f5g4"",""g6f4"",""f2f4"",""g5f4"",""g4h3""}",queen,10,intermediate,Queen 10 · Discovered Attack,discoveredAttack,White to move.,1583,Club,"{""advantage"",""discoveredAttack"",""discoveredCheck"",""endgame"",""exposedKing"",""long""}",A discovered attack — moving one piece uncovers a deadly attack from another.,true,lichess,YEQNq,32505,95,{}
lc_ecwoq,2r5/6pp/1k3p2/4n3/4P3/1BN3K1/PrP5/3R4 w - - 8 36,"{""c3a4"",""b6a7"",""a4b2""}",queen,10,intermediate,Queen 10 · Fork,fork,White to move.,1583,Club,"{""advantage"",""endgame"",""fork"",""short""}","A fork — one piece attacks two enemy pieces at once, forcing a material win.",true,lichess,ecwoq,32000,95,{}
lc_0mtSZ,3k2rr/1p5q/pN6/3pP3/4p3/P3PpP1/5QbB/2R3K1 w - - 0 29,"{""c1c8"",""d8e7"",""c8c7"",""e7e6"",""c7h7""}",queen,10,intermediate,Queen 10 · Skewer,skewer,White to move.,1583,Club,"{""advantage"",""exposedKing"",""long"",""middlegame"",""skewer""}","A skewer — the higher-value piece is forced to move, losing the piece behind it.",true,lichess,0mtSZ,31589,96,{}
lc_vmRU8,r2q1r1k/pp1b1pR1/1n5P/2p1p2P/4P3/2pP1P2/PPP1N3/1K4QR w - - 0 20,"{""g7h7"",""h8h7"",""g1g7""}",queen,10,intermediate,Queen 10 · Mate In2,mateIn2,White to move.,1584,Club,"{""attraction"",""kingsideAttack"",""mate"",""mateIn2"",""middlegame"",""sacrifice"",""short""}",Checkmate in two — a forced sequence that delivers checkmate on move two.,true,lichess,vmRU8,43076,96,"{""Kings_Pawn_Game"",""Kings_Pawn_Game_Other_variations""}"
lc_MhgZq,2r2k2/2r2p2/pb2p1p1/1N1pP1Pp/1P3P1P/2P1B3/1R1K4/R7 b - - 0 47,"{""b6e3"",""d2e3"",""a6b5""}",queen,10,intermediate,Queen 10 · Advantage,advantage,Black to move.,1584,Club,"{""advantage"",""intermezzo"",""middlegame"",""short""}",Find the strongest continuation and seize the advantage.,true,lichess,MhgZq,36704,95,{}
lc_seqSe,6k1/p4p2/1p4p1/8/6B1/P3PQ2/3q1PPP/2rR2K1 b - - 4 29,"{""d2e1"",""d1e1"",""c1e1""}",queen,10,intermediate,Queen 10 · Mate In2,mateIn2,Black to move.,1584,Club,"{""backRankMate"",""endgame"",""mate"",""mateIn2"",""sacrifice"",""short"",""xRayAttack""}",Checkmate in two — a forced sequence that delivers checkmate on move two.,true,lichess,seqSe,36005,96,{}
lc_za7IR,rnbq1rk1/pp4pp/2pb4/5p2/2PN4/3P2P1/PP2PPBP/R1BQK2R b KQ - 0 12,"{""d6b4"",""c1d2"",""b4d2"",""d1d2"",""d8d4""}",queen,10,intermediate,Queen 10 · Advantage,advantage,Black to move.,1584,Club,"{""advantage"",""long"",""opening""}",Find the strongest continuation and seize the advantage.,true,lichess,za7IR,32107,95,"{""Hungarian_Opening"",""Hungarian_Opening_Reversed_Alekhine""}"
lc_1b7Pe,rnb2b1r/ppq2ppp/2Nk4/1Bp5/5n2/8/PP2QPPP/RN2K2R w KQ - 0 15,"{""e2e5"",""d6d7"",""c6b8"",""d7d8"",""e5e8""}",queen,10,intermediate,Queen 10 · Mate In3,mateIn3,White to move.,1584,Club,"{""discoveredCheck"",""doubleCheck"",""fork"",""long"",""mate"",""mateIn3"",""opening""}",Checkmate in three — calculate the forcing line all the way to mate.,true,lichess,1b7Pe,31924,95,"{""Sicilian_Defense"",""Sicilian_Defense_Alapin_Variation""}"
lc_3rGVF,r2q1rk1/p5p1/1p2p1np/5p1R/3PP1N1/8/P2Q1PPP/3R2K1 w - f6 0 19,"{""g4h6"",""g7h6"",""d2h6""}",queen,10,intermediate,Queen 10 · Crushing,crushing,White to move.,1584,Club,"{""crushing"",""kingsideAttack"",""middlegame"",""short""}",Find the strongest continuation and seize the advantage.,true,lichess,3rGVF,31656,96,"{""Queens_Gambit_Declined"",""Queens_Gambit_Declined_Semi-Tarrasch_Defense""}"
lc_UO81X,3r2k1/3rqnpp/2Q1p3/1p2P3/1P1P2P1/3R3P/6B1/3R2K1 b - - 2 35,"{""f7e5"",""d4e5"",""d7d3"",""d1d3"",""d8d3""}",queen,10,intermediate,Queen 10 · Advantage,advantage,Black to move.,1585,Club,"{""advantage"",""long"",""middlegame""}",Find the strongest continuation and seize the advantage.,true,lichess,UO81X,36828,95,{}
lc_rwxE6,7k/2R5/1p6/3P4/p7/2P5/2r5/6K1 w - - 0 42,"{""d5d6"",""c2d2"",""d6d7"",""a4a3"",""c7c8"",""h8h7"",""d7d8q"",""d2d8"",""c8d8""}",queen,10,intermediate,Queen 10 · Promotion,promotion,White to move.,1585,Club,"{""advancedPawn"",""crushing"",""endgame"",""exposedKing"",""promotion"",""rookEndgame"",""veryLong""}",Pawn promotion — advance the pawn to its final rank and choose your new piece wisely.,true,lichess,rwxE6,33992,95,{}
lc_kJYEt,5r2/3bRrkp/p7/1ppp4/2P3B1/PP1P2KP/8/1R6 w - - 3 34,"{""e7d7"",""f7d7"",""g4d7""}",queen,10,intermediate,Queen 10 · Endgame,endgame,White to move.,1585,Club,"{""advantage"",""endgame"",""short""}",An endgame technique — precise play with few pieces where every tempo counts.,true,lichess,kJYEt,32249,95,{}
lc_BBghS,r4r2/1p3pk1/2p5/3pN1p1/p2P4/1q1QP3/6PP/5RK1 w - - 0 28,"{""f1f7"",""f8f7"",""d3g6"",""g7h8"",""e5f7""}",queen,10,intermediate,Queen 10 · Mate In3,mateIn3,White to move.,1586,Club,"{""attraction"",""cornerMate"",""endgame"",""long"",""master"",""mate"",""mateIn3"",""sacrifice""}",Checkmate in three — calculate the forcing line all the way to mate.,true,lichess,BBghS,33967,96,{}
lc_du5xL,1r4k1/1b2pp1p/p5p1/3Pp3/6q1/R1P3P1/1Q3PBP/3R2K1 b - - 0 27,"{""g4d1"",""g2f1"",""d1d5""}",queen,10,intermediate,Queen 10 · Hanging Piece,hangingPiece,Black to move.,1586,Club,"{""crushing"",""hangingPiece"",""middlegame"",""short""}",A hanging piece — an undefended enemy piece is free to capture.,true,lichess,du5xL,33670,95,{}
lc_Grdwm,2r2r1k/p4Ppp/3p4/3B4/3n4/1P4P1/P6P/2R1R1K1 b - - 1 31,"{""c8c1"",""e1c1"",""d4e2"",""g1f1"",""e2c1""}",queen,10,intermediate,Queen 10 · Fork,fork,Black to move.,1586,Club,"{""attraction"",""crushing"",""endgame"",""fork"",""long""}","A fork — one piece attacks two enemy pieces at once, forcing a material win.",true,lichess,Grdwm,33534,96,{}
lc_zEHu8,r1b1k3/pp3p2/1bp4p/4q3/2B5/1N3Q1p/PPP2PrP/R6K w q - 0 19,"{""f3f7"",""e8d8"",""a1d1"",""b6d4"",""d1d4""}",queen,10,intermediate,Queen 10 · Attacking F2 F7,attackingF2F7,White to move.,1586,Club,"{""attackingF2F7"",""crushing"",""long"",""master"",""middlegame""}",Find the strongest continuation and seize the advantage.,true,lichess,zEHu8,32747,95,"{""Sicilian_Defense"",""Sicilian_Defense_French_Variation""}"
lc_KqAUN,r1b1k2r/p3pp1p/1pn3p1/2pq4/8/3PBN1P/PbPQBPP1/R3K2R w KQkq - 0 11,"{""c2c4"",""d5d6"",""d2b2""}",queen,10,intermediate,Queen 10 · Discovered Attack,discoveredAttack,White to move.,1586,Club,"{""advantage"",""discoveredAttack"",""middlegame"",""short""}",A discovered attack — moving one piece uncovers a deadly attack from another.,true,lichess,KqAUN,32584,94,"{""Modern_Defense"",""Modern_Defense_Other_variations""}"
lc_DHG40,8/1p2rk2/p2bRp1p/P2p1PpP/2rP2P1/2B5/1P6/4R1K1 w - - 0 41,"{""e6d6"",""e7e1"",""c3e1""}",queen,10,intermediate,Queen 10 · Hanging Piece,hangingPiece,White to move.,1586,Club,"{""crushing"",""endgame"",""hangingPiece"",""short""}",A hanging piece — an undefended enemy piece is free to capture.,true,lichess,DHG40,31897,95,{}
lc_ZXTWp,5r2/1b2p1k1/p2p2p1/2pPn3/Pp2P3/1P3PN1/2PQBKPq/7R b - - 4 25,"{""e5g4"",""f2f1"",""h2g3""}",queen,10,intermediate,Queen 10 · Pin,pin,Black to move.,1587,Club,"{""crushing"",""deflection"",""middlegame"",""pin"",""short""}",A pin — the attacked piece can't move without exposing a more valuable piece behind it.,true,lichess,ZXTWp,34974,95,{}
lc_pPqzR,8/p4k1p/4p1p1/2bbP3/2p1BPP1/2P1BK2/1r5P/R7 b - - 7 33,"{""d5e4"",""f3e4"",""b2e2"",""e4f3"",""e2e3""}",queen,10,intermediate,Queen 10 · Pin,pin,Black to move.,1587,Club,"{""crushing"",""endgame"",""long"",""pin""}",A pin — the attacked piece can't move without exposing a more valuable piece behind it.,true,lichess,pPqzR,33784,96,{}
lc_mQyAw,2b2k1r/2p2p2/p4bpp/3P4/2QN1q1P/P2B4/KR3PP1/8 w - - 1 29,"{""d4e6"",""c8e6"",""c4f4""}",queen,10,intermediate,Queen 10 · Discovered Attack,discoveredAttack,White to move.,1587,Club,"{""crushing"",""discoveredAttack"",""middlegame"",""short""}",A discovered attack — moving one piece uncovers a deadly attack from another.,true,lichess,mQyAw,33447,95,{}
lc_aiV3e,2rk1b2/4p3/pp1qQp2/8/2p5/P3N3/1P6/K6R w - - 6 35,"{""h1d1"",""d6d1"",""e3d1""}",queen,10,intermediate,Queen 10 · Pin,pin,White to move.,1587,Club,"{""advantage"",""endgame"",""pin"",""short""}",A pin — the attacked piece can't move without exposing a more valuable piece behind it.,true,lichess,aiV3e,33306,95,{}
lc_OjHOZ,r4k2/p4r1p/3q3p/3P1R2/8/2Q3P1/PP3P1P/6K1 w - - 2 28,"{""c3h8"",""f8e7"",""f5f7"",""e7f7"",""h8a8""}",queen,10,intermediate,Queen 10 · Endgame,endgame,White to move.,1587,Club,"{""crushing"",""endgame"",""exposedKing"",""long"",""master""}",An endgame technique — precise play with few pieces where every tempo counts.,true,lichess,OjHOZ,33202,95,{}
lc_z0WXy,r3r1k1/pp3pbp/1q2b1p1/3np3/4B3/1NP3B1/PP3PPP/1R1Q1RK1 w - - 2 16,"{""e4d5"",""e8d8"",""c3c4"",""e6d5"",""c4d5""}",queen,10,intermediate,Queen 10 · Advantage,advantage,White to move.,1587,Club,"{""advantage"",""long"",""middlegame"",""quietMove""}",Find the strongest continuation and seize the advantage.,true,lichess,z0WXy,32396,95,"{""Indian_Defense"",""Indian_Defense_Other_variations""}"
lc_pyvim,2r2rk1/2R2bp1/3q1p1p/3Pp3/1NQ5/1P2P1P1/6PP/2R3K1 b - - 0 31,"{""c8c7"",""c4c7"",""d6b4""}",queen,10,intermediate,Queen 10 · Advantage,advantage,Black to move.,1587,Club,"{""advantage"",""middlegame"",""short""}",Find the strongest continuation and seize the advantage.,true,lichess,pyvim,32188,96,{}
lc_m1Z3v,3rkb1r/pBp1npp1/3q1n1p/8/8/1N2B1P1/PPP1PP1P/R2QK2R b KQk - 4 13,"{""d6b4"",""e3d2"",""b4b7""}",queen,10,intermediate,Queen 10 · Fork,fork,Black to move.,1587,Club,"{""advantage"",""fork"",""opening"",""short""}","A fork — one piece attacks two enemy pieces at once, forcing a material win.",true,lichess,m1Z3v,32005,96,"{""Hungarian_Opening"",""Hungarian_Opening_Other_variations""}"
lc_q7de7,r5k1/1pp3p1/p2pq2p/2b1p2Q/4P1N1/P1PP1r1P/1P2nP1K/R1B2R2 w - - 0 19,"{""g4h6"",""g7h6"",""h5f3""}",queen,10,intermediate,Queen 10 · Discovered Attack,discoveredAttack,White to move.,1587,Club,"{""crushing"",""discoveredAttack"",""middlegame"",""short""}",A discovered attack — moving one piece uncovers a deadly attack from another.,true,lichess,q7de7,31982,96,"{""Vienna_Game"",""Vienna_Game_Anderssen_Defense""}"
lc_VEoe2,k2r4/r3q1bp/PQ1p2p1/2p1p3/3pP2N/6P1/2P2P1P/R5K1 w - - 1 30,"{""b6c6"",""e7b7"",""a6b7""}",queen,10,intermediate,Queen 10 · Advanced Pawn,advancedPawn,White to move.,1587,Club,"{""advancedPawn"",""crushing"",""middlegame"",""queensideAttack"",""short""}",An advanced pawn — push the passer or use its threats to win material.,true,lichess,VEoe2,31857,95,{}
lc_07iQw,1r1r2k1/5pp1/6qp/p1pp4/4n3/P1P1PN2/1PQ2PPP/3RR2K b - - 9 24,"{""e4g3"",""h2g3"",""g6c2""}",queen,10,intermediate,Queen 10 · Discovered Attack,discoveredAttack,Black to move.,1587,Club,"{""crushing"",""discoveredAttack"",""middlegame"",""short""}",A discovered attack — moving one piece uncovers a deadly attack from another.,true,lichess,07iQw,31259,96,{}
lc_ZgTRG,r6r/ppk3pp/1q1bQ3/2p5/8/2N5/PPP3PP/R1BR2K1 b - - 0 19,"{""d6h2"",""g1h2"",""b6e6""}",queen,10,intermediate,Queen 10 · Discovered Attack,discoveredAttack,Black to move.,1588,Club,"{""advantage"",""discoveredAttack"",""master"",""middlegame"",""short""}",A discovered attack — moving one piece uncovers a deadly attack from another.,true,lichess,ZgTRG,38696,96,"{""Scotch_Game"",""Scotch_Game_Other_variations""}"
lc_Pc7m8,r2qkb1r/1b3pp1/p3p2p/2Pn4/2n5/P1N2NP1/5PBP/R1BQK2R w KQkq - 0 15,"{""d1a4"",""d8d7"",""a4c4""}",queen,10,intermediate,Queen 10 · Fork,fork,White to move.,1588,Club,"{""advantage"",""fork"",""middlegame"",""short""}","A fork — one piece attacks two enemy pieces at once, forcing a material win.",true,lichess,Pc7m8,38430,95,"{""French_Defense"",""French_Defense_Steiner_Variation""}"
lc_B7IW2,r4r1k/1Q1R4/4p2p/2Pp2q1/3P2p1/p1PBP1b1/3K2p1/8 w - - 0 40,"{""d7h7"",""h8g8"",""h7h8"",""g8h8"",""b7h7""}",queen,10,intermediate,Queen 10 · Mate In3,mateIn3,White to move.,1588,Club,"{""attraction"",""exposedKing"",""long"",""mate"",""mateIn3"",""middlegame"",""sacrifice""}",Checkmate in three — calculate the forcing line all the way to mate.,true,lichess,B7IW2,34338,97,{}
lc_zipE0,r1b2rk1/pp2qppp/2np4/4p3/2B1n3/4NN2/PP2QPPP/R4RK1 w - - 0 13,"{""e3d5"",""e7d8"",""e2e4""}",queen,10,intermediate,Queen 10 · Discovered Attack,discoveredAttack,White to move.,1589,Club,"{""advantage"",""discoveredAttack"",""master"",""middlegame"",""short""}",A discovered attack — moving one piece uncovers a deadly attack from another.,true,lichess,zipE0,38194,96,"{""Sicilian_Defense"",""Sicilian_Defense_Smith-Morra_Gambit""}"
lc_wT55g,r7/3R2pk/p6p/1p2rpq1/4n3/1P1Q4/PP3PPP/5RK1 w - f6 0 26,"{""f2f4"",""g5g6"",""f4e5""}",queen,10,intermediate,Queen 10 · Fork,fork,White to move.,1589,Club,"{""advantage"",""fork"",""middlegame"",""short""}","A fork — one piece attacks two enemy pieces at once, forcing a material win.",true,lichess,wT55g,33662,95,{}
lc_dOz4m,8/8/6p1/3pK1k1/3N1n1p/7P/6P1/8 w - - 11 52,"{""d4f3"",""g5h6"",""e5f4""}",queen,10,intermediate,Queen 10 · Deflection,deflection,White to move.,1589,Club,"{""crushing"",""deflection"",""endgame"",""knightEndgame"",""short""}",A deflection — lure a defending piece away from the square it was guarding.,true,lichess,dOz4m,33211,95,{}
lc_BTEJC,3r3r/1p3kp1/pN1bbp1p/2p1n3/2B1PB2/PP6/2PR2PP/1K5R b - - 2 21,"{""e5c4"",""b6c4"",""d6f4"",""d2d8"",""h8d8""}",queen,10,intermediate,Queen 10 · Discovered Attack,discoveredAttack,Black to move.,1589,Club,"{""crushing"",""discoveredAttack"",""long"",""middlegame""}",A discovered attack — moving one piece uncovers a deadly attack from another.,true,lichess,BTEJC,32628,93,{}
lc_w7iIl,5r2/5rpk/p6p/2p1p3/Q5P1/2b3BP/5P2/6K1 w - - 0 38,"{""a4c2"",""e5e4"",""c2c3""}",queen,10,intermediate,Queen 10 · Fork,fork,White to move.,1589,Club,"{""advantage"",""endgame"",""fork"",""short""}","A fork — one piece attacks two enemy pieces at once, forcing a material win.",true,lichess,w7iIl,32278,96,{}
lc_VcsGe,r1bq1rk1/4ppbp/2np1np1/1pp5/1P2P3/2PP1N1P/B2N1PP1/R1BQ1RK1 w - - 1 13,"{""a2f7"",""f8f7"",""a1a8""}",queen,10,intermediate,Queen 10 · Discovered Attack,discoveredAttack,White to move.,1589,Club,"{""advantage"",""discoveredAttack"",""middlegame"",""short""}",A discovered attack — moving one piece uncovers a deadly attack from another.,true,lichess,VcsGe,31389,94,"{""Sicilian_Defense"",""Sicilian_Defense_Modern_Variations""}"
lc_a1b2X,r4r2/ppq2pkp/3p1np1/4p3/2Pn1Q2/P1NB1P1P/1P3PP1/R3R1K1 w - - 0 18,"{""f4f6"",""g7f6"",""c3d5"",""f6g7"",""d5c7""}",queen,10,intermediate,Queen 10 · Fork,fork,White to move.,1590,Club,"{""attraction"",""crushing"",""fork"",""long"",""middlegame"",""sacrifice""}","A fork — one piece attacks two enemy pieces at once, forcing a material win.",true,lichess,a1b2X,33042,95,"{""Old_Indian_Defense"",""Old_Indian_Defense_Other_variations""}"
lc_agTTe,1r2r1k1/5pb1/3p2p1/3P4/2p1Pq1p/1p1nRQ1P/1P1N2P1/1R1B3K w - - 0 28,"{""e3d3"",""f4f3"",""d3f3""}",queen,10,intermediate,Queen 10 · Advantage,advantage,White to move.,1590,Club,"{""advantage"",""middlegame"",""short""}",Find the strongest continuation and seize the advantage.,true,lichess,agTTe,32974,95,{}
lc_LlD34,3R4/4ppkp/5bp1/1p6/p2N4/1bP5/1P3PPP/6K1 b - - 2 31,"{""e7e5"",""d4b3"",""f6d8""}",queen,10,intermediate,Queen 10 · Discovered Attack,discoveredAttack,Black to move.,1590,Club,"{""advantage"",""discoveredAttack"",""endgame"",""short""}",A discovered attack — moving one piece uncovers a deadly attack from another.,true,lichess,LlD34,31621,95,{}
lc_VBlx1,2r2r2/4ppkp/1q1p2p1/p7/2R1PP2/1P3B2/P2Q2PP/5K2 w - - 3 27,"{""d2c3"",""e7e5"",""c4c8"",""f8c8"",""c3c8""}",queen,10,intermediate,Queen 10 · Pin,pin,White to move.,1590,Club,"{""advantage"",""endgame"",""long"",""pin""}",A pin — the attacked piece can't move without exposing a more valuable piece behind it.,true,lichess,VBlx1,31334,96,{}
lc_IPNWH,6k1/p1p2p2/1p1p2p1/b2P3p/P1PN4/1P4QP/4qPP1/6K1 b - - 1 29,"{""e2d1"",""g1h2"",""d1d4""}",queen,10,intermediate,Queen 10 · Fork,fork,Black to move.,1591,Club,"{""crushing"",""endgame"",""fork"",""short""}","A fork — one piece attacks two enemy pieces at once, forcing a material win.",true,lichess,IPNWH,34116,96,{}
lc_kX3Oz,2r2rk1/pb1n2bR/1p1p1qQ1/6N1/8/2P5/PP1R1PP1/2K5 w - - 1 21,"{""h7h8"",""g8h8"",""g6h7""}",queen,10,intermediate,Queen 10 · Mate In2,mateIn2,White to move.,1591,Club,"{""attraction"",""kingsideAttack"",""mate"",""mateIn2"",""middlegame"",""pin"",""sacrifice"",""short""}",Checkmate in two — a forced sequence that delivers checkmate on move two.,true,lichess,kX3Oz,33346,96,{}
lc_N5a6A,6k1/1b3pp1/p2pr1np/1p1n2q1/3Pp3/2P1P1NP/PPB2QP1/R3R1K1 b - - 5 26,"{""e6f6"",""g3e4"",""f6f2"",""e4g5"",""f2c2""}",queen,10,intermediate,Queen 10 · Crushing,crushing,Black to move.,1592,Club,"{""crushing"",""long"",""middlegame""}",Find the strongest continuation and seize the advantage.,true,lichess,N5a6A,38926,95,{}
lc_MSe2E,1k1r3r/1pp2ppp/1pn2n2/3qp3/Q1N3b1/2PP1N2/PP2BPPP/R2R2K1 b - - 3 13,"{""b6b5"",""a4c2"",""b5c4""}",queen,10,intermediate,Queen 10 · Fork,fork,Black to move.,1592,Club,"{""advantage"",""fork"",""master"",""middlegame"",""short""}","A fork — one piece attacks two enemy pieces at once, forcing a material win.",true,lichess,MSe2E,34784,95,"{""Kings_Pawn_Game"",""Kings_Pawn_Game_Other_variations""}"
lc_O58pC,6k1/2n5/6p1/2pP1p1p/1p6/4PB1P/1P4P1/6K1 w - f6 0 32,"{""d5d6"",""c7e6"",""f3d5"",""g8f7"",""d6d7"",""f7e7"",""d5e6""}",queen,10,intermediate,Queen 10 · Pin,pin,White to move.,1592,Club,"{""advancedPawn"",""clearance"",""crushing"",""endgame"",""master"",""pin"",""veryLong""}",A pin — the attacked piece can't move without exposing a more valuable piece behind it.,true,lichess,O58pC,33670,96,{}
lc_3DOXg,7k/2p1r1p1/p6p/8/P7/1P5P/2Qq1PP1/2R3K1 b - - 2 30,"{""e7e1"",""c1e1"",""d2c2""}",queen,10,intermediate,Queen 10 · Deflection,deflection,Black to move.,1592,Club,"{""advantage"",""deflection"",""endgame"",""short""}",A deflection — lure a defending piece away from the square it was guarding.,true,lichess,3DOXg,33567,96,{}
lc_uqMxr,rnbqk2r/pp2ppbp/3p2p1/2p5/4n3/N1P2N2/PP1PBPPP/R1BQ1RK1 w kq - 0 7,"{""d1a4"",""b8c6"",""a4e4""}",queen,10,intermediate,Queen 10 · Fork,fork,White to move.,1592,Club,"{""advantage"",""fork"",""opening"",""short""}","A fork — one piece attacks two enemy pieces at once, forcing a material win.",true,lichess,uqMxr,33195,96,"{""Sicilian_Defense"",""Sicilian_Defense_Delayed_Alapin""}"
lc_UcLJd,r5k1/2p1qp2/p5p1/P1pR1nPp/3P4/2P2Q1P/2P2P2/6K1 w - - 1 27,"{""d5f5"",""g6f5"",""f3a8""}",queen,10,intermediate,Queen 10 · Discovered Attack,discoveredAttack,White to move.,1592,Club,"{""advantage"",""discoveredAttack"",""endgame"",""short""}",A discovered attack — moving one piece uncovers a deadly attack from another.,true,lichess,UcLJd,32869,95,{}
lc_mdlrL,2kr4/1pp5/2P1qp1p/1P2p1r1/2p4Q/2P2P1b/5RPP/R1B3K1 b - - 0 24,"{""d8d1"",""f2f1"",""g5g2"",""g1h1"",""d1f1""}",queen,10,intermediate,Queen 10 · Mate In3,mateIn3,Black to move.,1592,Club,"{""deflection"",""kingsideAttack"",""long"",""mate"",""mateIn3"",""middlegame"",""pin""}",Checkmate in three — calculate the forcing line all the way to mate.,true,lichess,mdlrL,32841,96,{}
lc_BIiGJ,2k4r/1bp5/1p3pn1/p5p1/4N1P1/2PKPNP1/PP3P2/R7 b - - 1 20,"{""h8d8"",""d3e2"",""b7e4""}",queen,10,intermediate,Queen 10 · Deflection,deflection,Black to move.,1592,Club,"{""crushing"",""deflection"",""endgame"",""short""}",A deflection — lure a defending piece away from the square it was guarding.,true,lichess,BIiGJ,32340,95,{}
lc_IyqGe,2r1r1k1/3p1ppp/p5n1/3N2q1/3QP3/2P5/PP3PPP/R4RK1 b - - 2 19,"{""g6h4"",""d5e3"",""h4f3"",""g1h1"",""f3d4""}",queen,10,intermediate,Queen 10 · Pin,pin,Black to move.,1593,Club,"{""crushing"",""long"",""middlegame"",""pin""}",A pin — the attacked piece can't move without exposing a more valuable piece behind it.,true,lichess,IyqGe,33580,95,"{""Sicilian_Defense"",""Sicilian_Defense_Lowenthal_Variation""}"
lc_ltWp4,r5k1/3n1ppp/1n2p3/1P1q4/p3b3/N3PN2/P2QBPPP/2R3K1 b - - 2 22,"{""e4f3"",""d2d5"",""f3d5""}",queen,10,intermediate,Queen 10 · Advantage,advantage,Black to move.,1593,Club,"{""advantage"",""master"",""middlegame"",""short""}",Find the strongest continuation and seize the advantage.,true,lichess,ltWp4,32820,95,{}
lc_29DKf,r1b3r1/pp1k2Pp/2n1pb2/1qpp3Q/3p4/5N2/PPPN2PP/R3K2R w KQ - 0 16,"{""h5f7"",""c6e7"",""f7f6""}",queen,10,intermediate,Queen 10 · Fork,fork,White to move.,1593,Club,"{""advantage"",""fork"",""middlegame"",""short""}","A fork — one piece attacks two enemy pieces at once, forcing a material win.",true,lichess,29DKf,31386,95,"{""French_Defense"",""French_Defense_Advance_Variation""}"
lc_4B321,8/6p1/1p6/3P2k1/5p1p/1B1r3P/P3R1K1/8 b - - 1 48,"{""f4f3"",""g2f2"",""f3e2""}",queen,10,intermediate,Queen 10 · Fork,fork,Black to move.,1594,Club,"{""advancedPawn"",""crushing"",""endgame"",""fork"",""short""}","A fork — one piece attacks two enemy pieces at once, forcing a material win.",true,lichess,4B321,33542,96,{}
lc_2qFtd,4kb1r/p4pp1/4pn1p/1q5P/2NP4/2p3N1/PrP1QPP1/KR5R b k - 3 21,"{""b2a2"",""a1a2"",""b5a4"",""c4a3"",""a4a3""}",queen,10,intermediate,Queen 10 · Mate In3,mateIn3,Black to move.,1594,Club,"{""attraction"",""long"",""mate"",""mateIn3"",""middlegame"",""sacrifice""}",Checkmate in three — calculate the forcing line all the way to mate.,true,lichess,2qFtd,33286,96,{}
lc_eHjjk,4r1k1/5ppn/p1pB2p1/2Pn4/1PR3P1/P4N1P/1q3PK1/2Q5 b - - 2 27,"{""d5e3"",""g2g3"",""e3c4""}",queen,10,intermediate,Queen 10 · Pin,pin,Black to move.,1594,Club,"{""advantage"",""middlegame"",""pin"",""short""}",A pin — the attacked piece can't move without exposing a more valuable piece behind it.,true,lichess,eHjjk,32400,96,{}
lc_S6iKc,1r1qr1k1/p1p2ppp/5n2/2P1pb2/1P1n4/P4NP1/3NB1PP/R2Q1R1K w - - 0 17,"{""f3d4"",""d8d4"",""f1f5""}",queen,10,intermediate,Queen 10 · Discovered Attack,discoveredAttack,White to move.,1595,Club,"{""advantage"",""capturingDefender"",""discoveredAttack"",""opening"",""short""}",A discovered attack — moving one piece uncovers a deadly attack from another.,true,lichess,S6iKc,38578,95,"{""Queens_Pawn_Game"",""Queens_Pawn_Game_Accelerated_London_System""}"
lc_WEfhj,r4k2/pq1R1p1p/1p5p/4n3/6Q1/6P1/Pb3P1P/5RK1 w - - 2 22,"{""g4b4"",""f8g8"",""d7b7""}",queen,10,intermediate,Queen 10 · Fork,fork,White to move.,1595,Club,"{""crushing"",""fork"",""master"",""middlegame"",""short""}","A fork — one piece attacks two enemy pieces at once, forcing a material win.",true,lichess,WEfhj,36799,96,{}
lc_8mwhS,8/7p/6p1/3k1p2/p2p4/1P1K1P2/r1P1R1PP/8 w - - 0 34,"{""c2c4"",""d4c3"",""e2a2""}",queen,10,intermediate,Queen 10 · Discovered Attack,discoveredAttack,White to move.,1595,Club,"{""crushing"",""discoveredAttack"",""endgame"",""rookEndgame"",""short""}",A discovered attack — moving one piece uncovers a deadly attack from another.,true,lichess,8mwhS,35190,95,{}
lc_l7nZG,r3k1nr/pp1q2pp/2pb1p2/3p4/3Q4/1P2P3/PBPN1PPP/R4RK1 b kq - 3 11,"{""d6e5"",""d4c5"",""e5b2""}",queen,10,intermediate,Queen 10 · Skewer,skewer,Black to move.,1595,Club,"{""advantage"",""middlegame"",""short"",""skewer""}","A skewer — the higher-value piece is forced to move, losing the piece behind it.",true,lichess,l7nZG,32203,96,"{""Nimzo-Larsen_Attack"",""Nimzo-Larsen_Attack_Modern_Variation""}"
lc_7wdVN,r3r1k1/1pqb1pbp/p1n2np1/4p1B1/4P3/2N2N2/PP1Q1PPP/R3RBK1 w - - 2 15,"{""g5f6"",""g7f6"",""c3d5"",""c7d8"",""d5f6"",""d8f6"",""d2d7""}",queen,10,intermediate,Queen 10 · Fork,fork,White to move.,1595,Club,"{""advantage"",""discoveredAttack"",""fork"",""middlegame"",""veryLong""}","A fork — one piece attacks two enemy pieces at once, forcing a material win.",true,lichess,7wdVN,31802,95,"{""Sicilian_Defense"",""Sicilian_Defense_Nyezhmetdinov-Rossolimo_Attack""}"
lc_39ljv,8/5pk1/P7/1R6/2p5/2K4p/1P2r3/8 w - - 1 46,"{""a6a7"",""e2e8"",""b5b8""}",queen,10,intermediate,Queen 10 · Advanced Pawn,advancedPawn,White to move.,1595,Club,"{""advancedPawn"",""crushing"",""endgame"",""master"",""rookEndgame"",""short""}",An advanced pawn — push the passer or use its threats to win material.,true,lichess,39ljv,31722,96,{}
lc_QSbBl,8/1p4kp/pp2PNp1/5P2/P2r4/8/1nP3PP/4K3 w - - 1 29,"{""e6e7"",""g7f6"",""e7e8q""}",queen,10,intermediate,Queen 10 · Promotion,promotion,White to move.,1595,Club,"{""advancedPawn"",""advantage"",""endgame"",""promotion"",""short""}",Pawn promotion — advance the pawn to its final rank and choose your new piece wisely.,true,lichess,QSbBl,31475,96,{}
lc_7Lpj0,r1q2rk1/p1p1b1pp/3p4/3Npn2/2P5/4BQ2/PP3PPP/R4RK1 w - - 7 17,"{""f3f5"",""f8f5"",""d5e7"",""g8f7"",""e7c8""}",queen,10,intermediate,Queen 10 · Fork,fork,White to move.,1596,Club,"{""capturingDefender"",""crushing"",""fork"",""long"",""middlegame"",""sacrifice""}","A fork — one piece attacks two enemy pieces at once, forcing a material win.",true,lichess,7Lpj0,36117,94,"{""Italian_Game"",""Italian_Game_Other_variations""}"
lc_Qw2mx,2kr4/pp3pp1/8/8/5PP1/1P1p2Pp/P1qQ3K/3R4 w - - 4 38,"{""d1c1"",""c2c1"",""d2c1""}",queen,10,intermediate,Queen 10 · Pin,pin,White to move.,1596,Club,"{""advantage"",""endgame"",""pin"",""short""}",A pin — the attacked piece can't move without exposing a more valuable piece behind it.,true,lichess,Qw2mx,34732,95,{}
lc_UE0VP,3rkb2/pp4p1/4pp2/3q1r2/3P3P/2P1P3/PPQ5/2KR3R w - - 0 26,"{""e3e4"",""d5a2"",""e4f5""}",queen,10,intermediate,Queen 10 · Fork,fork,White to move.,1596,Club,"{""advantage"",""fork"",""middlegame"",""short""}","A fork — one piece attacks two enemy pieces at once, forcing a material win.",true,lichess,UE0VP,34452,96,{}
lc_GVkRb,6k1/pppb3p/3p2p1/3P4/1PPNrq2/5Q1P/P4PP1/3R2K1 b - - 2 25,"{""e4d4"",""d1d4"",""f4d4""}",queen,10,intermediate,Queen 10 · Endgame,endgame,Black to move.,1596,Club,"{""advantage"",""endgame"",""short""}",An endgame technique — precise play with few pieces where every tempo counts.,true,lichess,GVkRb,34389,96,{}
lc_DUN5L,r3k3/ppp1bpp1/3p1nq1/3Ppb2/4P2r/2P2BPp/PP3P1P/R1BQR1K1 w q - 0 15,"{""e4f5"",""g6f5"",""g3h4""}",queen,10,intermediate,Queen 10 · Crushing,crushing,White to move.,1596,Club,"{""crushing"",""middlegame"",""short""}",Find the strongest continuation and seize the advantage.,true,lichess,DUN5L,34312,96,"{""Scotch_Game"",""Scotch_Game_Other_variations""}"
lc_ThlGQ,2k5/ppp1bp1p/1q2p1p1/8/1PPrQ3/P4B2/5PPP/5RK1 w - - 1 20,"{""c4c5"",""e7c5"",""b4c5"",""d4e4"",""c5b6""}",queen,10,intermediate,Queen 10 · Endgame,endgame,White to move.,1596,Club,"{""advantage"",""endgame"",""long""}",An endgame technique — precise play with few pieces where every tempo counts.,true,lichess,ThlGQ,34087,94,{}
lc_kFtp5,r3kbnr/pp1q1ppp/2pp4/3N4/Q3PP2/8/PPP3PP/R1B2RK1 w kq - 1 14,"{""d5b6"",""d7d8"",""b6a8""}",queen,10,intermediate,Queen 10 · Crushing,crushing,White to move.,1596,Club,"{""crushing"",""middlegame"",""short""}",Find the strongest continuation and seize the advantage.,true,lichess,kFtp5,32019,96,"{""Philidor_Defense"",""Philidor_Defense_Other_variations""}"
lc_c19HB,r4rk1/p4ppp/8/n1pNp2q/3b4/1B4Q1/PPP2PP1/R1B2bK1 w - - 0 18,"{""d5f6"",""g8h8"",""f6h5""}",queen,10,intermediate,Queen 10 · Pin,pin,White to move.,1597,Club,"{""crushing"",""kingsideAttack"",""middlegame"",""pin"",""short""}",A pin — the attacked piece can't move without exposing a more valuable piece behind it.,true,lichess,c19HB,41533,96,"{""Italian_Game"",""Italian_Game_Two_Knights_Defense""}"
lc_QSNQT,r1bqr1k1/p6p/1p2p3/3p1np1/3P1p2/2P2P1P/PPQ1R1P1/4RNBK w - - 6 29,"{""c2f5"",""e6f5"",""e2e8"",""d8e8"",""e1e8""}",queen,10,intermediate,Queen 10 · Fork,fork,White to move.,1597,Club,"{""advantage"",""fork"",""long"",""middlegame""}","A fork — one piece attacks two enemy pieces at once, forcing a material win.",true,lichess,QSNQT,34722,95,{}
lc_WBO1P,r2q1rk1/ppp3pp/4bn2/3p2B1/8/2b2B2/PPP1Q1PP/R4RK1 w - - 0 15,"{""e2e6"",""g8h8"",""b2c3""}",queen,10,intermediate,Queen 10 · Hanging Piece,hangingPiece,White to move.,1597,Club,"{""advantage"",""hangingPiece"",""intermezzo"",""middlegame"",""short""}",A hanging piece — an undefended enemy piece is free to capture.,true,lichess,WBO1P,32453,95,"{""Latvian_Gambit_Accepted"",""Latvian_Gambit_Accepted_Other_variations""}"
lc_v3xPb,rnbqkb1r/pp3ppp/4p3/8/4n3/8/PP3PPP/RNBQKBNR w KQkq - 0 7,"{""d1a4"",""c8d7"",""a4e4""}",queen,10,intermediate,Queen 10 · Fork,fork,White to move.,1597,Club,"{""advantage"",""fork"",""master"",""opening"",""short""}","A fork — one piece attacks two enemy pieces at once, forcing a material win.",true,lichess,v3xPb,31939,95,"{""Sicilian_Defense"",""Sicilian_Defense_Alapin_Variation""}"
lc_60Z9a,7k/6p1/1Q3p2/2B4p/P2P4/4b3/1P4PP/3qRK2 b - - 8 35,"{""d1d3"",""e1e2"",""d3f5"",""f1e1"",""f5b1""}",queen,10,intermediate,Queen 10 · Mate In3,mateIn3,Black to move.,1598,Club,"{""endgame"",""long"",""mate"",""mateIn3""}",Checkmate in three — calculate the forcing line all the way to mate.,true,lichess,60Z9a,39749,96,{}
lc_zr4Ph,r1q2rk1/ppp2pn1/8/6QP/8/3b1P2/PPP3P1/2KR3R w - - 0 22,"{""h5h6"",""d3g6"",""h6g7""}",queen,10,intermediate,Queen 10 · Advanced Pawn,advancedPawn,White to move.,1598,Club,"{""advancedPawn"",""crushing"",""middlegame"",""short""}",An advanced pawn — push the passer or use its threats to win material.,true,lichess,zr4Ph,34964,95,{}
lc_40yB2,4r2k/B1Q3pp/5b2/8/8/3p2P1/PP3P1P/6K1 b - - 0 27,"{""d3d2"",""c7c2"",""e8e1"",""g1g2"",""d2d1q"",""c2d1"",""e1d1""}",queen,10,intermediate,Queen 10 · Promotion,promotion,Black to move.,1598,Club,"{""advancedPawn"",""advantage"",""endgame"",""promotion"",""veryLong""}",Pawn promotion — advance the pawn to its final rank and choose your new piece wisely.,true,lichess,40yB2,33381,97,{}
lc_sETAw,r4rk1/p1p1bp1p/2pp4/7q/4P1p1/3BBbQ1/PPP1NP2/R3RK2 b - - 1 18,"{""h5h1"",""e2g1"",""e7h4""}",queen,10,intermediate,Queen 10 · Crushing,crushing,Black to move.,1598,Club,"{""crushing"",""middlegame"",""short""}",Find the strongest continuation and seize the advantage.,true,lichess,sETAw,33360,95,"{""Philidor_Defense"",""Philidor_Defense_Exchange_Variation""}"
lc_cM9aq,r1bR1rk1/p1p3p1/6p1/2p3N1/1b5R/8/PP4PP/7K w - - 2 25,"{""h4h8"",""g8h8"",""d8f8""}",queen,10,intermediate,Queen 10 · Mate In2,mateIn2,White to move.,1599,Club,"{""attraction"",""deflection"",""mate"",""mateIn2"",""middlegame"",""short""}",Checkmate in two — a forced sequence that delivers checkmate on move two.,true,lichess,cM9aq,34696,96,{}
lc_hWPaL,r1b2rk1/p2pppbp/1p4p1/3q4/8/P3P3/1PQ1BPPP/R1B2RK1 w - - 0 14,"{""e2f3"",""d5e5"",""f3a8""}",queen,10,intermediate,Queen 10 · Skewer,skewer,White to move.,1599,Club,"{""advantage"",""middlegame"",""short"",""skewer""}","A skewer — the higher-value piece is forced to move, losing the piece behind it.",true,lichess,hWPaL,33409,96,"{""Benoni_Defense"",""Benoni_Defense_Other_variations""}"
lc_jC9EF,rnbq1rk1/1pp2ppp/p2b1n2/4N1B1/2BPN3/8/PPP2PPP/R2QK2R b KQ - 0 8,"{""d6e5"",""d4e5"",""d8d1"",""a1d1"",""f6e4""}",queen,10,intermediate,Queen 10 · Discovered Attack,discoveredAttack,Black to move.,1599,Club,"{""advantage"",""discoveredAttack"",""long"",""opening""}",A discovered attack — moving one piece uncovers a deadly attack from another.,true,lichess,jC9EF,32901,95,"{""Elephant_Gambit"",""Elephant_Gambit_Other_variations""}"
lc_jjlU0,3k4/3q4/p2p2Q1/2rbp3/1p6/1P4PP/P5PK/3R4 w - - 5 36,"{""d1d5"",""c5d5"",""g6g8"",""d8c7"",""g8d5""}",queen,10,intermediate,Queen 10 · Fork,fork,White to move.,1599,Club,"{""advantage"",""attraction"",""endgame"",""exposedKing"",""fork"",""long"",""sacrifice""}","A fork — one piece attacks two enemy pieces at once, forcing a material win.",true,lichess,jjlU0,32267,96,{}
lc_QBIt8,r2q1rk1/pp2n1pp/3p1p2/2p5/2PnP1b1/5N2/PBQ1BPPP/R4RK1 w - - 10 15,"{""f3d4"",""g4e2"",""d4e2""}",queen,10,intermediate,Queen 10 · Advantage,advantage,White to move.,1599,Club,"{""advantage"",""middlegame"",""short""}",Find the strongest continuation and seize the advantage.,true,lichess,QBIt8,32255,95,"{""English_Opening"",""English_Opening_Kings_English_Variation""}"
lc_Rj1LP,r1bq1rk1/pp2ppbp/3p1np1/2pP4/2P1n3/1PN2N2/PBQ2PPP/R3KB1R w KQ - 2 10,"{""c3e4"",""f6e4"",""b2g7""}",queen,10,intermediate,Queen 10 · Discovered Attack,discoveredAttack,White to move.,1599,Club,"{""advantage"",""discoveredAttack"",""opening"",""short""}",A discovered attack — moving one piece uncovers a deadly attack from another.,true,lichess,Rj1LP,32084,95,"{""English_Opening"",""English_Opening_Symmetrical_Variation""}"
lc_45vnJ,r1b1k2r/pppn1ppp/4p3/3nP3/1q1P4/2N2N2/PPPQ2PP/R3KB1R b KQkq - 3 10,"{""b4b2"",""a1b1"",""b2c3"",""d2c3"",""d5c3""}",queen,10,intermediate,Queen 10 · Crushing,crushing,Black to move.,1599,Club,"{""crushing"",""long"",""opening""}",Find the strongest continuation and seize the advantage.,true,lichess,45vnJ,31996,96,"{""Richter-Veresov_Attack"",""Richter-Veresov_Attack_Other_variations""}"
lc_YVgfd,r3k2r/1pp3p1/p1n2n1p/2b1p3/3p4/1PN2Q1P/PBqP1PP1/1R2KB1R w Kkq - 0 16,"{""f1d3"",""d4c3"",""d3c2""}",queen,10,intermediate,Queen 10 · Trapped Piece,trappedPiece,White to move.,1599,Club,"{""advantage"",""middlegame"",""short"",""trappedPiece""}",A trapped piece — the enemy piece has no safe squares and can be won.,true,lichess,YVgfd,31960,94,"{""Four_Knights_Game"",""Four_Knights_Game_Other_variations""}"
lc_Imqb1,7K/7P/4k3/p5p1/P5P1/1P6/8/8 b - - 0 60,"{""e6f7"",""b3b4"",""a5b4"",""a4a5"",""b4b3"",""a5a6"",""b3b2"",""a6a7"",""b2b1q"",""a7a8q"",""b1b2""}",queen,10,intermediate,Queen 10 · Promotion,promotion,Black to move.,1600,Club,"{""advancedPawn"",""endgame"",""mate"",""mateIn5"",""pawnEndgame"",""promotion"",""veryLong"",""zugzwang""}",Pawn promotion — advance the pawn to its final rank and choose your new piece wisely.,true,lichess,Imqb1,39432,95,{}
lc_1fnHn,r4rk1/pp2bppp/3pbn2/3Np1B1/2PpP3/3P4/PP1qBPPP/RR4K1 w - - 0 13,"{""d5e7"",""g8h8"",""g5d2""}",queen,10,intermediate,Queen 10 · Hanging Piece,hangingPiece,White to move.,1600,Club,"{""crushing"",""hangingPiece"",""intermezzo"",""middlegame"",""short""}",A hanging piece — an undefended enemy piece is free to capture.,true,lichess,1fnHn,35877,96,"{""English_Opening"",""English_Opening_Symmetrical_Variation""}"
lc_7cHb3,4b3/5pp1/p2k3p/1ppB4/4K3/2P3P1/PP3PP1/8 b - - 7 31,"{""f7f5"",""e4f5"",""d6d5""}",queen,10,intermediate,Queen 10 · Deflection,deflection,Black to move.,1600,Club,"{""bishopEndgame"",""crushing"",""deflection"",""endgame"",""short""}",A deflection — lure a defending piece away from the square it was guarding.,true,lichess,7cHb3,34532,96,{}
lc_B2PmN,r2qk2r/p1p2p2/2pp4/7p/4P1nR/2N5/PPP2PP1/R2QK3 w Qkq - 1 16,"{""d1g4"",""h5g4"",""h4h8"",""e8d7"",""h8d8""}",queen,10,intermediate,Queen 10 · Skewer,skewer,White to move.,1600,Club,"{""crushing"",""long"",""middlegame"",""skewer""}","A skewer — the higher-value piece is forced to move, losing the piece behind it.",true,lichess,B2PmN,32916,96,"{""Ruy_Lopez"",""Ruy_Lopez_Steinitz_Defense""}"
lc_tSgTT,r4rk1/4Rppp/p1p5/3b4/B2P4/2q2N2/P2Q1PPP/R5K1 b - - 1 20,"{""c3a1"",""e7e1"",""a1a2"",""d2a2"",""d5a2""}",queen,10,intermediate,Queen 10 · Hanging Piece,hangingPiece,Black to move.,1600,Club,"{""advantage"",""hangingPiece"",""long"",""middlegame""}",A hanging piece — an undefended enemy piece is free to capture.,true,lichess,tSgTT,31401,96,{}
lc_aX4T6,5Q2/6p1/3p3k/p1p1pB2/4P2p/2P2P1P/1r4PK/3q4 w - - 5 44,"{""f8h8"",""h6g5"",""h8g7"",""g5f4"",""g7h6""}",queen,10,intermediate,Queen 10 · Mate In3,mateIn3,White to move.,1600,Club,"{""deflection"",""endgame"",""exposedKing"",""long"",""mate"",""mateIn3""}",Checkmate in three — calculate the forcing line all the way to mate.,true,lichess,aX4T6,31350,96,{}
lc_9fkxf,r4kr1/1b2qp1R/1pp1p3/p7/3P4/Q7/PPP2PP1/1K5R w - - 5 28,"{""h7f7"",""f8f7"",""h1h7""}",queen,10,intermediate,Queen 10 · Pin,pin,White to move.,1601,Club,"{""attraction"",""crushing"",""middlegame"",""pin"",""sacrifice"",""short""}",A pin — the attacked piece can't move without exposing a more valuable piece behind it.,true,lichess,9fkxf,36778,95,{}
lc_9adJG,3r1b2/1pk3p1/2p4p/4p3/p1b1P3/P1N1B3/1P4PP/2KR4 w - - 2 27,"{""e3b6"",""c7b6"",""d1d8""}",queen,10,intermediate,Queen 10 · Deflection,deflection,White to move.,1601,Club,"{""advantage"",""deflection"",""endgame"",""short""}",A deflection — lure a defending piece away from the square it was guarding.,true,lichess,9adJG,33614,97,{}
lc_f6l2i,3r2k1/5pp1/2Q4p/8/1P6/5qP1/5P1P/2R3K1 b - - 0 36,"{""d8d1"",""c1d1"",""f3c6""}",queen,10,intermediate,Queen 10 · Deflection,deflection,Black to move.,1601,Club,"{""advantage"",""deflection"",""endgame"",""short""}",A deflection — lure a defending piece away from the square it was guarding.,true,lichess,f6l2i,32983,96,{}
lc_DDPRJ,8/1bp2pk1/pp1p1bp1/8/5P1Q/3Bq2P/P1P2NPK/8 w - - 3 29,"{""h4f6"",""g7f6"",""f2g4"",""f6g7"",""g4e3""}",queen,10,intermediate,Queen 10 · Fork,fork,White to move.,1601,Club,"{""advantage"",""attraction"",""endgame"",""fork"",""long"",""sacrifice""}","A fork — one piece attacks two enemy pieces at once, forcing a material win.",true,lichess,DDPRJ,32644,95,{}
lc_Olw7X,r5k1/ppp2pPp/2n5/3Nr3/2B1Npbq/3Pb3/PPP3PP/R3QR1K b - - 6 17,"{""h4h2"",""h1h2"",""e5h5"",""e1h4"",""h5h4""}",queen,10,intermediate,Queen 10 · Mate In3,mateIn3,Black to move.,1601,Club,"{""attraction"",""kingsideAttack"",""long"",""mate"",""mateIn3"",""middlegame"",""pillsburysMate"",""sacrifice""}",Checkmate in three — calculate the forcing line all the way to mate.,true,lichess,Olw7X,32585,95,"{""Bishops_Opening"",""Bishops_Opening_Other_variations""}"
lc_JDHZK,r1b2rk1/pp5p/3Qpn2/4R3/2P4P/P4pPq/1P3P2/3R2K1 w - - 8 33,"{""e5g5"",""g8f7"",""d6c7"",""c8d7"",""d1d7"",""f6d7"",""c7d7"",""f7f6"",""d7g7""}",queen,10,intermediate,Queen 10 · Kingside Attack,kingsideAttack,White to move.,1602,Club,"{""kingsideAttack"",""master"",""mate"",""mateIn5"",""middlegame"",""triangleMate"",""veryLong""}",Find the strongest continuation and seize the advantage.,true,lichess,JDHZK,38851,96,{}
lc_iVsA8,6k1/3bppbp/3p2p1/2pPn3/1pP1P3/1P3PP1/rB1N2BP/1Q4K1 b - - 1 23,"{""a2b2"",""b1b2"",""e5f3"",""d2f3"",""g7b2""}",queen,10,intermediate,Queen 10 · Discovered Attack,discoveredAttack,Black to move.,1602,Club,"{""advantage"",""discoveredAttack"",""long"",""middlegame""}",A discovered attack — moving one piece uncovers a deadly attack from another.,true,lichess,iVsA8,37284,95,{}
lc_kgIDG,6k1/bpp5/p1np2B1/4p3/1P6/2P3P1/P4r1P/R4RK1 b - - 0 25,"{""f2f6"",""g1g2"",""f6g6""}",queen,10,intermediate,Queen 10 · Discovered Attack,discoveredAttack,Black to move.,1602,Club,"{""advantage"",""collinearMove"",""discoveredAttack"",""discoveredCheck"",""endgame"",""short""}",A discovered attack — moving one piece uncovers a deadly attack from another.,true,lichess,kgIDG,37284,95,{}
lc_nqeVC,r1b3k1/pp2ppb1/2np2p1/3q2N1/8/5B2/P2B1PPP/R1Q1K2R b KQ - 2 16,"{""d5e5"",""d2e3"",""e5a1"",""c1a1"",""g7a1""}",queen,10,intermediate,Queen 10 · Advantage,advantage,Black to move.,1602,Club,"{""advantage"",""long"",""middlegame""}",Find the strongest continuation and seize the advantage.,true,lichess,nqeVC,36107,95,"{""Sicilian_Defense"",""Sicilian_Defense_Delayed_Alapin""}"
lc_cgfjZ,rn1q1rk1/1p2bpp1/p4nbp/4N3/4P1PB/2NB3P/PPP5/R2Q1RK1 b - - 0 15,"{""d8d4"",""g1g2"",""d4e5""}",queen,10,intermediate,Queen 10 · Fork,fork,Black to move.,1602,Club,"{""advantage"",""fork"",""opening"",""short""}","A fork — one piece attacks two enemy pieces at once, forcing a material win.",true,lichess,cgfjZ,35733,96,"{""Sicilian_Defense"",""Sicilian_Defense_Najdorf_Variation""}"
lc_ZT4bI,2kr1b1r/B1p2ppp/1p2pn2/3q4/6b1/3B2Q1/PPP1N1PP/R3K2R w KQ - 0 13,"{""d3a6"",""c8d7"",""a1d1"",""f8b4"",""c2c3"",""b4d6"",""d1d5""}",queen,10,intermediate,Queen 10 · Pin,pin,White to move.,1602,Club,"{""advantage"",""middlegame"",""pin"",""veryLong""}",A pin — the attacked piece can't move without exposing a more valuable piece behind it.,true,lichess,ZT4bI,34354,96,"{""Blackmar-Diemer_Gambit"",""Blackmar-Diemer_Gambit_Ryder_Gambit""}"
lc_UburM,6k1/6pp/nNp5/4pP2/2P1P2P/P2rb1P1/5BK1/R7 b - - 2 43,"{""d3d2"",""a1f1"",""e3b6""}",queen,10,intermediate,Queen 10 · Pin,pin,Black to move.,1602,Club,"{""advantage"",""endgame"",""pin"",""short""}",A pin — the attacked piece can't move without exposing a more valuable piece behind it.,true,lichess,UburM,33891,96,{}
lc_7CZut,r4r2/ppp3pp/6k1/3R4/5Q2/8/P1P2KPP/7q w - - 9 29,"{""d5g5"",""g6h6"",""g5f5"",""g7g5"",""f4g5""}",queen,10,intermediate,Queen 10 · Mate In3,mateIn3,White to move.,1603,Club,"{""discoveredAttack"",""discoveredCheck"",""endgame"",""exposedKing"",""long"",""mate"",""mateIn3""}",Checkmate in three — calculate the forcing line all the way to mate.,true,lichess,7CZut,33312,97,{}
lc_oQZaV,r2q1k1r/1p1b2p1/p1nppp1p/4p2B/4P3/1PN5/P1PQ1PPP/3R1R1K w - - 2 17,"{""d2d6"",""d8e7"",""d6d7"",""a8d8"",""d7e7""}",queen,10,intermediate,Queen 10 · Advantage,advantage,White to move.,1604,Club,"{""advantage"",""long"",""middlegame""}",Find the strongest continuation and seize the advantage.,true,lichess,oQZaV,34823,95,"{""Pirc_Defense"",""Pirc_Defense_Other_variations""}"
lc_lbQVq,r7/1p1k4/3bpp2/6p1/3P3p/r1B1P2P/4KPP1/R1R5 b - - 1 28,"{""a3c3"",""c1c3"",""a8a1""}",queen,10,intermediate,Queen 10 · Discovered Attack,discoveredAttack,Black to move.,1605,Club,"{""advantage"",""capturingDefender"",""deflection"",""discoveredAttack"",""endgame"",""short""}",A discovered attack — moving one piece uncovers a deadly attack from another.,true,lichess,lbQVq,32984,95,{}
lc_3EEmO,r1b1k2r/pp3npp/2nq4/4p2Q/2B1P3/2P5/P4PPP/R3K2R w KQkq - 0 13,"{""h5f7"",""e8d8"",""a1d1""}",queen,10,intermediate,Queen 10 · Pin,pin,White to move.,1605,Club,"{""attackingF2F7"",""crushing"",""middlegame"",""pin"",""short""}",A pin — the attacked piece can't move without exposing a more valuable piece behind it.,true,lichess,3EEmO,31300,96,"{""Sicilian_Defense"",""Sicilian_Defense_Smith-Morra_Gambit""}"
lc_ecMOU,6R1/1p1r2p1/p1p2P1p/7k/3p4/3K4/P7/8 w - - 0 44,"{""g8g7"",""d7d6"",""f6f7"",""d6f6"",""d3d4""}",queen,10,intermediate,Queen 10 · Advanced Pawn,advancedPawn,White to move.,1606,Club,"{""advancedPawn"",""advantage"",""endgame"",""long"",""rookEndgame""}",An advanced pawn — push the passer or use its threats to win material.,true,lichess,ecMOU,48482,96,{}
lc_Mf6t4,4rk2/5p1p/p5p1/2q5/1p1n2P1/5B2/PP1Q2KP/3N3R b - - 4 33,"{""d4f3"",""g2f3"",""c5c6"",""f3g3"",""c6h1""}",queen,10,intermediate,Queen 10 · Skewer,skewer,Black to move.,1606,Club,"{""attraction"",""crushing"",""long"",""middlegame"",""skewer""}","A skewer — the higher-value piece is forced to move, losing the piece behind it.",true,lichess,Mf6t4,33091,96,{}
lc_CUzdk,1k4r1/1bpR2Bp/p7/np6/5Q2/8/q1P2P1P/2K5 w - - 5 28,"{""f4c7"",""b8a7"",""g7d4"",""a7a8"",""d7d8"",""g8d8"",""c7d8"",""b7c8"",""d8c8""}",queen,10,intermediate,Queen 10 · Mate,mate,White to move.,1607,Club,"{""mate"",""mateIn5"",""middlegame"",""veryLong""}",Find the strongest continuation and seize the advantage.,true,lichess,CUzdk,49672,97,{}
lc_HSlCI,r4rk1/2q2ppp/4pb2/8/ppPnN3/P3BP2/6PP/1R2QRK1 w - - 0 21,"{""e4f6"",""g7f6"",""e3d4""}",queen,10,intermediate,Queen 10 · Crushing,crushing,White to move.,1607,Club,"{""crushing"",""kingsideAttack"",""middlegame"",""short""}",Find the strongest continuation and seize the advantage.,true,lichess,HSlCI,34516,95,{}
lc_XQnXM,2r3k1/5pp1/Q2p1q1p/4p3/1P2n3/3RB3/R1r2PPP/6K1 w - - 4 29,"{""a2c2"",""c8c2"",""a6a8"",""g8h7"",""a8e4""}",queen,10,intermediate,Queen 10 · Fork,fork,White to move.,1607,Club,"{""advantage"",""fork"",""long"",""middlegame""}","A fork — one piece attacks two enemy pieces at once, forcing a material win.",true,lichess,XQnXM,32831,95,{}
lc_Vv0In,r1bq1rk1/1p2bppp/3p1n2/1P2p3/1n2P3/3P1N2/B4PPP/RNBQR1K1 w - - 1 14,"{""a2f7"",""f8f7"",""a1a8""}",queen,10,intermediate,Queen 10 · Discovered Attack,discoveredAttack,White to move.,1607,Club,"{""crushing"",""discoveredAttack"",""opening"",""short""}",A discovered attack — moving one piece uncovers a deadly attack from another.,true,lichess,Vv0In,32715,95,"{""Italian_Game"",""Italian_Game_Two_Knights_Defense""}"
lc_Bhakk,2r3r1/4qp1k/p3pb2/1p1p1p1N/1P1P1B2/P3P2P/4QPP1/3R2K1 w - - 6 33,"{""h5f6"",""e7f6"",""e2h5"",""h7g7"",""f4e5"",""f6e5"",""d4e5""}",queen,10,intermediate,Queen 10 · Pin,pin,White to move.,1607,Club,"{""clearance"",""crushing"",""exposedKing"",""middlegame"",""pin"",""veryLong""}",A pin — the attacked piece can't move without exposing a more valuable piece behind it.,true,lichess,Bhakk,32295,95,{}
lc_0zMdF,3rr3/Qp3ppk/2q1p2p/8/3R4/2P3P1/1P3P1P/5RK1 b - - 3 29,"{""d8a8"",""a7a8"",""e8a8""}",queen,10,intermediate,Queen 10 · Trapped Piece,trappedPiece,Black to move.,1607,Club,"{""advantage"",""endgame"",""short"",""trappedPiece""}",A trapped piece — the enemy piece has no safe squares and can be won.,true,lichess,0zMdF,32016,95,{}
lc_c0DS0,2kr1bnr/ppp1pppp/2n5/8/8/6N1/PPPPBPqP/R1BQK2R w KQ - 0 9,"{""e2f3"",""g2h3"",""f3g4"",""h3g4"",""d1g4""}",queen,10,intermediate,Queen 10 · Fork,fork,White to move.,1607,Club,"{""crushing"",""fork"",""long"",""opening""}","A fork — one piece attacks two enemy pieces at once, forcing a material win.",true,lichess,c0DS0,31821,95,"{""Zukertort_Opening"",""Zukertort_Opening_Tennison_Gambit""}"
lc_8C6Tw,3rk2r/p1p2pp1/1p2p2p/8/2n5/2q2N2/P1P1QPPP/1R3RK1 w k - 2 17,"{""b1b3"",""c3a5"",""e2c4""}",queen,10,intermediate,Queen 10 · Advantage,advantage,White to move.,1607,Club,"{""advantage"",""middlegame"",""short""}",Find the strongest continuation and seize the advantage.,true,lichess,8C6Tw,31375,94,"{""English_Defense"",""English_Defense_Other_variations""}"
lc_EwzMT,2q5/5p2/6kp/1P4p1/8/5Q2/5K2/8 w - - 6 58,"{""f3c6"",""c8e6"",""c6e6""}",queen,10,intermediate,Queen 10 · Queen Endgame,queenEndgame,White to move.,1607,Club,"{""crushing"",""endgame"",""queenEndgame"",""short""}",A queen endgame — checks and centralisation steer the result.,true,lichess,EwzMT,31366,95,{}
lc_EyofM,6rk/1pq4p/p1r2p1P/4pQ2/8/1NP5/PP3P2/3RnK2 w - - 0 28,"{""d1d7"",""c7d7"",""f5d7""}",queen,10,intermediate,Queen 10 · Advantage,advantage,White to move.,1607,Club,"{""advantage"",""middlegame"",""short""}",Find the strongest continuation and seize the advantage.,true,lichess,EyofM,31285,94,{}
lc_3Wm6K,4r1k1/pp3pp1/3r3p/8/1P1pqP2/P1bRP2P/2N1Q1P1/3R3K w - - 2 27,"{""d3c3"",""d4c3"",""d1d6""}",queen,10,intermediate,Queen 10 · Discovered Attack,discoveredAttack,White to move.,1608,Club,"{""advantage"",""discoveredAttack"",""middlegame"",""short""}",A discovered attack — moving one piece uncovers a deadly attack from another.,true,lichess,3Wm6K,37702,95,{}
lc_y9ImD,2b3k1/p4r2/6p1/2p5/2PbNp1q/3P4/PP4PP/R3QB1K b - - 3 29,"{""h4h2"",""h1h2"",""f7h7"",""e1h4"",""h7h4""}",queen,10,intermediate,Queen 10 · Mate In3,mateIn3,Black to move.,1608,Club,"{""attraction"",""kingsideAttack"",""long"",""master"",""mate"",""mateIn3"",""middlegame"",""pillsburysMate"",""sacrifice""}",Checkmate in three — calculate the forcing line all the way to mate.,true,lichess,y9ImD,31388,96,{}
lc_n8azh,r1bq1rk1/3pbppp/p3p3/8/B3n3/4BN2/4QPPP/RR4K1 w - - 0 17,"{""e3b6"",""d8e8"",""e2e4""}",queen,10,intermediate,Queen 10 · Discovered Attack,discoveredAttack,White to move.,1609,Club,"{""advantage"",""discoveredAttack"",""middlegame"",""short""}",A discovered attack — moving one piece uncovers a deadly attack from another.,true,lichess,n8azh,39510,95,"{""Sicilian_Defense"",""Sicilian_Defense_Smith-Morra_Gambit""}"
lc_11f6q,r2qkbnr/pQp3pp/2n2p2/3p3b/3P4/2P1P1BP/PP3Pp1/RN2KB1R w KQkq - 0 10,"{""b7c6"",""e8f7"",""f1g2""}",queen,10,intermediate,Queen 10 · Hanging Piece,hangingPiece,White to move.,1609,Club,"{""advantage"",""hangingPiece"",""intermezzo"",""middlegame"",""short""}",A hanging piece — an undefended enemy piece is free to capture.,true,lichess,11f6q,34845,96,"{""Queens_Pawn_Game"",""Queens_Pawn_Game_Accelerated_London_System""}"
lc_u4Oz9,r1b1rk2/ppp1bppB/2n5/4R3/3P2P1/2P2P1q/PPQB3P/5RK1 w - - 1 20,"{""e5h5"",""c8g4"",""h5h3""}",queen,10,intermediate,Queen 10 · Trapped Piece,trappedPiece,White to move.,1609,Club,"{""advantage"",""middlegame"",""short"",""trappedPiece""}",A trapped piece — the enemy piece has no safe squares and can be won.,true,lichess,u4Oz9,34464,95,"{""Russian_Game"",""Russian_Game_Other_variations""}"
lc_KeXrr,3nq3/pp4kp/2pp2p1/5p2/3P1N1Q/1PP2P1P/P2K2P1/8 w - - 0 26,"{""h4d8"",""e8d8"",""f4e6"",""g7f6"",""e6d8""}",queen,10,intermediate,Queen 10 · Fork,fork,White to move.,1609,Club,"{""attraction"",""crushing"",""endgame"",""fork"",""long"",""sacrifice""}","A fork — one piece attacks two enemy pieces at once, forcing a material win.",true,lichess,KeXrr,33233,96,{}
lc_KgykX,r2qr1k1/2p2p1p/p2p1bp1/1p1P1P2/6P1/3QB2P/PPP5/2KR3R b - - 0 17,"{""e8e3"",""d3e3"",""f6g5"",""e3g5"",""d8g5""}",queen,10,intermediate,Queen 10 · Pin,pin,Black to move.,1609,Club,"{""advantage"",""long"",""middlegame"",""pin"",""sacrifice""}",A pin — the attacked piece can't move without exposing a more valuable piece behind it.,true,lichess,KgykX,33063,95,"{""Scotch_Game"",""Scotch_Game_Other_variations""}"
lc_OPPFW,5rk1/4bppp/3p4/1Pp1n3/5n1P/R7/1P1N1PP1/r1BQ2K1 b - - 3 22,"{""a1c1"",""d1c1"",""f4e2"",""g1f1"",""e2c1""}",queen,10,intermediate,Queen 10 · Fork,fork,Black to move.,1609,Club,"{""attraction"",""crushing"",""fork"",""long"",""middlegame"",""pin"",""sacrifice""}","A fork — one piece attacks two enemy pieces at once, forcing a material win.",true,lichess,OPPFW,32274,96,{}
lc_17bq7,8/8/p3r1p1/6k1/Pq5p/5Q1P/6P1/5R1K w - - 0 52,"{""f3d5"",""g5h6"",""d5e6""}",queen,10,intermediate,Queen 10 · Fork,fork,White to move.,1609,Club,"{""crushing"",""endgame"",""fork"",""master"",""short""}","A fork — one piece attacks two enemy pieces at once, forcing a material win.",true,lichess,17bq7,31720,96,{}
lc_jO7rD,7k/1bp3q1/p6p/1p1p2nN/1P1Pp3/P1P1P2P/5QP1/3B2K1 b - - 8 35,"{""g5h3"",""g1f1"",""h3f2"",""h5g7"",""f2d1""}",queen,10,intermediate,Queen 10 · Pin,pin,Black to move.,1609,Club,"{""crushing"",""endgame"",""kingsideAttack"",""long"",""pin""}",A pin — the attacked piece can't move without exposing a more valuable piece behind it.,true,lichess,jO7rD,31705,96,{}
lc_vNiNu,rn1q1rk1/p5bp/1p4p1/2P1Pp2/5P2/3BBb1P/PP6/R2QK1R1 w Q - 0 17,"{""d3c4"",""g8h8"",""d1f3""}",queen,10,intermediate,Queen 10 · Advantage,advantage,White to move.,1609,Club,"{""advantage"",""intermezzo"",""middlegame"",""short""}",Find the strongest continuation and seize the advantage.,true,lichess,vNiNu,31553,95,"{""Modern_Defense"",""Modern_Defense_Three_Pawns_Attack""}"
lc_8EvuO,rn1r2k1/bbq2p2/p3p1nQ/1pp3N1/1P2P3/P1N5/5PPP/R3KB1R w KQ - 0 17,"{""h6h7"",""g8f8"",""g5e6"",""f7e6"",""h7c7""}",queen,10,intermediate,Queen 10 · Crushing,crushing,White to move.,1609,Club,"{""crushing"",""kingsideAttack"",""long"",""middlegame""}",Find the strongest continuation and seize the advantage.,true,lichess,8EvuO,31326,95,"{""Sicilian_Defense"",""Sicilian_Defense_Staunton-Cochrane_Variation""}"
lc_AmYp4,r4rk1/6p1/pp2p3/3P2q1/P2P3b/2PQ1p1p/1P3P1B/R5RK b - - 1 29,"{""g5g2"",""g1g2"",""f3g2"",""h1g1"",""h4f2""}",queen,10,intermediate,Queen 10 · Mate In3,mateIn3,Black to move.,1610,Club,"{""advancedPawn"",""collinearMove"",""exposedKing"",""kingsideAttack"",""long"",""mate"",""mateIn3"",""middlegame"",""sacrifice""}",Checkmate in three — calculate the forcing line all the way to mate.,true,lichess,AmYp4,42935,97,{}
lc_UGkmy,rn2r3/1p3ppk/p1p4p/3pP1q1/3P3N/P3Q1P1/3B1P1P/4RK2 w - - 1 27,"{""e3d3"",""h7g8"",""d2g5""}",queen,10,intermediate,Queen 10 · Discovered Attack,discoveredAttack,White to move.,1610,Club,"{""crushing"",""discoveredAttack"",""middlegame"",""short""}",A discovered attack — moving one piece uncovers a deadly attack from another.,true,lichess,UGkmy,37033,96,{}
lc_A06e2,7r/pb2nkb1/1pn5/2p1p3/2Pp1pP1/PN1P1P1p/1PNBPq2/3K1BRQ w - - 4 29,"{""d2e1"",""f2g1"",""h1g1""}",queen,10,intermediate,Queen 10 · Trapped Piece,trappedPiece,White to move.,1610,Club,"{""advantage"",""middlegame"",""short"",""trappedPiece""}",A trapped piece — the enemy piece has no safe squares and can be won.,true,lichess,A06e2,35143,95,{}
lc_8R7Z8,rnbq1rk1/pp2bppp/5n2/4N1B1/2B5/4P3/PPQ2PPP/RN2K2R b KQ - 0 10,"{""d8a5"",""b1c3"",""a5e5""}",queen,10,intermediate,Queen 10 · Fork,fork,Black to move.,1610,Club,"{""advantage"",""fork"",""opening"",""short""}","A fork — one piece attacks two enemy pieces at once, forcing a material win.",true,lichess,8R7Z8,34413,95,"{""Queens_Gambit_Declined"",""Queens_Gambit_Declined_Other_variations""}"
lc_m2Qtf,6k1/ppq2p1p/2p1pQp1/4Nb2/3r1r1P/1B1PR1P1/PPP5/R6K b - - 0 29,"{""f5e4"",""e3e4"",""f4f6""}",queen,10,intermediate,Queen 10 · Discovered Attack,discoveredAttack,Black to move.,1610,Club,"{""crushing"",""discoveredAttack"",""middlegame"",""short""}",A discovered attack — moving one piece uncovers a deadly attack from another.,true,lichess,m2Qtf,33616,96,{}
lc_6pHgg,8/p6p/3q1kp1/1ppP1p1P/2P5/3B2P1/P3QP1K/2r5 w - - 0 32,"{""e2b2"",""d6e5"",""b2c1""}",queen,10,intermediate,Queen 10 · Fork,fork,White to move.,1610,Club,"{""crushing"",""endgame"",""fork"",""short""}","A fork — one piece attacks two enemy pieces at once, forcing a material win.",true,lichess,6pHgg,33521,96,{}
lc_eC2R0,r1bqk1nr/ppp1nppp/8/3P4/1b2p3/2N5/PP2BPPP/R1BQK1NR w KQkq - 1 8,"{""d1a4"",""c7c6"",""a4b4""}",queen,10,intermediate,Queen 10 · Fork,fork,White to move.,1611,Club,"{""advantage"",""fork"",""opening"",""short""}","A fork — one piece attacks two enemy pieces at once, forcing a material win.",true,lichess,eC2R0,34840,95,"{""French_Defense"",""French_Defense_Diemer-Duhm_Gambit_Accepted""}"
lc_z1P4W,8/pp6/4pk2/5p1P/2P2K2/1P6/P7/8 b - - 0 36,"{""e6e5"",""f4g3"",""f6g5""}",queen,10,intermediate,Queen 10 · Pawn Endgame,pawnEndgame,Black to move.,1611,Club,"{""crushing"",""endgame"",""pawnEndgame"",""short""}",A pawn endgame — king opposition and the square of the pawn decide it.,true,lichess,z1P4W,32472,96,{}
lc_pDGir,4bk2/1R3p2/4p1p1/4K2p/1r2BP2/1P4P1/7P/8 b - - 11 40,"{""b4e4"",""e5e4"",""e8c6"",""e4e5"",""c6b7""}",queen,10,intermediate,Queen 10 · Fork,fork,Black to move.,1611,Club,"{""attraction"",""crushing"",""endgame"",""fork"",""long"",""sacrifice""}","A fork — one piece attacks two enemy pieces at once, forcing a material win.",true,lichess,pDGir,31894,96,{}
lc_zLLUb,6k1/p5p1/1pqNp2p/3nPp1Q/5P2/6P1/PP4PK/8 w - - 6 33,"{""h5f7"",""g8h7"",""d6e8"",""c6e8"",""f7e8""}",queen,10,intermediate,Queen 10 · Endgame,endgame,White to move.,1612,Club,"{""crushing"",""endgame"",""long""}",An endgame technique — precise play with few pieces where every tempo counts.,true,lichess,zLLUb,36558,95,{}
lc_dSRgK,r1bq1rk1/2p2ppp/p1np4/1p2p3/1PB1n3/P1P2N2/1BP2PPP/R2Q1RK1 w - b6 0 11,"{""c4d5"",""e4c3"",""b2c3""}",queen,10,intermediate,Queen 10 · Fork,fork,White to move.,1612,Club,"{""advantage"",""fork"",""opening"",""short""}","A fork — one piece attacks two enemy pieces at once, forcing a material win.",true,lichess,dSRgK,36353,95,"{""Four_Knights_Game"",""Four_Knights_Game_Other_variations""}"
lc_w5YIq,rn1q3r/pppn2k1/8/1P1Ppp2/7p/B3P1P1/P3B1PK/R2Q1RN1 b - - 0 24,"{""h4g3"",""h2g3"",""d8h4"",""g3f3"",""e5e4""}",queen,10,intermediate,Queen 10 · Mate In3,mateIn3,Black to move.,1612,Club,"{""discoveredCheck"",""doubleCheck"",""long"",""mate"",""mateIn3"",""opening""}",Checkmate in three — calculate the forcing line all the way to mate.,true,lichess,w5YIq,34097,96,{}
lc_t3HKA,1r4k1/3q1ppn/2pp3p/B7/4PP2/bP4P1/P1Q3BP/3R2K1 b - - 0 29,"{""d7a7"",""g1h1"",""a7a5""}",queen,10,intermediate,Queen 10 · Fork,fork,Black to move.,1612,Club,"{""advantage"",""fork"",""middlegame"",""short""}","A fork — one piece attacks two enemy pieces at once, forcing a material win.",true,lichess,t3HKA,32326,96,{}
lc_xnDZn,3r1rk1/p1Rp1pbp/1p4p1/qQ6/3N4/4PBP1/1P5P/5RK1 b - - 4 21,"{""g7d4"",""b5a5"",""d4e3"",""g1h1"",""b6a5""}",queen,10,intermediate,Queen 10 · Sacrifice,sacrifice,Black to move.,1612,Club,"{""advantage"",""long"",""middlegame"",""sacrifice""}",A sacrifice — give up material to gain a decisive tactical or positional advantage.,true,lichess,xnDZn,32165,95,{}
lc_q8FGQ,8/p6p/2p2kp1/5p2/2r1pN1P/1r6/1P1KP2R/1R6 b - - 1 32,"{""e4e3"",""d2d1"",""c4f4""}",queen,10,intermediate,Queen 10 · Discovered Attack,discoveredAttack,Black to move.,1613,Club,"{""crushing"",""discoveredAttack"",""endgame"",""short""}",A discovered attack — moving one piece uncovers a deadly attack from another.,true,lichess,q8FGQ,34567,95,{}
lc_ys6OB,5rk1/p5q1/1pn2r2/3R4/6bQ/5N2/PP3PPP/R6K w - - 3 24,"{""d5g5"",""f6g6"",""h4g4""}",queen,10,intermediate,Queen 10 · Pin,pin,White to move.,1613,Club,"{""advantage"",""middlegame"",""pin"",""short""}",A pin — the attacked piece can't move without exposing a more valuable piece behind it.,true,lichess,ys6OB,31527,96,{}
lc_aiRTw,4r1k1/p3Qppp/6q1/8/8/1P2P1P1/PB1R1PKP/8 b - - 0 24,"{""g6c6"",""g2g1"",""e8e7"",""d2d8"",""e7e8""}",queen,10,intermediate,Queen 10 · Endgame,endgame,Black to move.,1614,Club,"{""advantage"",""endgame"",""intermezzo"",""long""}",An endgame technique — precise play with few pieces where every tempo counts.,true,lichess,aiRTw,44493,95,{}
lc_SA24Y,1k1r4/2p4p/1pb3q1/pN6/P3p1Q1/2PPb1P1/1P2B1KP/R4R2 b - - 0 27,"{""e4d3"",""e2f3"",""g6g4""}",queen,10,intermediate,Queen 10 · Pin,pin,Black to move.,1614,Club,"{""crushing"",""discoveredAttack"",""discoveredCheck"",""middlegame"",""pin"",""short""}",A pin — the attacked piece can't move without exposing a more valuable piece behind it.,true,lichess,SA24Y,35916,96,{}
lc_5fMSb,r4rk1/p1p2ppp/1p3b2/3qp3/1P6/P4QP1/1BP4P/R3K1NR b KQ - 1 18,"{""e5e4"",""f3b3"",""d5b3"",""c2b3"",""f6b2""}",queen,10,intermediate,Queen 10 · Advantage,advantage,Black to move.,1614,Club,"{""advantage"",""capturingDefender"",""long"",""middlegame""}",Find the strongest continuation and seize the advantage.,true,lichess,5fMSb,33144,96,"{""Center_Game"",""Center_Game_Berger_Variation""}"
lc_341Vh,8/8/8/8/n1P5/1N1K4/p7/5k2 b - c3 0 60,"{""a4c5"",""b3c5"",""a2a1q""}",queen,10,intermediate,Queen 10 · Deflection,deflection,Black to move.,1614,Club,"{""advancedPawn"",""crushing"",""deflection"",""endgame"",""knightEndgame"",""promotion"",""short""}",A deflection — lure a defending piece away from the square it was guarding.,true,lichess,341Vh,33036,95,{}
lc_ygXth,r5k1/1ppR1pp1/p6p/4r1q1/2P5/P4Q2/5PPP/5RK1 w - - 0 22,"{""f3f7"",""g8h7"",""f2f4""}",queen,10,intermediate,Queen 10 · Endgame,endgame,White to move.,1614,Club,"{""crushing"",""endgame"",""short""}",An endgame technique — precise play with few pieces where every tempo counts.,true,lichess,ygXth,31330,95,{}
lc_nlWDn,8/pB1knQ2/1p2q1p1/5p2/8/6P1/P4PKP/8 w - - 4 33,"{""b7c8"",""d7c8"",""f7e6""}",queen,10,intermediate,Queen 10 · Pin,pin,White to move.,1615,Club,"{""attraction"",""crushing"",""deflection"",""endgame"",""pin"",""short""}",A pin — the attacked piece can't move without exposing a more valuable piece behind it.,true,lichess,nlWDn,38115,97,{}
lc_qs02B,4B3/Q4pk1/4p2p/3p2p1/3P3n/2P1nPqP/5RP1/6K1 b - - 11 46,"{""h4f3"",""f2f3"",""g3g2""}",queen,10,intermediate,Queen 10 · Mate In2,mateIn2,Black to move.,1615,Club,"{""deflection"",""endgame"",""mate"",""mateIn2"",""pin"",""short""}",Checkmate in two — a forced sequence that delivers checkmate on move two.,true,lichess,qs02B,33860,96,{}
lc_fDvo2,r1b3k1/pp3p1p/2p3p1/5r2/2B1N1nq/2P2Q1P/PP3P2/R4RK1 w - - 2 19,"{""f3g4"",""h4g4"",""h3g4""}",queen,10,intermediate,Queen 10 · Advantage,advantage,White to move.,1615,Club,"{""advantage"",""middlegame"",""short""}",Find the strongest continuation and seize the advantage.,true,lichess,fDvo2,33279,94,"{""London_System"",""London_System_Other_variations""}"
lc_k5aS5,q4rk1/3R1p2/4pPp1/2p2n1p/1pP2Q1P/1P4P1/rB2RP2/6K1 b - - 0 32,"{""a2b2"",""e2b2"",""a8a1"",""g1g2"",""a1b2""}",queen,10,intermediate,Queen 10 · Fork,fork,Black to move.,1616,Club,"{""attraction"",""clearance"",""crushing"",""fork"",""long"",""middlegame"",""sacrifice""}","A fork — one piece attacks two enemy pieces at once, forcing a material win.",true,lichess,k5aS5,35401,96,{}
lc_qeYnk,1k1r3r/2pp1ppp/bp2pb2/1N1P4/2P1P3/P2B1QP1/RP5q/4KR2 w - - 2 22,"{""f1h1"",""h2h1"",""f3h1""}",queen,10,intermediate,Queen 10 · Trapped Piece,trappedPiece,White to move.,1616,Club,"{""advantage"",""middlegame"",""short"",""trappedPiece""}",A trapped piece — the enemy piece has no safe squares and can be won.,true,lichess,qeYnk,33980,95,{}
lc_jW2fJ,rn1qk2r/1bp1bppp/p2pp3/1p1nP3/3PBB2/2N2N2/PPP2PPP/R2Q1RK1 b kq - 1 9,"{""d5c3"",""b2c3"",""b7e4""}",queen,10,intermediate,Queen 10 · Discovered Attack,discoveredAttack,Black to move.,1616,Club,"{""capturingDefender"",""crushing"",""discoveredAttack"",""opening"",""short""}",A discovered attack — moving one piece uncovers a deadly attack from another.,true,lichess,jW2fJ,33195,96,"{""St_George_Defense"",""St_George_Defense_Polish_Variation""}"
lc_pJnwN,2k4r/p1p1r1p1/2pbR3/2Np4/3P2P1/2P2P2/PP3R1P/6K1 b - - 4 24,"{""d6c5"",""e6e7"",""c5e7""}",queen,10,intermediate,Queen 10 · Endgame,endgame,Black to move.,1616,Club,"{""advantage"",""endgame"",""short""}",An endgame technique — precise play with few pieces where every tempo counts.,true,lichess,pJnwN,32759,96,{}
lc_bfWs9,r1b2rk1/p1q2ppp/2pbpn2/3p4/3Q1B2/2PBP3/PP3PPP/RN3RK1 b - - 0 11,"{""e6e5"",""f4e5"",""d6e5""}",queen,10,intermediate,Queen 10 · Fork,fork,Black to move.,1616,Club,"{""crushing"",""fork"",""opening"",""short""}","A fork — one piece attacks two enemy pieces at once, forcing a material win.",true,lichess,bfWs9,32657,96,"{""Indian_Defense"",""Indian_Defense_Other_variations""}"
lc_ss3J6,3r3k/Qp1rnpp1/5q1p/3ppP2/B7/2PP2RP/PP4P1/5RK1 b - - 1 25,"{""b7b5"",""a7a5"",""b5a4""}",queen,10,intermediate,Queen 10 · Advantage,advantage,Black to move.,1616,Club,"{""advantage"",""middlegame"",""short""}",Find the strongest continuation and seize the advantage.,true,lichess,ss3J6,31633,96,{}
lc_L2fAB,6k1/1p1Qqpp1/pP4p1/2rRr3/4p1P1/P3P2P/5P2/5R1K w - - 4 31,"{""d7e7"",""e5e7"",""d5c5""}",queen,10,intermediate,Queen 10 · Endgame,endgame,White to move.,1617,Club,"{""capturingDefender"",""crushing"",""endgame"",""short""}",An endgame technique — precise play with few pieces where every tempo counts.,true,lichess,L2fAB,36806,96,{}
lc_4xDkR,r6r/pppk2pp/3bbn2/5p2/2P5/1P1BP3/P4PPP/RNB2RK1 b - - 0 11,"{""d6e5"",""b1c3"",""e5c3""}",queen,10,intermediate,Queen 10 · Advantage,advantage,Black to move.,1617,Club,"{""advantage"",""middlegame"",""short""}",Find the strongest continuation and seize the advantage.,true,lichess,4xDkR,35788,96,"{""Dutch_Defense"",""Dutch_Defense_Other_variations""}"
lc_5unA2,1k2r1r1/pb2qp2/1p1p4/2pPnB2/P1P5/2N3P1/1P2Q2P/2KR3R b - - 4 21,"{""e7g5"",""e2d2"",""g5f5""}",queen,10,intermediate,Queen 10 · Fork,fork,Black to move.,1617,Club,"{""advantage"",""fork"",""middlegame"",""short""}","A fork — one piece attacks two enemy pieces at once, forcing a material win.",true,lichess,5unA2,34815,95,{}
lc_bdb4S,1n1r1rk1/R4ppp/1R2p3/3qP3/2p2P2/2B5/1P2Q1PP/6K1 b - - 4 30,"{""d5c5"",""g1f1"",""c5b6""}",queen,10,intermediate,Queen 10 · Fork,fork,Black to move.,1617,Club,"{""crushing"",""fork"",""middlegame"",""short""}","A fork — one piece attacks two enemy pieces at once, forcing a material win.",true,lichess,bdb4S,34738,96,{}
lc_oFFMA,r2q1rk1/b1p2ppp/p1n5/1p1BP3/3Pn1b1/2N2N2/PP3PPP/R1BQ1RK1 b - - 0 13,"{""e4c3"",""b2c3"",""d8d5""}",queen,10,intermediate,Queen 10 · Advantage,advantage,Black to move.,1618,Club,"{""advantage"",""capturingDefender"",""intermezzo"",""opening"",""short""}",Find the strongest continuation and seize the advantage.,true,lichess,oFFMA,35485,96,"{""Ruy_Lopez"",""Ruy_Lopez_Morphy_Defense""}"
lc_tYI3Q,4R3/7k/1n1q1ppp/8/4B3/6PK/1QP2P2/3r4 b - - 0 32,"{""d6d7"",""h3h2"",""d7e8""}",queen,10,intermediate,Queen 10 · Fork,fork,Black to move.,1618,Club,"{""advantage"",""endgame"",""fork"",""short""}","A fork — one piece attacks two enemy pieces at once, forcing a material win.",true,lichess,tYI3Q,33812,95,{}
lc_HmCuM,6k1/p5p1/1p5p/3pr3/3N1K2/2r1P1PB/P6P/4R3 b - - 1 27,"{""e5e4"",""f4f3"",""e4d4""}",queen,10,intermediate,Queen 10 · Pin,pin,Black to move.,1618,Club,"{""crushing"",""endgame"",""pin"",""short""}",A pin — the attacked piece can't move without exposing a more valuable piece behind it.,true,lichess,HmCuM,33114,95,{}
lc_2xwuK,r2qr1k1/pp3pb1/3p1np1/2pP1bBp/2P1N2P/5B2/PP3PP1/R2QR1K1 w - - 1 15,"{""e4f6"",""g7f6"",""e1e8"",""d8e8"",""g5f6""}",queen,10,intermediate,Queen 10 · Fork,fork,White to move.,1618,Club,"{""crushing"",""discoveredAttack"",""fork"",""long"",""middlegame""}","A fork — one piece attacks two enemy pieces at once, forcing a material win.",true,lichess,2xwuK,33110,96,"{""Kings_Indian_Defense"",""Kings_Indian_Defense_Orthodox_Variation""}"
lc_nH8X4,1r1q1rk1/pp2bppp/4p3/5n2/3N2b1/1Q2B3/PP1NBPPP/3R1RK1 b - - 0 14,"{""f5d4"",""e3d4"",""g4e2""}",queen,10,intermediate,Queen 10 · Fork,fork,Black to move.,1618,Club,"{""advantage"",""capturingDefender"",""fork"",""middlegame"",""short""}","A fork — one piece attacks two enemy pieces at once, forcing a material win.",true,lichess,nH8X4,31484,96,"{""Caro-Kann_Defense"",""Caro-Kann_Defense_Exchange_Variation""}"
lc_GgDjs,k5q1/3Q3p/pp1pN3/2p5/P6n/1P6/1BP2PrP/1R2R2K b - - 0 26,"{""g2h2"",""h1h2"",""g8g2""}",queen,10,intermediate,Queen 10 · Mate In2,mateIn2,Black to move.,1618,Club,"{""attraction"",""kingsideAttack"",""mate"",""mateIn2"",""middlegame"",""sacrifice"",""short""}",Checkmate in two — a forced sequence that delivers checkmate on move two.,true,lichess,GgDjs,31452,96,{}
lc_zg8bj,2kr1b1r/pp1b1pp1/2n1p3/1Bq4p/1P6/2NPRN1P/P1P2PP1/R2Q2K1 b - b3 0 13,"{""c5c3"",""d3d4"",""c3b4""}",queen,10,intermediate,Queen 10 · Hanging Piece,hangingPiece,Black to move.,1620,Club,"{""advantage"",""hangingPiece"",""middlegame"",""short""}",A hanging piece — an undefended enemy piece is free to capture.,true,lichess,zg8bj,35926,95,"{""Scandinavian_Defense"",""Scandinavian_Defense_Modern_Variation""}"
lc_lUnKS,6k1/6p1/4NnQp/3p4/3P4/1q3P1P/6P1/6K1 b - - 4 37,"{""b3e3"",""g1h2"",""e3e6""}",queen,10,intermediate,Queen 10 · Fork,fork,Black to move.,1620,Club,"{""advantage"",""endgame"",""fork"",""short""}","A fork — one piece attacks two enemy pieces at once, forcing a material win.",true,lichess,lUnKS,35587,95,{}
lc_IX68C,3r1rk1/R4p1p/4pQp1/1p5q/4P3/P1Pn3P/BP4P1/5RK1 b - - 9 35,"{""h5c5"",""g1h1"",""c5a7""}",queen,10,intermediate,Queen 10 · Fork,fork,Black to move.,1620,Club,"{""crushing"",""fork"",""middlegame"",""short""}","A fork — one piece attacks two enemy pieces at once, forcing a material win.",true,lichess,IX68C,34452,96,{}
lc_QyBiW,4r3/R4ppk/qpQ3bp/3P4/8/8/PP3PPP/5RK1 b - - 0 27,"{""a6f1"",""g1f1"",""g6d3"",""f1g1"",""e8e1""}",queen,10,intermediate,Queen 10 · Mate In3,mateIn3,Black to move.,1621,Club,"{""attraction"",""backRankMate"",""endgame"",""long"",""mate"",""mateIn3"",""sacrifice""}",Checkmate in three — calculate the forcing line all the way to mate.,true,lichess,QyBiW,34519,95,{}
lc_fRRV1,2k5/p5pp/2PP4/8/1P3B1P/P7/2K5/5q2 w - - 0 37,"{""d6d7"",""c8d8"",""f4g5"",""d8c7"",""d7d8q""}",queen,10,intermediate,Queen 10 · Promotion,promotion,White to move.,1621,Club,"{""advancedPawn"",""crushing"",""endgame"",""exposedKing"",""long"",""promotion""}",Pawn promotion — advance the pawn to its final rank and choose your new piece wisely.,true,lichess,fRRV1,33037,97,{}
lc_AFqTt,3q2k1/5pbp/6p1/pB6/5P2/P1P4P/1P4Q1/6K1 b - - 0 30,"{""d8b6"",""g2f2"",""b6b5""}",queen,10,intermediate,Queen 10 · Fork,fork,Black to move.,1621,Club,"{""crushing"",""endgame"",""fork"",""short""}","A fork — one piece attacks two enemy pieces at once, forcing a material win.",true,lichess,AFqTt,32218,96,{}
lc_SM8u5,2r5/pp3kp1/2bbp2r/3p1pQP/5PP1/P3P3/1PR5/2R3K1 b - g3 0 27,"{""d6e7"",""g5h6"",""g7h6""}",queen,10,intermediate,Queen 10 · Trapped Piece,trappedPiece,Black to move.,1621,Club,"{""advantage"",""middlegame"",""short"",""trappedPiece""}",A trapped piece — the enemy piece has no safe squares and can be won.,true,lichess,SM8u5,31658,95,{}
lc_GGTHK,r1bqk2r/6pp/P1n2n2/1Bb2p2/3p1N2/5N2/PP3PPP/R1BQK2R b KQkq - 5 12,"{""d8a5"",""c1d2"",""a5b5""}",queen,10,intermediate,Queen 10 · Fork,fork,Black to move.,1621,Club,"{""advantage"",""fork"",""opening"",""short""}","A fork — one piece attacks two enemy pieces at once, forcing a material win.",true,lichess,GGTHK,31284,95,"{""English_Opening"",""English_Opening_Jaenisch_Gambit""}"
lc_P0Yzw,5k2/6p1/p4q1p/1p1Rp3/4Q3/2r3P1/P4P1P/6K1 w - - 0 37,"{""e4b4"",""f8g8"",""b4c3""}",queen,10,intermediate,Queen 10 · Fork,fork,White to move.,1622,Club,"{""crushing"",""endgame"",""fork"",""short""}","A fork — one piece attacks two enemy pieces at once, forcing a material win.",true,lichess,P0Yzw,36876,96,{}
lc_UmSf1,6rk/1q3p2/p4Nr1/4pQ1p/2Rp3P/bP4P1/P4P2/5RK1 b - - 0 28,"{""g6g3"",""f2g3"",""g8g3"",""g1f2"",""b7g2"",""f2e1"",""g3e3"",""e1d1"",""g2e2""}",queen,10,intermediate,Queen 10 · Sacrifice,sacrifice,Black to move.,1622,Club,"{""kingsideAttack"",""mate"",""mateIn5"",""middlegame"",""sacrifice"",""veryLong""}",A sacrifice — give up material to gain a decisive tactical or positional advantage.,true,lichess,UmSf1,36223,96,{}
lc_xDM8w,3r2k1/pb4pp/2n5/5p2/2p5/P1P2P2/1BP1R1PP/R2rN1K1 b - - 0 19,"{""d1a1"",""b2a1"",""d8d1"",""a1b2"",""d1b1""}",queen,10,intermediate,Queen 10 · Clearance,clearance,Black to move.,1622,Club,"{""advantage"",""clearance"",""long"",""middlegame""}",A clearance — vacate a square or line so another piece can strike.,true,lichess,xDM8w,31872,97,"{""French_Defense"",""French_Defense_Queens_Knight""}"
lc_Km0QH,r1b2rk1/ppp1qpp1/2p1Pn1p/2b5/2Q5/2N2N1P/PPP2PP1/R1B1R1K1 w - - 1 14,"{""e6f7"",""e7f7"",""c4c5""}",queen,10,intermediate,Queen 10 · Advanced Pawn,advancedPawn,White to move.,1622,Club,"{""advancedPawn"",""crushing"",""opening"",""short""}",An advanced pawn — push the passer or use its threats to win material.,true,lichess,Km0QH,31863,96,"{""Ruy_Lopez"",""Ruy_Lopez_Classical_Variation""}"
lc_o9CE9,2r1k2r/1p1qbp2/p3p2p/3pPbp1/N2P4/4B1QP/PP3PP1/2R2RK1 b k - 3 19,"{""c8c1"",""f1c1"",""d7a4"",""c1c8"",""e7d8""}",queen,10,intermediate,Queen 10 · Advantage,advantage,Black to move.,1622,Club,"{""advantage"",""long"",""middlegame""}",Find the strongest continuation and seize the advantage.,true,lichess,o9CE9,31352,94,"{""Scandinavian_Defense"",""Scandinavian_Defense_Other_variations""}"
lc_LUeAD,3r2k1/1R1B1pp1/1p5p/2b1P2P/2b1P3/5PPK/8/2B5 b - - 4 36,"{""d8d7"",""b7d7"",""c4e6"",""g3g4"",""e6d7""}",queen,10,intermediate,Queen 10 · Fork,fork,Black to move.,1623,Club,"{""attraction"",""crushing"",""endgame"",""fork"",""long"",""sacrifice""}","A fork — one piece attacks two enemy pieces at once, forcing a material win.",true,lichess,LUeAD,42279,95,{}
lc_HWxIA,r7/pp5r/4p1k1/3p1p2/3P2Pb/8/PP4QP/6K1 w - - 0 30,"{""g4f5"",""g6f5"",""g2c2"",""f5f6"",""c2h7""}",queen,10,intermediate,Queen 10 · Skewer,skewer,White to move.,1623,Club,"{""advantage"",""attraction"",""discoveredCheck"",""doubleCheck"",""endgame"",""long"",""skewer""}","A skewer — the higher-value piece is forced to move, losing the piece behind it.",true,lichess,HWxIA,37875,96,{}
lc_5GzSX,1k3r2/1ppnbpR1/p7/6p1/4P1P1/P2NBP2/2r5/R3KB2 b Q - 3 28,"{""e7f6"",""g7g5"",""f6a1""}",queen,10,intermediate,Queen 10 · Fork,fork,Black to move.,1623,Club,"{""advantage"",""fork"",""middlegame"",""short""}","A fork — one piece attacks two enemy pieces at once, forcing a material win.",true,lichess,5GzSX,33905,95,{}
lc_WMjKE,r3r1k1/p5bp/Pp1p4/1Q1Pp1q1/1P2Pn2/B3R1pP/6P1/R4NK1 b - - 4 27,"{""f4h3"",""g2h3"",""g3g2"",""f1g3"",""g5e3""}",queen,10,intermediate,Queen 10 · Sacrifice,sacrifice,Black to move.,1623,Club,"{""advancedPawn"",""crushing"",""kingsideAttack"",""long"",""master"",""masterVsMaster"",""middlegame"",""sacrifice""}",A sacrifice — give up material to gain a decisive tactical or positional advantage.,true,lichess,WMjKE,31666,95,{}
lc_vP5cY,r2q1rk1/2p1b1pp/p1b1p3/2P2p2/1p1P1P2/4PNQP/PB4P1/R3R1K1 w - - 2 22,"{""d4d5"",""e7f6"",""b2f6"",""d8f6"",""d5c6""}",queen,10,intermediate,Queen 10 · Pin,pin,White to move.,1623,Club,"{""crushing"",""long"",""middlegame"",""pin""}",A pin — the attacked piece can't move without exposing a more valuable piece behind it.,true,lichess,vP5cY,31637,95,{}
lc_CDErw,2r1nrk1/3q1pp1/6b1/6Pp/R2Pp3/2N1P2P/1P2QP1K/4NR2 b - - 4 31,"{""c8c3"",""b2c3"",""d7a4""}",queen,10,intermediate,Queen 10 · Advantage,advantage,Black to move.,1624,Club,"{""advantage"",""capturingDefender"",""middlegame"",""short""}",Find the strongest continuation and seize the advantage.,true,lichess,CDErw,33202,95,{}
lc_3vxlC,8/6bk/3p4/4q3/4P3/1Q1P4/6P1/3R3K b - - 0 43,"{""e5h5"",""h1g1"",""g7d4"",""g1f1"",""h5h1"",""f1e2"",""h1g2"",""e2e1"",""g2f2""}",queen,10,intermediate,Queen 10 · Deflection,deflection,Black to move.,1625,Club,"{""deflection"",""endgame"",""mate"",""mateIn5"",""veryLong""}",A deflection — lure a defending piece away from the square it was guarding.,true,lichess,3vxlC,37760,95,{}
lc_vXIKy,r2q1rk1/pbp3pp/1p1npp2/4N3/3P1P2/P1PB4/2Q2PPP/R4RK1 w - - 0 16,"{""d3h7"",""g8h8"",""e5g6"",""h8h7"",""g6f8"",""h7g8"",""f8e6""}",queen,10,intermediate,Queen 10 · Fork,fork,White to move.,1625,Club,"{""crushing"",""discoveredCheck"",""doubleCheck"",""fork"",""middlegame"",""veryLong""}","A fork — one piece attacks two enemy pieces at once, forcing a material win.",true,lichess,vXIKy,36147,96,"{""Queens_Gambit_Declined"",""Queens_Gambit_Declined_Harrwitz_Attack""}"
lc_msi9v,r1b1kb1Q/ppp5/2p3p1/8/5pq1/2PP2P1/P1P2P1P/R1B2K1R b q - 0 14,"{""g4d1"",""f1g2"",""f4f3""}",queen,10,intermediate,Queen 10 · Mate In2,mateIn2,Black to move.,1625,Club,"{""mate"",""mateIn2"",""middlegame"",""short""}",Checkmate in two — a forced sequence that delivers checkmate on move two.,true,lichess,msi9v,33447,95,"{""Ruy_Lopez"",""Ruy_Lopez_Schliemann_Defense""}"
lc_sGUNB,2k2r1r/npp5/p2p4/4P3/P7/2P3pP/1P1NQqP1/R3R2K b - - 2 26,"{""h8h3"",""g2h3"",""g3g2"",""h1h2"",""g2g1q""}",queen,10,intermediate,Queen 10 · Mate In3,mateIn3,Black to move.,1625,Club,"{""advancedPawn"",""discoveredCheck"",""doubleCheck"",""kingsideAttack"",""long"",""mate"",""mateIn3"",""middlegame"",""promotion"",""sacrifice""}",Checkmate in three — calculate the forcing line all the way to mate.,true,lichess,sGUNB,32239,96,{}
lc_MczyH,r1bqnrk1/pp3p2/2n1p1pp/3pb3/3N4/P1N3BP/1PP1BPP1/R2QR1K1 w - - 0 16,"{""d4c6"",""b7c6"",""g3e5""}",queen,10,intermediate,Queen 10 · Advantage,advantage,White to move.,1626,Club,"{""advantage"",""capturingDefender"",""intermezzo"",""opening"",""short""}",Find the strongest continuation and seize the advantage.,true,lichess,MczyH,36993,95,"{""Sicilian_Defense"",""Sicilian_Defense_Old_Sicilian""}"
lc_iaICn,3r2k1/p2r1ppp/1p6/5PP1/2pp3q/5QR1/PPP4P/2K3R1 w - - 0 30,"{""g3h3"",""h4h3"",""f3h3""}",queen,10,intermediate,Queen 10 · Trapped Piece,trappedPiece,White to move.,1626,Club,"{""crushing"",""endgame"",""short"",""trappedPiece""}",A trapped piece — the enemy piece has no safe squares and can be won.,true,lichess,iaICn,31996,96,{}
lc_5YnHq,8/8/2R3pp/8/2bk1q2/R6P/6P1/6K1 w - - 6 62,"{""c6c4"",""d4c4"",""a3a4"",""c4d5"",""a4f4""}",queen,10,intermediate,Queen 10 · Skewer,skewer,White to move.,1627,Club,"{""attraction"",""crushing"",""endgame"",""long"",""sacrifice"",""skewer""}","A skewer — the higher-value piece is forced to move, losing the piece behind it.",true,lichess,5YnHq,33117,95,{}
lc_MpFhj,r1bq2k1/ppp3p1/1b1pP2r/3PnQp1/4P3/8/PP4PP/RNB2R1K w - - 3 17,"{""c1g5"",""h6f6"",""g5f6""}",queen,10,intermediate,Queen 10 · Fork,fork,White to move.,1627,Club,"{""advantage"",""fork"",""middlegame"",""short""}","A fork — one piece attacks two enemy pieces at once, forcing a material win.",true,lichess,MpFhj,32355,95,"{""Italian_Game"",""Italian_Game_Classical_Variation""}"
lc_9flQe,2kr3r/p5p1/1n2p1p1/5p2/3P1Q2/1P1n2N1/PBqR1PPP/K6R b - - 4 23,"{""c2b2"",""d2b2"",""d3f4""}",queen,10,intermediate,Queen 10 · Crushing,crushing,Black to move.,1627,Club,"{""crushing"",""middlegame"",""short""}",Find the strongest continuation and seize the advantage.,true,lichess,9flQe,32163,95,{}
lc_5JvEj,8/5Qpk/2N1p2p/1P1n4/3P4/6P1/1q3P1P/5K2 b - - 0 39,"{""b2b5"",""f1g2"",""b5c6""}",queen,10,intermediate,Queen 10 · Fork,fork,Black to move.,1628,Club,"{""advantage"",""endgame"",""fork"",""short""}","A fork — one piece attacks two enemy pieces at once, forcing a material win.",true,lichess,5JvEj,32994,96,{}
lc_l3Zbs,2q3r1/5k2/1ppbpp1Q/3p4/3P1P1P/P3PRp1/1PP3P1/R5K1 b - - 4 26,"{""g8h8"",""h6h8"",""c8h8""}",queen,10,intermediate,Queen 10 · Trapped Piece,trappedPiece,Black to move.,1628,Club,"{""advantage"",""endgame"",""short"",""trappedPiece""}",A trapped piece — the enemy piece has no safe squares and can be won.,true,lichess,l3Zbs,31942,96,{}
lc_vTCGI,3r2k1/1p6/p1p1r2p/5ppR/1PPqP3/P6P/4BPK1/R2Q4 b - - 0 32,"{""d4e4"",""e2f3"",""d8d1"",""f3e4"",""d1a1""}",queen,10,intermediate,Queen 10 · Pin,pin,Black to move.,1629,Club,"{""crushing"",""discoveredAttack"",""long"",""middlegame"",""pin""}",A pin — the attacked piece can't move without exposing a more valuable piece behind it.,true,lichess,vTCGI,35772,95,{}
lc_g4Ol0,r1b1k2r/ppppqppp/2N5/2b5/5P2/2n1B3/PPP3PP/R2QKB1R w KQkq - 0 9,"{""c6e7"",""c3d1"",""e3c5""}",queen,10,intermediate,Queen 10 · Capturing Defender,capturingDefender,White to move.,1629,Club,"{""capturingDefender"",""crushing"",""opening"",""short""}",Find the strongest continuation and seize the advantage.,true,lichess,g4Ol0,34313,96,"{""Scotch_Game"",""Scotch_Game_Schmidt_Variation""}"
lc_hWzdq,2b5/r5pk/p3pq1p/1p3p2/8/1P1B2QP/P5P1/3R3K w - - 2 30,"{""g3b8"",""a7d7"",""b8c8""}",queen,10,intermediate,Queen 10 · Fork,fork,White to move.,1629,Club,"{""advantage"",""endgame"",""fork"",""short""}","A fork — one piece attacks two enemy pieces at once, forcing a material win.",true,lichess,hWzdq,32776,95,{}
lc_BlHGZ,8/5pkp/6p1/2Q3b1/4K3/7n/8/8 w - - 0 49,"{""c5c3"",""g5f6"",""c3h3""}",queen,10,intermediate,Queen 10 · Fork,fork,White to move.,1629,Club,"{""advantage"",""endgame"",""fork"",""short""}","A fork — one piece attacks two enemy pieces at once, forcing a material win.",true,lichess,BlHGZ,32770,96,{}
lc_7k51T,r6k/2p3p1/7p/8/1p2Qq2/7P/1PP1R1P1/7K b - - 7 31,"{""a8a1"",""e2e1"",""f4e4""}",queen,10,intermediate,Queen 10 · Pin,pin,Black to move.,1630,Club,"{""crushing"",""endgame"",""pin"",""short""}",A pin — the attacked piece can't move without exposing a more valuable piece behind it.,true,lichess,7k51T,32714,97,{}
lc_9b7xw,8/ppp1k1p1/2n3p1/4rp2/P4KP1/2P1RP1P/B1P5/8 b - - 0 27,"{""g6g5"",""f4g5"",""e5e3""}",queen,10,intermediate,Queen 10 · Deflection,deflection,Black to move.,1630,Club,"{""crushing"",""deflection"",""endgame"",""short""}",A deflection — lure a defending piece away from the square it was guarding.,true,lichess,9b7xw,32267,95,{}
lc_mjjP6,8/2k5/1Np2K2/P1P2ppp/1P6/3b2P1/7P/8 b - - 2 36,"{""f5f4"",""f6e5"",""f4f3"",""e5d4"",""f3f2"",""d4d3"",""f2f1q""}",queen,10,intermediate,Queen 10 · Promotion,promotion,Black to move.,1631,Club,"{""advancedPawn"",""crushing"",""endgame"",""promotion"",""veryLong""}",Pawn promotion — advance the pawn to its final rank and choose your new piece wisely.,true,lichess,mjjP6,32260,96,{}
lc_LEJua,r4r1k/1bp4p/p1p1p1p1/8/2NPp2P/2P2Q2/Pq3PP1/R3K2R w KQ - 0 20,"{""f3f8"",""a8f8"",""c4b2""}",queen,10,intermediate,Queen 10 · Crushing,crushing,White to move.,1632,Club,"{""crushing"",""middlegame"",""short""}",Find the strongest continuation and seize the advantage.,true,lichess,LEJua,31435,95,"{""Zukertort_Opening"",""Zukertort_Opening_Other_variations""}"
lc_r2kuE,r1b2rk1/1p3ppp/p3p1n1/3p3Q/5N1q/3BP3/PPP3PP/R4RK1 w - - 6 15,"{""d3g6"",""h4h5"",""g6h5""}",queen,10,intermediate,Queen 10 · Advantage,advantage,White to move.,1634,Club,"{""advantage"",""middlegame"",""short""}",Find the strongest continuation and seize the advantage.,true,lichess,r2kuE,32074,96,"{""French_Defense"",""French_Defense_Classical_Variation""}"
lc_N0JPQ,8/7p/3Q3k/6p1/4q3/7K/PP4PP/8 b - - 1 39,"{""h6h5"",""d6d1"",""g5g4"",""h3g3"",""e4e3"",""d1f3"",""g4f3""}",queen,10,intermediate,Queen 10 · Queen Endgame,queenEndgame,Black to move.,1635,Club,"{""crushing"",""defensiveMove"",""endgame"",""exposedKing"",""queenEndgame"",""veryLong""}",A queen endgame — checks and centralisation steer the result.,true,lichess,N0JPQ,34939,96,{}
lc_NKA95,2k1r3/pp1n2pp/2pq2b1/5p2/3P4/P2QBN1P/1P3PP1/R5K1 b - - 1 18,"{""f5f4"",""e3f4"",""d6f4""}",queen,10,intermediate,Queen 10 · Advantage,advantage,Black to move.,1636,Club,"{""advantage"",""middlegame"",""short""}",Find the strongest continuation and seize the advantage.,true,lichess,NKA95,32102,96,"{""Queens_Gambit_Declined"",""Queens_Gambit_Declined_Baltic_Defense""}"
lc_ClWW3,8/r6k/1p2R2p/4P3/3RNn1K/r7/7P/8 w - - 1 42,"{""e4f6"",""h7g7"",""d4f4""}",queen,10,intermediate,Queen 10 · Discovered Attack,discoveredAttack,White to move.,1637,Club,"{""crushing"",""discoveredAttack"",""endgame"",""master"",""short""}",A discovered attack — moving one piece uncovers a deadly attack from another.,true,lichess,ClWW3,33486,95,{}
lc_LPqDD,5r1k/2pRQ1bp/p1q1pNp1/1p2Pn2/5P2/2N5/PP4PP/7K w - - 11 29,"{""e7f8"",""g7f8"",""d7h7""}",queen,10,intermediate,Queen 10 · Mate In2,mateIn2,White to move.,1637,Club,"{""arabianMate"",""discoveredAttack"",""kingsideAttack"",""mate"",""mateIn2"",""middlegame"",""sacrifice"",""short""}",Checkmate in two — a forced sequence that delivers checkmate on move two.,true,lichess,LPqDD,32790,96,{}
lc_RTsAv,1k6/2p5/1p1p3p/6q1/8/2P3PP/6PK/2Q5 w - - 2 39,"{""c1g5"",""h6g5"",""h3h4"",""b8c8"",""h4h5"",""c8d7"",""h5h6"",""d7e6"",""h6h7""}",queen,10,intermediate,Queen 10 · Advanced Pawn,advancedPawn,White to move.,1637,Club,"{""advancedPawn"",""crushing"",""endgame"",""queenEndgame"",""quietMove"",""veryLong""}",An advanced pawn — push the passer or use its threats to win material.,true,lichess,RTsAv,32555,97,{}
lc_qEp0t,1r1q2k1/pp3rpp/1n6/2N5/3p2P1/3P3P/PPP2PQ1/2K1R2R b - - 2 21,"{""d8g5"",""f2f4"",""g5c5""}",queen,10,intermediate,Queen 10 · Fork,fork,Black to move.,1638,Club,"{""advantage"",""fork"",""middlegame"",""short""}","A fork — one piece attacks two enemy pieces at once, forcing a material win.",true,lichess,qEp0t,33396,96,{}
lc_tLMaN,1rbq3r/2n2pk1/p2p2p1/2pPpP2/4P1N1/P6Q/1pP1K3/1R3B1R w - - 2 24,"{""f5f6"",""d8f6"",""h3h8""}",queen,10,intermediate,Queen 10 · Mate In2,mateIn2,White to move.,1639,Club,"{""deflection"",""mate"",""mateIn2"",""middlegame"",""short""}",Checkmate in two — a forced sequence that delivers checkmate on move two.,true,lichess,tLMaN,34321,97,{}
lc_Mh1Fq,r1b2k2/1p1n1p2/p4b2/3q1pNp/3P1BrP/5N2/PP1Q1PP1/R4RK1 b - - 6 21,"{""f6g5"",""f4g5"",""d5f3""}",queen,10,intermediate,Queen 10 · Pin,pin,Black to move.,1639,Club,"{""advantage"",""middlegame"",""pin"",""short""}",A pin — the attacked piece can't move without exposing a more valuable piece behind it.,true,lichess,Mh1Fq,33304,95,{}
lc_8GfTc,5r1k/p3P1p1/7p/8/3PQ3/8/PP2pqPP/6RK b - - 0 29,"{""f2g1"",""h1g1"",""f8f1""}",queen,10,intermediate,Queen 10 · Mate In2,mateIn2,Black to move.,1639,Club,"{""attraction"",""endgame"",""mate"",""mateIn2"",""sacrifice"",""short""}",Checkmate in two — a forced sequence that delivers checkmate on move two.,true,lichess,8GfTc,31530,96,{}
lc_egoXU,r4rk1/1pqb2pp/p3p3/4n3/2B5/P2QPN2/6PP/R4RK1 w - - 0 19,"{""f3e5"",""c7e5"",""d3d7"",""f8f1"",""a1f1""}",queen,10,intermediate,Queen 10 · Advantage,advantage,White to move.,1640,Club,"{""advantage"",""capturingDefender"",""long"",""middlegame""}",Find the strongest continuation and seize the advantage.,true,lichess,egoXU,34263,96,"{""French_Defense"",""French_Defense_Advance_Variation""}"
lc_whW3W,4r3/2B2k2/p1p5/1p1b2Pp/2p4P/P3R3/1P6/6K1 w - - 1 34,"{""g5g6"",""f7g6"",""e3e8""}",queen,10,intermediate,Queen 10 · Deflection,deflection,White to move.,1640,Club,"{""advantage"",""deflection"",""endgame"",""short""}",A deflection — lure a defending piece away from the square it was guarding.,true,lichess,whW3W,32560,94,{}
lc_oBuD5,2b5/p4pkp/q1p3p1/b1Pp4/Q2Pp3/2N1P1PP/5PB1/6K1 w - - 0 29,"{""g2f1"",""a6b7"",""a4a5""}",queen,10,intermediate,Queen 10 · Endgame,endgame,White to move.,1640,Club,"{""advantage"",""endgame"",""short""}",An endgame technique — precise play with few pieces where every tempo counts.,true,lichess,oBuD5,31431,97,{}
lc_AHpkq,rn2k2r/1b2ppb1/ppq4p/2pP2p1/2P3P1/2n1BN1P/PP2BP2/R2QK2R w KQkq - 0 15,"{""d5c6"",""c3d1"",""c6b7""}",queen,10,intermediate,Queen 10 · Advanced Pawn,advancedPawn,White to move.,1641,Club,"{""advancedPawn"",""advantage"",""middlegame"",""short""}",An advanced pawn — push the passer or use its threats to win material.,true,lichess,AHpkq,34510,96,"{""Scandinavian_Defense"",""Scandinavian_Defense_Mieses-Kotroc_Variation""}"
lc_IESf4,4q1k1/pB3pp1/7p/8/8/7P/Pb3PPK/3Q4 b - - 1 23,"{""e8b8"",""g2g3"",""b8b7""}",queen,10,intermediate,Queen 10 · Fork,fork,Black to move.,1641,Club,"{""crushing"",""endgame"",""fork"",""short""}","A fork — one piece attacks two enemy pieces at once, forcing a material win.",true,lichess,IESf4,33231,96,{}
lc_49FX1,6k1/6bp/1p1p4/1Ppq1p2/3p1P2/3NnQP1/7P/4R1K1 w - - 0 39,"{""e1e3"",""d5f3"",""e3f3""}",queen,10,intermediate,Queen 10 · Endgame,endgame,White to move.,1641,Club,"{""crushing"",""endgame"",""short""}",An endgame technique — precise play with few pieces where every tempo counts.,true,lichess,49FX1,31701,95,{}
lc_YLQaG,4r3/pp3p2/6k1/2p3p1/3p2p1/PP1P1qP1/2PQrP1R/5K1R w - - 10 30,"{""h2h6"",""g6f5"",""d2g5"",""f5g5"",""h1h5""}",queen,10,intermediate,Queen 10 · Mate In3,mateIn3,White to move.,1642,Club,"{""attraction"",""blindSwineMate"",""endgame"",""long"",""mate"",""mateIn3"",""sacrifice""}",Checkmate in three — calculate the forcing line all the way to mate.,true,lichess,YLQaG,34865,96,{}
lc_PVtIW,8/1p3ppk/7p/p2p1P2/3B1n2/P2P1QKP/BP1q4/8 b - - 4 36,"{""f4e2"",""g3g2"",""e2d4""}",queen,10,intermediate,Queen 10 · Fork,fork,Black to move.,1642,Club,"{""advantage"",""discoveredAttack"",""discoveredCheck"",""endgame"",""fork"",""short""}","A fork — one piece attacks two enemy pieces at once, forcing a material win.",true,lichess,PVtIW,33368,96,{}
lc_XZOyq,N4rk1/pp3ppp/8/8/4P1q1/3P1n1b/PPP2R1p/R1BQ3K b - - 2 17,"{""g4g1"",""d1g1"",""h2g1q""}",queen,10,intermediate,Queen 10 · Mate In2,mateIn2,Black to move.,1642,Club,"{""advancedPawn"",""fork"",""mate"",""mateIn2"",""middlegame"",""promotion"",""short""}",Checkmate in two — a forced sequence that delivers checkmate on move two.,true,lichess,XZOyq,31797,96,"{""Kings_Gambit_Accepted"",""Kings_Gambit_Accepted_Cunningham_Defense""}"
lc_82PSN,2kr3r/pppqbBpp/5n2/4P3/6b1/2N2N2/PPP3PP/R2Q1RK1 b - - 0 12,"{""e7c5"",""g1h1"",""d7f7""}",queen,10,intermediate,Queen 10 · Discovered Attack,discoveredAttack,Black to move.,1642,Club,"{""advantage"",""discoveredAttack"",""middlegame"",""short""}",A discovered attack — moving one piece uncovers a deadly attack from another.,true,lichess,82PSN,31367,95,"{""Kings_Gambit_Accepted"",""Kings_Gambit_Accepted_MacLeod_Defense""}"
lc_F28XD,2rq1rk1/pp2pp1p/6p1/3p1P1P/2PB4/6n1/P1P1Q1P1/R4RK1 w - - 1 22,"{""e2e5"",""f7f6"",""e5g3""}",queen,10,intermediate,Queen 10 · Pin,pin,White to move.,1642,Club,"{""advantage"",""middlegame"",""pin"",""short""}",A pin — the attacked piece can't move without exposing a more valuable piece behind it.,true,lichess,F28XD,31346,95,{}
lc_z5ujj,r1b1kbnr/pp2qppp/1np5/8/2B5/1QN5/PP1B1PPP/R4KNR w kq - 1 11,"{""a1e1"",""b6c4"",""e1e7"",""f8e7"",""b3c4""}",queen,10,intermediate,Queen 10 · Pin,pin,White to move.,1643,Club,"{""advantage"",""long"",""opening"",""pin""}",A pin — the attacked piece can't move without exposing a more valuable piece behind it.,true,lichess,z5ujj,40554,95,"{""French_Defense"",""French_Defense_Orthoschnapp_Gambit""}"
lc_cfALh,6k1/5p2/R4P1p/1p6/8/P4R1P/1rr5/5K2 w - - 2 30,"{""f3g3"",""g8h7"",""g3g7"",""h7h8"",""a6a8"",""c2c8"",""a8c8""}",queen,10,intermediate,Queen 10 · Rook Endgame,rookEndgame,White to move.,1643,Club,"{""endgame"",""mate"",""mateIn4"",""rookEndgame"",""veryLong""}",A rook endgame — master the Lucena and Philidor ideas to convert.,true,lichess,cfALh,31540,97,{}
lc_MfAWa,8/8/p3r1k1/1p1R4/2p2P1p/7P/PP3K2/8 w - - 0 44,"{""f4f5"",""g6f7"",""f5e6""}",queen,10,intermediate,Queen 10 · Fork,fork,White to move.,1644,Club,"{""crushing"",""endgame"",""fork"",""rookEndgame"",""short""}","A fork — one piece attacks two enemy pieces at once, forcing a material win.",true,lichess,MfAWa,31275,95,{}
lc_EL5ZZ,rn2r1k1/pp3ppp/2pb1n2/4q3/8/1BN2QP1/PP3P1P/R1BR2K1 w - - 1 15,"{""c1f4"",""e5f5"",""d1d6""}",queen,10,intermediate,Queen 10 · Advantage,advantage,White to move.,1646,Club,"{""advantage"",""opening"",""short""}",Find the strongest continuation and seize the advantage.,true,lichess,EL5ZZ,32677,95,"{""Philidor_Defense"",""Philidor_Defense_Steinitz_Variation""}"
lc_Lwebr,5k2/1b2q2p/pp1p2pb/2pPp1N1/P1P1P3/2N5/1P1Q2PP/6K1 w - - 0 24,"{""g5e6"",""f8f7"",""d2h6""}",queen,10,intermediate,Queen 10 · Discovered Attack,discoveredAttack,White to move.,1647,Club,"{""crushing"",""discoveredAttack"",""endgame"",""short""}",A discovered attack — moving one piece uncovers a deadly attack from another.,true,lichess,Lwebr,31677,96,{}
lc_o85kC,r1bq1rk1/p6p/2N1p1pb/3p4/3P4/1PN4P/P4PP1/R2Q1RK1 b - - 0 16,"{""d8c7"",""c6e5"",""c7c3""}",queen,10,intermediate,Queen 10 · Advantage,advantage,Black to move.,1648,Club,"{""advantage"",""middlegame"",""short""}",Find the strongest continuation and seize the advantage.,true,lichess,o85kC,31371,95,"{""Sicilian_Defense"",""Sicilian_Defense_Nyezhmetdinov-Rossolimo_Attack""}"
lc_zDs2i,r1bq1rk1/1pp3pp/p2bpn2/3n4/3PB3/2N2N2/PPP2PPP/R1BQ1RK1 b - - 9 11,"{""d5c3"",""b2c3"",""f6e4""}",queen,10,intermediate,Queen 10 · Advantage,advantage,Black to move.,1649,Club,"{""advantage"",""capturingDefender"",""opening"",""short""}",Find the strongest continuation and seize the advantage.,true,lichess,zDs2i,33690,96,"{""Scandinavian_Defense"",""Scandinavian_Defense_Modern_Variation""}"
lc_GK9dP,1k1r3r/ppp1npp1/4p1p1/1PqpP3/Q7/2P1P3/P4PPP/1RB2RK1 w - - 2 17,"{""c1a3"",""c5c4"",""a4c4"",""d5c4"",""a3e7""}",queen,10,intermediate,Queen 10 · Crushing,crushing,White to move.,1650,Club,"{""crushing"",""long"",""middlegame""}",Find the strongest continuation and seize the advantage.,true,lichess,GK9dP,34554,96,"{""Queens_Pawn_Game"",""Queens_Pawn_Game_Other_variations""}"
lc_h9u4C,2b5/4q1k1/p1p5/5Pp1/2pPr3/P4Q2/1PP5/2K3R1 w - - 0 37,"{""f5f6"",""e7f6"",""f3e4""}",queen,10,intermediate,Queen 10 · Fork,fork,White to move.,1651,Club,"{""advantage"",""deflection"",""endgame"",""fork"",""short""}","A fork — one piece attacks two enemy pieces at once, forcing a material win.",true,lichess,h9u4C,33651,95,{}
lc_bIjsw,2kr4/1p6/p2p1p2/3Pp3/2qr4/P2R2Q1/2P4P/1K5R w - - 4 27,"{""d3c3"",""c4c3"",""g3c3""}",queen,10,intermediate,Queen 10 · Pin,pin,White to move.,1651,Club,"{""advantage"",""endgame"",""pin"",""short""}",A pin — the attacked piece can't move without exposing a more valuable piece behind it.,true,lichess,bIjsw,32436,96,{}
lc_dGAke,4r2r/4b1k1/p2p1n1p/3P4/2pp3B/P7/1PP1R1PP/5R1K w - - 3 23,"{""e2e7"",""e8e7"",""h4f6"",""g7h7"",""f6e7""}",queen,10,intermediate,Queen 10 · Fork,fork,White to move.,1652,Club,"{""attraction"",""crushing"",""fork"",""long"",""middlegame""}","A fork — one piece attacks two enemy pieces at once, forcing a material win.",true,lichess,dGAke,31537,96,{}
lc_k5VYE,rnbq1rk1/pp3ppp/5n2/2bp4/8/3BBN2/PPP2PPP/RN1QK2R w KQ - 2 8,"{""e3c5"",""d8a5"",""b2b4""}",queen,10,intermediate,Queen 10 · Hanging Piece,hangingPiece,White to move.,1653,Club,"{""advantage"",""hangingPiece"",""opening"",""short""}",A hanging piece — an undefended enemy piece is free to capture.,true,lichess,k5VYE,32641,96,"{""French_Defense"",""French_Defense_Exchange_Variation""}"
lc_98Q1s,r2q1rk1/pp2bpp1/3p1n1p/3P2B1/3Q2b1/5N2/PP2BPPP/R4RK1 w - - 0 14,"{""g5f6"",""g4f3"",""f6e7"",""d8e7"",""e2f3""}",queen,10,intermediate,Queen 10 · Advantage,advantage,White to move.,1654,Club,"{""advantage"",""long"",""middlegame""}",Find the strongest continuation and seize the advantage.,true,lichess,98Q1s,32568,96,"{""Danish_Gambit"",""Danish_Gambit_Other_variations""}"
lc_oxTby,3Q1b2/2r2pkp/p2Np1p1/3nP3/P7/7P/4b1PK/8 w - - 6 41,"{""d6e8"",""g7g8"",""e8c7""}",queen,10,intermediate,Queen 10 · Fork,fork,White to move.,1654,Club,"{""advantage"",""endgame"",""fork"",""short""}","A fork — one piece attacks two enemy pieces at once, forcing a material win.",true,lichess,oxTby,32176,97,{}
lc_uxAps,r5k1/4pr1p/1qppbPpQ/p7/3PP3/1Np2P1N/P1P5/1K1R1B1R b - - 2 22,"{""a5a4"",""h6e3"",""a4b3""}",queen,10,intermediate,Queen 10 · Advantage,advantage,Black to move.,1655,Club,"{""advantage"",""middlegame"",""short""}",Find the strongest continuation and seize the advantage.,true,lichess,uxAps,33109,95,{}
lc_HBnzz,r3kb1r/ppp1n1pp/2npbp2/4p3/4P2Q/2PPB3/PP2BPqP/RN2K1NR w KQkq - 0 10,"{""e2f3"",""g7g5"",""h4h5"",""e6f7"",""h5f7"",""e8f7"",""f3g2""}",queen,10,intermediate,Queen 10 · Advantage,advantage,White to move.,1655,Club,"{""advantage"",""attackingF2F7"",""exposedKing"",""opening"",""veryLong""}",Find the strongest continuation and seize the advantage.,true,lichess,HBnzz,32235,96,"{""Kings_Pawn_Game"",""Kings_Pawn_Game_Napoleon_Attack""}"
lc_OsxxV,8/2bk1p1p/4p1p1/8/P2PP3/2p4P/5PP1/1R4K1 b - - 1 44,"{""c7f4"",""b1a1"",""c3c2""}",queen,10,intermediate,Queen 10 · Advanced Pawn,advancedPawn,Black to move.,1656,Club,"{""advancedPawn"",""advantage"",""endgame"",""quietMove"",""short""}",An advanced pawn — push the passer or use its threats to win material.,true,lichess,OsxxV,36985,96,{}
lc_XvEUk,3r4/pp2ppkp/3q2p1/2p5/N1P2n2/PP2P3/4QPPP/3R2K1 w - - 2 24,"{""e2b2"",""f7f6"",""d1d6""}",queen,10,intermediate,Queen 10 · Endgame,endgame,White to move.,1657,Club,"{""advantage"",""endgame"",""short""}",An endgame technique — precise play with few pieces where every tempo counts.,true,lichess,XvEUk,32241,96,{}
lc_yUgp4,r2q1rk1/2p1bpp1/p2p1n1p/1p6/3Bb3/2P4P/PPB2PP1/RN1Q1RK1 w - - 0 14,"{""d4f6"",""e4c2"",""f6e7"",""c2d1"",""e7d8"",""f8d8"",""f1d1""}",queen,10,intermediate,Queen 10 · Advantage,advantage,White to move.,1657,Club,"{""advantage"",""opening"",""veryLong""}",Find the strongest continuation and seize the advantage.,true,lichess,yUgp4,31703,96,"{""Philidor_Defense"",""Philidor_Defense_Other_variations""}"
lc_eg5SB,7k/p1q1p2p/1p4p1/5P2/2B5/2P4r/PB2QP1b/3R1R1K b - - 2 31,"{""h2g1"",""h1g1"",""c7h2""}",queen,10,intermediate,Queen 10 · Mate In2,mateIn2,Black to move.,1661,Club,"{""attraction"",""discoveredAttack"",""discoveredCheck"",""mate"",""mateIn2"",""middlegame"",""sacrifice"",""short""}",Checkmate in two — a forced sequence that delivers checkmate on move two.,true,lichess,eg5SB,32410,96,{}
