id,fen,solution_ucis,category,sub_level,difficulty,title,theme,prompt,rating,rating_label,tags,explanation,active,source,lichess_id,nb_plays,popularity,opening_tags
lc_pTK5y,5r2/p4rk1/1p1p1qpp/3Qb3/2P1N3/6P1/PP2RPKP/R7 b - - 6 21,"{""f6f3"",""g2g1"",""f3e2""}",bishop,1,beginner,Bishop 1 · Fork,fork,Black to move.,1144,Casual,"{""crushing"",""fork"",""middlegame"",""short""}","A fork — one piece attacks two enemy pieces at once, forcing a material win.",true,lichess,pTK5y,26189,95,{}
lc_nNJcV,6rk/pp2r1pp/2b1p3/3pP1Q1/3N1Pp1/2P4R/Pq2N1PP/6K1 w - - 0 27,"{""h3h7"",""h8h7"",""g5h5""}",bishop,1,beginner,Bishop 1 · Mate In2,mateIn2,White to move.,1145,Casual,"{""attraction"",""kingsideAttack"",""master"",""mate"",""mateIn2"",""middlegame"",""sacrifice"",""short""}",Checkmate in two — a forced sequence that delivers checkmate on move two.,true,lichess,nNJcV,25597,95,{}
lc_2dwYC,r2r1q1k/1b4pp/p2p4/np2p1p1/4P1Q1/P1P4R/B4PPP/5RK1 w - - 0 23,"{""h3h7"",""h8h7"",""g4h5""}",bishop,1,beginner,Bishop 1 · Mate In2,mateIn2,White to move.,1148,Casual,"{""attraction"",""kingsideAttack"",""mate"",""mateIn2"",""middlegame"",""sacrifice"",""short""}",Checkmate in two — a forced sequence that delivers checkmate on move two.,true,lichess,2dwYC,24687,95,{}
lc_l2TTL,r2qk2r/pp1nppb1/2p3pp/3n2B1/3PN3/2PB1Q2/PP3PPP/R3K2R w KQkq - 0 12,"{""e4d6"",""e7d6"",""g5d8""}",bishop,1,beginner,Bishop 1 · Advantage,advantage,White to move.,1149,Casual,"{""advantage"",""middlegame"",""short""}",Find the strongest continuation and seize the advantage.,true,lichess,l2TTL,25064,95,"{""Indian_Defense"",""Indian_Defense_Other_variations""}"
lc_FBzfv,r1bqrbk1/1p3ppp/2p5/3pN3/P2P1P2/3BP3/P1Qn2PP/4RRK1 w - - 0 18,"{""d3h7"",""g8h8"",""e5f7""}",bishop,1,beginner,Bishop 1 · Mate In2,mateIn2,White to move.,1149,Casual,"{""deflection"",""kingsideAttack"",""mate"",""mateIn2"",""middlegame"",""short""}",Checkmate in two — a forced sequence that delivers checkmate on move two.,true,lichess,FBzfv,24568,95,"{""Nimzo-Indian_Defense"",""Nimzo-Indian_Defense_Other_variations""}"
lc_oCgN9,6k1/p1p3pp/1p6/7n/1B1K4/8/PPP2rPP/4R3 w - - 0 25,"{""e1e8"",""g8f7"",""e8f8"",""f7e6"",""f8f2""}",bishop,1,beginner,Bishop 1 · Skewer,skewer,White to move.,1151,Casual,"{""crushing"",""endgame"",""long"",""skewer""}","A skewer — the higher-value piece is forced to move, losing the piece behind it.",true,lichess,oCgN9,25584,95,{}
lc_ITrVu,4r2k/ppp1Nppp/3pn3/8/4PPP1/4K1P1/Pr6/3R3R w - - 2 30,"{""h1h7"",""h8h7"",""d1h1"",""b2h2"",""h1h2""}",bishop,1,beginner,Bishop 1 · Mate In3,mateIn3,White to move.,1151,Casual,"{""anastasiaMate"",""attraction"",""endgame"",""kingsideAttack"",""long"",""mate"",""mateIn3"",""sacrifice""}",Checkmate in three — calculate the forcing line all the way to mate.,true,lichess,ITrVu,24278,94,{}
lc_hksaQ,r3q1k1/ppp2ppp/2nb4/3p4/8/2PQ1B2/PP3PPP/RNB3K1 b - - 0 14,"{""e8e1"",""d3f1"",""d6h2"",""g1h2"",""e1f1""}",bishop,1,beginner,Bishop 1 · Fork,fork,Black to move.,1154,Casual,"{""crushing"",""deflection"",""fork"",""long"",""middlegame""}","A fork — one piece attacks two enemy pieces at once, forcing a material win.",true,lichess,hksaQ,27819,94,"{""Russian_Game"",""Russian_Game_Italian_Variation""}"
lc_27J9Q,6k1/p2B3p/4r1p1/4Pp2/3p1Q2/2q3Pb/P1P5/1r2R1K1 w - - 0 27,"{""d7e6"",""g8g7"",""e1b1""}",bishop,1,beginner,Bishop 1 · Hanging Piece,hangingPiece,White to move.,1155,Casual,"{""crushing"",""hangingPiece"",""intermezzo"",""middlegame"",""short""}",A hanging piece — an undefended enemy piece is free to capture.,true,lichess,27J9Q,31691,94,{}
lc_NHbYu,r4bn1/p1p1q2p/bp5k/4nQp1/3PP1PP/8/PPP5/RN2K2R w KQ - 0 18,"{""h4g5"",""h6g7"",""f5h7""}",bishop,1,beginner,Bishop 1 · Mate In2,mateIn2,White to move.,1155,Casual,"{""discoveredCheck"",""doubleCheck"",""mate"",""mateIn2"",""middlegame"",""short""}",Checkmate in two — a forced sequence that delivers checkmate on move two.,true,lichess,NHbYu,24496,96,"{""Kings_Gambit_Accepted"",""Kings_Gambit_Accepted_Kings_Knights_Gambit""}"
lc_19gSb,2r2b1k/1pq2pp1/p3pN1p/7Q/P7/2P1P3/6RP/6K1 w - - 4 28,"{""h5h6"",""g7h6"",""g2g8""}",bishop,1,beginner,Bishop 1 · Mate In2,mateIn2,White to move.,1156,Casual,"{""arabianMate"",""endgame"",""master"",""mate"",""mateIn2"",""sacrifice"",""short""}",Checkmate in two — a forced sequence that delivers checkmate on move two.,true,lichess,19gSb,28452,94,{}
lc_leV8P,r5k1/pp1rbppp/2p1b3/2n1PB2/6PP/P1K1PN2/1PP2N2/4R2R b - - 6 21,"{""c5a4""}",bishop,1,beginner,Bishop 1 · Mate In1,mateIn1,Black to move.,1157,Casual,"{""mate"",""mateIn1"",""middlegame"",""oneMove""}",Checkmate in one — find the single move that ends the game immediately.,true,lichess,leV8P,24634,95,{}
lc_3bylF,2r2rk1/p2q2b1/4p1p1/2B4p/2P2P2/7P/P4QP1/1R3RK1 b - - 0 22,"{""c8c5"",""f2c5"",""g7d4"",""c5d4"",""d7d4""}",bishop,1,beginner,Bishop 1 · Fork,fork,Black to move.,1158,Casual,"{""advantage"",""fork"",""long"",""middlegame"",""sacrifice""}","A fork — one piece attacks two enemy pieces at once, forcing a material win.",true,lichess,3bylF,26649,95,{}
lc_cjdIU,r3R3/1p3qpk/p6p/2pp1Nn1/5QP1/P6P/1PP2P2/3R2K1 b - - 0 26,"{""g5h3"",""g1h2"",""h3f4""}",bishop,1,beginner,Bishop 1 · Fork,fork,Black to move.,1159,Casual,"{""crushing"",""fork"",""middlegame"",""short""}","A fork — one piece attacks two enemy pieces at once, forcing a material win.",true,lichess,cjdIU,31063,94,{}
lc_KMgC1,r3r1k1/1b3pp1/p6p/1p1nP3/3q4/1Np3BP/PPB1Q1P1/2KR3R b - - 1 23,"{""c3b2"",""c1b1"",""d5c3""}",bishop,1,beginner,Bishop 1 · Advanced Pawn,advancedPawn,Black to move.,1160,Casual,"{""advancedPawn"",""crushing"",""middlegame"",""queensideAttack"",""short""}",An advanced pawn — push the passer or use its threats to win material.,true,lichess,KMgC1,25138,94,{}
lc_TRxnG,6k1/2p3pp/pb1p4/1p2p1qn/4P1P1/P2P3P/1PP4K/R2Q2N1 b - - 0 22,"{""g5f4"",""h2h1"",""h5g3"",""h1g2"",""f4f2""}",bishop,1,beginner,Bishop 1 · Mate In3,mateIn3,Black to move.,1161,Casual,"{""endgame"",""epauletteMate"",""long"",""mate"",""mateIn3""}",Checkmate in three — calculate the forcing line all the way to mate.,true,lichess,TRxnG,47929,95,{}
lc_Qrkoz,3r2r1/1bkNqpb1/p2p3p/3Pn1p1/1PPQ4/6BN/2B3PP/R4RK1 b - - 0 23,"{""e5f3"",""g2f3"",""g7d4""}",bishop,1,beginner,Bishop 1 · Discovered Attack,discoveredAttack,Black to move.,1161,Casual,"{""crushing"",""discoveredAttack"",""kingsideAttack"",""middlegame"",""short""}",A discovered attack — moving one piece uncovers a deadly attack from another.,true,lichess,Qrkoz,28188,95,{}
lc_VeBE7,rnb4r/pp2pkbp/2p2np1/8/3q4/3B4/PPP2PPP/RNBQ1RK1 w - - 0 9,"{""d3g6"",""h7g6"",""d1d4""}",bishop,1,beginner,Bishop 1 · Discovered Attack,discoveredAttack,White to move.,1161,Casual,"{""crushing"",""discoveredAttack"",""opening"",""short""}",A discovered attack — moving one piece uncovers a deadly attack from another.,true,lichess,VeBE7,26313,95,"{""Caro-Kann_Defense"",""Caro-Kann_Defense_Other_variations""}"
lc_6PClX,r1b2rk1/pp3p2/3qpP1p/3n4/8/2pB1Q2/5PPP/2R2RK1 w - - 1 20,"{""f3g4"",""g8h8"",""g4g7""}",bishop,1,beginner,Bishop 1 · Mate In2,mateIn2,White to move.,1162,Casual,"{""kingsideAttack"",""mate"",""mateIn2"",""middlegame"",""short""}",Checkmate in two — a forced sequence that delivers checkmate on move two.,true,lichess,6PClX,27885,94,"{""Queens_Gambit_Declined"",""Queens_Gambit_Declined_Manhattan_Variation""}"
lc_JlVTN,2k5/ppp2pp1/2nb4/7p/1PqN1P2/P1Qpr1PP/1B5R/2KR4 b - - 3 25,"{""d3d2"",""h2d2"",""e3c3""}",bishop,1,beginner,Bishop 1 · Pin,pin,Black to move.,1163,Casual,"{""advancedPawn"",""crushing"",""discoveredAttack"",""middlegame"",""pin"",""queensideAttack"",""short""}",A pin — the attacked piece can't move without exposing a more valuable piece behind it.,true,lichess,JlVTN,24081,95,{}
lc_asTtf,3r1rk1/pp2qn1p/6p1/2pBb3/8/PP2P1PP/1BP1Q3/2KR3R b - - 1 23,"{""e5b2"",""c1b2"",""e7e5"",""b2b1"",""d8d5"",""d1d5"",""e5d5""}",bishop,1,beginner,Bishop 1 · Attraction,attraction,Black to move.,1164,Casual,"{""advantage"",""attraction"",""middlegame"",""queensideAttack"",""veryLong""}",An attraction — force an enemy piece onto a square where it can be exploited.,true,lichess,asTtf,27483,94,{}
lc_1DTAI,6k1/pp3ppp/2b1p3/7q/3Q1P2/P6P/1P4P1/R4R1K b - - 0 26,"{""h5h3"",""h1g1"",""h3g2""}",bishop,1,beginner,Bishop 1 · Mate In2,mateIn2,Black to move.,1164,Casual,"{""endgame"",""mate"",""mateIn2"",""pin"",""short""}",Checkmate in two — a forced sequence that delivers checkmate on move two.,true,lichess,1DTAI,27267,95,{}
lc_PJJt8,4k3/r7/7R/6p1/6Pn/8/5K1P/8 w - - 2 41,"{""h6h8"",""e8f7"",""h8h7"",""f7e6"",""h7a7""}",bishop,1,beginner,Bishop 1 · Skewer,skewer,White to move.,1164,Casual,"{""crushing"",""endgame"",""exposedKing"",""long"",""skewer""}","A skewer — the higher-value piece is forced to move, losing the piece behind it.",true,lichess,PJJt8,26321,96,{}
lc_WmurE,8/1p4p1/p1p5/1P2k3/3R2PP/2N1K3/1P5r/8 b - - 0 37,"{""h2h3"",""e3f2"",""e5d4""}",bishop,1,beginner,Bishop 1 · Deflection,deflection,Black to move.,1165,Casual,"{""crushing"",""deflection"",""endgame"",""short""}",A deflection — lure a defending piece away from the square it was guarding.,true,lichess,WmurE,25653,94,{}
lc_mS90V,3r1R2/6pk/3N2pp/p1Q5/3P3q/1PPb3P/P5P1/4R1K1 b - - 0 28,"{""h4e1"",""g1h2"",""d8f8""}",bishop,1,beginner,Bishop 1 · Hanging Piece,hangingPiece,Black to move.,1165,Casual,"{""crushing"",""hangingPiece"",""intermezzo"",""middlegame"",""short""}",A hanging piece — an undefended enemy piece is free to capture.,true,lichess,mS90V,25211,95,{}
lc_EfKdy,5rk1/4bppp/p3pn2/2np4/3q1B2/3N1PNP/P1B3P1/3Q1R1K b - - 3 22,"{""c5d3"",""d1d3"",""d4f4""}",bishop,1,beginner,Bishop 1 · Advantage,advantage,Black to move.,1165,Casual,"{""advantage"",""capturingDefender"",""middlegame"",""short""}",Find the strongest continuation and seize the advantage.,true,lichess,EfKdy,24340,95,{}
lc_f6UKq,2q1k1r1/R4p2/2p5/1p1BP3/3Q2P1/3P4/5P2/6K1 b - - 0 35,"{""g8g4"",""d4g4"",""c8g4""}",bishop,1,beginner,Bishop 1 · Fork,fork,Black to move.,1166,Casual,"{""advantage"",""endgame"",""fork"",""short""}","A fork — one piece attacks two enemy pieces at once, forcing a material win.",true,lichess,f6UKq,37546,97,{}
lc_og68B,r4rk1/3q1p1p/p2p4/1p2b3/4b2P/2PNN1P1/PP3P2/R2Q1RK1 b - - 0 21,"{""d7h3"",""d1g4"",""h3g4"",""e3g4"",""e4d3""}",bishop,1,beginner,Bishop 1 · Advantage,advantage,Black to move.,1166,Casual,"{""advantage"",""long"",""master"",""masterVsMaster"",""middlegame""}",Find the strongest continuation and seize the advantage.,true,lichess,og68B,30815,95,{}
lc_3ZrXy,3rr1k1/pp3ppp/3b1q2/2p1p3/8/4B3/PPPQ1PPP/3R1RK1 w - - 9 17,"{""e3g5"",""f6e6"",""g5d8""}",bishop,1,beginner,Bishop 1 · Skewer,skewer,White to move.,1166,Casual,"{""advantage"",""middlegame"",""short"",""skewer""}","A skewer — the higher-value piece is forced to move, losing the piece behind it.",true,lichess,3ZrXy,25659,95,"{""Italian_Game"",""Italian_Game_Other_variations""}"
lc_CSD2N,r4r2/p4pkp/1p1qp3/2pPp2p/2P1P3/2N2Q2/PP3P2/2KR4 w - - 0 21,"{""d1g1"",""g7h8"",""f3f6""}",bishop,1,beginner,Bishop 1 · Mate In2,mateIn2,White to move.,1166,Casual,"{""endgame"",""mate"",""mateIn2"",""short""}",Checkmate in two — a forced sequence that delivers checkmate on move two.,true,lichess,CSD2N,24449,95,{}
lc_jSfQr,6k1/5ppp/4p2P/2Pp4/1Pb2P2/6P1/4q1B1/QK5R b - - 0 32,"{""c4d3"",""b1c1"",""e2c2""}",bishop,1,beginner,Bishop 1 · Mate In2,mateIn2,Black to move.,1166,Casual,"{""endgame"",""mate"",""mateIn2"",""short""}",Checkmate in two — a forced sequence that delivers checkmate on move two.,true,lichess,jSfQr,24090,95,{}
lc_ZfzfO,k2N2r1/1bQ5/p2p4/8/P1n2b2/3P3P/1P3PP1/6K1 b - - 0 32,"{""g8g2"",""g1f1"",""c4d2"",""f1e1"",""g2g1"",""e1e2"",""b7f3""}",bishop,1,beginner,Bishop 1 · Endgame,endgame,Black to move.,1167,Casual,"{""endgame"",""master"",""mate"",""mateIn4"",""veryLong""}",An endgame technique — precise play with few pieces where every tempo counts.,true,lichess,ZfzfO,25338,95,{}
lc_O3UrR,4r1k1/ppr1P1pp/2p1R1b1/3q4/5Q2/7P/P5P1/3q1R1K w - - 0 40,"{""f4f8"",""e8f8"",""e7f8q""}",bishop,1,beginner,Bishop 1 · Mate In2,mateIn2,White to move.,1167,Casual,"{""advancedPawn"",""mate"",""mateIn2"",""middlegame"",""promotion"",""short""}",Checkmate in two — a forced sequence that delivers checkmate on move two.,true,lichess,O3UrR,24918,95,{}
lc_FtxHm,r4r1k/2pqbp1n/b2p3p/3Pp1p1/Q3P1P1/2N1BPN1/PP5P/1K1R3R b - - 4 19,"{""a6d3"",""d1d3"",""a8a4""}",bishop,1,beginner,Bishop 1 · Discovered Attack,discoveredAttack,Black to move.,1167,Casual,"{""advantage"",""discoveredAttack"",""middlegame"",""queensideAttack"",""short""}",A discovered attack — moving one piece uncovers a deadly attack from another.,true,lichess,FtxHm,24041,95,"{""Rat_Defense"",""Rat_Defense_Small_Center_Defense""}"
lc_pJ1Hk,r3kb1r/1bp2ppp/p3pn2/1p6/1n1qP3/2NB4/PP1QKPPP/R1B3NR w kq - 2 11,"{""d3b5"",""a6b5"",""d2d4""}",bishop,1,beginner,Bishop 1 · Discovered Attack,discoveredAttack,White to move.,1168,Casual,"{""advantage"",""discoveredAttack"",""opening"",""short""}",A discovered attack — moving one piece uncovers a deadly attack from another.,true,lichess,pJ1Hk,32253,95,"{""Queens_Gambit_Accepted"",""Queens_Gambit_Accepted_Other_variations""}"
lc_SvvWe,3Q1b1r/pp3kpp/5n2/1p2q3/2P5/5RN1/P5PP/3R2K1 b - - 0 24,"{""f8c5"",""g1h1"",""h8d8""}",bishop,1,beginner,Bishop 1 · Discovered Attack,discoveredAttack,Black to move.,1168,Casual,"{""crushing"",""discoveredAttack"",""middlegame"",""short""}",A discovered attack — moving one piece uncovers a deadly attack from another.,true,lichess,SvvWe,30908,95,{}
lc_0Z48E,5Q2/6pk/5p1p/3Rnn2/6N1/7P/2r5/7K b - - 2 39,"{""f5g3"",""h1g1"",""e5f3""}",bishop,1,beginner,Bishop 1 · Mate In2,mateIn2,Black to move.,1168,Casual,"{""cornerMate"",""endgame"",""mate"",""mateIn2"",""short""}",Checkmate in two — a forced sequence that delivers checkmate on move two.,true,lichess,0Z48E,27245,95,{}
lc_y2IVf,r2q1rk1/1ppbbpp1/p3p2p/4P3/3PNP2/1PNQ2P1/P1B4P/2R2nK1 w - - 0 20,"{""e4f6"",""e7f6"",""d3h7""}",bishop,1,beginner,Bishop 1 · Mate In2,mateIn2,White to move.,1169,Casual,"{""clearance"",""kingsideAttack"",""mate"",""mateIn2"",""middlegame"",""sacrifice"",""short""}",Checkmate in two — a forced sequence that delivers checkmate on move two.,true,lichess,y2IVf,31660,96,"{""Queens_Gambit_Accepted"",""Queens_Gambit_Accepted_Central_Variation""}"
lc_nLxrf,1r1r2k1/5p2/3b2p1/1P4R1/7p/2B4P/5P2/2R3K1 b - - 6 32,"{""d6f4"",""g5g4"",""f4c1""}",bishop,1,beginner,Bishop 1 · Fork,fork,Black to move.,1169,Casual,"{""advantage"",""endgame"",""fork"",""short""}","A fork — one piece attacks two enemy pieces at once, forcing a material win.",true,lichess,nLxrf,26092,96,{}
lc_luvDm,2kN2nb/1pp1p3/p5p1/8/3n4/2Nq4/P2B1PP1/1R1QK3 b - - 0 18,"{""d4c2"",""d1c2"",""d3c2""}",bishop,1,beginner,Bishop 1 · Crushing,crushing,Black to move.,1170,Casual,"{""crushing"",""master"",""masterVsMaster"",""middlegame"",""short""}",Find the strongest continuation and seize the advantage.,true,lichess,luvDm,27448,96,"{""Modern_Defense"",""Modern_Defense_Other_variations""}"
lc_MYARz,k6r/1R4p1/p2N4/2N5/1P3n2/5P2/P1R3p1/6K1 b - - 0 34,"{""h8h1"",""g1f2"",""g2g1q""}",bishop,1,beginner,Bishop 1 · Mate In2,mateIn2,Black to move.,1170,Casual,"{""advancedPawn"",""endgame"",""mate"",""mateIn2"",""promotion"",""short""}",Checkmate in two — a forced sequence that delivers checkmate on move two.,true,lichess,MYARz,25375,95,{}
lc_ggI6y,7k/7p/4RP2/4p3/4n3/5KP1/Nr5P/8 b - - 4 36,"{""e4g5"",""f3g4"",""g5e6""}",bishop,1,beginner,Bishop 1 · Fork,fork,Black to move.,1170,Casual,"{""crushing"",""endgame"",""fork"",""short""}","A fork — one piece attacks two enemy pieces at once, forcing a material win.",true,lichess,ggI6y,24813,95,{}
lc_YU4LR,r7/p1pk1p1p/3n2p1/3P2Q1/8/4PK2/1r3PPP/7R b - - 0 25,"{""b2f2"",""f3f2"",""d6e4"",""f2f3"",""e4g5""}",bishop,1,beginner,Bishop 1 · Fork,fork,Black to move.,1170,Casual,"{""attraction"",""crushing"",""endgame"",""fork"",""long"",""sacrifice""}","A fork — one piece attacks two enemy pieces at once, forcing a material win.",true,lichess,YU4LR,24407,94,{}
lc_oaQwn,2r3k1/5pb1/3p1np1/4p3/3qP2P/pP3Q2/P7/1KBR2R1 b - - 0 31,"{""c8c1"",""b1c1"",""d4b2""}",bishop,1,beginner,Bishop 1 · Mate In2,mateIn2,Black to move.,1170,Casual,"{""attraction"",""mate"",""mateIn2"",""middlegame"",""queensideAttack"",""sacrifice"",""short""}",Checkmate in two — a forced sequence that delivers checkmate on move two.,true,lichess,oaQwn,24245,94,{}
lc_ejzWL,5r2/p1R1b3/1p1pk3/8/Pq2pB2/2N4P/5PP1/5RK1 w - - 3 35,"{""c7e7"",""e6e7"",""c3d5"",""e7e6"",""d5b4""}",bishop,2,beginner,Bishop 2 · Fork,fork,White to move.,1171,Casual,"{""advantage"",""attraction"",""fork"",""long"",""middlegame"",""sacrifice""}","A fork — one piece attacks two enemy pieces at once, forcing a material win.",true,lichess,ejzWL,29758,94,{}
lc_9ytTt,r5k1/1p3pPp/4p3/2Pp2P1/rqnP3P/1N3P2/P6R/KR2Q3 b - - 6 29,"{""a4a2"",""h2a2"",""a8a2"",""a1a2"",""b4a4""}",bishop,2,beginner,Bishop 2 · Mate In3,mateIn3,Black to move.,1171,Casual,"{""attraction"",""long"",""master"",""mate"",""mateIn3"",""middlegame"",""sacrifice""}",Checkmate in three — calculate the forcing line all the way to mate.,true,lichess,9ytTt,27243,97,{}
lc_tG86b,r3qb1r/kp2p1p1/p1p1pn1p/2Ppn3/3P1BPP/1Q6/PP3P2/RN2K2R w KQ - 0 17,"{""b3b6"",""a7b8"",""f4e5"",""b8c8"",""b6c7""}",bishop,2,beginner,Bishop 2 · Mate In3,mateIn3,White to move.,1172,Casual,"{""intermezzo"",""long"",""mate"",""mateIn3"",""middlegame""}",Checkmate in three — calculate the forcing line all the way to mate.,true,lichess,tG86b,26638,95,"{""Caro-Kann_Defense"",""Caro-Kann_Defense_Advance_Variation""}"
lc_urcBC,1kr5/pp2N3/r1p4p/1q2p2Q/4P3/2pP3P/P1P3P1/KR3R2 b - - 1 28,"{""a6a2"",""a1a2"",""b5a4""}",bishop,2,beginner,Bishop 2 · Mate In2,mateIn2,Black to move.,1173,Casual,"{""attraction"",""mate"",""mateIn2"",""middlegame"",""sacrifice"",""short""}",Checkmate in two — a forced sequence that delivers checkmate on move two.,true,lichess,urcBC,25919,95,{}
lc_BnJRd,r2qrnk1/pbp2p2/1p2pb1Q/6N1/3P4/2NB4/PPP3PP/3R2K1 w - - 0 16,"{""d3h7"",""f8h7"",""h6h7"",""g8f8"",""h7f7""}",bishop,2,beginner,Bishop 2 · Mate In3,mateIn3,White to move.,1173,Casual,"{""kingsideAttack"",""long"",""mate"",""mateIn3"",""middlegame""}",Checkmate in three — calculate the forcing line all the way to mate.,true,lichess,BnJRd,24947,95,"{""Blackmar-Diemer_Gambit"",""Blackmar-Diemer_Gambit_Euwe_Defense""}"
lc_VDB0h,4rk2/1R1R4/p5K1/1pp1r3/7p/2P4P/PP4P1/5B2 b - - 4 37,"{""e8e6"",""g6h7"",""e5h5""}",bishop,2,beginner,Bishop 2 · Mate In2,mateIn2,Black to move.,1174,Casual,"{""endgame"",""mate"",""mateIn2"",""short""}",Checkmate in two — a forced sequence that delivers checkmate on move two.,true,lichess,VDB0h,25614,95,{}
lc_IVjox,r1b4k/2q3n1/2pp3r/pp2p1Qn/6PP/2PP4/PP3P1N/R4RK1 w - - 0 26,"{""g5h6"",""h8g8"",""g4h5""}",bishop,2,beginner,Bishop 2 · Hanging Piece,hangingPiece,White to move.,1175,Casual,"{""advantage"",""hangingPiece"",""kingsideAttack"",""middlegame"",""short""}",A hanging piece — an undefended enemy piece is free to capture.,true,lichess,IVjox,25307,95,{}
lc_4IDDE,2k2r1N/1ppb2p1/1pnp3p/4p3/4Pn2/PBPP4/1P4P1/R1B2RK1 b - - 0 19,"{""f4e2"",""g1h2"",""f8f1""}",bishop,2,beginner,Bishop 2 · Discovered Attack,discoveredAttack,Black to move.,1175,Casual,"{""crushing"",""deflection"",""discoveredAttack"",""kingsideAttack"",""middlegame"",""short""}",A discovered attack — moving one piece uncovers a deadly attack from another.,true,lichess,4IDDE,25149,96,"{""Italian_Game"",""Italian_Game_Anti-Fried_Liver_Defense""}"
lc_NHvAH,2R5/4bpkp/4p3/p2pPq1p/4r2P/1P1Q1NP1/P4P1K/8 b - - 2 26,"{""e4h4"",""f3h4"",""f5d3""}",bishop,2,beginner,Bishop 2 · Discovered Attack,discoveredAttack,Black to move.,1176,Casual,"{""crushing"",""discoveredAttack"",""endgame"",""short""}",A discovered attack — moving one piece uncovers a deadly attack from another.,true,lichess,NHvAH,26593,95,{}
lc_3PnNm,1k1r3r/ppq2pp1/2n1b1p1/1QNpP3/8/P7/1PP2PPP/2KR3R w - - 1 19,"{""c5a6"",""b8c8"",""a6c7""}",bishop,2,beginner,Bishop 2 · Pin,pin,White to move.,1176,Casual,"{""advantage"",""middlegame"",""pin"",""queensideAttack"",""short""}",A pin — the attacked piece can't move without exposing a more valuable piece behind it.,true,lichess,3PnNm,25637,95,"{""Four_Knights_Game"",""Four_Knights_Game_Halloween_Gambit""}"
lc_cOWvT,r1b1k2r/1p1pbp2/1q2pn1p/p5p1/1nP5/PQN1PNB1/1P3PPP/R3KB1R b KQkq - 0 13,"{""b4d3"",""f1d3"",""b6b3""}",bishop,2,beginner,Bishop 2 · Discovered Attack,discoveredAttack,Black to move.,1177,Casual,"{""crushing"",""discoveredAttack"",""middlegame"",""short""}",A discovered attack — moving one piece uncovers a deadly attack from another.,true,lichess,cOWvT,25753,96,"{""Horwitz_Defense"",""Horwitz_Defense_Other_variations""}"
lc_d5I9X,r4rk1/1p4pp/nq2pn2/pb1p2N1/3P1N2/P2Q4/1P3PPP/RB3RK1 w - - 4 19,"{""d3h7"",""f6h7"",""b1h7"",""g8h8"",""f4g6""}",bishop,2,beginner,Bishop 2 · Mate In3,mateIn3,White to move.,1177,Casual,"{""kingsideAttack"",""long"",""mate"",""mateIn3"",""middlegame"",""sacrifice""}",Checkmate in three — calculate the forcing line all the way to mate.,true,lichess,d5I9X,25255,95,"{""French_Defense"",""French_Defense_Tarrasch_Variation""}"
lc_eaokh,3r3r/pppk2p1/2p2pn1/2b1p3/4P3/BPP3P1/P2P2PN/RN3R1K b - - 1 16,"{""h8h2"",""h1h2"",""d8h8""}",bishop,2,beginner,Bishop 2 · Mate In2,mateIn2,Black to move.,1178,Casual,"{""attraction"",""kingsideAttack"",""mate"",""mateIn2"",""middlegame"",""pillsburysMate"",""sacrifice"",""short""}",Checkmate in two — a forced sequence that delivers checkmate on move two.,true,lichess,eaokh,29379,97,"{""Ruy_Lopez"",""Ruy_Lopez_Nurnberg_Variation""}"
lc_HgEXZ,k4r2/1p6/p7/4q3/5N1Q/5R2/P5PK/8 b - - 0 43,"{""f8h8"",""h4h8"",""e5h8""}",bishop,2,beginner,Bishop 2 · Pin,pin,Black to move.,1178,Casual,"{""advantage"",""endgame"",""pin"",""short""}",A pin — the attacked piece can't move without exposing a more valuable piece behind it.,true,lichess,HgEXZ,28429,95,{}
lc_FT2yT,2b1Rb1k/p6p/6p1/8/1q3B2/6P1/P5BP/7K w - - 2 32,"{""f4e5"",""h8g8"",""g2d5"",""c8e6"",""d5e6""}",bishop,2,beginner,Bishop 2 · Mate In3,mateIn3,White to move.,1178,Casual,"{""endgame"",""long"",""master"",""mate"",""mateIn3""}",Checkmate in three — calculate the forcing line all the way to mate.,true,lichess,FT2yT,27004,95,{}
lc_Ad1lf,8/5p2/1pb1p3/p1p5/4kP2/PR4P1/1P2B2r/4K3 w - - 0 40,"{""e2f3"",""e4d4"",""f3c6""}",bishop,2,beginner,Bishop 2 · Skewer,skewer,White to move.,1178,Casual,"{""advantage"",""endgame"",""short"",""skewer""}","A skewer — the higher-value piece is forced to move, losing the piece behind it.",true,lichess,Ad1lf,25120,96,{}
lc_88r56,5q2/R4bk1/2p1Q2p/6p1/8/6K1/5PPP/8 b - - 0 48,"{""f8b8"",""g3h3"",""b8a7""}",bishop,2,beginner,Bishop 2 · Fork,fork,Black to move.,1178,Casual,"{""advantage"",""endgame"",""fork"",""short""}","A fork — one piece attacks two enemy pieces at once, forcing a material win.",true,lichess,88r56,24741,94,{}
lc_CiuYx,r2qk1nr/pp1b1ppp/2nP4/1B6/3p4/5P2/PPP3PP/R1BQK1NR b KQkq - 0 10,"{""d8a5"",""e1f2"",""a5b5""}",bishop,2,beginner,Bishop 2 · Fork,fork,Black to move.,1179,Casual,"{""advantage"",""fork"",""opening"",""short""}","A fork — one piece attacks two enemy pieces at once, forcing a material win.",true,lichess,CiuYx,30603,96,"{""Caro-Kann_Defense"",""Caro-Kann_Defense_Maroczy_Variation""}"
lc_r05lI,6k1/5p2/5Pp1/p6p/P2p1Q2/3P2PP/1qr5/4R1K1 w - - 2 32,"{""e1e8"",""g8h7"",""e8h8"",""h7h8"",""f4h6"",""h8g8"",""h6g7""}",bishop,2,beginner,Bishop 2 · Attraction,attraction,White to move.,1179,Casual,"{""attraction"",""endgame"",""mate"",""mateIn4"",""sacrifice"",""veryLong""}",An attraction — force an enemy piece onto a square where it can be exploited.,true,lichess,r05lI,29084,95,{}
lc_zaVFC,5rk1/prq2ppp/3bb3/3p4/N2Bn3/1PPN1P2/4Q1PP/1R2R1K1 b - - 0 21,"{""d6h2"",""g1h1"",""e4g3"",""h1h2"",""g3e2""}",bishop,2,beginner,Bishop 2 · Fork,fork,Black to move.,1180,Casual,"{""crushing"",""discoveredAttack"",""discoveredCheck"",""fork"",""long"",""middlegame""}","A fork — one piece attacks two enemy pieces at once, forcing a material win.",true,lichess,zaVFC,29330,96,{}
lc_5hB5N,2r5/3r1k1p/p2pRbp1/1p1P1p2/3R4/P1B2P2/1P4KP/8 w - - 8 33,"{""e6f6"",""f7f6"",""d4c4"",""f6f7"",""c4c8""}",bishop,2,beginner,Bishop 2 · Discovered Attack,discoveredAttack,White to move.,1180,Casual,"{""crushing"",""discoveredAttack"",""discoveredCheck"",""endgame"",""long"",""sacrifice""}",A discovered attack — moving one piece uncovers a deadly attack from another.,true,lichess,5hB5N,27000,95,{}
lc_xzPqH,2r2rk1/p3qppp/1p2pn2/8/3N4/2P3Q1/PP3PPP/3RR1K1 w - - 5 22,"{""d4f5"",""e6f5"",""e1e7""}",bishop,2,beginner,Bishop 2 · Crushing,crushing,White to move.,1180,Casual,"{""crushing"",""middlegame"",""short""}",Find the strongest continuation and seize the advantage.,true,lichess,xzPqH,25563,94,{}
lc_QYrr2,r3kb1r/ppp2ppp/3p4/3Ppq2/3n2b1/5NP1/PPPP1PBP/R1BQR1K1 w kq - 1 10,"{""f3d4"",""g4d1"",""d4f5""}",bishop,2,beginner,Bishop 2 · Pin,pin,White to move.,1180,Casual,"{""advantage"",""opening"",""pin"",""short""}",A pin — the attacked piece can't move without exposing a more valuable piece behind it.,true,lichess,QYrr2,24896,95,"{""Philidor_Defense"",""Philidor_Defense_Other_variations""}"
lc_XThTZ,1r4k1/pb3q1p/1p3p2/2bP1p2/2Pp4/3Q4/P5PP/4RRK1 w - - 0 27,"{""d3g3"",""g8h8"",""g3b8""}",bishop,2,beginner,Bishop 2 · Fork,fork,White to move.,1181,Casual,"{""crushing"",""fork"",""middlegame"",""short""}","A fork — one piece attacks two enemy pieces at once, forcing a material win.",true,lichess,XThTZ,30858,95,{}
lc_31L27,2R2Bk1/5p1p/p5p1/1p1q4/4n1P1/P3P2P/1P2N3/2n3K1 w - - 0 26,"{""f8h6"",""d5d8"",""c8d8""}",bishop,2,beginner,Bishop 2 · Mate In2,mateIn2,White to move.,1181,Casual,"{""discoveredAttack"",""discoveredCheck"",""endgame"",""mate"",""mateIn2"",""pillsburysMate"",""short""}",Checkmate in two — a forced sequence that delivers checkmate on move two.,true,lichess,31L27,25848,96,{}
lc_b0uvo,3k4/1pNn1Rb1/4R2p/3p4/3P4/2P5/rP1n2PP/6K1 b - - 2 25,"{""a2a1"",""g1f2"",""a1f1"",""f2e2"",""f1f7""}",bishop,2,beginner,Bishop 2 · Skewer,skewer,Black to move.,1182,Casual,"{""advantage"",""long"",""middlegame"",""skewer""}","A skewer — the higher-value piece is forced to move, losing the piece behind it.",true,lichess,b0uvo,39494,94,{}
lc_OlFcl,4q1k1/2R3p1/p4p1p/3p3P/3Nb1Q1/2B5/5PPK/1r6 b - - 1 40,"{""e8e5"",""f2f4"",""e5c7""}",bishop,2,beginner,Bishop 2 · Fork,fork,Black to move.,1182,Casual,"{""crushing"",""fork"",""middlegame"",""short""}","A fork — one piece attacks two enemy pieces at once, forcing a material win.",true,lichess,OlFcl,29067,94,{}
lc_aksAc,5r2/8/7p/pP6/P1RrkNp1/6P1/5PK1/8 w - - 3 40,"{""c4d4"",""e4d4"",""f4e6"",""d4d5"",""e6f8""}",bishop,2,beginner,Bishop 2 · Fork,fork,White to move.,1182,Casual,"{""attraction"",""crushing"",""endgame"",""fork"",""long""}","A fork — one piece attacks two enemy pieces at once, forcing a material win.",true,lichess,aksAc,28491,95,{}
lc_ZZX5b,3rr1k1/1Bq3p1/2nbp2p/8/8/2NQ1Np1/PPP2PP1/2KR1R2 b - - 0 23,"{""d6f4"",""c1b1"",""d8d3""}",bishop,2,beginner,Bishop 2 · Discovered Attack,discoveredAttack,Black to move.,1182,Casual,"{""advantage"",""discoveredAttack"",""middlegame"",""short""}",A discovered attack — moving one piece uncovers a deadly attack from another.,true,lichess,ZZX5b,26790,94,{}
lc_k2jGQ,r3r3/ppp2pkp/3p1np1/7P/2BQq3/8/PPP2P2/1K1R3R w - - 0 19,"{""h5h6"",""g7f8"",""d4f6""}",bishop,2,beginner,Bishop 2 · Deflection,deflection,White to move.,1182,Casual,"{""crushing"",""deflection"",""middlegame"",""short""}",A deflection — lure a defending piece away from the square it was guarding.,true,lichess,k2jGQ,26582,94,"{""Modern_Defense"",""Modern_Defense_Other_variations""}"
lc_hmtJI,2r1r2k/6pp/5N2/1q6/8/6Q1/1P1R1PPP/5RK1 b - - 0 30,"{""b5f1"",""g1f1"",""c8c1"",""d2d1"",""c1d1""}",bishop,2,beginner,Bishop 2 · Mate In3,mateIn3,Black to move.,1183,Casual,"{""attraction"",""long"",""mate"",""mateIn3"",""middlegame"",""sacrifice""}",Checkmate in three — calculate the forcing line all the way to mate.,true,lichess,hmtJI,24844,95,{}
lc_xnBnK,4r3/pppk1p2/3p2pb/3P1b1p/2P1N3/P3RP2/1P1N2PP/2K5 w - - 1 24,"{""e4f6"",""d7d8"",""e3e8""}",bishop,2,beginner,Bishop 2 · Mate In2,mateIn2,White to move.,1183,Casual,"{""discoveredAttack"",""endgame"",""fork"",""mate"",""mateIn2"",""short""}",Checkmate in two — a forced sequence that delivers checkmate on move two.,true,lichess,xnBnK,24107,97,{}
lc_8PmLD,5kr1/pp1b1p2/3p4/1PpPp2p/P1P1Pp1q/5P1P/3Q1R1K/R4B2 b - - 0 34,"{""h4g3"",""h2h1"",""g3g1""}",bishop,2,beginner,Bishop 2 · Mate In2,mateIn2,Black to move.,1183,Casual,"{""mate"",""mateIn2"",""middlegame"",""short""}",Checkmate in two — a forced sequence that delivers checkmate on move two.,true,lichess,8PmLD,24066,96,{}
lc_c6Mww,4r1k1/p3Q1pp/4p1q1/3pB3/1p2nP2/1P4PB/P1r4P/R5K1 w - - 16 33,"{""h3e6"",""g8h8"",""e5g7"",""g6g7"",""e7e8"",""g7f8"",""e8f8""}",bishop,2,beginner,Bishop 2 · Deflection,deflection,White to move.,1184,Casual,"{""deflection"",""kingsideAttack"",""mate"",""mateIn4"",""middlegame"",""veryLong""}",A deflection — lure a defending piece away from the square it was guarding.,true,lichess,c6Mww,30987,95,{}
lc_ed7nc,7r/6k1/5b2/3Q4/3Pn3/4B1p1/PP4PP/R4RK1 b - - 0 32,"{""g3h2"",""g1h1"",""e4g3""}",bishop,2,beginner,Bishop 2 · Mate In2,mateIn2,Black to move.,1184,Casual,"{""advancedPawn"",""mate"",""mateIn2"",""middlegame"",""short""}",Checkmate in two — a forced sequence that delivers checkmate on move two.,true,lichess,ed7nc,29911,95,{}
lc_WRkRx,3r3k/3P1r2/p7/8/P5K1/1R6/8/3R4 b - - 0 48,"{""d8g8"",""g4h5"",""f7h7""}",bishop,2,beginner,Bishop 2 · Mate In2,mateIn2,Black to move.,1184,Casual,"{""endgame"",""mate"",""mateIn2"",""rookEndgame"",""short""}",Checkmate in two — a forced sequence that delivers checkmate on move two.,true,lichess,WRkRx,24972,94,{}
lc_uvagq,r1b1k2r/p4ppp/1q2p3/3p4/1b1P4/5N2/PP1B1PPP/R2QK2R w KQkq - 0 12,"{""d1a4"",""c8d7"",""a4b4"",""b6b4"",""d2b4""}",bishop,2,beginner,Bishop 2 · Advantage,advantage,White to move.,1184,Casual,"{""advantage"",""long"",""middlegame""}",Find the strongest continuation and seize the advantage.,true,lichess,uvagq,24579,95,"{""Caro-Kann_Defense"",""Caro-Kann_Defense_Other_variations""}"
lc_jO3j8,r4rk1/1pp2p2/p2qpnp1/6N1/3P2P1/P1P1K3/1P3PQ1/R6R b - - 2 21,"{""f6d5"",""e3d2"",""d6f4"",""d2c2"",""f4g5""}",bishop,2,beginner,Bishop 2 · Fork,fork,Black to move.,1184,Casual,"{""advantage"",""fork"",""long"",""middlegame""}","A fork — one piece attacks two enemy pieces at once, forcing a material win.",true,lichess,jO3j8,24139,95,{}
lc_6kDnR,1r5r/2q1k1p1/p3p1p1/np2Pp2/2pP4/2P1bBP1/P1QN2PP/4RR1K b - - 7 26,"{""h8h2"",""h1h2"",""b8h8"",""f3h5"",""h8h5""}",bishop,2,beginner,Bishop 2 · Mate In3,mateIn3,Black to move.,1185,Casual,"{""attraction"",""kingsideAttack"",""long"",""mate"",""mateIn3"",""middlegame"",""pillsburysMate"",""sacrifice""}",Checkmate in three — calculate the forcing line all the way to mate.,true,lichess,6kDnR,28005,94,{}
lc_M55Ef,4qb1k/r5p1/3p1R1p/2pQ4/4P3/2PP2RP/5KP1/1r6 w - - 2 47,"{""f6h6"",""g7h6"",""d5g8""}",bishop,2,beginner,Bishop 2 · Mate In2,mateIn2,White to move.,1185,Casual,"{""mate"",""mateIn2"",""middlegame"",""sacrifice"",""short""}",Checkmate in two — a forced sequence that delivers checkmate on move two.,true,lichess,M55Ef,26544,96,{}
lc_nbPfe,6k1/8/3rr3/p2pq1p1/p3p3/2P3RQ/BP4P1/3R3K b - - 1 40,"{""e6h6"",""h3h6"",""d6h6""}",bishop,2,beginner,Bishop 2 · Pin,pin,Black to move.,1185,Casual,"{""crushing"",""middlegame"",""pin"",""short""}",A pin — the attacked piece can't move without exposing a more valuable piece behind it.,true,lichess,nbPfe,26540,95,{}
lc_VjOjG,5r2/4k3/1pQp1q1p/8/4P3/N1p4P/P4P1P/R4RK1 b - - 0 22,"{""f8g8"",""g1h1"",""f6f3""}",bishop,2,beginner,Bishop 2 · Mate In2,mateIn2,Black to move.,1185,Casual,"{""endgame"",""mate"",""mateIn2"",""short""}",Checkmate in two — a forced sequence that delivers checkmate on move two.,true,lichess,VjOjG,26261,95,{}
lc_ow6KI,r1bqrnk1/pp3p2/2p1pb1Q/6N1/3P4/2NB4/PPP3PP/R5K1 w - - 0 15,"{""d3h7"",""f8h7"",""h6h7"",""g8f8"",""h7f7""}",bishop,2,beginner,Bishop 2 · Mate In3,mateIn3,White to move.,1185,Casual,"{""kingsideAttack"",""long"",""mate"",""mateIn3"",""middlegame""}",Checkmate in three — calculate the forcing line all the way to mate.,true,lichess,ow6KI,24474,95,"{""Blackmar-Diemer_Gambit"",""Blackmar-Diemer_Gambit_Ziegler_Defense""}"
lc_Lb3b8,r5k1/pp3pbp/2p5/5qp1/P1Pr1pN1/7P/1P2QPP1/R3R1K1 w - - 1 28,"{""e2e8"",""a8e8"",""e1e8"",""g7f8"",""g4h6"",""g8g7"",""h6f5""}",bishop,2,beginner,Bishop 2 · Pin,pin,White to move.,1185,Casual,"{""crushing"",""kingsideAttack"",""middlegame"",""pin"",""sacrifice"",""veryLong""}",A pin — the attacked piece can't move without exposing a more valuable piece behind it.,true,lichess,Lb3b8,24225,95,{}
lc_Ufjxa,8/4r3/8/2N2ppk/7p/5P1P/2N2KP1/8 b - - 3 52,"{""e7c7"",""c2d4"",""c7c5""}",bishop,2,beginner,Bishop 2 · Endgame,endgame,Black to move.,1185,Casual,"{""advantage"",""endgame"",""short""}",An endgame technique — precise play with few pieces where every tempo counts.,true,lichess,Ufjxa,24017,96,{}
lc_x3fuS,6k1/1R3Rpp/8/2b1q2n/2P3b1/3P2P1/4P1BP/1N1Q3K b - - 2 25,"{""h5g3"",""h2g3"",""e5h5"",""g2h3"",""h5h3""}",bishop,2,beginner,Bishop 2 · Mate In3,mateIn3,Black to move.,1186,Casual,"{""clearance"",""long"",""mate"",""mateIn3"",""middlegame"",""sacrifice""}",Checkmate in three — calculate the forcing line all the way to mate.,true,lichess,x3fuS,34365,96,{}
lc_hiRRa,r4rk1/p1q3pp/4p3/1pp1P3/3n1B2/2PP4/PP3QPP/R4RK1 b - - 0 18,"{""f8f4"",""f2f4"",""d4e2"",""g1h1"",""e2f4""}",bishop,2,beginner,Bishop 2 · Fork,fork,Black to move.,1186,Casual,"{""advantage"",""attraction"",""fork"",""long"",""middlegame"",""sacrifice""}","A fork — one piece attacks two enemy pieces at once, forcing a material win.",true,lichess,hiRRa,30914,96,"{""Sicilian_Defense"",""Sicilian_Defense_Grand_Prix_Attack""}"
lc_vkQv5,1k6/1pp4p/6p1/KPP1Pr2/R2r1P2/7P/8/5R2 b - - 6 38,"{""b7b6"",""c5b6"",""c7b6"",""a5b6"",""d4a4""}",bishop,2,beginner,Bishop 2 · Rook Endgame,rookEndgame,Black to move.,1186,Casual,"{""crushing"",""endgame"",""long"",""rookEndgame""}",A rook endgame — master the Lucena and Philidor ideas to convert.,true,lichess,vkQv5,26501,96,{}
lc_dh4gb,r4rk1/pp5p/8/3pq3/4Bpb1/4Q1P1/PP3PKP/R6R w - - 0 22,"{""e4h7"",""g8h7"",""e3e5""}",bishop,2,beginner,Bishop 2 · Discovered Attack,discoveredAttack,White to move.,1186,Casual,"{""crushing"",""discoveredAttack"",""kingsideAttack"",""master"",""middlegame"",""short""}",A discovered attack — moving one piece uncovers a deadly attack from another.,true,lichess,dh4gb,25448,94,{}
lc_Frodw,r2q1rk1/1p2bpp1/p1np1n1p/3Np3/2P1P1b1/2NBB3/PP3PPP/R2QK2R w KQ - 6 12,"{""d5f6"",""e7f6"",""d1g4""}",bishop,2,beginner,Bishop 2 · Crushing,crushing,White to move.,1186,Casual,"{""crushing"",""kingsideAttack"",""opening"",""short""}",Find the strongest continuation and seize the advantage.,true,lichess,Frodw,25319,96,"{""Sicilian_Defense"",""Sicilian_Defense_Kalashnikov_Variation""}"
lc_8fA8U,r4rk1/pp3p2/2pp1p1p/4p1q1/3nP3/2NP3P/PPP2PPQ/R4RK1 b - - 1 17,"{""d4f3"",""g1h1"",""f3h2""}",bishop,2,beginner,Bishop 2 · Pin,pin,Black to move.,1187,Casual,"{""crushing"",""kingsideAttack"",""middlegame"",""pin"",""short""}",A pin — the attacked piece can't move without exposing a more valuable piece behind it.,true,lichess,8fA8U,25705,94,"{""Philidor_Defense"",""Philidor_Defense_Other_variations""}"
lc_zd1xB,3r4/R6R/4p1p1/3p2k1/1P1n1nN1/5P1P/2r3PK/8 w - - 1 42,"{""h3h4"",""g5f5"",""a7f7""}",bishop,2,beginner,Bishop 2 · Mate In2,mateIn2,White to move.,1187,Casual,"{""mate"",""mateIn2"",""middlegame"",""short""}",Checkmate in two — a forced sequence that delivers checkmate on move two.,true,lichess,zd1xB,24891,95,{}
lc_W2XMi,rk5r/ppp3p1/2n5/2b1p3/4P3/5RqB/PPP3P1/R1BQN2K b - - 2 17,"{""h8h3"",""g2h3"",""g3g1""}",bishop,3,beginner,Bishop 3 · Mate In2,mateIn2,Black to move.,1187,Casual,"{""kingsideAttack"",""mate"",""mateIn2"",""middlegame"",""sacrifice"",""short""}",Checkmate in two — a forced sequence that delivers checkmate on move two.,true,lichess,W2XMi,24702,95,"{""Four_Knights_Game"",""Four_Knights_Game_Italian_Variation""}"
lc_9OVqg,8/2P5/8/1kr5/p4R2/8/4K3/8 w - - 2 57,"{""f4f5"",""c5f5"",""c7c8q""}",bishop,3,beginner,Bishop 3 · Pin,pin,White to move.,1188,Casual,"{""advancedPawn"",""crushing"",""deflection"",""endgame"",""pin"",""promotion"",""rookEndgame"",""short""}",A pin — the attacked piece can't move without exposing a more valuable piece behind it.,true,lichess,9OVqg,64935,88,{}
lc_JOub6,rn3rk1/pp3pBp/3p2p1/7n/6q1/2N2NP1/PPP1QPKP/R4R2 b - - 0 15,"{""h5f4"",""g2g1"",""f4e2""}",bishop,3,beginner,Bishop 3 · Pin,pin,Black to move.,1188,Casual,"{""crushing"",""middlegame"",""pin"",""short""}",A pin — the attacked piece can't move without exposing a more valuable piece behind it.,true,lichess,JOub6,27566,96,"{""Sicilian_Defense"",""Sicilian_Defense_Nimzowitsch_Variation""}"
lc_zSSy1,2r2rk1/pBqn1pp1/1p2p2p/2b1P3/2P3n1/1N4P1/PBQN1P1P/2RR2K1 b - - 0 18,"{""c5f2"",""g1h1"",""c7b7""}",bishop,3,beginner,Bishop 3 · Advantage,advantage,Black to move.,1188,Casual,"{""advantage"",""intermezzo"",""kingsideAttack"",""middlegame"",""short""}",Find the strongest continuation and seize the advantage.,true,lichess,zSSy1,27140,95,"{""Slav_Defense"",""Slav_Defense_Modern_Line""}"
lc_wO1K1,2r5/8/2pk4/Pr1p3p/5K1P/P1R1P1P1/8/2R5 b - - 0 32,"{""c8f8"",""f4g5"",""d5d4"",""g5g6"",""d4c3""}",bishop,3,beginner,Bishop 3 · Discovered Attack,discoveredAttack,Black to move.,1188,Casual,"{""crushing"",""discoveredAttack"",""discoveredCheck"",""endgame"",""long"",""rookEndgame""}",A discovered attack — moving one piece uncovers a deadly attack from another.,true,lichess,wO1K1,26854,96,{}
lc_uue56,r4rk1/5p2/1p1N1pb1/p1nP1q2/P1P2P1p/1P2RB1P/4Q2K/4R3 b - - 0 30,"{""f5f4"",""h2h1"",""f4d6""}",bishop,3,beginner,Bishop 3 · Fork,fork,Black to move.,1189,Casual,"{""advantage"",""fork"",""master"",""middlegame"",""short""}","A fork — one piece attacks two enemy pieces at once, forcing a material win.",true,lichess,uue56,31259,96,{}
lc_KPewK,6k1/1p1r3p/p1r2P1R/5B2/1Pb5/P5B1/2P3PP/6K1 b - - 2 36,"{""d7d1"",""g1f2"",""d1f1"",""f2e3"",""f1f5""}",bishop,3,beginner,Bishop 3 · Skewer,skewer,Black to move.,1190,Casual,"{""advantage"",""endgame"",""long"",""skewer""}","A skewer — the higher-value piece is forced to move, losing the piece behind it.",true,lichess,KPewK,30544,96,{}
lc_QVcQC,r1b1k3/1p3n2/pq2p3/3p4/6Q1/P1N3P1/1PP4K/R6R b q - 0 25,"{""b6f2"",""h2h3"",""e6e5"",""g4c8"",""a8c8""}",bishop,3,beginner,Bishop 3 · Pin,pin,Black to move.,1190,Casual,"{""crushing"",""long"",""middlegame"",""pin"",""quietMove""}",A pin — the attacked piece can't move without exposing a more valuable piece behind it.,true,lichess,QVcQC,27394,96,{}
lc_mLFZv,r4qk1/1pp3p1/p2p3p/2b1p2n/3NP3/3P3P/PPPB2PN/R2Q3K b - - 0 17,"{""h5g3"",""h1g1"",""c5d4"",""d2e3"",""d4e3""}",bishop,3,beginner,Bishop 3 · Mate In3,mateIn3,Black to move.,1190,Casual,"{""intermezzo"",""kingsideAttack"",""long"",""mate"",""mateIn3"",""middlegame""}",Checkmate in three — calculate the forcing line all the way to mate.,true,lichess,mLFZv,26704,95,"{""Four_Knights_Game"",""Four_Knights_Game_Italian_Variation""}"
lc_baoHN,6kb/pp1r4/5pN1/4pP2/6r1/2P1B3/P4P1K/R5R1 b - - 4 30,"{""d7h7"",""e3h6"",""h7h6"",""g6h4"",""h6h4""}",bishop,3,beginner,Bishop 3 · Mate In3,mateIn3,Black to move.,1190,Casual,"{""exposedKing"",""long"",""mate"",""mateIn3"",""middlegame""}",Checkmate in three — calculate the forcing line all the way to mate.,true,lichess,baoHN,25309,96,{}
lc_o7EXo,rk2r1b1/1pp3qp/p2p2pR/3P4/1PPNpP2/4P1Q1/PB6/1K6 w - - 1 31,"{""d4c6"",""b7c6"",""b2g7""}",bishop,3,beginner,Bishop 3 · Discovered Attack,discoveredAttack,White to move.,1190,Casual,"{""crushing"",""discoveredAttack"",""master"",""masterVsMaster"",""middlegame"",""short""}",A discovered attack — moving one piece uncovers a deadly attack from another.,true,lichess,o7EXo,24457,95,{}
lc_EQr39,5rk1/5ppp/1b2p3/1N2n1B1/1Q6/7P/4qPP1/2R3K1 w - - 1 28,"{""b4f8"",""g8f8"",""c1c8"",""b6d8"",""c8d8""}",bishop,3,beginner,Bishop 3 · Mate In3,mateIn3,White to move.,1191,Casual,"{""attraction"",""long"",""mate"",""mateIn3"",""middlegame"",""pillsburysMate"",""sacrifice""}",Checkmate in three — calculate the forcing line all the way to mate.,true,lichess,EQr39,34809,96,{}
lc_netiA,4r1k1/1p3ppp/p5q1/2Pp4/3P2n1/1Q3N2/PP4KP/4RR2 b - - 0 26,"{""g4e3"",""g2h1"",""g6g2""}",bishop,3,beginner,Bishop 3 · Mate In2,mateIn2,Black to move.,1191,Casual,"{""discoveredCheck"",""doubleCheck"",""fork"",""mate"",""mateIn2"",""middlegame"",""short""}",Checkmate in two — a forced sequence that delivers checkmate on move two.,true,lichess,netiA,31510,96,{}
lc_YLDt3,3kr3/pp3ppp/2p2b2/8/2P2P2/1K6/PN4nP/1R2R3 w - - 0 29,"{""b1d1"",""d8c7"",""e1e8""}",bishop,3,beginner,Bishop 3 · Deflection,deflection,White to move.,1191,Casual,"{""crushing"",""deflection"",""endgame"",""short""}",A deflection — lure a defending piece away from the square it was guarding.,true,lichess,YLDt3,30568,97,{}
lc_eHVQc,5rk1/1ppn2pp/p3p1q1/4p3/4Pn1B/2NP4/PPPQ2PP/5RK1 b - - 3 17,"{""f4h3"",""g1h1"",""f8f1""}",bishop,3,beginner,Bishop 3 · Mate In2,mateIn2,Black to move.,1191,Casual,"{""deflection"",""discoveredAttack"",""kingsideAttack"",""mate"",""mateIn2"",""middlegame"",""pin"",""short""}",Checkmate in two — a forced sequence that delivers checkmate on move two.,true,lichess,eHVQc,28363,95,"{""Vienna_Game"",""Vienna_Game_Other_variations""}"
lc_Bg5sk,3r4/p4p2/3P2k1/1pr2p2/2n2P2/P1PR3R/6PP/6K1 w - - 1 30,"{""d3g3"",""g6f6"",""h3h6""}",bishop,3,beginner,Bishop 3 · Mate In2,mateIn2,White to move.,1191,Casual,"{""endgame"",""epauletteMate"",""mate"",""mateIn2"",""short""}",Checkmate in two — a forced sequence that delivers checkmate on move two.,true,lichess,Bg5sk,27633,95,{}
lc_gjafK,8/8/3q2kp/5p2/2P4R/4N1P1/5PK1/8 w - - 2 42,"{""h4h6"",""g6h6"",""e3f5"",""h6g5"",""f5d6""}",bishop,3,beginner,Bishop 3 · Fork,fork,White to move.,1191,Casual,"{""attraction"",""crushing"",""deflection"",""endgame"",""fork"",""long"",""master"",""masterVsMaster"",""sacrifice"",""superGM""}","A fork — one piece attacks two enemy pieces at once, forcing a material win.",true,lichess,gjafK,27487,95,{}
lc_wf91Q,rn1q1rk1/pp3pp1/4p2p/3pP2b/2p1nPP1/2P1N3/PP2P1BP/R1BQK2R b KQ - 0 14,"{""d8h4"",""e1f1"",""h4f2""}",bishop,3,beginner,Bishop 3 · Mate In2,mateIn2,Black to move.,1191,Casual,"{""mate"",""mateIn2"",""opening"",""short""}",Checkmate in two — a forced sequence that delivers checkmate on move two.,true,lichess,wf91Q,27188,96,"{""Hungarian_Opening"",""Hungarian_Opening_Slav_Formation""}"
lc_jPqow,2r1r1k1/1b6/p4np1/1p1p4/1P1q4/P3PP2/3NKP1P/1Q4R1 w - - 0 24,"{""b1g6"",""g8h8"",""g6g7""}",bishop,3,beginner,Bishop 3 · Mate In2,mateIn2,White to move.,1192,Casual,"{""kingsideAttack"",""mate"",""mateIn2"",""middlegame"",""short""}",Checkmate in two — a forced sequence that delivers checkmate on move two.,true,lichess,jPqow,40303,97,{}
lc_zfmoA,5k2/pp2p3/2p5/3p4/8/2q2B2/P1PQ1PP1/1R2KN1r b - - 7 30,"{""h1f1"",""e1f1"",""c3d2""}",bishop,3,beginner,Bishop 3 · Deflection,deflection,Black to move.,1192,Casual,"{""crushing"",""deflection"",""endgame"",""short""}",A deflection — lure a defending piece away from the square it was guarding.,true,lichess,zfmoA,27436,95,{}
lc_Jj2ZC,4rbk1/Qb3p2/2qp1p1p/2p5/4P3/1P3PB1/2P3PP/3RR1K1 b - - 12 30,"{""e8a8"",""a7a8"",""b7a8""}",bishop,3,beginner,Bishop 3 · Trapped Piece,trappedPiece,Black to move.,1192,Casual,"{""advantage"",""master"",""middlegame"",""short"",""trappedPiece""}",A trapped piece — the enemy piece has no safe squares and can be won.,true,lichess,Jj2ZC,26500,94,{}
lc_zWe1W,2r3k1/6pp/p2n1n2/P3q3/3R4/4NP2/1P4PP/2BQ2K1 b - - 2 29,"{""c8c1"",""d1c1"",""e5d4""}",bishop,3,beginner,Bishop 3 · Pin,pin,Black to move.,1193,Casual,"{""advantage"",""deflection"",""middlegame"",""pin"",""short""}",A pin — the attacked piece can't move without exposing a more valuable piece behind it.,true,lichess,zWe1W,28618,96,{}
lc_QoIGR,3r1k2/p7/1p6/2rb2R1/8/PB6/7P/3RK3 b - - 2 30,"{""d8e8"",""e1d2"",""d5b3""}",bishop,3,beginner,Bishop 3 · Endgame,endgame,Black to move.,1193,Casual,"{""advantage"",""endgame"",""short""}",An endgame technique — precise play with few pieces where every tempo counts.,true,lichess,QoIGR,27657,95,{}
lc_2aMEi,r2r4/pb2qp1k/1p2pb1p/3p4/5PQ1/P1N1P1P1/1PP3P1/2KR3R w - - 2 22,"{""h1h6"",""h7h6"",""d1h1""}",bishop,3,beginner,Bishop 3 · Attraction,attraction,White to move.,1193,Casual,"{""advantage"",""attraction"",""middlegame"",""sacrifice"",""short""}",An attraction — force an enemy piece onto a square where it can be exploited.,true,lichess,2aMEi,27081,95,{}
lc_UZAX4,5r2/7k/p1pp3p/1p5Q/6R1/P6P/1q4P1/7K w - - 0 32,"{""h5g6"",""h7h8"",""g6h6""}",bishop,3,beginner,Bishop 3 · Mate In2,mateIn2,White to move.,1193,Casual,"{""deflection"",""endgame"",""mate"",""mateIn2"",""short""}",Checkmate in two — a forced sequence that delivers checkmate on move two.,true,lichess,UZAX4,25333,96,{}
lc_0QH2I,6k1/6pp/2p2pb1/2Np4/3P1P2/q1P5/6PP/4Q1K1 w - - 1 28,"{""e1e6"",""g6f7"",""e6c8"",""f7e8"",""c8e8""}",bishop,3,beginner,Bishop 3 · Mate In3,mateIn3,White to move.,1193,Casual,"{""endgame"",""long"",""mate"",""mateIn3""}",Checkmate in three — calculate the forcing line all the way to mate.,true,lichess,0QH2I,25232,96,{}
lc_9KL0k,6k1/pp1bQ1p1/2p4p/5q2/3P1p2/2P4P/PP4NK/4R3 b - - 0 28,"{""f5h3"",""h2g1"",""f4f3"",""e1e2"",""f3e2""}",bishop,3,beginner,Bishop 3 · Advanced Pawn,advancedPawn,Black to move.,1194,Casual,"{""advancedPawn"",""advantage"",""endgame"",""long""}",An advanced pawn — push the passer or use its threats to win material.,true,lichess,9KL0k,30495,95,{}
lc_ZWJfo,3k3r/5ppp/1pr1p3/3p4/Q3n3/3nP3/P3KPPP/1R5R b - - 3 24,"{""e4c3"",""e2d3"",""c3a4""}",bishop,3,beginner,Bishop 3 · Fork,fork,Black to move.,1194,Casual,"{""crushing"",""fork"",""middlegame"",""short""}","A fork — one piece attacks two enemy pieces at once, forcing a material win.",true,lichess,ZWJfo,27845,95,{}
lc_ce1fH,r4r1k/6Rp/5qp1/pP2p1N1/4B3/7P/1P3PPK/R7 w - - 2 30,"{""g7h7"",""h8g8"",""e4d5""}",bishop,3,beginner,Bishop 3 · Crushing,crushing,White to move.,1194,Casual,"{""crushing"",""middlegame"",""short""}",Find the strongest continuation and seize the advantage.,true,lichess,ce1fH,27634,94,{}
lc_RA5oH,r1bqk2r/pp3ppp/2n1pn2/1Bbp4/8/1P2PN2/PBP2PPP/RN1QK2R b KQkq - 1 7,"{""d8a5"",""b1d2"",""a5b5""}",bishop,3,beginner,Bishop 3 · Fork,fork,Black to move.,1194,Casual,"{""advantage"",""fork"",""opening"",""short""}","A fork — one piece attacks two enemy pieces at once, forcing a material win.",true,lichess,RA5oH,26579,94,"{""Benoni_Defense"",""Benoni_Defense_Old_Benoni""}"
lc_hMyjG,3R1Bk1/5p1p/1p2p1p1/8/1NP5/P4P2/4nPKP/1r6 b - - 0 31,"{""b1g1"",""g2h3"",""e2f4"",""h3h4"",""g6g5""}",bishop,3,beginner,Bishop 3 · Mate In3,mateIn3,Black to move.,1194,Casual,"{""endgame"",""long"",""mate"",""mateIn3""}",Checkmate in three — calculate the forcing line all the way to mate.,true,lichess,hMyjG,24536,95,{}
lc_SvcxX,r3r1k1/pb3p1p/1p4pb/2p1q2P/2PpP3/3Q1PN1/PP3B2/1K3R1R w - - 1 26,"{""h5g6"",""f7g6"",""h1h6""}",bishop,3,beginner,Bishop 3 · Discovered Attack,discoveredAttack,White to move.,1195,Casual,"{""advantage"",""discoveredAttack"",""middlegame"",""short""}",A discovered attack — moving one piece uncovers a deadly attack from another.,true,lichess,SvcxX,29868,95,{}
lc_4Nfeo,4k2r/2b1npp1/8/1pN5/1P2P2p/r4BP1/5PKP/1R1R4 b k - 0 26,"{""h4h3"",""g2f1"",""a3f3""}",bishop,3,beginner,Bishop 3 · Deflection,deflection,Black to move.,1195,Casual,"{""advantage"",""deflection"",""middlegame"",""short""}",A deflection — lure a defending piece away from the square it was guarding.,true,lichess,4Nfeo,28385,95,{}
lc_pYYcW,6k1/7p/B2pp1p1/4n3/1p2b3/8/PPPq1Q2/1K1N1R2 b - - 2 30,"{""e4c2"",""b1a1"",""d2c1""}",bishop,3,beginner,Bishop 3 · Mate In2,mateIn2,Black to move.,1195,Casual,"{""mate"",""mateIn2"",""middlegame"",""short""}",Checkmate in two — a forced sequence that delivers checkmate on move two.,true,lichess,pYYcW,24630,96,{}
lc_VftvX,6r1/pp3q1k/3br1pp/3p1p2/1P2pP2/P3P1RQ/1B3P1P/6RK w - - 6 28,"{""h3h6"",""h7h6"",""g3h3""}",bishop,3,beginner,Bishop 3 · Mate In2,mateIn2,White to move.,1196,Casual,"{""attraction"",""mate"",""mateIn2"",""middlegame"",""pillsburysMate"",""sacrifice"",""short""}",Checkmate in two — a forced sequence that delivers checkmate on move two.,true,lichess,VftvX,30166,95,{}
lc_FmDAR,3r3r/pkp2pp1/1pn1p2p/P3P3/2P5/5Q2/3q1PPP/R3R1K1 w - - 0 21,"{""a5a6"",""b7c8"",""f3c6""}",bishop,3,beginner,Bishop 3 · Deflection,deflection,White to move.,1196,Casual,"{""crushing"",""deflection"",""middlegame"",""short""}",A deflection — lure a defending piece away from the square it was guarding.,true,lichess,FmDAR,28675,96,{}
lc_33CyX,4rk2/2p2p2/5Q2/1p2p3/3q4/p6P/5PP1/4R1K1 w - - 0 37,"{""f6h8"",""f8e7"",""e1e5"",""d4e5"",""h8e5""}",bishop,3,beginner,Bishop 3 · Endgame,endgame,White to move.,1196,Casual,"{""advantage"",""endgame"",""long""}",An endgame technique — precise play with few pieces where every tempo counts.,true,lichess,33CyX,28406,96,{}
lc_J6skt,r5k1/5pp1/6bp/8/1P6/P1R2PB1/r5PP/2KR4 b - - 4 26,"{""a2a1"",""c1d2"",""a8d8""}",bishop,3,beginner,Bishop 3 · Endgame,endgame,Black to move.,1196,Casual,"{""advantage"",""endgame"",""short""}",An endgame technique — precise play with few pieces where every tempo counts.,true,lichess,J6skt,25949,96,{}
lc_GJSA7,r2qr1k1/ppp3pp/2nbR3/3Q4/8/5N2/PPP2PPP/R1B3K1 b - - 0 14,"{""d6h2"",""f3h2"",""d8d5"",""e6e8"",""a8e8""}",bishop,3,beginner,Bishop 3 · Discovered Attack,discoveredAttack,Black to move.,1196,Casual,"{""crushing"",""discoveredAttack"",""long"",""middlegame""}",A discovered attack — moving one piece uncovers a deadly attack from another.,true,lichess,GJSA7,25342,94,"{""French_Defense"",""French_Defense_Exchange_Variation""}"
lc_lNSVH,5rk1/2p5/1p4B1/8/3P3p/2P5/P5K1/5R2 b - - 1 44,"{""h4h3"",""g2g1"",""h3h2"",""g1h2"",""f8f1""}",bishop,3,beginner,Bishop 3 · Deflection,deflection,Black to move.,1196,Casual,"{""advancedPawn"",""advantage"",""deflection"",""endgame"",""exposedKing"",""long""}",A deflection — lure a defending piece away from the square it was guarding.,true,lichess,lNSVH,24970,95,{}
lc_6t9DW,8/4R3/r4Pp1/3k2P1/1pp5/2n5/P1P5/2K5 w - - 3 44,"{""f6f7"",""a6a8"",""e7e8""}",bishop,3,beginner,Bishop 3 · Advanced Pawn,advancedPawn,White to move.,1196,Casual,"{""advancedPawn"",""crushing"",""endgame"",""master"",""short""}",An advanced pawn — push the passer or use its threats to win material.,true,lichess,6t9DW,24730,96,{}
lc_xs32x,5k2/R7/4p3/1R1pPn2/2r5/8/P3K3/8 b - - 0 54,"{""f5d4"",""e2d2"",""d4b5""}",bishop,3,beginner,Bishop 3 · Fork,fork,Black to move.,1196,Casual,"{""crushing"",""endgame"",""fork"",""short""}","A fork — one piece attacks two enemy pieces at once, forcing a material win.",true,lichess,xs32x,24531,95,{}
lc_ZPsml,5rk1/5pb1/5qp1/pp6/P2P4/4nP1R/1P5Q/1K5R w - - 2 27,"{""h3h8"",""g7h8"",""h2h7""}",bishop,3,beginner,Bishop 3 · Mate In2,mateIn2,White to move.,1197,Casual,"{""clearance"",""mate"",""mateIn2"",""middlegame"",""sacrifice"",""short""}",Checkmate in two — a forced sequence that delivers checkmate on move two.,true,lichess,ZPsml,29227,95,{}
lc_5BLoG,6k1/pp4p1/2pp2qp/4p3/2P5/4QrPP/PP3RNK/R7 b - - 0 31,"{""g6g3"",""h2g1"",""f3e3""}",bishop,3,beginner,Bishop 3 · Pin,pin,Black to move.,1197,Casual,"{""crushing"",""endgame"",""pin"",""short""}",A pin — the attacked piece can't move without exposing a more valuable piece behind it.,true,lichess,5BLoG,28537,95,{}
lc_WWezY,r3r3/1k3pQ1/1p6/2bp4/3Nn3/1P6/q4PPP/2RR2K1 w - - 1 26,"{""g7f7"",""e8e7"",""f7d5""}",bishop,3,beginner,Bishop 3 · Crushing,crushing,White to move.,1197,Casual,"{""crushing"",""middlegame"",""short""}",Find the strongest continuation and seize the advantage.,true,lichess,WWezY,27187,95,{}
lc_Lu4Bg,2rr2k1/5ppp/p3pn1q/1p1B4/5P2/2P3PP/PP1N1Q1K/3RR3 b - - 0 27,"{""f6g4"",""h2g1"",""g4f2""}",bishop,3,beginner,Bishop 3 · Pin,pin,Black to move.,1197,Casual,"{""crushing"",""middlegame"",""pin"",""short""}",A pin — the attacked piece can't move without exposing a more valuable piece behind it.,true,lichess,Lu4Bg,26204,94,{}
lc_iTGpn,7k/1pp3p1/p4q1p/8/2P2p2/P4P1P/1r4P1/3QR2K w - - 2 35,"{""e1e8"",""h8h7"",""d1d3"",""f6g6"",""e8h8"",""h7h8"",""d3g6""}",bishop,3,beginner,Bishop 3 · Deflection,deflection,White to move.,1197,Casual,"{""crushing"",""deflection"",""endgame"",""veryLong""}",A deflection — lure a defending piece away from the square it was guarding.,true,lichess,iTGpn,25405,95,{}
lc_qx5gL,1rb3k1/2p1bppp/4pn2/2PpN3/3P4/2N1PP2/5KPP/B6R w - - 3 20,"{""e5c6"",""b8a8"",""c6e7""}",bishop,3,beginner,Bishop 3 · Fork,fork,White to move.,1197,Casual,"{""advantage"",""fork"",""middlegame"",""short""}","A fork — one piece attacks two enemy pieces at once, forcing a material win.",true,lichess,qx5gL,24508,94,"{""Indian_Defense"",""Indian_Defense_Normal_Variation""}"
lc_on1pz,4k3/p2p1pQ1/1p2p3/2q5/5P2/1P2n1p1/PBPP2P1/R4R1K b - - 0 20,"{""c5h5"",""h1g1"",""h5h2""}",bishop,3,beginner,Bishop 3 · Mate In2,mateIn2,Black to move.,1197,Casual,"{""endgame"",""kingsideAttack"",""mate"",""mateIn2"",""short""}",Checkmate in two — a forced sequence that delivers checkmate on move two.,true,lichess,on1pz,24173,95,{}
lc_zl0Qg,3Q4/5ppk/1p2qn1p/p7/8/1P3BP1/P1r2PKP/3R4 w - - 4 28,"{""d8d3"",""g7g6"",""d3c2""}",bishop,3,beginner,Bishop 3 · Fork,fork,White to move.,1197,Casual,"{""crushing"",""endgame"",""fork"",""short""}","A fork — one piece attacks two enemy pieces at once, forcing a material win.",true,lichess,zl0Qg,24094,95,{}
lc_fD6vM,6k1/5ppp/2P3q1/rp3b2/3bN3/5BP1/4RP1P/1Q4K1 b - - 0 30,"{""a5a1"",""b1a1"",""d4a1""}",bishop,3,beginner,Bishop 3 · Pin,pin,Black to move.,1198,Casual,"{""advantage"",""middlegame"",""pin"",""short""}",A pin — the attacked piece can't move without exposing a more valuable piece behind it.,true,lichess,fD6vM,34114,95,{}
lc_qgIJh,8/5k2/1R2pb2/5p2/2P4p/1P1n3P/1r4P1/4BRK1 b - - 4 36,"{""f6d4"",""g1h2"",""d4b6""}",bishop,3,beginner,Bishop 3 · Fork,fork,Black to move.,1198,Casual,"{""advantage"",""endgame"",""fork"",""short""}","A fork — one piece attacks two enemy pieces at once, forcing a material win.",true,lichess,qgIJh,28023,94,{}
lc_FO3dL,r4r1k/3p2pp/2b2p2/2N1pP2/2BnP1P1/p7/3P1K2/2R4R w - - 2 35,"{""h1h7"",""h8h7"",""c1h1""}",bishop,3,beginner,Bishop 3 · Mate In2,mateIn2,White to move.,1198,Casual,"{""attraction"",""kingsideAttack"",""mate"",""mateIn2"",""middlegame"",""pillsburysMate"",""sacrifice"",""short""}",Checkmate in two — a forced sequence that delivers checkmate on move two.,true,lichess,FO3dL,25599,95,{}
lc_VKKUq,2R5/4Nppk/p3pb1p/2Q1p3/1p6/1P5P/P1P2rPK/5q2 w - - 0 33,"{""c8h8"",""h7h8"",""c5c8"",""h8h7"",""c8g8""}",bishop,3,beginner,Bishop 3 · Mate In3,mateIn3,White to move.,1199,Casual,"{""attraction"",""endgame"",""long"",""mate"",""mateIn3"",""sacrifice""}",Checkmate in three — calculate the forcing line all the way to mate.,true,lichess,VKKUq,31415,94,{}
lc_x4ib3,1k6/1pR2pp1/P7/1r1N2Kp/5P2/6P1/3b3r/R7 w - - 1 29,"{""a6a7"",""b8a8"",""c7c8""}",bishop,3,beginner,Bishop 3 · Mate In2,mateIn2,White to move.,1199,Casual,"{""advancedPawn"",""endgame"",""mate"",""mateIn2"",""short""}",Checkmate in two — a forced sequence that delivers checkmate on move two.,true,lichess,x4ib3,28052,96,{}
lc_nObOp,r1b1kbnr/pp2q2p/2p2pn1/4p2Q/3P4/3B4/PPP3PP/RNB2RK1 w kq - 0 13,"{""d3g6"",""h7g6"",""h5h8""}",bishop,3,beginner,Bishop 3 · Advantage,advantage,White to move.,1199,Casual,"{""advantage"",""opening"",""short""}",Find the strongest continuation and seize the advantage.,true,lichess,nObOp,27932,95,"{""Ruy_Lopez"",""Ruy_Lopez_Nurnberg_Variation""}"
lc_bdmeC,7Q/2q2kp1/4rp2/pp2P3/7P/b1P1B3/1P3PP1/2KR3R b - - 0 24,"{""c7c3"",""c1b1"",""c3b2""}",bishop,3,beginner,Bishop 3 · Mate In2,mateIn2,Black to move.,1199,Casual,"{""mate"",""mateIn2"",""middlegame"",""pin"",""queensideAttack"",""short""}",Checkmate in two — a forced sequence that delivers checkmate on move two.,true,lichess,bdmeC,25368,95,{}
lc_XheGf,r7/1p1q1p1k/1Pp1pBpp/2PpP3/3PnQ2/4PR2/6PP/r1R3K1 w - - 4 31,"{""f4h6"",""h7h6"",""f3h3""}",bishop,3,beginner,Bishop 3 · Mate In2,mateIn2,White to move.,1199,Casual,"{""attraction"",""master"",""mate"",""mateIn2"",""middlegame"",""pillsburysMate"",""sacrifice"",""short""}",Checkmate in two — a forced sequence that delivers checkmate on move two.,true,lichess,XheGf,25245,94,{}
lc_ylqRH,2r3k1/1p3pp1/p2Bp2p/q2p4/2r5/P4P1P/2P1Q1P1/R1R3K1 b - - 4 23,"{""a5b6"",""g1h1"",""b6d6""}",bishop,3,intermediate,Bishop 3 · Fork,fork,Black to move.,1200,Casual,"{""crushing"",""fork"",""middlegame"",""short""}","A fork — one piece attacks two enemy pieces at once, forcing a material win.",true,lichess,ylqRH,24961,96,{}
lc_xhkB1,2kr2nr/p4Npp/2p5/8/1b2b3/4P3/PP2KPPP/R1BN3R b - - 2 14,"{""e4d3"",""e2f3"",""d8f8"",""f3g3"",""f8f7""}",bishop,3,intermediate,Bishop 3 · Pin,pin,Black to move.,1201,Casual,"{""advantage"",""long"",""middlegame"",""pin""}",A pin — the attacked piece can't move without exposing a more valuable piece behind it.,true,lichess,xhkB1,31673,95,"{""Queens_Gambit_Declined"",""Queens_Gambit_Declined_Austrian_Defense""}"
lc_iAlGb,8/1R6/8/7P/2k5/2b1P3/1p2K3/8 b - - 4 55,"{""c3b4"",""h5h6"",""b2b1q""}",bishop,4,intermediate,Bishop 4 · Promotion,promotion,Black to move.,1201,Casual,"{""advancedPawn"",""crushing"",""endgame"",""promotion"",""quietMove"",""short""}",Pawn promotion — advance the pawn to its final rank and choose your new piece wisely.,true,lichess,iAlGb,29838,96,{}
lc_lZ0Fg,r3k2r/1p3pp1/p2qpn2/3p3p/3nP3/PP3B2/3N1PPP/R2QR1K1 w kq - 0 16,"{""e4e5"",""d6d8"",""e5f6""}",bishop,4,intermediate,Bishop 4 · Fork,fork,White to move.,1201,Casual,"{""advantage"",""fork"",""middlegame"",""short""}","A fork — one piece attacks two enemy pieces at once, forcing a material win.",true,lichess,lZ0Fg,27908,96,"{""Queens_Pawn_Game"",""Queens_Pawn_Game_Anti-Torre""}"
lc_6n80j,4R3/2r5/p5pk/1p3bNp/7P/6R1/Pr4P1/6K1 w - - 8 40,"{""e8h8"",""h6g7"",""h8h7"",""g7f6"",""h7c7""}",bishop,4,intermediate,Bishop 4 · Skewer,skewer,White to move.,1201,Casual,"{""crushing"",""endgame"",""long"",""skewer""}","A skewer — the higher-value piece is forced to move, losing the piece behind it.",true,lichess,6n80j,25617,94,{}
lc_5IIGo,1k2rb1r/ppp1q2p/3p2p1/3Q2P1/B5n1/N1P5/PP1B1PP1/R4K1R b - - 3 19,"{""e7e2"",""f1g1"",""e2f2""}",bishop,4,intermediate,Bishop 4 · Mate In2,mateIn2,Black to move.,1202,Casual,"{""mate"",""mateIn2"",""middlegame"",""short""}",Checkmate in two — a forced sequence that delivers checkmate on move two.,true,lichess,5IIGo,36384,97,"{""Italian_Game"",""Italian_Game_Other_variations""}"
lc_Z8BF5,3q1rk1/1b4p1/pp1pnpP1/3p4/2rP4/5N2/PPP2PP1/2KQ3R w - - 2 25,"{""h1h8"",""g8h8"",""d1h1"",""h8g8"",""h1h7""}",bishop,4,intermediate,Bishop 4 · Mate In3,mateIn3,White to move.,1202,Casual,"{""attraction"",""kingsideAttack"",""long"",""mate"",""mateIn3"",""middlegame"",""sacrifice""}",Checkmate in three — calculate the forcing line all the way to mate.,true,lichess,Z8BF5,26997,96,{}
lc_rcUMB,r4rk1/p2b1pP1/3p4/qppN1P1P/2nbP3/1R5N/2P1Q1R1/2K2B2 b - - 0 28,"{""a5a1"",""b3b1"",""d4b2"",""c1d1"",""a1b1""}",bishop,4,intermediate,Bishop 4 · Mate In3,mateIn3,Black to move.,1202,Casual,"{""deflection"",""long"",""mate"",""mateIn3"",""middlegame"",""queensideAttack""}",Checkmate in three — calculate the forcing line all the way to mate.,true,lichess,rcUMB,26226,96,{}
lc_p1ZTw,7k/pp3qp1/3r2Rp/4p2Q/5p2/1PP2P2/P4P1P/7K w - - 1 31,"{""g6h6"",""d6h6"",""h5f7""}",bishop,4,intermediate,Bishop 4 · Discovered Attack,discoveredAttack,White to move.,1203,Casual,"{""crushing"",""discoveredAttack"",""endgame"",""short""}",A discovered attack — moving one piece uncovers a deadly attack from another.,true,lichess,p1ZTw,27072,94,{}
lc_E1b1P,r1bqk2r/pp1nb2p/2p1pp2/3nN1p1/3P4/2PB2B1/PP2QPPP/R4RK1 w kq - 0 13,"{""e2h5"",""e8f8"",""h5f7""}",bishop,4,intermediate,Bishop 4 · Mate In2,mateIn2,White to move.,1203,Casual,"{""mate"",""mateIn2"",""middlegame"",""short""}",Checkmate in two — a forced sequence that delivers checkmate on move two.,true,lichess,E1b1P,25849,95,"{""Caro-Kann_Defense"",""Caro-Kann_Defense_Modern_Variation""}"
lc_XNAzy,5rk1/6pp/N1p5/8/1p4P1/1P1n3P/2R2PK1/8 b - - 1 32,"{""d3e1"",""g2f1"",""e1c2""}",bishop,4,intermediate,Bishop 4 · Fork,fork,Black to move.,1204,Casual,"{""crushing"",""endgame"",""fork"",""short""}","A fork — one piece attacks two enemy pieces at once, forcing a material win.",true,lichess,XNAzy,29138,94,{}
lc_qvGIw,r5k1/p1p2pp1/7p/8/2P5/P2q4/1P3PQP/4rRK1 w - - 0 24,"{""g2a8"",""g8h7"",""f1e1""}",bishop,4,intermediate,Bishop 4 · Hanging Piece,hangingPiece,White to move.,1204,Casual,"{""crushing"",""endgame"",""hangingPiece"",""intermezzo"",""short""}",A hanging piece — an undefended enemy piece is free to capture.,true,lichess,qvGIw,27513,97,{}
lc_8L3h2,4r1k1/5p1p/p1p4r/3p4/3Qb3/2B2qPP/PP3P1K/5RR1 b - - 6 28,"{""h6h3"",""h2h3"",""f3h5""}",bishop,4,intermediate,Bishop 4 · Mate In2,mateIn2,Black to move.,1204,Casual,"{""attraction"",""mate"",""mateIn2"",""middlegame"",""sacrifice"",""short""}",Checkmate in two — a forced sequence that delivers checkmate on move two.,true,lichess,8L3h2,27275,96,{}
lc_KhXGp,r4rk1/pb4pp/1Np3q1/5pn1/5Q2/1P1P4/PBP2PPP/RN3RK1 b - - 0 18,"{""g5h3"",""g1h1"",""h3f4""}",bishop,4,intermediate,Bishop 4 · Pin,pin,Black to move.,1205,Casual,"{""crushing"",""kingsideAttack"",""middlegame"",""pin"",""short""}",A pin — the attacked piece can't move without exposing a more valuable piece behind it.,true,lichess,KhXGp,27937,96,"{""Russian_Game"",""Russian_Game_Other_variations""}"
lc_PIRoF,r3kb1r/pp3ppp/1q2p3/3pP3/3n2b1/5N2/PP1N1PPP/R1BQ1RK1 w kq - 0 12,"{""d1a4"",""b6b5"",""a4d4""}",bishop,4,intermediate,Bishop 4 · Deflection,deflection,White to move.,1205,Casual,"{""advantage"",""deflection"",""opening"",""short""}",A deflection — lure a defending piece away from the square it was guarding.,true,lichess,PIRoF,27620,96,"{""Caro-Kann_Defense"",""Caro-Kann_Defense_Other_variations""}"
lc_7AuaP,3r4/8/p1kr4/1p2K1P1/8/3R4/2p5/2R5 w - - 0 54,"{""c1c2"",""c6b7"",""d3d6""}",bishop,4,intermediate,Bishop 4 · Deflection,deflection,White to move.,1206,Casual,"{""crushing"",""deflection"",""endgame"",""rookEndgame"",""short""}",A deflection — lure a defending piece away from the square it was guarding.,true,lichess,7AuaP,26312,96,{}
lc_J556m,5Q2/4Nppk/q5n1/2p4p/1pP2p1P/3P4/1P3PP1/6K1 w - - 1 33,"{""f8g8"",""h7h6"",""e7f5""}",bishop,4,intermediate,Bishop 4 · Mate In2,mateIn2,White to move.,1206,Casual,"{""endgame"",""mate"",""mateIn2"",""short""}",Checkmate in two — a forced sequence that delivers checkmate on move two.,true,lichess,J556m,25235,97,{}
lc_HsXSk,1rb1n3/Rp2k3/1PP1p3/1p1p1p1p/3P1P2/3B2PP/8/6K1 w - - 1 36,"{""c6c7"",""e8c7"",""b6c7"",""b8a8"",""a7a8""}",bishop,4,intermediate,Bishop 4 · Trapped Piece,trappedPiece,White to move.,1206,Casual,"{""advancedPawn"",""crushing"",""endgame"",""long"",""trappedPiece""}",A trapped piece — the enemy piece has no safe squares and can be won.,true,lichess,HsXSk,24813,96,{}
lc_el86H,r4r2/pbpk3B/1p2p3/3qB1Q1/3P4/5p2/2R4P/5RK1 b - - 2 23,"{""f3f2"",""f1f2"",""d5h1""}",bishop,4,intermediate,Bishop 4 · Mate In2,mateIn2,Black to move.,1207,Casual,"{""advancedPawn"",""clearance"",""mate"",""mateIn2"",""middlegame"",""short""}",Checkmate in two — a forced sequence that delivers checkmate on move two.,true,lichess,el86H,26941,94,{}
lc_vZ7Xk,2qrrbk1/p2R3p/1p2p1p1/8/1PP1pBN1/P6P/5PP1/2R3K1 w - - 0 25,"{""g4f6"",""g8h8"",""d7h7""}",bishop,4,intermediate,Bishop 4 · Mate In2,mateIn2,White to move.,1207,Casual,"{""arabianMate"",""fork"",""mate"",""mateIn2"",""middlegame"",""short""}",Checkmate in two — a forced sequence that delivers checkmate on move two.,true,lichess,vZ7Xk,24430,94,{}
lc_srZUd,r4r1k/1b4pp/2q1Bp2/1p2pP2/7Q/P2pR3/1P3RPP/6K1 w - - 0 28,"{""h4h7"",""h8h7"",""e3h3""}",bishop,4,intermediate,Bishop 4 · Mate In2,mateIn2,White to move.,1208,Casual,"{""attraction"",""kingsideAttack"",""mate"",""mateIn2"",""middlegame"",""pillsburysMate"",""sacrifice"",""short""}",Checkmate in two — a forced sequence that delivers checkmate on move two.,true,lichess,srZUd,31132,96,{}
lc_BKrAm,8/1r4pk/1q1p1p1p/p2PrN2/4PQR1/P2b3P/5PP1/6K1 w - - 0 31,"{""g4g7"",""b7g7"",""f4h6"",""h7g8"",""h6g7""}",bishop,4,intermediate,Bishop 4 · Mate In3,mateIn3,White to move.,1208,Casual,"{""attraction"",""long"",""mate"",""mateIn3"",""middlegame"",""sacrifice""}",Checkmate in three — calculate the forcing line all the way to mate.,true,lichess,BKrAm,28655,96,{}
lc_dNxOU,r1bk3r/pppp3p/3n2q1/7Q/2B5/8/P4PPP/4R1K1 w - - 2 20,"{""h5h4"",""g6f6"",""h4f6""}",bishop,4,intermediate,Bishop 4 · Mate In2,mateIn2,White to move.,1208,Casual,"{""mate"",""mateIn2"",""middlegame"",""short""}",Checkmate in two — a forced sequence that delivers checkmate on move two.,true,lichess,dNxOU,25810,96,"{""Scotch_Game"",""Scotch_Game_Goring_Gambit""}"
lc_Rygvo,r5k1/2P2ppp/p7/8/3Pp2n/P1Q1P2q/1B2KP2/R1R3r1 b - - 2 26,"{""h3f3"",""e2d2"",""f3f2""}",bishop,4,intermediate,Bishop 4 · Mate In2,mateIn2,Black to move.,1208,Casual,"{""deflection"",""mate"",""mateIn2"",""middlegame"",""short""}",Checkmate in two — a forced sequence that delivers checkmate on move two.,true,lichess,Rygvo,24437,96,{}
lc_wOb1X,1k3r2/1ppQ1Pq1/p1p4p/6p1/8/3PB3/2PK1P2/8 w - - 1 27,"{""d7e8"",""f8e8"",""f7e8q""}",bishop,4,intermediate,Bishop 4 · Mate In2,mateIn2,White to move.,1209,Casual,"{""advancedPawn"",""endgame"",""mate"",""mateIn2"",""promotion"",""short""}",Checkmate in two — a forced sequence that delivers checkmate on move two.,true,lichess,wOb1X,31866,95,{}
lc_odEwW,r1bqk1nr/pp3N2/2pp4/4p3/2PbP3/2NB4/PP4PP/R2Q1R1K b kq - 0 13,"{""h8h2"",""h1h2"",""d8h4""}",bishop,4,intermediate,Bishop 4 · Mate In2,mateIn2,Black to move.,1209,Casual,"{""attraction"",""kingsideAttack"",""mate"",""mateIn2"",""opening"",""sacrifice"",""short""}",Checkmate in two — a forced sequence that delivers checkmate on move two.,true,lichess,odEwW,31317,96,"{""Caro-Kann_Defense"",""Caro-Kann_Defense_Other_variations""}"
lc_ElN32,8/8/r5p1/k4p1p/1R3P2/1Kp2PP1/8/8 w - - 0 57,"{""b4a4"",""a5b5"",""a4a6"",""b5a6"",""b3c3"",""a6b6"",""c3d4"",""b6c6"",""d4e5""}",bishop,4,intermediate,Bishop 4 · Rook Endgame,rookEndgame,White to move.,1209,Casual,"{""crushing"",""endgame"",""rookEndgame"",""veryLong""}",A rook endgame — master the Lucena and Philidor ideas to convert.,true,lichess,ElN32,24312,94,{}
lc_AIOp1,r4rk1/1pp2p2/p2p1R1p/2q5/4P3/PP1P3P/2PBn1PK/R2Q4 b - - 2 24,"{""c5e5"",""f6f4"",""e2f4""}",bishop,4,intermediate,Bishop 4 · Fork,fork,Black to move.,1209,Casual,"{""advantage"",""fork"",""middlegame"",""short""}","A fork — one piece attacks two enemy pieces at once, forcing a material win.",true,lichess,AIOp1,24189,95,{}
lc_AhrIJ,5rk1/6p1/7p/8/3RQ3/2P1q1rP/6P1/6RK b - - 0 42,"{""g3h3"",""g2h3"",""e3h3""}",bishop,4,intermediate,Bishop 4 · Mate In2,mateIn2,Black to move.,1210,Casual,"{""endgame"",""mate"",""mateIn2"",""sacrifice"",""short""}",Checkmate in two — a forced sequence that delivers checkmate on move two.,true,lichess,AhrIJ,30211,96,{}
lc_67d0k,6k1/2p2qp1/2p4p/1pb1P3/p3R3/P1BQ3P/1PP2rPK/8 b - - 8 31,"{""f2g2"",""h2g2"",""f7f2"",""g2h1"",""f2g1""}",bishop,4,intermediate,Bishop 4 · Mate In3,mateIn3,Black to move.,1210,Casual,"{""attraction"",""endgame"",""long"",""mate"",""mateIn3"",""sacrifice""}",Checkmate in three — calculate the forcing line all the way to mate.,true,lichess,67d0k,28982,96,{}
lc_faPCO,5r2/2N3kp/1p1p2b1/r2P2q1/2P5/7Q/P4PPP/R3n2K w - - 0 24,"{""c7e6"",""g7h8"",""e6g5""}",bishop,4,intermediate,Bishop 4 · Fork,fork,White to move.,1210,Casual,"{""crushing"",""fork"",""master"",""middlegame"",""short""}","A fork — one piece attacks two enemy pieces at once, forcing a material win.",true,lichess,faPCO,26326,94,{}
lc_Xsw9k,r1b1k2r/pp3p2/4p2p/3pP1p1/8/P4KB1/1Q3PPP/n3qB1R w kq - 2 18,"{""f1b5"",""e8f8"",""h1e1""}",bishop,4,intermediate,Bishop 4 · Discovered Attack,discoveredAttack,White to move.,1210,Casual,"{""crushing"",""discoveredAttack"",""middlegame"",""short""}",A discovered attack — moving one piece uncovers a deadly attack from another.,true,lichess,Xsw9k,26309,95,"{""French_Defense"",""French_Defense_Advance_Variation""}"
lc_fZ8KX,3b2k1/5ppp/4B3/8/QP6/P1B5/2P1pqPP/2R4K b - - 0 34,"{""f2f1"",""c1f1"",""e2f1q""}",bishop,4,intermediate,Bishop 4 · Mate In2,mateIn2,Black to move.,1210,Casual,"{""advancedPawn"",""endgame"",""mate"",""mateIn2"",""promotion"",""short""}",Checkmate in two — a forced sequence that delivers checkmate on move two.,true,lichess,fZ8KX,25672,95,{}
lc_80eRL,2r2rk1/2qnBpbp/p1p3p1/1p6/4P3/2NR1Q2/PPP2PPP/5RK1 b - - 0 16,"{""d7e5"",""e7f8"",""e5f3""}",bishop,4,intermediate,Bishop 4 · Fork,fork,Black to move.,1210,Casual,"{""advantage"",""fork"",""middlegame"",""short""}","A fork — one piece attacks two enemy pieces at once, forcing a material win.",true,lichess,80eRL,23993,95,"{""Sicilian_Defense"",""Sicilian_Defense_Closed""}"
lc_xssLZ,r2q1rk1/1pp1b1p1/4p2B/p3Np2/3P4/3b4/PPP2P1P/2KR2R1 w - - 0 17,"{""g1g7"",""g8h8"",""e5g6""}",bishop,4,intermediate,Bishop 4 · Mate In2,mateIn2,White to move.,1211,Casual,"{""kingsideAttack"",""mate"",""mateIn2"",""middlegame"",""short""}",Checkmate in two — a forced sequence that delivers checkmate on move two.,true,lichess,xssLZ,27802,96,"{""French_Defense"",""French_Defense_Mediterranean_Defense""}"
lc_9SqeA,r4r1k/pppqn1p1/1b1p3p/3Pn3/6bB/2N2N2/PP2BPPP/R2QR1K1 w - - 1 16,"{""f3e5"",""d6e5"",""e2g4""}",bishop,4,intermediate,Bishop 4 · Discovered Attack,discoveredAttack,White to move.,1211,Casual,"{""crushing"",""discoveredAttack"",""middlegame"",""short""}",A discovered attack — moving one piece uncovers a deadly attack from another.,true,lichess,9SqeA,26200,94,"{""Italian_Game"",""Italian_Game_Classical_Variation""}"
lc_MAZF1,r7/Pp1n3p/4k1p1/1r1pp3/8/5P2/4N1PP/R3R1K1 w - - 5 40,"{""e2d4"",""e6d6"",""d4b5""}",bishop,4,intermediate,Bishop 4 · Pin,pin,White to move.,1211,Casual,"{""crushing"",""endgame"",""pin"",""short""}",A pin — the attacked piece can't move without exposing a more valuable piece behind it.,true,lichess,MAZF1,26108,95,{}
lc_o9QJu,5rk1/5ppp/p2Q2n1/1pq5/3RP1B1/2P5/PP4PP/2K5 b - - 2 25,"{""c5g5"",""d4d2"",""g5g4""}",bishop,4,intermediate,Bishop 4 · Fork,fork,Black to move.,1211,Casual,"{""advantage"",""endgame"",""fork"",""short""}","A fork — one piece attacks two enemy pieces at once, forcing a material win.",true,lichess,o9QJu,24053,95,{}
lc_8B1BS,4r2k/pp2P1rp/8/1b3R2/3B4/2Pq3P/P4PP1/5RK1 w - - 0 28,"{""f5f8"",""e8f8"",""e7f8q""}",bishop,4,intermediate,Bishop 4 · Mate In2,mateIn2,White to move.,1212,Casual,"{""advancedPawn"",""mate"",""mateIn2"",""middlegame"",""pin"",""promotion"",""short""}",Checkmate in two — a forced sequence that delivers checkmate on move two.,true,lichess,8B1BS,30874,96,{}
lc_rKoOo,5k2/3P1r2/1p3p2/p4r2/2P5/2n2R2/8/5K2 w - - 0 43,"{""d7d8q"",""f8g7"",""f3f5""}",bishop,4,intermediate,Bishop 4 · Promotion,promotion,White to move.,1212,Casual,"{""advancedPawn"",""crushing"",""endgame"",""intermezzo"",""promotion"",""short""}",Pawn promotion — advance the pawn to its final rank and choose your new piece wisely.,true,lichess,rKoOo,29294,95,{}
lc_cGEgD,2r5/5p1r/3kpn2/3pN3/3PnpP1/2PB1P1p/PP4P1/R4RK1 b - - 0 29,"{""h3h2"",""g1h1"",""e4g3""}",bishop,4,intermediate,Bishop 4 · Mate In2,mateIn2,Black to move.,1213,Casual,"{""advancedPawn"",""kingsideAttack"",""mate"",""mateIn2"",""middlegame"",""short""}",Checkmate in two — a forced sequence that delivers checkmate on move two.,true,lichess,cGEgD,29890,97,{}
lc_PR6Jq,r1bN4/8/1p1b2kp/p2P4/R4p2/2P4P/4KP2/4R3 b - - 1 36,"{""c8a6"",""e2f3"",""a8d8""}",bishop,4,intermediate,Bishop 4 · Discovered Attack,discoveredAttack,Black to move.,1213,Casual,"{""advantage"",""discoveredAttack"",""endgame"",""short""}",A discovered attack — moving one piece uncovers a deadly attack from another.,true,lichess,PR6Jq,28177,95,{}
lc_9Ry1A,8/2nk2r1/pp1Np3/4Pp2/8/5KP1/PP6/2R5 w - - 6 39,"{""c1c7"",""d7c7"",""d6e8"",""c7d7"",""e8g7""}",bishop,4,intermediate,Bishop 4 · Fork,fork,White to move.,1213,Casual,"{""attraction"",""crushing"",""endgame"",""fork"",""long"",""sacrifice""}","A fork — one piece attacks two enemy pieces at once, forcing a material win.",true,lichess,9Ry1A,27578,95,{}
lc_CiK2r,Q7/1Q4pp/2p2pk1/3p4/7n/1P3p2/q5PP/6RK b - - 0 35,"{""f3g2"",""g1g2"",""a2g2""}",bishop,4,intermediate,Bishop 4 · Mate In2,mateIn2,Black to move.,1213,Casual,"{""advancedPawn"",""endgame"",""mate"",""mateIn2"",""short""}",Checkmate in two — a forced sequence that delivers checkmate on move two.,true,lichess,CiK2r,25368,96,{}
lc_G9OMN,r2q2k1/p1p1R2p/1pnp2p1/5r2/3P3Q/2Pn1P2/PP3P1P/RN4K1 w - - 3 20,"{""h4h7"",""g8f8"",""h7g7""}",bishop,4,intermediate,Bishop 4 · Mate In2,mateIn2,White to move.,1213,Casual,"{""kingsideAttack"",""mate"",""mateIn2"",""middlegame"",""short"",""triangleMate""}",Checkmate in two — a forced sequence that delivers checkmate on move two.,true,lichess,G9OMN,24363,97,"{""Owen_Defense"",""Owen_Defense_Other_variations""}"
lc_qAr9d,rn1qkb1r/pp1b3p/4pp2/1N1pN3/3p4/8/PPP2PPP/R2QKB1R w KQkq - 0 11,"{""d1h5"",""e8e7"",""h5f7""}",bishop,4,intermediate,Bishop 4 · Mate In2,mateIn2,White to move.,1214,Casual,"{""mate"",""mateIn2"",""opening"",""short""}",Checkmate in two — a forced sequence that delivers checkmate on move two.,true,lichess,qAr9d,26697,95,"{""French_Defense"",""French_Defense_Classical_Variation""}"
lc_gJ0A2,8/5p2/5p2/3p4/2k1nP2/Q5P1/4qNK1/8 w - - 4 48,"{""a3a6"",""c4d4"",""a6e2""}",bishop,4,intermediate,Bishop 4 · Skewer,skewer,White to move.,1214,Casual,"{""crushing"",""endgame"",""master"",""short"",""skewer""}","A skewer — the higher-value piece is forced to move, losing the piece behind it.",true,lichess,gJ0A2,26666,95,{}
lc_hQFwB,2rq1R2/6pk/4Q2p/pp2N3/4P3/P1p1P2P/4K1P1/1R6 b - - 0 30,"{""d8d2"",""e2f3"",""c8f8""}",bishop,4,intermediate,Bishop 4 · Discovered Attack,discoveredAttack,Black to move.,1214,Casual,"{""crushing"",""discoveredAttack"",""endgame"",""short""}",A discovered attack — moving one piece uncovers a deadly attack from another.,true,lichess,hQFwB,25779,96,{}
lc_5Km6x,3b1k2/6pB/3q1p2/2p2P2/KpQ4P/8/P1P5/8 w - - 2 44,"{""c4g8"",""f8e7"",""g8g7"",""e7e8"",""h7g6""}",bishop,4,intermediate,Bishop 4 · Mate In3,mateIn3,White to move.,1214,Casual,"{""deflection"",""endgame"",""long"",""mate"",""mateIn3""}",Checkmate in three — calculate the forcing line all the way to mate.,true,lichess,5Km6x,25569,97,{}
lc_pf2f4,2k4r/Bppr2pp/3p1n2/3Pp3/1P2P3/P4P2/6PP/R2R2K1 b - - 0 20,"{""b7b6"",""d1c1"",""c8b7""}",bishop,4,intermediate,Bishop 4 · Endgame,endgame,Black to move.,1214,Casual,"{""advantage"",""endgame"",""quietMove"",""short""}",An endgame technique — precise play with few pieces where every tempo counts.,true,lichess,pf2f4,24362,96,{}
lc_FkRsv,3R4/1q3p1k/5Pp1/p1Qpp2p/P6P/5P2/1r6/2K5 w - - 0 31,"{""d8h8"",""h7h8"",""c5f8"",""h8h7"",""f8g7""}",bishop,4,intermediate,Bishop 4 · Mate In3,mateIn3,White to move.,1215,Casual,"{""attraction"",""endgame"",""long"",""mate"",""mateIn3"",""sacrifice""}",Checkmate in three — calculate the forcing line all the way to mate.,true,lichess,FkRsv,31594,95,{}
lc_zyaLD,8/P1R5/1p6/8/r1b2k2/2P1p3/8/4K3 w - - 6 58,"{""c7c4"",""a4c4"",""a7a8q""}",bishop,4,intermediate,Bishop 4 · Deflection,deflection,White to move.,1215,Casual,"{""advancedPawn"",""advantage"",""deflection"",""endgame"",""promotion"",""short""}",A deflection — lure a defending piece away from the square it was guarding.,true,lichess,zyaLD,28460,97,{}
lc_CUvzM,2rr2k1/p3Qp1p/qp4p1/3B4/4P1b1/8/PP1R1PPP/5RK1 b - - 1 22,"{""a6f1"",""g1f1"",""c8c1"",""d2d1"",""c1d1""}",bishop,4,intermediate,Bishop 4 · Mate In3,mateIn3,Black to move.,1215,Casual,"{""attraction"",""kingsideAttack"",""long"",""mate"",""mateIn3"",""middlegame"",""pillsburysMate"",""sacrifice""}",Checkmate in three — calculate the forcing line all the way to mate.,true,lichess,CUvzM,28334,95,{}
lc_NZbXS,rn3rk1/pp2qpp1/2p4p/3p4/3PN1b1/3BPN2/PP3PPP/R2Q1RK1 b - - 0 12,"{""d5e4"",""d3e4"",""e7e4""}",bishop,4,intermediate,Bishop 4 · Fork,fork,Black to move.,1215,Casual,"{""advantage"",""fork"",""opening"",""short""}","A fork — one piece attacks two enemy pieces at once, forcing a material win.",true,lichess,NZbXS,27212,95,"{""Queens_Gambit_Declined"",""Queens_Gambit_Declined_Charousek_Variation""}"
lc_HuXoS,rn1qk2r/pp1bppbp/6p1/1B6/3PP3/1Q3N2/P4PPP/R1B1K2R b KQkq - 0 10,"{""d8a5"",""c1d2"",""a5b5""}",bishop,4,intermediate,Bishop 4 · Advantage,advantage,Black to move.,1215,Casual,"{""advantage"",""opening"",""short""}",Find the strongest continuation and seize the advantage.,true,lichess,HuXoS,27089,96,"{""Grunfeld_Defense"",""Grunfeld_Defense_Exchange_Variation""}"
lc_dBi04,1k3r2/1p1n1r1p/p5p1/3QP3/3P4/qN6/P5PP/R1R4K b - - 0 25,"{""a3c1"",""a1c1"",""f7f1"",""c1f1"",""f8f1""}",bishop,4,intermediate,Bishop 4 · Mate In3,mateIn3,Black to move.,1215,Casual,"{""backRankMate"",""long"",""mate"",""mateIn3"",""middlegame"",""sacrifice""}",Checkmate in three — calculate the forcing line all the way to mate.,true,lichess,dBi04,26179,96,{}
lc_njafA,r5k1/pp1Q1p1p/2p3q1/6r1/1P2Rp2/2P3P1/P2K2BP/5R2 b - - 0 28,"{""g5d5"",""d7d5"",""c6d5""}",bishop,4,intermediate,Bishop 4 · Fork,fork,Black to move.,1215,Casual,"{""advantage"",""fork"",""middlegame"",""short""}","A fork — one piece attacks two enemy pieces at once, forcing a material win.",true,lichess,njafA,25343,95,{}
lc_GoHBl,3r2rk/5ppp/p2p4/2pR4/1p2Q3/1Pq1PP2/P1P2PRP/1K6 w - - 4 22,"{""e4h7"",""h8h7"",""d5h5""}",bishop,4,intermediate,Bishop 4 · Mate In2,mateIn2,White to move.,1216,Casual,"{""attraction"",""endgame"",""kingsideAttack"",""mate"",""mateIn2"",""sacrifice"",""short""}",Checkmate in two — a forced sequence that delivers checkmate on move two.,true,lichess,GoHBl,32367,96,{}
lc_8PctS,r1r3k1/1b4pp/pNn5/4Pp2/1p2nP1P/P1P5/qP4P1/2KRQB1R w - - 0 22,"{""f1c4"",""a2c4"",""b6c4""}",bishop,4,intermediate,Bishop 4 · Fork,fork,White to move.,1216,Casual,"{""advantage"",""fork"",""middlegame"",""short""}","A fork — one piece attacks two enemy pieces at once, forcing a material win.",true,lichess,8PctS,30298,96,{}
lc_JWZt6,2k3r1/pp6/2p5/P1P4p/1P5q/5pP1/5Q2/4R1K1 w - - 0 34,"{""e1e8"",""g8e8"",""g3h4""}",bishop,4,intermediate,Bishop 4 · Endgame,endgame,White to move.,1216,Casual,"{""advantage"",""endgame"",""short""}",An endgame technique — precise play with few pieces where every tempo counts.,true,lichess,JWZt6,29831,96,{}
lc_W7w24,6k1/p6p/1pp2p2/3p2p1/7N/6rP/PP2rqP1/2Q2RRK b - - 1 32,"{""g3h3"",""g2h3"",""f2h2""}",bishop,4,intermediate,Bishop 4 · Mate In2,mateIn2,Black to move.,1216,Casual,"{""kingsideAttack"",""mate"",""mateIn2"",""middlegame"",""sacrifice"",""short""}",Checkmate in two — a forced sequence that delivers checkmate on move two.,true,lichess,W7w24,26832,96,{}
lc_etoa9,3r1r1k/1p3p1p/p2Q1Pp1/2p5/8/8/P1q2PPP/R1R3K1 w - - 2 20,"{""d6f8"",""d8f8"",""c1c2""}",bishop,4,intermediate,Bishop 4 · Endgame,endgame,White to move.,1216,Casual,"{""crushing"",""endgame"",""short""}",An endgame technique — precise play with few pieces where every tempo counts.,true,lichess,etoa9,25491,95,{}
lc_0ElXH,8/R1P3p1/3n2kp/8/3P4/P1BK4/2r5/8 b - - 2 49,"{""c2c3"",""d3c3"",""d6b5"",""c3b2"",""b5a7""}",bishop,4,intermediate,Bishop 4 · Fork,fork,Black to move.,1216,Casual,"{""attraction"",""crushing"",""endgame"",""fork"",""long"",""sacrifice""}","A fork — one piece attacks two enemy pieces at once, forcing a material win.",true,lichess,0ElXH,25006,94,{}
lc_0DMYN,6rk/R5p1/2p3p1/7p/3P4/2Pq1Q1P/P4PP1/6K1 b - - 4 34,"{""d3b1"",""g1h2"",""b1b8"",""f3g3"",""b8a7""}",bishop,4,intermediate,Bishop 4 · Fork,fork,Black to move.,1216,Casual,"{""advantage"",""endgame"",""fork"",""long""}","A fork — one piece attacks two enemy pieces at once, forcing a material win.",true,lichess,0DMYN,24564,97,{}
lc_7oKC8,r1b1k1nr/bpp3pp/p1pqpp2/4N1B1/3PP3/2P5/PP3PPP/RN1QK2R w KQkq - 0 9,"{""d1h5"",""g7g6"",""e5g6"",""h7g6"",""h5h8""}",bishop,4,intermediate,Bishop 4 · Pin,pin,White to move.,1217,Casual,"{""advantage"",""long"",""opening"",""pin"",""trappedPiece""}",A pin — the attacked piece can't move without exposing a more valuable piece behind it.,true,lichess,7oKC8,26825,95,"{""Nimzowitsch_Defense"",""Nimzowitsch_Defense_Franco-Nimzowitsch_Variation""}"
lc_RNicy,6k1/R5p1/pK4bp/4B3/1p6/8/P1r2PPP/8 w - - 8 34,"{""a7g7"",""g8f8"",""g7g6""}",bishop,4,intermediate,Bishop 4 · Fork,fork,White to move.,1217,Casual,"{""crushing"",""endgame"",""fork"",""short""}","A fork — one piece attacks two enemy pieces at once, forcing a material win.",true,lichess,RNicy,26207,96,{}
lc_q8oT0,rn1qkb1r/pp3ppp/2p2n2/8/2BpN1b1/4PQ2/PP3PPP/R1B1K1NR w KQkq - 4 8,"{""e4f6"",""d8f6"",""f3g4""}",bishop,4,intermediate,Bishop 4 · Advantage,advantage,White to move.,1217,Casual,"{""advantage"",""opening"",""short""}",Find the strongest continuation and seize the advantage.,true,lichess,q8oT0,25159,96,"{""Queens_Gambit_Declined"",""Queens_Gambit_Declined_Albin_Countergambit""}"
lc_7PyEO,1r1r2k1/2p2ppp/4pn2/N3Qb2/P4P1q/1P1P3P/1BP1R1PK/2R5 b - - 0 27,"{""f6g4"",""h2g1"",""g4e5""}",bishop,4,intermediate,Bishop 4 · Pin,pin,Black to move.,1217,Casual,"{""crushing"",""middlegame"",""pin"",""short""}",A pin — the attacked piece can't move without exposing a more valuable piece behind it.,true,lichess,7PyEO,25020,96,{}
lc_2567j,r3k2r/1p1n4/3Pp1n1/3pN3/2pP1pp1/6B1/P4PP1/R4RK1 w kq - 0 25,"{""e5g6"",""h8h6"",""g6f4""}",bishop,4,intermediate,Bishop 4 · Hanging Piece,hangingPiece,White to move.,1217,Casual,"{""advantage"",""hangingPiece"",""middlegame"",""short""}",A hanging piece — an undefended enemy piece is free to capture.,true,lichess,2567j,24224,96,{}
lc_knYXI,R7/8/8/1p5P/8/1k6/pr4PK/8 w - - 4 48,"{""h5h6"",""b2b1"",""h6h7"",""a2a1b"",""a8a1"",""b1a1"",""h7h8q""}",bishop,4,intermediate,Bishop 4 · Promotion,promotion,White to move.,1217,Casual,"{""advancedPawn"",""crushing"",""endgame"",""promotion"",""rookEndgame"",""veryLong""}",Pawn promotion — advance the pawn to its final rank and choose your new piece wisely.,true,lichess,knYXI,24119,95,{}
lc_sKwMi,r3qr1k/pp4pp/2n2p2/2p2P1Q/3p1R2/P2P3P/BPP3P1/R5K1 w - - 2 19,"{""h5h7"",""h8h7"",""f4h4"",""e8h5"",""h4h5""}",bishop,5,intermediate,Bishop 5 · Mate In3,mateIn3,White to move.,1218,Casual,"{""attraction"",""kingsideAttack"",""long"",""mate"",""mateIn3"",""middlegame"",""pillsburysMate"",""sacrifice""}",Checkmate in three — calculate the forcing line all the way to mate.,true,lichess,sKwMi,33063,96,"{""Sicilian_Defense"",""Sicilian_Defense_Closed""}"
lc_HpxBA,1bR2rk1/1P3ppp/r7/p7/8/3Qp2P/4KPq1/R7 w - - 0 33,"{""c8f8"",""g8f8"",""d3d8""}",bishop,5,intermediate,Bishop 5 · Mate In2,mateIn2,White to move.,1218,Casual,"{""attraction"",""mate"",""mateIn2"",""middlegame"",""short""}",Checkmate in two — a forced sequence that delivers checkmate on move two.,true,lichess,HpxBA,29354,96,{}
lc_QsqnJ,4r1k1/p5r1/1p5q/2p4B/4p3/6PQ/PPP4P/5RK1 w - - 5 31,"{""h5f7"",""g7f7"",""h3h6"",""f7f1"",""g1f1""}",bishop,5,intermediate,Bishop 5 · Fork,fork,White to move.,1218,Casual,"{""crushing"",""discoveredAttack"",""endgame"",""fork"",""long""}","A fork — one piece attacks two enemy pieces at once, forcing a material win.",true,lichess,QsqnJ,28178,96,{}
lc_1AfMd,3N2k1/1p1np1bp/p1pq4/4p3/2PP4/1P5P/P3N1P1/1b3Q1K w - - 0 26,"{""f1f7"",""g8h8"",""f7e8"",""d7f8"",""d8f7"",""h8g8"",""f7d6""}",bishop,5,intermediate,Bishop 5 · Fork,fork,White to move.,1218,Casual,"{""crushing"",""fork"",""middlegame"",""veryLong""}","A fork — one piece attacks two enemy pieces at once, forcing a material win.",true,lichess,1AfMd,27867,95,{}
lc_nz5dS,r1b4k/1p3Qpp/p1p2q1B/8/3pB3/2P5/PP4PP/6K1 w - - 0 21,"{""f7e8"",""f6f8"",""e8f8""}",bishop,5,intermediate,Bishop 5 · Mate In2,mateIn2,White to move.,1218,Casual,"{""endgame"",""mate"",""mateIn2"",""short""}",Checkmate in two — a forced sequence that delivers checkmate on move two.,true,lichess,nz5dS,26257,95,{}
lc_h3T1g,8/PQ3pk1/6p1/8/6qp/6P1/5PKP/8 b - - 0 39,"{""h4h3"",""g2f1"",""g4d1""}",bishop,5,intermediate,Bishop 5 · Mate In2,mateIn2,Black to move.,1218,Casual,"{""endgame"",""mate"",""mateIn2"",""queenEndgame"",""short""}",Checkmate in two — a forced sequence that delivers checkmate on move two.,true,lichess,h3T1g,25379,95,{}
lc_TJ5Zq,2kr3q/ppp5/2n5/3P1p1n/PbN3p1/3Q2Pp/5P1P/2R2RK1 w - - 0 25,"{""d3f5"",""c8b8"",""d5c6""}",bishop,5,intermediate,Bishop 5 · Crushing,crushing,White to move.,1219,Casual,"{""crushing"",""middlegame"",""short""}",Find the strongest continuation and seize the advantage.,true,lichess,TJ5Zq,32229,96,{}
lc_5KeKR,2r1r1k1/p1p2ppp/1p1b3q/5R2/8/2P2N2/PP1Q1PPP/5RK1 b - - 6 19,"{""d6h2"",""f3h2"",""h6d2""}",bishop,5,intermediate,Bishop 5 · Deflection,deflection,Black to move.,1219,Casual,"{""crushing"",""deflection"",""kingsideAttack"",""middlegame"",""short""}",A deflection — lure a defending piece away from the square it was guarding.,true,lichess,5KeKR,31873,96,"{""French_Defense"",""French_Defense_Burn_Variation""}"
lc_phiwn,6rk/pp5n/2pb1nPQ/3p4/3P1P2/2Pqr3/PP4RP/R4N1K w - - 0 30,"{""g6g7"",""g8g7"",""h6g7""}",bishop,5,intermediate,Bishop 5 · Mate In2,mateIn2,White to move.,1219,Casual,"{""advancedPawn"",""kingsideAttack"",""mate"",""mateIn2"",""middlegame"",""short""}",Checkmate in two — a forced sequence that delivers checkmate on move two.,true,lichess,phiwn,31731,96,{}
lc_7qzB3,r3k2r/p2n1ppp/qpp1p3/B1Pp1b2/3Pn3/Q3PN2/PP2BPPP/R3R1K1 b kq - 0 14,"{""a6a5"",""a3a5"",""b6a5""}",bishop,5,intermediate,Bishop 5 · Advantage,advantage,Black to move.,1219,Casual,"{""advantage"",""middlegame"",""short""}",Find the strongest continuation and seize the advantage.,true,lichess,7qzB3,30380,97,"{""Queens_Pawn_Game"",""Queens_Pawn_Game_Zukertort_Variation""}"
lc_T4dzq,2rr4/5R1p/p4Npk/1p1P4/6P1/1P5P/P7/2q2R1K w - - 0 32,"{""f7h7"",""h6g5"",""h3h4""}",bishop,5,intermediate,Bishop 5 · Mate In2,mateIn2,White to move.,1219,Casual,"{""endgame"",""mate"",""mateIn2"",""short""}",Checkmate in two — a forced sequence that delivers checkmate on move two.,true,lichess,T4dzq,27483,95,{}
lc_2aUnL,5r1k/p5pp/6r1/3Q1pq1/P2P4/3BP1PP/1P5K/R1B2R2 b - - 0 28,"{""g5g3"",""h2h1"",""g3h3""}",bishop,5,intermediate,Bishop 5 · Mate In2,mateIn2,Black to move.,1219,Casual,"{""deflection"",""mate"",""mateIn2"",""middlegame"",""short""}",Checkmate in two — a forced sequence that delivers checkmate on move two.,true,lichess,2aUnL,25363,95,{}
lc_1Z9Fy,r1b1kb1r/ppp3pp/4P1n1/2p5/2q5/5QP1/PPP4P/RN2K1NR w KQkq - 0 13,"{""f3f7"",""e8d8"",""e6e7"",""f8e7"",""f7c4""}",bishop,5,intermediate,Bishop 5 · Fork,fork,White to move.,1219,Casual,"{""advancedPawn"",""crushing"",""discoveredAttack"",""exposedKing"",""fork"",""long"",""opening""}","A fork — one piece attacks two enemy pieces at once, forcing a material win.",true,lichess,1Z9Fy,24507,94,"{""Nimzowitsch_Defense"",""Nimzowitsch_Defense_Mikenas_Variation""}"
lc_FwiwB,3r2k1/3P2b1/4p1pp/4P3/6PP/r5B1/1R4K1/3R4 b - - 0 43,"{""a3g3"",""g2g3"",""g7e5"",""g3f2"",""e5b2""}",bishop,5,intermediate,Bishop 5 · Fork,fork,Black to move.,1220,Casual,"{""attraction"",""crushing"",""endgame"",""exposedKing"",""fork"",""long"",""master""}","A fork — one piece attacks two enemy pieces at once, forcing a material win.",true,lichess,FwiwB,33384,95,{}
lc_B3VzS,3r2k1/pp3p1p/1q1P2p1/3Q4/4r1n1/1BP1R3/P4PPP/6K1 w - - 0 27,"{""d5f7"",""g8h8"",""e3e4""}",bishop,5,intermediate,Bishop 5 · Advantage,advantage,White to move.,1220,Casual,"{""advantage"",""intermezzo"",""kingsideAttack"",""middlegame"",""short""}",Find the strongest continuation and seize the advantage.,true,lichess,B3VzS,33217,95,{}
lc_8lbqJ,2r3k1/p4ppp/1pn5/3p4/1N1Pn1P1/4P2P/PP1NKP2/2R5 b - - 4 22,"{""c6d4"",""e3d4"",""c8c1""}",bishop,5,intermediate,Bishop 5 · Discovered Attack,discoveredAttack,Black to move.,1220,Casual,"{""advantage"",""discoveredAttack"",""endgame"",""short""}",A discovered attack — moving one piece uncovers a deadly attack from another.,true,lichess,8lbqJ,25846,96,{}
lc_Y4ZVC,5r1k/6pp/1R6/P5q1/4Pn2/2P2P2/2PQ2PP/1R4K1 b - - 6 29,"{""f4h3"",""g1h1"",""g5d2""}",bishop,5,intermediate,Bishop 5 · Pin,pin,Black to move.,1220,Casual,"{""crushing"",""discoveredAttack"",""endgame"",""pin"",""short""}",A pin — the attacked piece can't move without exposing a more valuable piece behind it.,true,lichess,Y4ZVC,25396,95,{}
lc_h7e88,2r2k1r/5pNp/4p3/Pp6/2pQ1P2/b1P4q/5P2/3R1RK1 w - - 0 27,"{""g7e6"",""h3e6"",""d4h8""}",bishop,5,intermediate,Bishop 5 · Discovered Attack,discoveredAttack,White to move.,1220,Casual,"{""advantage"",""discoveredAttack"",""middlegame"",""short""}",A discovered attack — moving one piece uncovers a deadly attack from another.,true,lichess,h7e88,24634,94,{}
lc_c0Uvv,2k3rr/1p1bqp2/p1p5/3BP3/PP1P4/3P4/2QB3P/2R2R1K b - - 0 29,"{""h8h2"",""h1h2"",""e7h4""}",bishop,5,intermediate,Bishop 5 · Mate In2,mateIn2,Black to move.,1221,Casual,"{""attraction"",""kingsideAttack"",""mate"",""mateIn2"",""middlegame"",""sacrifice"",""short""}",Checkmate in two — a forced sequence that delivers checkmate on move two.,true,lichess,c0Uvv,31798,95,{}
lc_rLVWA,3r3k/pp2qP1p/4B1p1/2b5/5Q2/2P1p3/PP3nP1/5RK1 w - - 3 39,"{""f4e5"",""e7f6"",""e5f6""}",bishop,5,intermediate,Bishop 5 · Mate In2,mateIn2,White to move.,1221,Casual,"{""mate"",""mateIn2"",""middlegame"",""short""}",Checkmate in two — a forced sequence that delivers checkmate on move two.,true,lichess,rLVWA,25499,96,{}
lc_1ED1a,r2q1rk1/1p1b1ppp/p3pn2/3p4/3P4/3QP3/PPRNBPPP/5RK1 b - - 1 17,"{""d7b5"",""d3c3"",""b5e2""}",bishop,5,intermediate,Bishop 5 · Skewer,skewer,Black to move.,1221,Casual,"{""advantage"",""middlegame"",""short"",""skewer""}","A skewer — the higher-value piece is forced to move, losing the piece behind it.",true,lichess,1ED1a,24111,96,"{""Queens_Gambit_Declined"",""Queens_Gambit_Declined_Ragozin_Defense""}"
lc_MBzDz,rnb2rk1/pp3ppp/2pb1n2/7q/8/P1N3PP/1P1P1PBK/R1BQR1N1 b - - 4 14,"{""f6g4"",""d1g4"",""c8g4""}",bishop,5,intermediate,Bishop 5 · Pin,pin,Black to move.,1222,Casual,"{""crushing"",""opening"",""pin"",""short""}",A pin — the attacked piece can't move without exposing a more valuable piece behind it.,true,lichess,MBzDz,32809,96,"{""French_Defense"",""French_Defense_Steiner_Variation""}"
lc_64nDW,rbb1k1nr/3p1ppp/p1p1P3/8/2q1P3/2N5/PPP3PP/R1BQ1R1K w kq - 0 13,"{""e6f7"",""c4f7"",""f1f7""}",bishop,5,intermediate,Bishop 5 · Fork,fork,White to move.,1222,Casual,"{""advancedPawn"",""attackingF2F7"",""crushing"",""fork"",""opening"",""short""}","A fork — one piece attacks two enemy pieces at once, forcing a material win.",true,lichess,64nDW,30878,95,"{""Sicilian_Defense"",""Sicilian_Defense_Bowdler_Attack""}"
lc_Ft0E0,1k2r2r/pb4p1/1p2p2p/1P1pn1bP/QB1q2P1/P2B3R/2R5/2NK4 w - - 0 27,"{""b4d6"",""b8a8"",""a4d4""}",bishop,5,intermediate,Bishop 5 · Discovered Attack,discoveredAttack,White to move.,1222,Casual,"{""crushing"",""discoveredAttack"",""middlegame"",""short""}",A discovered attack — moving one piece uncovers a deadly attack from another.,true,lichess,Ft0E0,30667,95,{}
lc_45OzP,rn1qkb1r/pbpp1ppp/1p2p3/6B1/2PPP2n/2NB1N2/PP3PPP/R2QK2R b KQkq - 6 7,"{""h4f3"",""d1f3"",""d8g5""}",bishop,5,intermediate,Bishop 5 · Advantage,advantage,Black to move.,1222,Casual,"{""advantage"",""opening"",""short""}",Find the strongest continuation and seize the advantage.,true,lichess,45OzP,29502,96,"{""French_Defense"",""French_Defense_Knight_Variation""}"
lc_eQ4EH,r1b3k1/6p1/pB2p2p/1p1p1r2/5q2/7P/P3QPP1/1RR3K1 w - - 4 29,"{""c1c8"",""a8c8"",""e2e6"",""g8h7"",""e6c8""}",bishop,5,intermediate,Bishop 5 · Fork,fork,White to move.,1222,Casual,"{""advantage"",""attraction"",""fork"",""long"",""middlegame""}","A fork — one piece attacks two enemy pieces at once, forcing a material win.",true,lichess,eQ4EH,28171,96,{}
lc_wgqmw,r3q1rk/p1p3pp/3p1p2/3PnP2/7Q/6R1/P1P3PP/1R4K1 w - - 2 24,"{""h4h7"",""h8h7"",""g3h3"",""e8h5"",""h3h5""}",bishop,5,intermediate,Bishop 5 · Mate In3,mateIn3,White to move.,1222,Casual,"{""attraction"",""kingsideAttack"",""long"",""mate"",""mateIn3"",""middlegame"",""sacrifice""}",Checkmate in three — calculate the forcing line all the way to mate.,true,lichess,wgqmw,27293,95,{}
lc_byuCO,r1q2rk1/p4ppp/bp2pn2/2bN2N1/5B2/6P1/PPQ1PPBP/R2R2K1 b - - 0 16,"{""c5f2"",""g1f2"",""c8c2"",""d5f6"",""g7f6""}",bishop,5,intermediate,Bishop 5 · Discovered Attack,discoveredAttack,Black to move.,1222,Casual,"{""advantage"",""discoveredAttack"",""long"",""middlegame""}",A discovered attack — moving one piece uncovers a deadly attack from another.,true,lichess,byuCO,27001,95,"{""Queens_Gambit_Declined"",""Queens_Gambit_Declined_Other_variations""}"
lc_EhtAR,r1bq1b1k/pp1p3p/6p1/3Bp3/8/3P2P1/PPP1QP1P/R3K2R b KQ - 2 15,"{""d8a5"",""c2c3"",""a5d5""}",bishop,5,intermediate,Bishop 5 · Fork,fork,Black to move.,1222,Casual,"{""advantage"",""fork"",""middlegame"",""short""}","A fork — one piece attacks two enemy pieces at once, forcing a material win.",true,lichess,EhtAR,26431,95,"{""Sicilian_Defense"",""Sicilian_Defense_Closed""}"
lc_NKJr2,1r6/5Npk/2p4p/4pN2/p3P1P1/P1KPB3/1r4P1/7R b - - 1 27,"{""b8b3"",""c3c4"",""b2c2""}",bishop,5,intermediate,Bishop 5 · Mate In2,mateIn2,Black to move.,1222,Casual,"{""endgame"",""mate"",""mateIn2"",""short""}",Checkmate in two — a forced sequence that delivers checkmate on move two.,true,lichess,NKJr2,26028,96,{}
lc_eAuK8,4r1k1/5qBp/1p2N1p1/2pQ4/2P5/1P4PP/r4P2/2R1R1K1 b - - 0 25,"{""f7f2"",""g1h1"",""f2h2""}",bishop,5,intermediate,Bishop 5 · Mate In2,mateIn2,Black to move.,1222,Casual,"{""mate"",""mateIn2"",""middlegame"",""short""}",Checkmate in two — a forced sequence that delivers checkmate on move two.,true,lichess,eAuK8,24265,96,{}
lc_nPP5J,1b6/6pk/7p/1rRKN3/3pP3/7P/6P1/8 b - - 2 41,"{""b5c5"",""d5c5"",""b8e5""}",bishop,5,intermediate,Bishop 5 · Endgame,endgame,Black to move.,1223,Casual,"{""crushing"",""endgame"",""short""}",An endgame technique — precise play with few pieces where every tempo counts.,true,lichess,nPP5J,31564,96,{}
lc_tbi2q,3r1r2/1p3p1k/1q2pBpn/pNb1P3/Pn2R3/7Q/1P1p1PP1/5RK1 w - - 0 30,"{""h3h6"",""h7h6"",""e4h4""}",bishop,5,intermediate,Bishop 5 · Mate In2,mateIn2,White to move.,1223,Casual,"{""attraction"",""mate"",""mateIn2"",""middlegame"",""pillsburysMate"",""sacrifice"",""short""}",Checkmate in two — a forced sequence that delivers checkmate on move two.,true,lichess,tbi2q,31248,96,{}
lc_PMhTX,r3k2r/ppp2ppp/2n1pn2/8/1bNq2b1/6P1/PP2PPBP/RNBQ1RK1 w kq - 0 9,"{""g2c6"",""b7c6"",""d1d4""}",bishop,5,intermediate,Bishop 5 · Crushing,crushing,White to move.,1224,Casual,"{""crushing"",""intermezzo"",""middlegame"",""short""}",Find the strongest continuation and seize the advantage.,true,lichess,PMhTX,31486,95,"{""Queens_Pawn_Game"",""Queens_Pawn_Game_Symmetrical_Variation""}"
lc_0RpxK,r4r1k/pp5p/2qp4/2pn1pQ1/2P5/2PP2P1/P5K1/R6R w - - 2 24,"{""h1h7"",""h8h7"",""a1h1""}",bishop,5,intermediate,Bishop 5 · Mate In2,mateIn2,White to move.,1224,Casual,"{""attraction"",""kingsideAttack"",""mate"",""mateIn2"",""middlegame"",""sacrifice"",""short""}",Checkmate in two — a forced sequence that delivers checkmate on move two.,true,lichess,0RpxK,30827,95,{}
lc_lDOun,rnbqk2r/pppp4/4pp1p/4B1p1/3P4/2nQ4/P1P2PPP/R3KBNR w KQkq - 0 10,"{""d3g6"",""e8f8"",""e5f6"",""d8f6"",""g6f6""}",bishop,5,intermediate,Bishop 5 · Fork,fork,White to move.,1224,Casual,"{""crushing"",""fork"",""long"",""opening""}","A fork — one piece attacks two enemy pieces at once, forcing a material win.",true,lichess,lDOun,29610,95,"{""Indian_Defense"",""Indian_Defense_Other_variations""}"
lc_8DLnq,5rk1/1R3pp1/7p/p7/3P4/3QP1P1/3n1PP1/3q1NK1 b - - 2 30,"{""d2f3"",""g2f3"",""d1d3""}",bishop,5,intermediate,Bishop 5 · Discovered Attack,discoveredAttack,Black to move.,1224,Casual,"{""crushing"",""discoveredAttack"",""endgame"",""short""}",A discovered attack — moving one piece uncovers a deadly attack from another.,true,lichess,8DLnq,26912,96,{}
lc_JFNxt,6k1/5ppp/8/4p3/1B2B3/p3P3/P2r1PPP/1K6 b - - 0 32,"{""d2b2"",""b1c1"",""b2b4""}",bishop,5,intermediate,Bishop 5 · Fork,fork,Black to move.,1224,Casual,"{""crushing"",""endgame"",""fork"",""short""}","A fork — one piece attacks two enemy pieces at once, forcing a material win.",true,lichess,JFNxt,26245,96,{}
lc_7pHmO,4Rbk1/1b4p1/2p2pP1/p7/8/3P3R/r5r1/7K w - - 0 33,"{""h3h8"",""g8h8"",""e8f8""}",bishop,5,intermediate,Bishop 5 · Mate In2,mateIn2,White to move.,1224,Casual,"{""attraction"",""deflection"",""endgame"",""mate"",""mateIn2"",""sacrifice"",""short""}",Checkmate in two — a forced sequence that delivers checkmate on move two.,true,lichess,7pHmO,25350,94,{}
lc_9Drcc,3r2k1/pN3ppn/2n4p/q2p4/8/2PQ1P2/6PP/4RRK1 b - - 0 27,"{""a5b6"",""g1h1"",""b6b7""}",bishop,5,intermediate,Bishop 5 · Fork,fork,Black to move.,1224,Casual,"{""advantage"",""fork"",""middlegame"",""short""}","A fork — one piece attacks two enemy pieces at once, forcing a material win.",true,lichess,9Drcc,23982,96,{}
lc_QTG1Y,2k1r3/1p4p1/1n2pq2/2p5/8/2P4Q/PP1N1P1P/4R1K1 b - - 4 27,"{""f6g5"",""g1f1"",""g5d2""}",bishop,5,intermediate,Bishop 5 · Fork,fork,Black to move.,1225,Casual,"{""advantage"",""endgame"",""fork"",""short""}","A fork — one piece attacks two enemy pieces at once, forcing a material win.",true,lichess,QTG1Y,27945,95,{}
lc_PwaeF,1kr5/1n4p1/1Qq1pp1p/8/3PP3/R5P1/PP3PP1/1K6 w - - 2 28,"{""b6a7"",""b8c7"",""a3c3"",""c6c3"",""b2c3""}",bishop,5,intermediate,Bishop 5 · Pin,pin,White to move.,1225,Casual,"{""crushing"",""endgame"",""long"",""pin""}",A pin — the attacked piece can't move without exposing a more valuable piece behind it.,true,lichess,PwaeF,27002,95,{}
lc_GSpyK,4Qr1k/R7/6pB/8/2qb4/8/bP3PP1/4R1K1 b - - 0 32,"{""d4f2"",""g1h2"",""c4h4""}",bishop,5,intermediate,Bishop 5 · Mate In2,mateIn2,Black to move.,1225,Casual,"{""fork"",""master"",""mate"",""mateIn2"",""middlegame"",""short""}",Checkmate in two — a forced sequence that delivers checkmate on move two.,true,lichess,GSpyK,26349,95,{}
lc_ysrdx,5r2/1ppn3k/p2p3p/3P1p2/2PqpP2/1P4QP/2B3R1/5K2 w - - 6 34,"{""g3g6"",""h7h8"",""g6h6""}",bishop,5,intermediate,Bishop 5 · Mate In2,mateIn2,White to move.,1225,Casual,"{""deflection"",""endgame"",""mate"",""mateIn2"",""short""}",Checkmate in two — a forced sequence that delivers checkmate on move two.,true,lichess,ysrdx,24709,96,{}
lc_4fb9p,r1bqk1nr/1pp3pp/p3p3/4P3/3b4/5N2/P2P2PP/R1BQKB1R w KQkq - 0 12,"{""d1a4"",""b7b5"",""a4d4""}",bishop,5,intermediate,Bishop 5 · Advantage,advantage,White to move.,1225,Casual,"{""advantage"",""opening"",""short""}",Find the strongest continuation and seize the advantage.,true,lichess,4fb9p,24313,94,"{""French_Defense"",""French_Defense_La_Bourdonnais_Variation""}"
lc_ycXy0,r1bqk1nr/ppp1bpQp/3p4/8/4PB2/8/PPP2PPP/RN2KB1R b KQkq - 0 7,"{""e7f6"",""g7g3"",""f6b2""}",bishop,5,intermediate,Bishop 5 · Interference,interference,Black to move.,1226,Casual,"{""advantage"",""interference"",""opening"",""short""}",Interference — block the line between two enemy pieces to break their coordination.,true,lichess,ycXy0,31376,95,"{""Scotch_Game"",""Scotch_Game_Other_variations""}"
lc_cCW0f,r2qr1k1/ppp2ppp/2n2b2/3b4/3P4/P1N2N2/1P3PPP/R1BQR1K1 w - - 1 13,"{""e1e8"",""d8e8"",""c3d5""}",bishop,5,intermediate,Bishop 5 · Crushing,crushing,White to move.,1226,Casual,"{""crushing"",""kingsideAttack"",""opening"",""short""}",Find the strongest continuation and seize the advantage.,true,lichess,cCW0f,29414,96,"{""English_Opening"",""English_Opening_Kings_English_Variation""}"
lc_vWi6q,r1bqk2r/1p1pnp1p/p1n1p1p1/1N6/1pPP4/5NP1/P3PPBP/b1BQ1RK1 w kq - 0 10,"{""b5d6"",""e8f8"",""c1h6"",""f8g8"",""d1a1""}",bishop,5,intermediate,Bishop 5 · Discovered Attack,discoveredAttack,White to move.,1226,Casual,"{""crushing"",""discoveredAttack"",""long"",""middlegame""}",A discovered attack — moving one piece uncovers a deadly attack from another.,true,lichess,vWi6q,29184,95,"{""English_Opening"",""English_Opening_Symmetrical_Variation""}"
lc_UFvrT,1rbqk2r/pp3ppp/4pn2/8/1bBP4/2N5/PP3PPP/R2QK1NR w KQk - 0 9,"{""d1a4"",""c8d7"",""a4b4""}",bishop,5,intermediate,Bishop 5 · Fork,fork,White to move.,1227,Casual,"{""advantage"",""fork"",""opening"",""short""}","A fork — one piece attacks two enemy pieces at once, forcing a material win.",true,lichess,UFvrT,29632,94,"{""Queens_Pawn_Game"",""Queens_Pawn_Game_Accelerated_London_System""}"
lc_49vxy,rnb2rk1/pp3ppp/2p2n2/8/2q1B2Q/2N1P3/PP1P3P/R1B1R1K1 w - - 1 17,"{""e4h7"",""f6h7"",""h4c4""}",bishop,5,intermediate,Bishop 5 · Discovered Attack,discoveredAttack,White to move.,1227,Casual,"{""crushing"",""discoveredAttack"",""opening"",""short""}",A discovered attack — moving one piece uncovers a deadly attack from another.,true,lichess,49vxy,27970,95,"{""Grob_Opening"",""Grob_Opening_Spike""}"
lc_JyKAb,2r2r2/5pkP/pq2p3/1pb2pp1/6P1/1P1BP3/P1P4Q/R4K1R w - - 0 25,"{""h2h6"",""g7h8"",""h6f6""}",bishop,5,intermediate,Bishop 5 · Mate In2,mateIn2,White to move.,1227,Casual,"{""mate"",""mateIn2"",""middlegame"",""short""}",Checkmate in two — a forced sequence that delivers checkmate on move two.,true,lichess,JyKAb,27512,96,{}
lc_xeaGJ,6r1/1p3rpk/p7/4qb2/8/4P1R1/PP4R1/7K w - - 0 37,"{""g2h2"",""f5h3"",""h2h3"",""e5h5"",""h3h5""}",bishop,5,intermediate,Bishop 5 · Mate In3,mateIn3,White to move.,1227,Casual,"{""endgame"",""long"",""mate"",""mateIn3""}",Checkmate in three — calculate the forcing line all the way to mate.,true,lichess,xeaGJ,26505,96,{}
lc_oEMEK,r1b2r1k/1p1pNBbp/p5p1/8/5P2/1Q6/Pq4PP/R6K w - - 0 19,"{""e7g6"",""h7g6"",""b3h3"",""g7h6"",""h3h6""}",bishop,5,intermediate,Bishop 5 · Mate In3,mateIn3,White to move.,1227,Casual,"{""kingsideAttack"",""long"",""mate"",""mateIn3"",""middlegame"",""sacrifice""}",Checkmate in three — calculate the forcing line all the way to mate.,true,lichess,oEMEK,26335,97,"{""Sicilian_Defense"",""Sicilian_Defense_Smith-Morra_Gambit""}"
lc_LvJhv,7k/4p1bp/6pn/4P3/2QPR1q1/7r/PP3PP1/R1B3K1 b - - 1 23,"{""g4d1"",""c4f1"",""h3h1"",""g1h1"",""d1f1""}",bishop,5,intermediate,Bishop 5 · Deflection,deflection,Black to move.,1227,Casual,"{""advantage"",""attraction"",""deflection"",""long"",""middlegame""}",A deflection — lure a defending piece away from the square it was guarding.,true,lichess,LvJhv,25104,96,{}
lc_vPBvJ,1rbk4/pp6/2p4p/2P3p1/1PB2pN1/5r2/P2K3P/3R4 w - - 0 24,"{""d2e2"",""f3d3"",""d1d3""}",bishop,5,intermediate,Bishop 5 · Discovered Attack,discoveredAttack,White to move.,1227,Casual,"{""advantage"",""discoveredAttack"",""discoveredCheck"",""endgame"",""short""}",A discovered attack — moving one piece uncovers a deadly attack from another.,true,lichess,vPBvJ,24198,96,{}
lc_hib9a,2r3rk/R5b1/1p2R3/4p2p/1K2Bp2/1P6/1P6/6q1 w - - 0 42,"{""e6h6"",""g7h6"",""a7h7""}",bishop,5,intermediate,Bishop 5 · Mate In2,mateIn2,White to move.,1227,Casual,"{""mate"",""mateIn2"",""middlegame"",""operaMate"",""sacrifice"",""short""}",Checkmate in two — a forced sequence that delivers checkmate on move two.,true,lichess,hib9a,23972,95,{}
lc_sT4vh,r1q1kb1r/ppp2ppp/4bn2/4p3/2B1P3/2P2Q2/PP1N1PPP/R1BR2K1 b kq - 5 10,"{""e6g4"",""f3g3"",""g4d1""}",bishop,5,intermediate,Bishop 5 · Skewer,skewer,Black to move.,1228,Casual,"{""advantage"",""opening"",""short"",""skewer""}","A skewer — the higher-value piece is forced to move, losing the piece behind it.",true,lichess,sT4vh,35384,96,"{""Italian_Game"",""Italian_Game_Blackburne-Kostic_Gambit""}"
lc_Iem9A,r1r2bk1/5p1p/8/3pQ1P1/3B4/5p2/BPb5/K2R3R b - - 0 31,"{""a8a2"",""a1a2"",""c8a8"",""d4a7"",""a8a7""}",bishop,5,intermediate,Bishop 5 · Mate In3,mateIn3,Black to move.,1228,Casual,"{""attraction"",""long"",""mate"",""mateIn3"",""middlegame"",""pillsburysMate"",""sacrifice""}",Checkmate in three — calculate the forcing line all the way to mate.,true,lichess,Iem9A,32311,95,{}
lc_U4mrw,5r2/1r2kpRp/p2R1n2/1p2pP2/4P3/8/PPP4P/1K6 w - - 1 29,"{""d6e6"",""e7d8"",""e6f6""}",bishop,5,intermediate,Bishop 5 · Pin,pin,White to move.,1228,Casual,"{""advantage"",""deflection"",""endgame"",""pin"",""short""}",A pin — the attacked piece can't move without exposing a more valuable piece behind it.,true,lichess,U4mrw,31646,95,{}
lc_nYxEF,2r3k1/1R3pp1/p6p/8/2p5/4P3/PP4PP/1r2BK1R b - - 4 28,"{""c4c3"",""b2c3"",""b1b7""}",bishop,5,intermediate,Bishop 5 · Endgame,endgame,Black to move.,1228,Casual,"{""advantage"",""endgame"",""short""}",An endgame technique — precise play with few pieces where every tempo counts.,true,lichess,nYxEF,30183,97,{}
lc_wy0KX,8/8/2p1P3/3p1R2/3P2pk/8/4r3/6K1 w - - 1 40,"{""f5e5"",""e2a2"",""e6e7""}",bishop,5,intermediate,Bishop 5 · Advanced Pawn,advancedPawn,White to move.,1228,Casual,"{""advancedPawn"",""crushing"",""endgame"",""rookEndgame"",""short""}",An advanced pawn — push the passer or use its threats to win material.,true,lichess,wy0KX,27655,95,{}
lc_qjxZG,6k1/5pp1/p4q1p/4p1b1/2n1B1Q1/1pP4P/1P2RPP1/3r1NK1 w - - 2 35,"{""g4c8"",""d1d8"",""c8c4""}",bishop,5,intermediate,Bishop 5 · Fork,fork,White to move.,1228,Casual,"{""advantage"",""fork"",""middlegame"",""short""}","A fork — one piece attacks two enemy pieces at once, forcing a material win.",true,lichess,qjxZG,27644,94,{}
lc_B8KVj,r2q1r2/1bpn1pkp/pp1p2p1/4p1Qn/2P1P3/2NP1N2/PP3PP1/R3KB1R w KQ - 0 13,"{""h1h5"",""d8g5"",""h5g5""}",bishop,5,intermediate,Bishop 5 · Pin,pin,White to move.,1228,Casual,"{""advantage"",""middlegame"",""pin"",""short""}",A pin — the attacked piece can't move without exposing a more valuable piece behind it.,true,lichess,B8KVj,26744,95,"{""English_Opening"",""English_Opening_Anglo-Indian_Defense""}"
lc_nBQ7x,8/1bqpk2p/p5rN/1pP1p2p/1P2P3/1Q3P2/P5P1/6K1 w - - 0 34,"{""b3f7"",""e7d8"",""f7f8""}",bishop,5,intermediate,Bishop 5 · Mate In2,mateIn2,White to move.,1228,Casual,"{""endgame"",""mate"",""mateIn2"",""short""}",Checkmate in two — a forced sequence that delivers checkmate on move two.,true,lichess,nBQ7x,25458,97,{}
lc_psJu2,8/8/3pKp2/1kp1bPp1/1p1p2P1/1P1P2B1/2P5/8 w - - 5 53,"{""g3e5"",""d6e5"",""e6f6"",""e5e4"",""d3e4""}",bishop,5,intermediate,Bishop 5 · Bishop Endgame,bishopEndgame,White to move.,1229,Casual,"{""bishopEndgame"",""crushing"",""endgame"",""long""}",A bishop endgame — colour complexes and the wrong-bishop rule matter.,true,lichess,psJu2,30944,94,{}
lc_6RD3J,5k2/5p1p/4p1P1/3pP3/3P2P1/R2K4/5P2/7r b - - 0 34,"{""h1h3"",""d3e2"",""h3a3""}",bishop,5,intermediate,Bishop 5 · Skewer,skewer,Black to move.,1229,Casual,"{""crushing"",""endgame"",""master"",""rookEndgame"",""short"",""skewer""}","A skewer — the higher-value piece is forced to move, losing the piece behind it.",true,lichess,6RD3J,30614,96,{}
lc_1qTIs,3r2r1/1p1n1p1k/p1ppR2p/2n5/5P2/1BPq1P2/PP4QP/6RK w - - 4 29,"{""e6h6"",""h7h6"",""g2h3""}",bishop,5,intermediate,Bishop 5 · Mate In2,mateIn2,White to move.,1229,Casual,"{""attraction"",""mate"",""mateIn2"",""middlegame"",""sacrifice"",""short""}",Checkmate in two — a forced sequence that delivers checkmate on move two.,true,lichess,1qTIs,28024,96,{}
lc_UM7ez,4K1k1/p4pp1/7p/5P2/2P1n2N/3r3P/P5P1/R1R5 b - - 0 33,"{""e4f6"",""e8e7"",""d3d7""}",bishop,5,intermediate,Bishop 5 · Mate In2,mateIn2,Black to move.,1229,Casual,"{""endgame"",""hookMate"",""mate"",""mateIn2"",""short""}",Checkmate in two — a forced sequence that delivers checkmate on move two.,true,lichess,UM7ez,27113,96,{}
lc_tiPKt,5r1k/6p1/3nQ2p/8/3P2PP/4K3/8/8 b - - 6 50,"{""f8e8"",""e6e8"",""d6e8""}",bishop,5,intermediate,Bishop 5 · Pin,pin,Black to move.,1229,Casual,"{""advantage"",""endgame"",""pin"",""short""}",A pin — the attacked piece can't move without exposing a more valuable piece behind it.,true,lichess,tiPKt,25882,94,{}
lc_1Hv5i,rn2k2r/ppp1qppp/8/3p4/3P4/7Q/PPP2P1P/2KR2N1 w kq - 0 14,"{""h3c8"",""e7d8"",""d1e1"",""e8f8"",""c8d8""}",bishop,5,intermediate,Bishop 5 · Mate In3,mateIn3,White to move.,1229,Casual,"{""deflection"",""long"",""mate"",""mateIn3"",""middlegame""}",Checkmate in three — calculate the forcing line all the way to mate.,true,lichess,1Hv5i,25777,95,"{""French_Defense"",""French_Defense_Rubinstein_Variation""}"
lc_ADr34,6r1/3k1p2/4pQ2/3p1p2/2pP4/1q6/1P2RP1P/2R2K2 b - - 1 38,"{""b3h3"",""f1e1"",""g8g1"",""e1d2"",""h3d3""}",bishop,5,intermediate,Bishop 5 · Mate In3,mateIn3,Black to move.,1229,Casual,"{""endgame"",""long"",""mate"",""mateIn3""}",Checkmate in three — calculate the forcing line all the way to mate.,true,lichess,ADr34,24388,95,{}
lc_Leyfq,8/p3q1k1/1r1b1p2/2pp1Rr1/7N/2P3PP/P2QnPK1/5R2 w - - 0 38,"{""f5g5"",""f6g5"",""h4f5"",""g7h7"",""f5e7""}",bishop,5,intermediate,Bishop 5 · Fork,fork,White to move.,1230,Casual,"{""crushing"",""fork"",""long"",""middlegame""}","A fork — one piece attacks two enemy pieces at once, forcing a material win.",true,lichess,Leyfq,30583,95,{}
lc_4y26R,8/4bp2/4p1p1/3pP1Pp/kp3P1P/1n1N4/K7/4B3 w - - 0 56,"{""d3b2"",""a4a5"",""a2b3""}",bishop,5,intermediate,Bishop 5 · Deflection,deflection,White to move.,1230,Casual,"{""advantage"",""deflection"",""endgame"",""short""}",A deflection — lure a defending piece away from the square it was guarding.,true,lichess,4y26R,28953,96,{}
lc_4G2M4,8/p3r3/3pPk1p/3R1P2/5r2/1P5P/P5K1/5R2 b - - 2 40,"{""e7g7"",""g2h2"",""f4f1""}",bishop,5,intermediate,Bishop 5 · Deflection,deflection,Black to move.,1230,Casual,"{""crushing"",""deflection"",""endgame"",""rookEndgame"",""short""}",A deflection — lure a defending piece away from the square it was guarding.,true,lichess,4G2M4,28196,97,{}
lc_TF2GY,r7/pp5k/5b1p/3p1p2/1q1PnP2/4Q3/PP3P2/5KRR w - - 4 34,"{""h1h6"",""h7h6"",""e3h3"",""f6h4"",""h3h4""}",bishop,5,intermediate,Bishop 5 · Mate In3,mateIn3,White to move.,1230,Casual,"{""attraction"",""long"",""mate"",""mateIn3"",""middlegame"",""sacrifice""}",Checkmate in three — calculate the forcing line all the way to mate.,true,lichess,TF2GY,27173,95,{}
lc_HPOnZ,1Q6/5ppk/2p1p1n1/3p4/2q5/6P1/5bK1/5R2 w - - 0 37,"{""f1h1"",""g6h4"",""h1h4"",""c4h4"",""g3h4""}",bishop,5,intermediate,Bishop 5 · Fork,fork,White to move.,1230,Casual,"{""advantage"",""endgame"",""fork"",""long""}","A fork — one piece attacks two enemy pieces at once, forcing a material win.",true,lichess,HPOnZ,26840,95,{}
lc_ruFhA,3r1k2/pp1P2pp/3N2r1/6q1/5p2/5P1P/PP4P1/3RR2K w - - 2 33,"{""e1e8"",""d8e8"",""d7e8q""}",bishop,6,intermediate,Bishop 6 · Mate In2,mateIn2,White to move.,1230,Casual,"{""advancedPawn"",""endgame"",""mate"",""mateIn2"",""promotion"",""short""}",Checkmate in two — a forced sequence that delivers checkmate on move two.,true,lichess,ruFhA,25904,94,{}
lc_pnPVl,3q4/6rk/p3B2r/2p1pPp1/2Pp1pQ1/8/2P2PK1/7R w - - 7 44,"{""h1h6"",""h7h6"",""g4h3""}",bishop,6,intermediate,Bishop 6 · Mate In2,mateIn2,White to move.,1230,Casual,"{""attraction"",""endgame"",""mate"",""mateIn2"",""short""}",Checkmate in two — a forced sequence that delivers checkmate on move two.,true,lichess,pnPVl,25039,97,{}
lc_aQn3s,r2qk1nr/pp3ppp/2n5/1Bbpp3/8/4PN1P/PPP2PP1/R1BQK2R b KQkq - 1 8,"{""d8a5"",""c2c3"",""a5b5""}",bishop,6,intermediate,Bishop 6 · Fork,fork,Black to move.,1230,Casual,"{""advantage"",""fork"",""master"",""opening"",""short""}","A fork — one piece attacks two enemy pieces at once, forcing a material win.",true,lichess,aQn3s,24489,95,"{""Queens_Pawn_Game"",""Queens_Pawn_Game_Krause_Variation""}"
lc_4aCiH,8/pp6/1k6/3n1p2/1q5P/8/PQ5P/1K1R4 b - - 7 46,"{""d5c3"",""b1c2"",""b4b2"",""c2b2"",""c3d1""}",bishop,6,intermediate,Bishop 6 · Fork,fork,Black to move.,1230,Casual,"{""attraction"",""crushing"",""endgame"",""fork"",""long""}","A fork — one piece attacks two enemy pieces at once, forcing a material win.",true,lichess,4aCiH,24209,95,{}
lc_J6UEX,5k2/1Q3p1p/1p4p1/2p1rn2/8/5P2/PP3qPP/2R2R1K b - - 4 30,"{""f5g3"",""h2g3"",""e5h5""}",bishop,6,intermediate,Bishop 6 · Mate In2,mateIn2,Black to move.,1231,Casual,"{""clearance"",""endgame"",""mate"",""mateIn2"",""sacrifice"",""short""}",Checkmate in two — a forced sequence that delivers checkmate on move two.,true,lichess,J6UEX,29614,96,{}
lc_xuuWG,1r1q1rk1/p7/4Rn2/1pp2nBp/3p3P/P2P2P1/1PP2PKN/R2Q4 b - - 0 22,"{""d8d5"",""e6e4"",""f6e4""}",bishop,6,intermediate,Bishop 6 · Fork,fork,Black to move.,1231,Casual,"{""advantage"",""fork"",""middlegame"",""short""}","A fork — one piece attacks two enemy pieces at once, forcing a material win.",true,lichess,xuuWG,28738,94,{}
lc_SO13q,3r2k1/Q6p/7R/8/3N2p1/2N1r2P/PP4PK/8 b - - 0 26,"{""g4g3"",""h2g1"",""e3e1""}",bishop,6,intermediate,Bishop 6 · Mate In2,mateIn2,Black to move.,1231,Casual,"{""endgame"",""mate"",""mateIn2"",""short""}",Checkmate in two — a forced sequence that delivers checkmate on move two.,true,lichess,SO13q,28108,96,{}
lc_aa271,r4k2/1b2qp2/6Rp/p1p5/1pP5/3Q4/P1B3PP/4rR1K w - - 1 30,"{""g6g8"",""f8g8"",""d3h7"",""g8f8"",""h7h8""}",bishop,6,intermediate,Bishop 6 · Mate In3,mateIn3,White to move.,1231,Casual,"{""attraction"",""long"",""mate"",""mateIn3"",""middlegame"",""sacrifice""}",Checkmate in three — calculate the forcing line all the way to mate.,true,lichess,aa271,27699,95,{}
lc_ocpKB,1kr4r/1p3R2/p7/8/4n3/3NP3/PP2KPP1/3R4 b - - 2 34,"{""c8c2"",""e2f3"",""e4g5"",""f3f4"",""g5f7""}",bishop,6,intermediate,Bishop 6 · Fork,fork,Black to move.,1231,Casual,"{""advantage"",""endgame"",""fork"",""long""}","A fork — one piece attacks two enemy pieces at once, forcing a material win.",true,lichess,ocpKB,27515,96,{}
lc_mTGx4,rn2k2r/pp3ppp/2p5/q2bP3/B3n3/2N1Q3/PPP2PPP/R1B1K2R b KQkq - 0 17,"{""e4c3"",""e3c3"",""a5a4""}",bishop,6,intermediate,Bishop 6 · Advantage,advantage,Black to move.,1231,Casual,"{""advantage"",""capturingDefender"",""opening"",""short""}",Find the strongest continuation and seize the advantage.,true,lichess,mTGx4,26837,94,"{""Russian_Game"",""Russian_Game_Other_variations""}"
lc_9tMtg,rn2kb1Q/pp2q3/2p2pp1/3p1b2/4nP2/3B4/PPPP2PP/RNB2RK1 b q - 2 11,"{""e7c5"",""g1h1"",""e4f2"",""f1f2"",""c5f2""}",bishop,6,intermediate,Bishop 6 · Crushing,crushing,Black to move.,1231,Casual,"{""crushing"",""kingsideAttack"",""long"",""opening""}",Find the strongest continuation and seize the advantage.,true,lichess,9tMtg,24874,94,"{""Russian_Game"",""Russian_Game_Italian_Variation""}"
lc_r5EjU,8/4pk1p/4p1p1/4P3/8/4B2P/Rp3PP1/2q2RK1 b - - 3 34,"{""c1f1"",""g1f1"",""b2b1q""}",bishop,6,intermediate,Bishop 6 · Attraction,attraction,Black to move.,1231,Casual,"{""advancedPawn"",""attraction"",""crushing"",""endgame"",""promotion"",""short""}",An attraction — force an enemy piece onto a square where it can be exploited.,true,lichess,r5EjU,24240,95,{}
lc_AOOHe,7k/p1r1r1pp/3qBp2/2p1bP2/2Pp2R1/P6Q/1P1B2P1/7K w - - 12 37,"{""h3h7"",""h8h7"",""g4h4""}",bishop,6,intermediate,Bishop 6 · Mate In2,mateIn2,White to move.,1232,Casual,"{""attraction"",""kingsideAttack"",""mate"",""mateIn2"",""middlegame"",""pillsburysMate"",""sacrifice"",""short""}",Checkmate in two — a forced sequence that delivers checkmate on move two.,true,lichess,AOOHe,34195,96,{}
lc_vF8mj,4r1k1/1p2bpp1/p5rp/2B5/8/5P1P/PPP1RP1K/R7 b - - 5 23,"{""e7d6"",""c5d6"",""e8e2""}",bishop,6,intermediate,Bishop 6 · Discovered Attack,discoveredAttack,Black to move.,1232,Casual,"{""advantage"",""collinearMove"",""discoveredAttack"",""endgame"",""short""}",A discovered attack — moving one piece uncovers a deadly attack from another.,true,lichess,vF8mj,33755,96,{}
lc_SpZyi,8/5q1k/pp2pBpr/4PpQ1/3PbP2/2r1P3/P1p2KP1/2R5 w - - 2 34,"{""g5h6"",""h7h6"",""c1h1""}",bishop,6,intermediate,Bishop 6 · Mate In2,mateIn2,White to move.,1232,Casual,"{""attraction"",""mate"",""mateIn2"",""middlegame"",""pillsburysMate"",""sacrifice"",""short""}",Checkmate in two — a forced sequence that delivers checkmate on move two.,true,lichess,SpZyi,29948,96,{}
lc_mv7xv,2Qrk3/6b1/p5p1/4p1p1/2P5/4B1K1/q6P/8 w - - 3 46,"{""c8e6"",""e8f8"",""e3c5"",""d8d6"",""c5d6""}",bishop,6,intermediate,Bishop 6 · Mate In3,mateIn3,White to move.,1232,Casual,"{""endgame"",""exposedKing"",""long"",""mate"",""mateIn3""}",Checkmate in three — calculate the forcing line all the way to mate.,true,lichess,mv7xv,29714,96,{}
lc_XuOe9,r2q1rk1/pp1b1ppN/4p2p/P2pP3/5P2/3Q4/1PB3PP/n4RK1 w - - 0 20,"{""h7f6"",""d8f6"",""d3h7""}",bishop,6,intermediate,Bishop 6 · Mate In2,mateIn2,White to move.,1232,Casual,"{""clearance"",""kingsideAttack"",""mate"",""mateIn2"",""middlegame"",""sacrifice"",""short""}",Checkmate in two — a forced sequence that delivers checkmate on move two.,true,lichess,XuOe9,29555,96,"{""French_Defense"",""French_Defense_Tarrasch_Variation""}"
lc_Tg7AO,r1b4r/pp1q1kpp/2p2p2/3pP3/5Q1n/1B6/PPP3PP/4RK1R w - - 0 22,"{""e5e6"",""d7e6"",""e1e6""}",bishop,6,intermediate,Bishop 6 · Fork,fork,White to move.,1232,Casual,"{""advantage"",""fork"",""middlegame"",""short""}","A fork — one piece attacks two enemy pieces at once, forcing a material win.",true,lichess,Tg7AO,26031,94,{}
lc_Cdwzy,8/7p/1R6/1pr3P1/2b2K2/2N4P/1k6/8 w - - 0 45,"{""c3a4"",""b2a3"",""a4c5""}",bishop,6,intermediate,Bishop 6 · Pin,pin,White to move.,1232,Casual,"{""crushing"",""endgame"",""pin"",""short""}",A pin — the attacked piece can't move without exposing a more valuable piece behind it.,true,lichess,Cdwzy,25213,94,{}
lc_KtJvA,1k5r/p1p1n1pp/Qp1q4/5p2/8/7P/PP2PPP1/3RKB1R b K - 1 22,"{""d6b4"",""d1d2"",""h8d8"",""a6d3"",""d8d3""}",bishop,6,intermediate,Bishop 6 · Pin,pin,Black to move.,1232,Casual,"{""advantage"",""long"",""middlegame"",""pin""}",A pin — the attacked piece can't move without exposing a more valuable piece behind it.,true,lichess,KtJvA,24934,95,{}
lc_jDXHu,r5k1/ppp2ppp/2n1r3/4p1q1/2P1Bn2/2PP2R1/PB1Q1PPP/R5K1 b - - 4 17,"{""f4h3"",""g3h3"",""g5d2""}",bishop,6,intermediate,Bishop 6 · Discovered Attack,discoveredAttack,Black to move.,1233,Casual,"{""crushing"",""discoveredAttack"",""middlegame"",""short""}",A discovered attack — moving one piece uncovers a deadly attack from another.,true,lichess,jDXHu,27945,96,"{""Three_Knights_Opening"",""Three_Knights_Opening_Other_variations""}"
lc_sl77O,5Qbk/p3p2p/2pp2p1/4n3/4P3/2qB1P2/PrP1K3/R6R w - - 0 21,"{""h1h7"",""h8h7"",""a1h1""}",bishop,6,intermediate,Bishop 6 · Mate In2,mateIn2,White to move.,1233,Casual,"{""attraction"",""kingsideAttack"",""mate"",""mateIn2"",""middlegame"",""pin"",""sacrifice"",""short""}",Checkmate in two — a forced sequence that delivers checkmate on move two.,true,lichess,sl77O,26908,96,{}
lc_P7GX0,2r2r2/5pk1/p6p/1p4p1/4q1N1/1P5Q/P4PPP/4R1K1 w - - 2 28,"{""h3h6"",""g7g8"",""g4f6""}",bishop,6,intermediate,Bishop 6 · Mate In2,mateIn2,White to move.,1233,Casual,"{""endgame"",""mate"",""mateIn2"",""short""}",Checkmate in two — a forced sequence that delivers checkmate on move two.,true,lichess,P7GX0,26511,96,{}
lc_KbJR6,r1bqkr2/1p2np1p/p1p2Q2/4N3/Pb2P3/2pP3P/BPP2PP1/R3K2R w KQq - 0 15,"{""a2f7"",""f8f7"",""f6f7""}",bishop,6,intermediate,Bishop 6 · Mate In2,mateIn2,White to move.,1233,Casual,"{""attackingF2F7"",""mate"",""mateIn2"",""middlegame"",""short""}",Checkmate in two — a forced sequence that delivers checkmate on move two.,true,lichess,KbJR6,25758,95,"{""Vienna_Game"",""Vienna_Game_Max_Lange_Defense""}"
lc_C3XOj,r1b2rk1/1pqn2pp/p3p3/2bpPp2/8/P1NB1N1Q/1PP2PPP/R4RK1 w - - 2 15,"{""f3g5"",""h7h6"",""g5e6""}",bishop,6,intermediate,Bishop 6 · Advantage,advantage,White to move.,1233,Casual,"{""advantage"",""middlegame"",""short""}",Find the strongest continuation and seize the advantage.,true,lichess,C3XOj,25600,95,"{""French_Defense"",""French_Defense_Classical_Variation""}"
lc_7bueM,r1b4k/ppp3pp/2n5/2b1pr2/2B1Np1q/P2P1P2/1PP3PP/R1B1QR1K b - - 6 15,"{""h4h2"",""h1h2"",""f5h5"",""e1h4"",""h5h4""}",bishop,6,intermediate,Bishop 6 · Mate In3,mateIn3,Black to move.,1234,Casual,"{""attraction"",""kingsideAttack"",""long"",""mate"",""mateIn3"",""middlegame"",""pillsburysMate"",""sacrifice""}",Checkmate in three — calculate the forcing line all the way to mate.,true,lichess,7bueM,34947,96,"{""Van_Geet_Opening"",""Van_Geet_Opening_Grunfeld_Defense""}"
lc_CgT0d,r1b1k3/2qpnp1p/p1n1P3/1p6/1b4r1/1NNB4/PPP3PP/R1B2RK1 w q - 0 14,"{""e6f7"",""e8f8"",""c1h6"",""g4g7"",""h6g7"",""f8g7"",""f7f8q""}",bishop,6,intermediate,Bishop 6 · Attraction,attraction,White to move.,1234,Casual,"{""advancedPawn"",""attackingF2F7"",""attraction"",""mate"",""mateIn4"",""middlegame"",""promotion"",""veryLong""}",An attraction — force an enemy piece onto a square where it can be exploited.,true,lichess,CgT0d,32398,96,"{""Sicilian_Defense"",""Sicilian_Defense_Kan_Variation""}"
lc_0lrWI,r4rk1/ppp3bp/2np4/5qp1/3PN3/2P3P1/PPB2nNP/R1BQ1RK1 b - - 1 18,"{""f2h3"",""g1h1"",""f5f1"",""d1f1"",""f8f1""}",bishop,6,intermediate,Bishop 6 · Mate In3,mateIn3,Black to move.,1234,Casual,"{""backRankMate"",""deflection"",""discoveredAttack"",""long"",""mate"",""mateIn3"",""middlegame""}",Checkmate in three — calculate the forcing line all the way to mate.,true,lichess,0lrWI,29790,95,"{""Dutch_Defense"",""Dutch_Defense_Fianchetto_Attack""}"
lc_qqX1m,r4rk1/ppp2pp1/7p/3nP3/3P4/2PB2RP/P3qP2/2K3R1 w - - 0 21,"{""g3g7"",""g8h8"",""g7h7""}",bishop,6,intermediate,Bishop 6 · Mate In2,mateIn2,White to move.,1234,Casual,"{""kingsideAttack"",""mate"",""mateIn2"",""middlegame"",""operaMate"",""short""}",Checkmate in two — a forced sequence that delivers checkmate on move two.,true,lichess,qqX1m,26873,96,{}
lc_blBAQ,r4b1r/pp3kpp/4Rq2/2pQ4/8/2NP4/PPP2PPP/R5K1 b - - 0 17,"{""f6e6"",""d5b7"",""f8e7""}",bishop,6,intermediate,Bishop 6 · Advantage,advantage,Black to move.,1234,Casual,"{""advantage"",""defensiveMove"",""middlegame"",""short""}",Find the strongest continuation and seize the advantage.,true,lichess,blBAQ,25497,95,"{""Sicilian_Defense"",""Sicilian_Defense_Nimzowitsch_Variation""}"
lc_Z5swL,3r4/7k/7r/7Q/p1p2P2/4q3/PP6/1K4R1 w - - 2 35,"{""h5f7"",""h7h8"",""f7g7""}",bishop,6,intermediate,Bishop 6 · Mate In2,mateIn2,White to move.,1234,Casual,"{""endgame"",""mate"",""mateIn2"",""short""}",Checkmate in two — a forced sequence that delivers checkmate on move two.,true,lichess,Z5swL,25084,96,{}
lc_M8wQe,r1bq1rk1/pp3p1p/3ppbp1/2P1P3/3NP3/2N1Q2P/PPP3P1/2KR1B1R b - - 0 13,"{""f6g5"",""e3g5"",""d8g5""}",bishop,6,intermediate,Bishop 6 · Pin,pin,Black to move.,1234,Casual,"{""advantage"",""opening"",""pin"",""short""}",A pin — the attacked piece can't move without exposing a more valuable piece behind it.,true,lichess,M8wQe,24526,94,"{""Sicilian_Defense"",""Sicilian_Defense_Open""}"
lc_xZbIM,2rq1r1k/pb4p1/1pn2b1p/3p1Q2/3P4/PP1B3R/1BPN2PP/R5K1 b - - 1 19,"{""f6d4"",""b2d4"",""f8f5""}",bishop,6,intermediate,Bishop 6 · Discovered Attack,discoveredAttack,Black to move.,1235,Casual,"{""advantage"",""discoveredAttack"",""middlegame"",""short""}",A discovered attack — moving one piece uncovers a deadly attack from another.,true,lichess,xZbIM,29381,96,"{""Queens_Pawn_Game"",""Queens_Pawn_Game_Other_variations""}"
lc_2Ybrb,5k2/7R/4p1p1/4B3/5p2/b5PP/3n2K1/8 b - - 1 37,"{""f4f3"",""g2h2"",""f3f2""}",bishop,6,intermediate,Bishop 6 · Advanced Pawn,advancedPawn,Black to move.,1235,Casual,"{""advancedPawn"",""advantage"",""endgame"",""short""}",An advanced pawn — push the passer or use its threats to win material.,true,lichess,2Ybrb,28459,95,{}
lc_vqmHV,3rr2k/pp2RQpp/2p2p2/3q4/1P6/P5BP/5PP1/4R1K1 b - - 0 26,"{""d5f7"",""e7f7"",""e8e1""}",bishop,6,intermediate,Bishop 6 · Advantage,advantage,Black to move.,1235,Casual,"{""advantage"",""middlegame"",""short""}",Find the strongest continuation and seize the advantage.,true,lichess,vqmHV,27700,96,{}
lc_Yfsuj,r1bqk2r/ppp1bppp/2np3n/8/2B1P3/P4N2/1B1N1PPP/R2QK2R w KQkq - 2 9,"{""b2g7"",""h8g8"",""g7h6""}",bishop,6,intermediate,Bishop 6 · Fork,fork,White to move.,1235,Casual,"{""advantage"",""fork"",""opening"",""short""}","A fork — one piece attacks two enemy pieces at once, forcing a material win.",true,lichess,Yfsuj,26390,97,"{""Scotch_Game"",""Scotch_Game_Goring_Gambit""}"
lc_vWRvz,rnbqk2r/pp4p1/3bppp1/4N3/3P4/2B5/PPQ2PPP/R3K2R w KQkq - 0 15,"{""c2g6"",""e8f8"",""g6f7""}",bishop,6,intermediate,Bishop 6 · Mate In2,mateIn2,White to move.,1235,Casual,"{""mate"",""mateIn2"",""middlegame"",""short""}",Checkmate in two — a forced sequence that delivers checkmate on move two.,true,lichess,vWRvz,25508,95,"{""French_Defense"",""French_Defense_Mediterranean_Defense""}"
lc_DcfQn,2kr3r/pppb1q2/2n2b2/2pN4/5P1p/1Q1B4/PP6/2K1NRR1 w - - 3 30,"{""d5b6"",""a7b6"",""b3f7""}",bishop,6,intermediate,Bishop 6 · Discovered Attack,discoveredAttack,White to move.,1235,Casual,"{""advantage"",""discoveredAttack"",""middlegame"",""short""}",A discovered attack — moving one piece uncovers a deadly attack from another.,true,lichess,DcfQn,25396,95,{}
lc_Ba5ie,r1N2r2/5pk1/pq3np1/1pn1p2p/4P3/2N1QP2/PPP1B1PP/2KR3R b - - 0 16,"{""c5b3"",""a2b3"",""b6e3""}",bishop,6,intermediate,Bishop 6 · Discovered Attack,discoveredAttack,Black to move.,1235,Casual,"{""crushing"",""discoveredAttack"",""middlegame"",""queensideAttack"",""short""}",A discovered attack — moving one piece uncovers a deadly attack from another.,true,lichess,Ba5ie,24388,94,"{""Indian_Defense"",""Indian_Defense_Other_variations""}"
lc_D9tw3,6k1/2p3p1/p1pp2rp/4pNn1/P7/1P1PQP1b/2P2P2/2R1R1K1 b - - 0 24,"{""g5f3"",""g1h1"",""h3g2""}",bishop,6,intermediate,Bishop 6 · Mate In2,mateIn2,Black to move.,1236,Casual,"{""discoveredCheck"",""doubleCheck"",""kingsideAttack"",""mate"",""mateIn2"",""middlegame"",""short""}",Checkmate in two — a forced sequence that delivers checkmate on move two.,true,lichess,D9tw3,32573,96,{}
lc_7j9bB,r2q1r2/pp3pk1/3p1np1/4p1Qp/bPBNP2P/5P2/P1P3P1/R3K2R w KQ e6 0 16,"{""d4f5"",""g7h8"",""g5h6"",""f6h7"",""h6g7""}",bishop,6,intermediate,Bishop 6 · Mate In3,mateIn3,White to move.,1236,Casual,"{""long"",""mate"",""mateIn3"",""middlegame"",""pin""}",Checkmate in three — calculate the forcing line all the way to mate.,true,lichess,7j9bB,29250,96,"{""Trompowsky_Attack"",""Trompowsky_Attack_Other_variations""}"
lc_XH0Cz,r4rk1/BR4pp/p2ppb2/8/PP2P3/5P2/R5PP/6K1 b - - 0 23,"{""a8a7"",""b7a7"",""f6d4"",""g1f1"",""d4a7""}",bishop,6,intermediate,Bishop 6 · Fork,fork,Black to move.,1236,Casual,"{""advantage"",""attraction"",""endgame"",""fork"",""long"",""sacrifice""}","A fork — one piece attacks two enemy pieces at once, forcing a material win.",true,lichess,XH0Cz,29196,96,{}
lc_ZXk4X,2k4r/pp6/2nQPp2/8/4qP2/2P5/P5P1/1R4K1 w - - 0 29,"{""d6d7"",""c8b8"",""d7b7""}",bishop,6,intermediate,Bishop 6 · Mate In2,mateIn2,White to move.,1236,Casual,"{""endgame"",""mate"",""mateIn2"",""short""}",Checkmate in two — a forced sequence that delivers checkmate on move two.,true,lichess,ZXk4X,28718,96,{}
lc_fd5g1,5r1k/pp2rBpp/2bp4/5Q2/8/6R1/P3q1PP/R5K1 w - - 3 26,"{""f5h7"",""h8h7"",""g3h3"",""e2h5"",""h3h5""}",bishop,6,intermediate,Bishop 6 · Mate In3,mateIn3,White to move.,1236,Casual,"{""attraction"",""long"",""mate"",""mateIn3"",""middlegame"",""pillsburysMate"",""sacrifice""}",Checkmate in three — calculate the forcing line all the way to mate.,true,lichess,fd5g1,28374,94,{}
lc_DseW3,r4rk1/1pp1nppp/p7/3pP3/3q4/2bB1P1P/PP2QP2/2KR3R w - - 0 16,"{""d3h7"",""g8h7"",""d1d4"",""c3d4"",""e2d3"",""h7g8"",""d3d4""}",bishop,6,intermediate,Bishop 6 · Fork,fork,White to move.,1236,Casual,"{""advantage"",""discoveredAttack"",""fork"",""middlegame"",""veryLong""}","A fork — one piece attacks two enemy pieces at once, forcing a material win.",true,lichess,DseW3,26692,95,"{""Ponziani_Opening"",""Ponziani_Opening_Romanishin_Variation""}"
lc_1sbYz,8/p4q2/1p2k3/2p3Bp/3p4/PP1Q4/K1P5/4r3 w - - 5 45,"{""d3c4"",""e6f5"",""c4f7""}",bishop,6,intermediate,Bishop 6 · Skewer,skewer,White to move.,1236,Casual,"{""crushing"",""deflection"",""endgame"",""short"",""skewer""}","A skewer — the higher-value piece is forced to move, losing the piece behind it.",true,lichess,1sbYz,25092,96,{}
lc_80cZc,5r1k/ppqr4/5pQp/4p3/2p4P/4P3/PB3P1P/6RK w - - 2 30,"{""g6h6"",""d7h7"",""h6f8""}",bishop,6,intermediate,Bishop 6 · Mate In2,mateIn2,White to move.,1236,Casual,"{""endgame"",""fork"",""mate"",""mateIn2"",""short""}",Checkmate in two — a forced sequence that delivers checkmate on move two.,true,lichess,80cZc,24640,96,{}
lc_nhR2L,r6r/pp1k4/2pp2qp/6B1/7Q/7P/PP3R1K/8 w - - 0 28,"{""h4g4"",""d7c7"",""g5d8"",""a8d8"",""g4g6""}",bishop,6,intermediate,Bishop 6 · Discovered Attack,discoveredAttack,White to move.,1236,Casual,"{""advantage"",""discoveredAttack"",""endgame"",""long""}",A discovered attack — moving one piece uncovers a deadly attack from another.,true,lichess,nhR2L,24560,95,{}
lc_Q9DTV,r1bk2q1/p1p5/2P1p3/5p1B/1QP1p3/4B2p/PP4rP/R4R1K b - - 0 23,"{""g2h2"",""h1h2"",""g8g2""}",bishop,6,intermediate,Bishop 6 · Mate In2,mateIn2,Black to move.,1237,Casual,"{""attraction"",""kingsideAttack"",""mate"",""mateIn2"",""middlegame"",""sacrifice"",""short""}",Checkmate in two — a forced sequence that delivers checkmate on move two.,true,lichess,Q9DTV,33000,97,{}
lc_zDChH,5q1k/6bp/1Q4p1/pB4P1/P3p2P/8/1P3P2/K7 b - - 0 40,"{""f8a3"",""a1b1"",""a3b2""}",bishop,6,intermediate,Bishop 6 · Mate In2,mateIn2,Black to move.,1237,Casual,"{""endgame"",""mate"",""mateIn2"",""pin"",""short""}",Checkmate in two — a forced sequence that delivers checkmate on move two.,true,lichess,zDChH,31158,96,{}
lc_hjdTk,5rk1/pb4p1/1p2p3/3qP2Q/3Pp2P/2P4K/PP3r2/R5R1 w - - 6 24,"{""g1g7"",""g8g7"",""a1g1"",""f2g2"",""g1g2""}",bishop,6,intermediate,Bishop 6 · Mate In3,mateIn3,White to move.,1237,Casual,"{""attraction"",""kingsideAttack"",""long"",""mate"",""mateIn3"",""middlegame"",""sacrifice""}",Checkmate in three — calculate the forcing line all the way to mate.,true,lichess,hjdTk,30831,96,{}
lc_6XFok,3R4/4Qrkp/prq3p1/5pb1/N3n1n1/5B1R/PP4PP/6K1 w - - 1 31,"{""h3h7"",""g7h7"",""e7f7"",""h7h6"",""d8h8""}",bishop,6,intermediate,Bishop 6 · Mate In3,mateIn3,White to move.,1237,Casual,"{""attraction"",""deflection"",""long"",""mate"",""mateIn3"",""middlegame""}",Checkmate in three — calculate the forcing line all the way to mate.,true,lichess,6XFok,30202,95,{}
lc_6tdOQ,R4bk1/4q2p/6pQ/1p2pbN1/1r6/3P4/4B1PP/6K1 w - - 0 29,"{""a8f8"",""e7f8"",""h6h7""}",bishop,6,intermediate,Bishop 6 · Mate In2,mateIn2,White to move.,1237,Casual,"{""deflection"",""mate"",""mateIn2"",""middlegame"",""short""}",Checkmate in two — a forced sequence that delivers checkmate on move two.,true,lichess,6tdOQ,29386,97,{}
lc_dhyf7,1b3r1k/1p4pB/p1rq4/3p4/3n3Q/2P2P1P/PP1N2P1/R4K2 w - - 0 26,"{""h7g6"",""h8g8"",""h4h7""}",bishop,6,intermediate,Bishop 6 · Mate In2,mateIn2,White to move.,1237,Casual,"{""discoveredAttack"",""discoveredCheck"",""kingsideAttack"",""mate"",""mateIn2"",""middlegame"",""short""}",Checkmate in two — a forced sequence that delivers checkmate on move two.,true,lichess,dhyf7,26850,95,{}
lc_ZqvIN,1r3rk1/ppp2p2/3p2pp/8/2B4q/1P5P/P1P2PQ1/6RK w - - 0 22,"{""g2g6"",""g8h8"",""g6g7""}",bishop,6,intermediate,Bishop 6 · Mate In2,mateIn2,White to move.,1237,Casual,"{""endgame"",""kingsideAttack"",""mate"",""mateIn2"",""pin"",""short""}",Checkmate in two — a forced sequence that delivers checkmate on move two.,true,lichess,ZqvIN,26357,94,{}
lc_Jdv3Y,2b2r1r/p1q1n3/1pkbQN2/2p4p/P7/2P3P1/1P5P/4RRK1 w - - 8 27,"{""e6e4"",""e7d5"",""e4d5""}",bishop,6,intermediate,Bishop 6 · Mate In2,mateIn2,White to move.,1237,Casual,"{""mate"",""mateIn2"",""middlegame"",""short""}",Checkmate in two — a forced sequence that delivers checkmate on move two.,true,lichess,Jdv3Y,25918,96,{}
lc_CRs5S,r4k2/pp3pb1/3R2p1/2nQ3r/7p/q1P5/P3NP2/4K2R w K - 2 24,"{""d6d8"",""f8e7"",""d5d6""}",bishop,6,intermediate,Bishop 6 · Mate In2,mateIn2,White to move.,1237,Casual,"{""mate"",""mateIn2"",""middlegame"",""short"",""triangleMate""}",Checkmate in two — a forced sequence that delivers checkmate on move two.,true,lichess,CRs5S,25155,95,{}
lc_eT1fW,r4k2/1b2q1p1/4p3/1Qp4r/2Pb2N1/P6P/5PP1/3R1RK1 w - - 3 35,"{""d1d4"",""c5d4"",""b5h5""}",bishop,6,intermediate,Bishop 6 · Advantage,advantage,White to move.,1237,Casual,"{""advantage"",""middlegame"",""short""}",Find the strongest continuation and seize the advantage.,true,lichess,eT1fW,24719,94,{}
lc_iZdbR,3Q4/1pp5/1k5p/8/4q2P/2PRP3/PP3Pr1/1K6 b - - 6 32,"{""g2g1"",""b1c2"",""e4a4"",""b2b3"",""a4a2""}",bishop,6,intermediate,Bishop 6 · Mate In3,mateIn3,Black to move.,1238,Casual,"{""endgame"",""long"",""mate"",""mateIn3""}",Checkmate in three — calculate the forcing line all the way to mate.,true,lichess,iZdbR,35478,96,{}
lc_QEzjk,rn1qk2r/p1p2ppp/bp2pn2/3p4/1bPP4/2NBP3/PP1B1PPP/R2QK1NR w KQkq - 2 7,"{""d1a4"",""d8d7"",""a4b4""}",bishop,6,intermediate,Bishop 6 · Fork,fork,White to move.,1238,Casual,"{""advantage"",""fork"",""opening"",""short""}","A fork — one piece attacks two enemy pieces at once, forcing a material win.",true,lichess,QEzjk,28293,96,"{""Nimzo-Indian_Defense"",""Nimzo-Indian_Defense_St_Petersburg_Variation""}"
lc_Tf6sV,1r5r/1pp1np2/3p1pk1/1B2p3/P3P1P1/2PP3P/3B1bRK/1R6 b - - 1 25,"{""h8h3"",""h2h3"",""b8h8"",""d2h6"",""h8h6""}",bishop,6,intermediate,Bishop 6 · Mate In3,mateIn3,Black to move.,1238,Casual,"{""attraction"",""long"",""mate"",""mateIn3"",""middlegame"",""pillsburysMate"",""sacrifice""}",Checkmate in three — calculate the forcing line all the way to mate.,true,lichess,Tf6sV,27731,95,{}
lc_EfFSB,r3kb1r/ppp1qppp/2n1b3/3n4/8/1QPB1P2/PP2N1PP/RNB1K2R w KQkq - 1 10,"{""b3b7"",""a8b8"",""b7c6""}",bishop,6,intermediate,Bishop 6 · Fork,fork,White to move.,1238,Casual,"{""crushing"",""fork"",""opening"",""short""}","A fork — one piece attacks two enemy pieces at once, forcing a material win.",true,lichess,EfFSB,27217,96,"{""Danish_Gambit"",""Danish_Gambit_Other_variations""}"
lc_LPMZr,8/3r1k1p/1q4p1/p2p1p2/2n5/2P4P/P3Q1P1/4R2K w - - 0 38,"{""e2e8"",""f7g7"",""e8d7""}",bishop,6,intermediate,Bishop 6 · Fork,fork,White to move.,1238,Casual,"{""advantage"",""endgame"",""fork"",""short""}","A fork — one piece attacks two enemy pieces at once, forcing a material win.",true,lichess,LPMZr,26376,96,{}
lc_PwBeu,r2qk2r/pp1b4/1bn3pp/3pPn2/3P1P1N/2P1B1Q1/RP4PP/5R1K w kq - 3 23,"{""g3g6"",""e8f8"",""h4f5"",""d7f5"",""g6f5""}",bishop,6,intermediate,Bishop 6 · Crushing,crushing,White to move.,1238,Casual,"{""crushing"",""long"",""middlegame""}",Find the strongest continuation and seize the advantage.,true,lichess,PwBeu,25772,95,{}
lc_uJi6i,1r5k/6pp/8/ppp3Q1/3bPPq1/P6b/BP1N2P1/1R3R1K b - - 2 28,"{""h3g2"",""h1h2"",""g4h3""}",bishop,6,intermediate,Bishop 6 · Mate In2,mateIn2,Black to move.,1238,Casual,"{""fork"",""mate"",""mateIn2"",""middlegame"",""short""}",Checkmate in two — a forced sequence that delivers checkmate on move two.,true,lichess,uJi6i,25175,96,{}
lc_ZvOBs,3r1rk1/ppp2ppp/3n2b1/2p5/3P2Pq/2N1B2P/PPPQ1PK1/R3R3 w - - 0 17,"{""e3g5"",""h4g5"",""d2g5""}",bishop,6,intermediate,Bishop 6 · Fork,fork,White to move.,1238,Casual,"{""crushing"",""fork"",""middlegame"",""short"",""trappedPiece""}","A fork — one piece attacks two enemy pieces at once, forcing a material win.",true,lichess,ZvOBs,25146,95,"{""Ruy_Lopez"",""Ruy_Lopez_Berlin_Defense""}"
lc_gZIyu,r3k2r/ppp2p2/2n1p2p/3p2p1/3P2n1/4PNq1/PPPNB1P1/R3QK1R b kq - 1 15,"{""g4e3"",""f1g1"",""g3g2""}",bishop,6,intermediate,Bishop 6 · Mate In2,mateIn2,Black to move.,1238,Casual,"{""mate"",""mateIn2"",""middlegame"",""short""}",Checkmate in two — a forced sequence that delivers checkmate on move two.,true,lichess,gZIyu,24964,95,"{""Queens_Pawn_Game"",""Queens_Pawn_Game_Accelerated_London_System""}"
lc_699y6,r3kbnr/ppp1pppp/8/3P4/2p1PB2/2NB2Q1/Pq3PPP/1R2K2R b Kkq - 0 11,"{""b2c3"",""f4d2"",""c3d3"",""g3d3"",""c4d3""}",bishop,6,intermediate,Bishop 6 · Hanging Piece,hangingPiece,Black to move.,1238,Casual,"{""advantage"",""hangingPiece"",""long"",""middlegame""}",A hanging piece — an undefended enemy piece is free to capture.,true,lichess,699y6,24409,95,"{""Queens_Gambit_Accepted"",""Queens_Gambit_Accepted_Central_Variation""}"
lc_WEv6v,rn1qk1nr/1bp3pp/p3pp2/1p2N3/1bpP3B/2N1P3/PP3PPP/R2QKB1R w KQkq - 2 9,"{""d1h5"",""g7g6"",""e5g6"",""h7g6"",""h5h8""}",bishop,6,intermediate,Bishop 6 · Pin,pin,White to move.,1238,Casual,"{""advantage"",""long"",""opening"",""pin"",""trappedPiece""}",A pin — the attacked piece can't move without exposing a more valuable piece behind it.,true,lichess,WEv6v,24204,95,"{""Queens_Gambit_Declined"",""Queens_Gambit_Declined_Janowski_Variation""}"
lc_tjZw6,3r1rk1/p1pnq1p1/1p4P1/4ppP1/2P2P2/3PP3/P7/R2Q1RK1 w - - 0 22,"{""d1h5"",""d7f6"",""g5f6""}",bishop,6,intermediate,Bishop 6 · Advantage,advantage,White to move.,1239,Casual,"{""advantage"",""middlegame"",""quietMove"",""short""}",Find the strongest continuation and seize the advantage.,true,lichess,tjZw6,31808,96,{}
lc_ejdP0,1rbq1rk1/p6p/2p1p1p1/2N1P3/2P5/3PR3/PP4PP/1R1Q2K1 b - - 0 20,"{""d8d4"",""d1e2"",""d4c5""}",bishop,6,intermediate,Bishop 6 · Fork,fork,Black to move.,1239,Casual,"{""advantage"",""fork"",""middlegame"",""pin"",""short""}","A fork — one piece attacks two enemy pieces at once, forcing a material win.",true,lichess,ejdP0,31389,96,{}
lc_sKz4C,3q2k1/p4ppp/1p2rn2/2n5/3p4/4P3/PPRNQPPP/2R3K1 b - - 3 21,"{""d4d3"",""e2f3"",""d3c2""}",bishop,6,intermediate,Bishop 6 · Fork,fork,Black to move.,1239,Casual,"{""advancedPawn"",""advantage"",""fork"",""middlegame"",""short""}","A fork — one piece attacks two enemy pieces at once, forcing a material win.",true,lichess,sKz4C,31370,95,{}
lc_N2w9z,rn2kbnr/pp3pp1/4p3/3pP2p/2PP1P2/2Q1BN2/PqP3PP/RN2K2R b KQkq - 2 11,"{""f8b4"",""c3b4"",""b2b4""}",bishop,6,intermediate,Bishop 6 · Pin,pin,Black to move.,1239,Casual,"{""crushing"",""middlegame"",""pin"",""short""}",A pin — the attacked piece can't move without exposing a more valuable piece behind it.,true,lichess,N2w9z,29549,95,"{""Caro-Kann_Defense"",""Caro-Kann_Defense_Advance_Variation""}"
lc_Shghb,rn2N2k/p2b1p1q/2p5/3p4/3P4/4P2P/PpQ2P2/1K1R3R b - - 0 21,"{""d7f5"",""b1b2"",""f5c2""}",bishop,6,intermediate,Bishop 6 · Pin,pin,Black to move.,1239,Casual,"{""crushing"",""middlegame"",""pin"",""short""}",A pin — the attacked piece can't move without exposing a more valuable piece behind it.,true,lichess,Shghb,27882,96,{}
lc_bi04d,rn2kbnr/1pp2ppp/p7/5b2/3qN3/3B4/PP3PPP/R1BQK1NR w KQkq - 0 8,"{""d3b5"",""a6b5"",""d1d4""}",bishop,6,intermediate,Bishop 6 · Discovered Attack,discoveredAttack,White to move.,1239,Casual,"{""crushing"",""discoveredAttack"",""opening"",""short""}",A discovered attack — moving one piece uncovers a deadly attack from another.,true,lichess,bi04d,27842,95,"{""Queens_Gambit_Declined"",""Queens_Gambit_Declined_Janowski_Variation""}"
lc_Am4O7,8/8/1p1k4/p1n2p1p/P1R2p1P/2N2P1K/2r3P1/8 w - - 1 47,"{""c3b5"",""d6e7"",""c4c2""}",bishop,6,intermediate,Bishop 6 · Discovered Attack,discoveredAttack,White to move.,1239,Casual,"{""crushing"",""discoveredAttack"",""endgame"",""master"",""short""}",A discovered attack — moving one piece uncovers a deadly attack from another.,true,lichess,Am4O7,27541,96,{}
lc_7M15h,r2qkb1r/ppp2ppp/2n5/4pb2/2B5/2P1QP2/PP1P2PP/RNB1K1NR b KQkq - 0 9,"{""d8h4"",""e3f2"",""h4c4""}",bishop,6,intermediate,Bishop 6 · Fork,fork,Black to move.,1239,Casual,"{""advantage"",""fork"",""opening"",""short""}","A fork — one piece attacks two enemy pieces at once, forcing a material win.",true,lichess,7M15h,27454,94,"{""Alekhine_Defense"",""Alekhine_Defense_Other_variations""}"
lc_4lKO6,8/p2r3p/1p2pp1k/8/4b3/P3N3/5P1K/6R1 w - - 4 34,"{""e3g4"",""h6g5"",""g4e5"",""g5f4"",""e5d7""}",bishop,6,intermediate,Bishop 6 · Discovered Attack,discoveredAttack,White to move.,1239,Casual,"{""advantage"",""discoveredAttack"",""discoveredCheck"",""endgame"",""exposedKing"",""long""}",A discovered attack — moving one piece uncovers a deadly attack from another.,true,lichess,4lKO6,26781,95,{}
lc_GjhD5,r3k2r/2p5/p1N1b3/3p1ppp/P2P2Pq/RPN1PQ2/5PP1/5RK1 b kq - 0 18,"{""h5g4"",""f3h3"",""g4h3""}",bishop,6,intermediate,Bishop 6 · Crushing,crushing,Black to move.,1239,Casual,"{""crushing"",""middlegame"",""short""}",Find the strongest continuation and seize the advantage.,true,lichess,GjhD5,24738,94,"{""Queens_Gambit_Declined"",""Queens_Gambit_Declined_Baltic_Defense""}"
lc_2IOdE,2kr1b1r/pp1qnpp1/2b4p/3pBN2/8/1P6/P1P1QPPP/RN2K2R w KQ - 8 18,"{""f5d6"",""d7d6"",""e5d6""}",bishop,6,intermediate,Bishop 6 · Advantage,advantage,White to move.,1239,Casual,"{""advantage"",""opening"",""queensideAttack"",""short""}",Find the strongest continuation and seize the advantage.,true,lichess,2IOdE,24517,96,"{""French_Defense"",""French_Defense_Horwitz_Attack""}"
lc_U7kD5,rn2k1nr/pp1b1ppp/1q2p3/3pP3/8/2N1PN2/PPP1Q1PP/R3KB1R b KQkq - 0 9,"{""b6b2"",""a1b1"",""b2c3""}",bishop,6,intermediate,Bishop 6 · Fork,fork,Black to move.,1239,Casual,"{""crushing"",""fork"",""opening"",""short""}","A fork — one piece attacks two enemy pieces at once, forcing a material win.",true,lichess,U7kD5,24239,96,"{""French_Defense"",""French_Defense_Paulsen_Variation""}"
lc_TpX9M,5r1k/1pq4p/3p4/4p1Q1/3pP3/1B1P1r2/P1P2P2/2K3R1 w - - 3 29,"{""g5g8"",""f8g8"",""g1g8""}",bishop,6,intermediate,Bishop 6 · Mate In2,mateIn2,White to move.,1240,Casual,"{""endgame"",""mate"",""mateIn2"",""operaMate"",""sacrifice"",""short""}",Checkmate in two — a forced sequence that delivers checkmate on move two.,true,lichess,TpX9M,35195,97,{}
lc_fGSpx,r4k2/1b2b1pr/p2pB1Q1/1p2pP2/8/8/PPP2qPB/R5RK b - - 4 30,"{""h7h2"",""h1h2"",""f2h4""}",bishop,6,intermediate,Bishop 6 · Mate In2,mateIn2,Black to move.,1240,Casual,"{""attraction"",""kingsideAttack"",""mate"",""mateIn2"",""middlegame"",""sacrifice"",""short""}",Checkmate in two — a forced sequence that delivers checkmate on move two.,true,lichess,fGSpx,34445,96,{}
lc_5k4Wd,4rr1k/p5pp/1p6/n1p4Q/q1P1BP2/5PP1/P1R4P/4R1K1 b - - 4 25,"{""e8e4"",""e1e4"",""a4c2""}",bishop,6,intermediate,Bishop 6 · Advantage,advantage,Black to move.,1240,Casual,"{""advantage"",""capturingDefender"",""master"",""middlegame"",""short""}",Find the strongest continuation and seize the advantage.,true,lichess,5k4Wd,33485,94,{}
lc_c3gv8,rn1qk2r/ppp2ppp/3b4/2nbN3/8/3P4/PPP1QPPP/RNB1K2R w KQkq - 0 9,"{""e5c6"",""c5e6"",""c6d8""}",bishop,7,intermediate,Bishop 7 · Pin,pin,White to move.,1240,Casual,"{""crushing"",""discoveredAttack"",""discoveredCheck"",""opening"",""pin"",""short""}",A pin — the attacked piece can't move without exposing a more valuable piece behind it.,true,lichess,c3gv8,31216,96,"{""Russian_Game"",""Russian_Game_Italian_Variation""}"
lc_YXRAZ,r3r1nk/1ppb3p/3p3q/p1nPpp1P/2P1P3/2N1QP1N/PP1KB3/6RR w - f6 0 21,"{""g1g8"",""e8g8"",""e3h6""}",bishop,7,intermediate,Bishop 7 · Crushing,crushing,White to move.,1240,Casual,"{""crushing"",""kingsideAttack"",""middlegame"",""short""}",Find the strongest continuation and seize the advantage.,true,lichess,YXRAZ,30935,95,{}
lc_i5dCV,5rk1/5ppp/7q/3Q4/1R6/6P1/1pr4P/5RK1 w - - 1 27,"{""d5f7"",""f8f7"",""b4b8"",""c2c8"",""b8c8"",""f7f8"",""f1f8""}",bishop,7,intermediate,Bishop 7 · Sacrifice,sacrifice,White to move.,1240,Casual,"{""endgame"",""mate"",""mateIn4"",""sacrifice"",""veryLong""}",A sacrifice — give up material to gain a decisive tactical or positional advantage.,true,lichess,i5dCV,30854,96,{}
lc_TdhOF,2kr3r/pppq4/4bp2/2Pp1n2/3B3p/1P5P/P2QB1P1/R3RKN1 b - - 0 21,"{""f5g3"",""f1f2"",""g3e4"",""f2e3"",""e4d2""}",bishop,7,intermediate,Bishop 7 · Fork,fork,Black to move.,1240,Casual,"{""crushing"",""fork"",""long"",""middlegame""}","A fork — one piece attacks two enemy pieces at once, forcing a material win.",true,lichess,TdhOF,29427,95,{}
lc_5Smba,3r4/p5pk/1p1p1p2/2pQ4/2P5/PP2r1P1/2q2PK1/1R6 w - - 0 30,"{""b1h1"",""h7g6"",""d5h5""}",bishop,7,intermediate,Bishop 7 · Mate In2,mateIn2,White to move.,1240,Casual,"{""dovetailMate"",""endgame"",""mate"",""mateIn2"",""short""}",Checkmate in two — a forced sequence that delivers checkmate on move two.,true,lichess,5Smba,28732,96,{}
lc_8FROW,8/pp2kp2/4p1qp/2p1r1p1/1QP5/7P/PP3RP1/7K w - - 0 32,"{""b4b7"",""e7f8"",""b7b8"",""f8g7"",""b8e5""}",bishop,7,intermediate,Bishop 7 · Fork,fork,White to move.,1240,Casual,"{""crushing"",""endgame"",""fork"",""long""}","A fork — one piece attacks two enemy pieces at once, forcing a material win.",true,lichess,8FROW,28206,95,{}
lc_UFRkD,4rk2/5pp1/7p/pp6/P7/1B2N2q/2P1KR2/8 w - - 0 39,"{""f2f7"",""f8g8"",""f7f3"",""g8h8"",""f3h3""}",bishop,7,intermediate,Bishop 7 · Discovered Attack,discoveredAttack,White to move.,1240,Casual,"{""advantage"",""discoveredAttack"",""discoveredCheck"",""endgame"",""long""}",A discovered attack — moving one piece uncovers a deadly attack from another.,true,lichess,UFRkD,27264,96,{}
lc_lnZQp,5rk1/4R2p/p2p2p1/2pP3q/P2b1r2/3Q1PN1/2P3PP/5R1K b - - 4 25,"{""h5h2"",""h1h2"",""f4h4""}",bishop,7,intermediate,Bishop 7 · Mate In2,mateIn2,Black to move.,1240,Casual,"{""attraction"",""kingsideAttack"",""mate"",""mateIn2"",""middlegame"",""pillsburysMate"",""sacrifice"",""short""}",Checkmate in two — a forced sequence that delivers checkmate on move two.,true,lichess,lnZQp,26991,95,{}
lc_edkoi,rn5Q/p2pkp2/4p2p/1p1nP1p1/1b1P4/2N1B2q/PPPK1P1P/3R4 w - g6 0 18,"{""e3g5"",""h6g5"",""h8h3""}",bishop,7,intermediate,Bishop 7 · Advantage,advantage,White to move.,1240,Casual,"{""advantage"",""middlegame"",""short""}",Find the strongest continuation and seize the advantage.,true,lichess,edkoi,26861,95,"{""Owen_Defense"",""Owen_Defense_Other_variations""}"
lc_pgZms,8/7p/1p4p1/1P6/P2kp3/6P1/5P2/6K1 w - - 0 39,"{""a4a5"",""d4c5"",""a5a6"",""c5b5"",""a6a7""}",bishop,7,intermediate,Bishop 7 · Advanced Pawn,advancedPawn,White to move.,1240,Casual,"{""advancedPawn"",""crushing"",""endgame"",""long"",""pawnEndgame""}",An advanced pawn — push the passer or use its threats to win material.,true,lichess,pgZms,25263,95,{}
lc_4ANca,7R/3r1k2/p4p2/1p2pPp1/2p1BnPp/2P2P1P/PP5K/8 w - - 4 41,"{""h8h7"",""f7e8"",""e4c6""}",bishop,7,intermediate,Bishop 7 · Pin,pin,White to move.,1240,Casual,"{""crushing"",""endgame"",""pin"",""short""}",A pin — the attacked piece can't move without exposing a more valuable piece behind it.,true,lichess,4ANca,24928,96,{}
lc_nSH1A,8/2r3bk/6p1/R1B4p/4p2P/P7/4r1P1/5RK1 b - - 7 36,"{""c7c5"",""a5c5"",""g7d4"",""g1h2"",""d4c5""}",bishop,7,intermediate,Bishop 7 · Fork,fork,Black to move.,1240,Casual,"{""attraction"",""crushing"",""endgame"",""fork"",""long"",""master"",""sacrifice""}","A fork — one piece attacks two enemy pieces at once, forcing a material win.",true,lichess,nSH1A,24815,95,{}
lc_b02eL,8/5pk1/p1q5/6p1/2P3P1/1P3n2/P3RPQ1/4R2K b - - 0 40,"{""c6h6"",""g2h3"",""h6h3""}",bishop,7,intermediate,Bishop 7 · Mate In2,mateIn2,Black to move.,1240,Casual,"{""endgame"",""mate"",""mateIn2"",""short""}",Checkmate in two — a forced sequence that delivers checkmate on move two.,true,lichess,b02eL,24553,95,{}
lc_FP2A0,rn3k1r/p4pp1/1p2p2p/1B2Nb2/1p1Pn3/P3P2P/5PP1/2R1K2R w K - 0 18,"{""c1c8"",""f8e7"",""c8h8""}",bishop,7,intermediate,Bishop 7 · Skewer,skewer,White to move.,1240,Casual,"{""advantage"",""middlegame"",""short"",""skewer""}","A skewer — the higher-value piece is forced to move, losing the piece behind it.",true,lichess,FP2A0,24525,95,"{""Queens_Pawn_Game"",""Queens_Pawn_Game_Symmetrical_Variation""}"
lc_IGREb,2r2rk1/pp3p2/4pnPB/3q4/1P1P2Q1/6N1/2p2PP1/5RK1 w - - 1 23,"{""g6f7"",""g8f7"",""g4g7"",""f7e8"",""g7f8""}",bishop,7,intermediate,Bishop 7 · Double Check,doubleCheck,White to move.,1241,Casual,"{""advancedPawn"",""attraction"",""crushing"",""discoveredCheck"",""doubleCheck"",""kingsideAttack"",""long"",""middlegame""}","A double check — two pieces give check at once, so only a king move can escape.",true,lichess,IGREb,30374,94,{}
lc_47YZ2,r2qrbk1/pppb1ppp/5n2/4pNQ1/3nP3/3P2P1/PPP3BP/RNB2RK1 w - - 4 13,"{""f5h6"",""g8h8"",""h6f7""}",bishop,7,intermediate,Bishop 7 · Pin,pin,White to move.,1241,Casual,"{""crushing"",""deflection"",""kingsideAttack"",""opening"",""pin"",""short""}",A pin — the attacked piece can't move without exposing a more valuable piece behind it.,true,lichess,47YZ2,30363,96,"{""Kings_Knight_Opening"",""Kings_Knight_Opening_Konstantinopolsky""}"
lc_NNcP2,r4rk1/pp3ppp/3p4/2qB1P2/3pP2b/1P1P4/P1P3Q1/R4RK1 w - - 0 21,"{""f5f6"",""h4f6"",""f1f6""}",bishop,7,intermediate,Bishop 7 · Pin,pin,White to move.,1241,Casual,"{""advantage"",""middlegame"",""pin"",""short""}",A pin — the attacked piece can't move without exposing a more valuable piece behind it.,true,lichess,NNcP2,29929,94,{}
lc_nX71r,8/6p1/3P2p1/1R2K2p/p6P/P4r2/kP6/8 b - - 0 39,"{""f3f5"",""e5e6"",""f5b5""}",bishop,7,intermediate,Bishop 7 · Skewer,skewer,Black to move.,1241,Casual,"{""crushing"",""endgame"",""master"",""rookEndgame"",""short"",""skewer""}","A skewer — the higher-value piece is forced to move, losing the piece behind it.",true,lichess,nX71r,29390,95,{}
lc_de7Xa,r5k1/pp1qr2p/5QpB/3b4/3P3P/P7/1P4P1/3R1R1K b - - 0 26,"{""d7h3"",""h1g1"",""h3g2""}",bishop,7,intermediate,Bishop 7 · Mate In2,mateIn2,Black to move.,1241,Casual,"{""mate"",""mateIn2"",""middlegame"",""pin"",""short""}",Checkmate in two — a forced sequence that delivers checkmate on move two.,true,lichess,de7Xa,28930,96,{}
lc_y0oxb,7r/1p1k4/2pP1Q1p/6p1/3n4/r1q3P1/6PP/3R3K w - - 1 34,"{""f6e7"",""d7c8"",""e7c7""}",bishop,7,intermediate,Bishop 7 · Mate In2,mateIn2,White to move.,1241,Casual,"{""endgame"",""mate"",""mateIn2"",""short""}",Checkmate in two — a forced sequence that delivers checkmate on move two.,true,lichess,y0oxb,27176,96,{}
lc_ZZL3w,r2qr1k1/ppp2ppp/3b4/2pP1bB1/2P3Nn/5N1P/PP3PP1/R2Q1RK1 b - - 2 15,"{""h4f3"",""d1f3"",""d8g5""}",bishop,7,intermediate,Bishop 7 · Crushing,crushing,Black to move.,1241,Casual,"{""crushing"",""kingsideAttack"",""middlegame"",""short""}",Find the strongest continuation and seize the advantage.,true,lichess,ZZL3w,27143,95,"{""Ruy_Lopez"",""Ruy_Lopez_Berlin_Defense""}"
lc_KRAgz,1rb1r2k/4qQ2/3b2Pp/1pp1pP2/2B1P3/P7/8/R3K1N1 w Q - 0 27,"{""g6g7"",""h8h7"",""g7g8q""}",bishop,7,intermediate,Bishop 7 · Mate In2,mateIn2,White to move.,1241,Casual,"{""advancedPawn"",""discoveredCheck"",""doubleCheck"",""mate"",""mateIn2"",""middlegame"",""promotion"",""short""}",Checkmate in two — a forced sequence that delivers checkmate on move two.,true,lichess,KRAgz,26842,97,{}
lc_2ft13,r2qk3/pp3pQ1/2p5/3pP3/4n2r/2NBP1p1/PP4P1/R1B2RK1 b q - 0 16,"{""h4h1"",""g1h1"",""d8h4"",""h1g1"",""h4h2""}",bishop,7,intermediate,Bishop 7 · Mate In3,mateIn3,Black to move.,1241,Casual,"{""attraction"",""kingsideAttack"",""long"",""mate"",""mateIn3"",""middlegame"",""sacrifice""}",Checkmate in three — calculate the forcing line all the way to mate.,true,lichess,2ft13,26257,94,"{""English_Opening"",""English_Opening_Agincourt_Defense""}"
lc_HoPkK,r5rk/1pq1bpp1/2pNp2p/3nP2P/p4BQ1/2P3R1/PPb2PP1/R5K1 w - - 0 24,"{""d6f7"",""h8h7"",""g4g6"",""c2g6"",""h5g6""}",bishop,7,intermediate,Bishop 7 · Mate In3,mateIn3,White to move.,1241,Casual,"{""kingsideAttack"",""long"",""mate"",""mateIn3"",""middlegame"",""sacrifice""}",Checkmate in three — calculate the forcing line all the way to mate.,true,lichess,HoPkK,26090,96,{}
lc_hBXjB,r5k1/5p2/p2p1Qp1/1ppb4/8/P1PPq2P/6P1/R4R1K b - - 2 26,"{""e3h3"",""h1g1"",""h3g2""}",bishop,7,intermediate,Bishop 7 · Mate In2,mateIn2,Black to move.,1241,Casual,"{""endgame"",""mate"",""mateIn2"",""pin"",""short""}",Checkmate in two — a forced sequence that delivers checkmate on move two.,true,lichess,hBXjB,26026,96,{}
lc_bil3v,6k1/2q2p1p/p2p2pP/2pQ2N1/P1P5/4P3/2P3PK/4r3 w - - 1 30,"{""d5a8"",""c7d8"",""a8d8""}",bishop,7,intermediate,Bishop 7 · Mate In2,mateIn2,White to move.,1241,Casual,"{""endgame"",""mate"",""mateIn2"",""short""}",Checkmate in two — a forced sequence that delivers checkmate on move two.,true,lichess,bil3v,25270,95,{}
lc_od55o,5n1k/Qb2q1p1/8/1p2P2P/2rP4/P4RP1/1P1B1PK1/2R5 b - - 0 43,"{""b7f3"",""g2f3"",""e7a7""}",bishop,7,intermediate,Bishop 7 · Discovered Attack,discoveredAttack,Black to move.,1241,Casual,"{""crushing"",""discoveredAttack"",""middlegame"",""short""}",A discovered attack — moving one piece uncovers a deadly attack from another.,true,lichess,od55o,24558,96,{}
lc_Uog4d,4r1k1/1pp2ppp/p4nN1/q2p2B1/3P2P1/1PQ2P2/2PK3P/6R1 b - - 3 25,"{""e8e2"",""d2e2"",""a5c3""}",bishop,7,intermediate,Bishop 7 · Deflection,deflection,Black to move.,1242,Casual,"{""advantage"",""deflection"",""middlegame"",""short""}",A deflection — lure a defending piece away from the square it was guarding.,true,lichess,Uog4d,45316,95,{}
lc_kxL4E,8/4Qpkp/3p2p1/r1qBp3/4P2P/1pP2P2/1P6/1KR3R1 b - - 2 32,"{""a5a1"",""b1a1"",""c5a5"",""a1b1"",""a5a2""}",bishop,7,intermediate,Bishop 7 · Mate In3,mateIn3,Black to move.,1242,Casual,"{""attraction"",""endgame"",""long"",""mate"",""mateIn3"",""queensideAttack"",""sacrifice""}",Checkmate in three — calculate the forcing line all the way to mate.,true,lichess,kxL4E,27509,94,{}
lc_dBHAO,6k1/2R1R3/p5p1/5p2/1B1b4/P5P1/r3r2P/5K2 b - - 10 45,"{""e2f2"",""f1e1"",""a2a1"",""c7c1"",""a1c1""}",bishop,7,intermediate,Bishop 7 · Mate In3,mateIn3,Black to move.,1242,Casual,"{""endgame"",""exposedKing"",""long"",""mate"",""mateIn3""}",Checkmate in three — calculate the forcing line all the way to mate.,true,lichess,dBHAO,26815,95,{}
lc_VKaZm,r4rk1/ppp2pbp/3p2p1/7q/5B1Q/6R1/1P4PP/5RK1 w - - 2 29,"{""h4h5"",""g6h5"",""f4h6""}",bishop,7,intermediate,Bishop 7 · Pin,pin,White to move.,1242,Casual,"{""advantage"",""middlegame"",""pin"",""short""}",A pin — the attacked piece can't move without exposing a more valuable piece behind it.,true,lichess,VKaZm,25587,95,{}
lc_ENqz3,5rk1/5r1p/3pPQp1/p1pP1p2/2n2P2/Pq5P/6PK/2n1R3 w - - 0 32,"{""e6f7"",""f8f7"",""e1e8"",""f7f8"",""f6f8""}",bishop,7,intermediate,Bishop 7 · Mate In3,mateIn3,White to move.,1242,Casual,"{""advancedPawn"",""kingsideAttack"",""long"",""master"",""mate"",""mateIn3"",""middlegame""}",Checkmate in three — calculate the forcing line all the way to mate.,true,lichess,ENqz3,25335,94,{}
lc_Nik5e,4r1k1/p1p2pp1/7p/2p5/8/1P1B2P1/P3bPP1/R5K1 w - - 1 22,"{""a1e1"",""e2d3"",""e1e8""}",bishop,7,intermediate,Bishop 7 · Endgame,endgame,White to move.,1242,Casual,"{""advantage"",""endgame"",""short""}",An endgame technique — precise play with few pieces where every tempo counts.,true,lichess,Nik5e,25271,95,{}
lc_dlDGk,3r1r1k/1bpp2pp/p2n1p2/1p2N3/3P1R2/1B6/PPP2PPP/4R1K1 w - - 0 22,"{""e5g6"",""h7g6"",""f4h4""}",bishop,7,intermediate,Bishop 7 · Mate In2,mateIn2,White to move.,1242,Casual,"{""kingsideAttack"",""mate"",""mateIn2"",""middlegame"",""pillsburysMate"",""sacrifice"",""short""}",Checkmate in two — a forced sequence that delivers checkmate on move two.,true,lichess,dlDGk,25111,97,{}
lc_dCs8j,1k5r/ppR5/8/1P4r1/P7/2P3B1/2b4P/R5K1 b - - 0 37,"{""g5g3"",""h2g3"",""b8c7""}",bishop,7,intermediate,Bishop 7 · Endgame,endgame,Black to move.,1242,Casual,"{""advantage"",""endgame"",""short""}",An endgame technique — precise play with few pieces where every tempo counts.,true,lichess,dCs8j,25046,95,{}
lc_08N4L,1qr2r2/p5pk/4Q1p1/8/3b4/1PN1P3/P2K1PP1/2R5 w - - 0 27,"{""c1h1"",""b8h2"",""h1h2""}",bishop,7,intermediate,Bishop 7 · Mate In2,mateIn2,White to move.,1242,Casual,"{""mate"",""mateIn2"",""middlegame"",""short""}",Checkmate in two — a forced sequence that delivers checkmate on move two.,true,lichess,08N4L,24372,94,{}
lc_HPaRt,r1bqk2r/ppp1p1b1/7p/3nNpp1/3P4/2N1P1P1/PPP2P1P/R2QK2R w KQkq - 0 11,"{""d1h5"",""e8f8"",""h5f7""}",bishop,7,intermediate,Bishop 7 · Mate In2,mateIn2,White to move.,1243,Casual,"{""mate"",""mateIn2"",""opening"",""short""}",Checkmate in two — a forced sequence that delivers checkmate on move two.,true,lichess,HPaRt,30661,95,"{""Queens_Pawn_Game"",""Queens_Pawn_Game_Accelerated_London_System""}"
lc_X35Y1,5r2/ppp3kp/1n4p1/3p2B1/3P4/P1P4P/1P4P1/5R1K w - - 3 30,"{""g5h6"",""g7h6"",""f1f8""}",bishop,7,intermediate,Bishop 7 · Deflection,deflection,White to move.,1243,Casual,"{""crushing"",""deflection"",""endgame"",""short""}",A deflection — lure a defending piece away from the square it was guarding.,true,lichess,X35Y1,30441,95,{}
lc_40UhK,5r2/pp1kb3/2p1pnQ1/8/3q4/5B2/PPP1K1P1/7R w - - 0 28,"{""h1d1"",""d4d1"",""e2d1""}",bishop,7,intermediate,Bishop 7 · Pin,pin,White to move.,1243,Casual,"{""advantage"",""middlegame"",""pin"",""short""}",A pin — the attacked piece can't move without exposing a more valuable piece behind it.,true,lichess,40UhK,28595,96,{}
lc_6FEkl,1rb2rk1/ppNp1ppp/2qQ4/8/7P/8/PPP5/2KRR3 w - - 2 20,"{""d6f8"",""g8f8"",""e1e8""}",bishop,7,intermediate,Bishop 7 · Mate In2,mateIn2,White to move.,1243,Casual,"{""attraction"",""kingsideAttack"",""mate"",""mateIn2"",""middlegame"",""sacrifice"",""short""}",Checkmate in two — a forced sequence that delivers checkmate on move two.,true,lichess,6FEkl,27878,96,"{""Scotch_Game"",""Scotch_Game_Classical_Variation""}"
lc_eNdJt,8/3p1n1R/4pk2/1p6/4P3/1P3Nr1/P4K2/8 b - - 4 46,"{""g3f3"",""f2f3"",""f7g5"",""f3e3"",""g5h7""}",bishop,7,intermediate,Bishop 7 · Fork,fork,Black to move.,1243,Casual,"{""advantage"",""attraction"",""endgame"",""exposedKing"",""fork"",""long"",""master"",""sacrifice""}","A fork — one piece attacks two enemy pieces at once, forcing a material win.",true,lichess,eNdJt,26930,96,{}
lc_gcLTF,6k1/7p/R7/1pp1b3/3p4/1P6/P3N1PP/7K b - - 0 38,"{""d4d3"",""a6e6"",""d3d2"",""e6e5"",""d2d1q""}",bishop,7,intermediate,Bishop 7 · Promotion,promotion,Black to move.,1243,Casual,"{""advancedPawn"",""advantage"",""endgame"",""long"",""promotion""}",Pawn promotion — advance the pawn to its final rank and choose your new piece wisely.,true,lichess,gcLTF,26699,94,{}
lc_VUfum,5rk1/5ppp/p2Q4/1p3b2/2r2q2/2P2P2/PP4PP/3RR2K w - - 5 23,"{""d6f8"",""g8f8"",""d1d8""}",bishop,7,intermediate,Bishop 7 · Mate In2,mateIn2,White to move.,1243,Casual,"{""attraction"",""kingsideAttack"",""mate"",""mateIn2"",""middlegame"",""sacrifice"",""short""}",Checkmate in two — a forced sequence that delivers checkmate on move two.,true,lichess,VUfum,26243,96,{}
lc_ovnlE,r4r1k/6p1/2p1B1p1/1p2B3/p7/P1N2Q2/1PPq3P/7K w - - 1 27,"{""f3h3"",""d2h6"",""h3h6""}",bishop,7,intermediate,Bishop 7 · Mate In2,mateIn2,White to move.,1243,Casual,"{""mate"",""mateIn2"",""middlegame"",""pin"",""short""}",Checkmate in two — a forced sequence that delivers checkmate on move two.,true,lichess,ovnlE,24989,96,{}
lc_yBfJK,1k1q3r/ppp5/3pR1p1/6r1/8/1P1P3P/P1PQ3K/5R2 b - - 1 32,"{""h8h3"",""h2h3"",""d8h8""}",bishop,7,intermediate,Bishop 7 · Mate In2,mateIn2,Black to move.,1243,Casual,"{""attraction"",""endgame"",""mate"",""mateIn2"",""sacrifice"",""short""}",Checkmate in two — a forced sequence that delivers checkmate on move two.,true,lichess,yBfJK,24469,96,{}
lc_gIm9Q,3r1k2/2R1p2p/1p2Qpp1/p6q/1P2nP2/4PR2/P5PP/6K1 b - - 0 34,"{""d8d1"",""f3f1"",""d1f1"",""g1f1"",""h5d1""}",bishop,7,intermediate,Bishop 7 · Mate In3,mateIn3,Black to move.,1243,Casual,"{""attraction"",""endgame"",""kingsideAttack"",""long"",""mate"",""mateIn3""}",Checkmate in three — calculate the forcing line all the way to mate.,true,lichess,gIm9Q,24124,96,{}
lc_b8WWj,5rrk/pp2q1pp/4p3/3p1pRQ/3P4/2P4P/PP3P2/6RK w - - 8 31,"{""h5h7"",""h8h7"",""g5h5""}",bishop,7,intermediate,Bishop 7 · Mate In2,mateIn2,White to move.,1244,Casual,"{""attraction"",""endgame"",""kingsideAttack"",""mate"",""mateIn2"",""sacrifice"",""short""}",Checkmate in two — a forced sequence that delivers checkmate on move two.,true,lichess,b8WWj,29076,95,{}
lc_BBNYP,r2qk2r/pp3ppp/4p1b1/3pP3/2pPn3/2P2P2/PP1NB1PP/R2QK2R b KQkq - 0 13,"{""d8h4"",""g2g3"",""e4g3"",""h2g3"",""h4h1""}",bishop,7,intermediate,Bishop 7 · Crushing,crushing,Black to move.,1244,Casual,"{""crushing"",""long"",""middlegame""}",Find the strongest continuation and seize the advantage.,true,lichess,BBNYP,28076,95,"{""Queens_Pawn_Game"",""Queens_Pawn_Game_Accelerated_London_System""}"
lc_EInQ2,2r5/3k2p1/6P1/pppp1r1p/3q1P1Q/P6P/1PP5/2K1R3 w - - 2 29,"{""h4e7"",""d7c6"",""e1e6""}",bishop,7,intermediate,Bishop 7 · Mate In2,mateIn2,White to move.,1244,Casual,"{""endgame"",""mate"",""mateIn2"",""short""}",Checkmate in two — a forced sequence that delivers checkmate on move two.,true,lichess,EInQ2,26815,95,{}
lc_TMqGB,4rr1k/pppqn1pp/1b6/4p3/2B4R/2P2QBP/PP3PP1/R5K1 w - - 0 20,"{""h4h7"",""h8h7"",""f3h5""}",bishop,7,intermediate,Bishop 7 · Mate In2,mateIn2,White to move.,1244,Casual,"{""attraction"",""kingsideAttack"",""mate"",""mateIn2"",""middlegame"",""sacrifice"",""short""}",Checkmate in two — a forced sequence that delivers checkmate on move two.,true,lichess,TMqGB,26429,96,"{""Italian_Game"",""Italian_Game_Classical_Variation""}"
lc_QWPsq,r4r2/2q3kp/n2pB1p1/2pPb3/1pP2Q2/pP4P1/P3N2P/1bB2RK1 w - - 4 29,"{""f4h6"",""g7h8"",""f1f8"",""a8f8"",""h6f8""}",bishop,7,intermediate,Bishop 7 · Mate In3,mateIn3,White to move.,1244,Casual,"{""deflection"",""discoveredAttack"",""long"",""mate"",""mateIn3"",""middlegame""}",Checkmate in three — calculate the forcing line all the way to mate.,true,lichess,QWPsq,25389,95,{}
lc_IBooe,8/7p/Q4pk1/3p2q1/3P4/7P/2r3P1/5R1K w - - 1 35,"{""a6d3"",""g6g7"",""d3c2""}",bishop,7,intermediate,Bishop 7 · Fork,fork,White to move.,1244,Casual,"{""crushing"",""endgame"",""fork"",""master"",""short""}","A fork — one piece attacks two enemy pieces at once, forcing a material win.",true,lichess,IBooe,25167,96,{}
lc_WlpxD,2r5/p4pkp/2p3p1/2P5/BPn5/P2R3P/4rPP1/2R3K1 b - - 8 26,"{""c4b2"",""d3d7"",""b2a4""}",bishop,7,intermediate,Bishop 7 · Fork,fork,Black to move.,1244,Casual,"{""advantage"",""endgame"",""fork"",""short""}","A fork — one piece attacks two enemy pieces at once, forcing a material win.",true,lichess,WlpxD,24957,95,{}
lc_nwIjD,4rr1k/pp1q2bp/2np2p1/3Bp1Q1/2P5/1N5R/PP1B1nPP/4R1K1 w - - 0 22,"{""h3h7"",""h8h7"",""g5h4"",""g7h6"",""h4h6""}",bishop,7,intermediate,Bishop 7 · Mate In3,mateIn3,White to move.,1245,Casual,"{""attraction"",""kingsideAttack"",""long"",""mate"",""mateIn3"",""middlegame"",""sacrifice""}",Checkmate in three — calculate the forcing line all the way to mate.,true,lichess,nwIjD,30491,94,{}
lc_WjeUG,r4rk1/pR3p1p/4n1p1/8/3pN1P1/8/P4P1P/4R1K1 w - - 0 29,"{""e4f6"",""g8g7"",""e1e6""}",bishop,7,intermediate,Bishop 7 · Pin,pin,White to move.,1245,Casual,"{""advantage"",""discoveredAttack"",""endgame"",""master"",""pin"",""short""}",A pin — the attacked piece can't move without exposing a more valuable piece behind it.,true,lichess,WjeUG,26902,96,{}
lc_MFGZc,8/6pk/8/6P1/3RK3/8/8/3r4 b - - 0 51,"{""d1d4"",""e4d4"",""h7g6"",""d4e4"",""g6g5""}",bishop,7,intermediate,Bishop 7 · Rook Endgame,rookEndgame,Black to move.,1245,Casual,"{""crushing"",""endgame"",""long"",""rookEndgame""}",A rook endgame — master the Lucena and Philidor ideas to convert.,true,lichess,MFGZc,26660,95,{}
lc_AtVsg,rnb1k2r/pp1p1ppp/2p2q2/8/2PbPQ2/2N5/PP3PPP/R1B1KB1R b KQkq - 1 9,"{""d4c3"",""b2c3"",""f6c3"",""f4d2"",""c3a1""}",bishop,7,intermediate,Bishop 7 · Fork,fork,Black to move.,1245,Casual,"{""crushing"",""fork"",""long"",""opening""}","A fork — one piece attacks two enemy pieces at once, forcing a material win.",true,lichess,AtVsg,25820,96,"{""English_Opening"",""English_Opening_Anglo-Indian_Defense""}"
lc_jVo7v,2r2rk1/4pqb1/p2p4/7n/2pP2Q1/2N4R/PPPB2PP/R5K1 b - - 0 23,"{""f7f2"",""g1h1"",""f2f1"",""a1f1"",""f8f1""}",bishop,7,intermediate,Bishop 7 · Mate In3,mateIn3,Black to move.,1245,Casual,"{""backRankMate"",""fork"",""long"",""mate"",""mateIn3"",""middlegame"",""sacrifice""}",Checkmate in three — calculate the forcing line all the way to mate.,true,lichess,jVo7v,25671,94,{}
lc_XUySs,r2qk2r/pp1b1pbp/2npp1p1/2p3B1/2PnP3/2NP1N2/PP2BPPP/R2Q1RK1 b kq - 7 11,"{""d4f3"",""e2f3"",""d8g5""}",bishop,7,intermediate,Bishop 7 · Crushing,crushing,Black to move.,1245,Casual,"{""crushing"",""kingsideAttack"",""opening"",""short""}",Find the strongest continuation and seize the advantage.,true,lichess,XUySs,25547,96,"{""Sicilian_Defense"",""Sicilian_Defense_Staunton-Cochrane_Variation""}"
lc_lC50U,r3q1k1/p1QR2pp/1p3p2/5N2/5nP1/8/PPP2P1P/2K5 b - - 0 22,"{""e8e1"",""d7d1"",""f4e2"",""c1b1"",""e1d1""}",bishop,7,intermediate,Bishop 7 · Mate In3,mateIn3,Black to move.,1245,Casual,"{""deflection"",""endgame"",""long"",""mate"",""mateIn3"",""queensideAttack""}",Checkmate in three — calculate the forcing line all the way to mate.,true,lichess,lC50U,24123,95,{}
lc_dF8ez,r2q1rk1/ppp3pp/2pb4/4p3/6b1/3Q4/PPP2PP1/RNB2RK1 w - - 0 12,"{""d3c4"",""g8h8"",""c4g4""}",bishop,7,intermediate,Bishop 7 · Fork,fork,White to move.,1245,Casual,"{""crushing"",""fork"",""middlegame"",""short""}","A fork — one piece attacks two enemy pieces at once, forcing a material win.",true,lichess,dF8ez,23995,95,"{""Ruy_Lopez"",""Ruy_Lopez_Schliemann_Defense""}"
lc_VOClc,6rk/1p3p1p/p4PpQ/2p1p1P1/4q3/P5R1/2Pr3P/5RK1 w - - 18 31,"{""h6h7"",""h8h7"",""g3h3"",""e4h4"",""h3h4""}",bishop,7,intermediate,Bishop 7 · Mate In3,mateIn3,White to move.,1246,Casual,"{""attraction"",""endgame"",""kingsideAttack"",""long"",""mate"",""mateIn3"",""sacrifice""}",Checkmate in three — calculate the forcing line all the way to mate.,true,lichess,VOClc,34412,96,{}
lc_CT5Dk,r1b1qbkr/ppp1p1p1/1nnpP2p/6N1/3P4/5Q2/PPP2PPP/RNB1K2R w KQ - 0 10,"{""f3f7"",""e8f7"",""e6f7""}",bishop,7,intermediate,Bishop 7 · Mate In2,mateIn2,White to move.,1246,Casual,"{""advancedPawn"",""kingsideAttack"",""mate"",""mateIn2"",""opening"",""short""}",Checkmate in two — a forced sequence that delivers checkmate on move two.,true,lichess,CT5Dk,32419,95,"{""Alekhine_Defense"",""Alekhine_Defense_Modern_Variation""}"
lc_8yn8G,2r3k1/1p1q1rp1/p2p3p/B2Qp1b1/4P3/2P4P/PP3PP1/R3R1K1 b - - 2 22,"{""c8c5"",""d5b3"",""c5a5""}",bishop,7,intermediate,Bishop 7 · Interference,interference,Black to move.,1246,Casual,"{""advantage"",""interference"",""middlegame"",""short""}",Interference — block the line between two enemy pieces to break their coordination.,true,lichess,8yn8G,30373,95,{}
lc_VxHZa,rk3r2/pp4Qp/1b6/8/2B1Nqb1/2PR4/P4PPP/4R1K1 b - - 0 23,"{""b6f2"",""g1h1"",""f2e1""}",bishop,7,intermediate,Bishop 7 · Fork,fork,Black to move.,1246,Casual,"{""advantage"",""fork"",""middlegame"",""short""}","A fork — one piece attacks two enemy pieces at once, forcing a material win.",true,lichess,VxHZa,29320,95,{}
lc_9DZCH,r3r3/pp1n1kpp/2p5/5p2/3P4/BPP1RpPP/P7/4RK2 w - - 0 23,"{""e3e7"",""e8e7"",""e1e7"",""f7f6"",""e7d7""}",bishop,7,intermediate,Bishop 7 · Fork,fork,White to move.,1246,Casual,"{""collinearMove"",""crushing"",""endgame"",""fork"",""long""}","A fork — one piece attacks two enemy pieces at once, forcing a material win.",true,lichess,9DZCH,28215,96,{}
lc_wVNpF,r4r1k/pp5p/2pp2p1/4pN2/2BbP3/3P4/PPP2q2/2KR3R w - - 0 18,"{""h1h7"",""h8h7"",""d1h1"",""f2h4"",""h1h4""}",bishop,7,intermediate,Bishop 7 · Mate In3,mateIn3,White to move.,1246,Casual,"{""attraction"",""kingsideAttack"",""long"",""mate"",""mateIn3"",""middlegame"",""pillsburysMate"",""sacrifice""}",Checkmate in three — calculate the forcing line all the way to mate.,true,lichess,wVNpF,27335,94,"{""Bishops_Opening"",""Bishops_Opening_Other_variations""}"
lc_IXkYt,7k/p6p/bp1b2qB/3Q4/3P1P2/4rN2/PP3KP1/R6R b - - 3 29,"{""e3e2"",""f2g1"",""g6g2""}",bishop,7,intermediate,Bishop 7 · Mate In2,mateIn2,Black to move.,1246,Casual,"{""mate"",""mateIn2"",""middlegame"",""short""}",Checkmate in two — a forced sequence that delivers checkmate on move two.,true,lichess,IXkYt,26244,95,{}
lc_Cijvd,8/8/7P/P2b4/8/3kp2P/5K2/8 w - - 0 45,"{""f2e1"",""d5e4"",""a5a6""}",bishop,7,intermediate,Bishop 7 · Bishop Endgame,bishopEndgame,White to move.,1246,Casual,"{""bishopEndgame"",""crushing"",""defensiveMove"",""endgame"",""short""}",A bishop endgame — colour complexes and the wrong-bishop rule matter.,true,lichess,Cijvd,26143,95,{}
lc_HPsFK,5r2/pp2pq1k/2p3pp/4B3/2PPQ2n/1P6/P5PP/4R1K1 b - - 5 37,"{""f7f2"",""g1h1"",""f2f1"",""e1f1"",""f8f1""}",bishop,7,intermediate,Bishop 7 · Mate In3,mateIn3,Black to move.,1246,Casual,"{""endgame"",""kingsideAttack"",""long"",""mate"",""mateIn3"",""sacrifice""}",Checkmate in three — calculate the forcing line all the way to mate.,true,lichess,HPsFK,25898,95,{}
lc_bekaB,r1b2rk1/1p3pb1/p2p2p1/3Np1qp/2P1Pn2/2N2PB1/PP1Q2PP/R4RK1 b - - 1 17,"{""f4h3"",""g2h3"",""g5d2""}",bishop,7,intermediate,Bishop 7 · Discovered Attack,discoveredAttack,Black to move.,1246,Casual,"{""crushing"",""discoveredAttack"",""middlegame"",""short""}",A discovered attack — moving one piece uncovers a deadly attack from another.,true,lichess,bekaB,25736,97,"{""Sicilian_Defense"",""Sicilian_Defense_Other_variations""}"
lc_CO5oP,r5k1/1b1qbr1p/pp1pp1p1/5N2/2P2P1P/P1Q5/1P4P1/4KB1R w K - 1 27,"{""f5h6"",""g8f8"",""c3h8""}",bishop,7,intermediate,Bishop 7 · Mate In2,mateIn2,White to move.,1246,Casual,"{""fork"",""mate"",""mateIn2"",""middlegame"",""short""}",Checkmate in two — a forced sequence that delivers checkmate on move two.,true,lichess,CO5oP,24850,96,{}
lc_ENdqm,rnb1kb1r/ppp2ppp/1q2pn2/8/2B5/P1NPBQ2/1PP2PPP/R3K1NR b KQkq - 2 8,"{""b6b2"",""a1a2"",""b2c3""}",bishop,7,intermediate,Bishop 7 · Fork,fork,Black to move.,1246,Casual,"{""crushing"",""fork"",""opening"",""short""}","A fork — one piece attacks two enemy pieces at once, forcing a material win.",true,lichess,ENdqm,24390,95,"{""Scandinavian_Defense"",""Scandinavian_Defense_Main_Line""}"
lc_teS9H,8/3b1B2/2p1p3/k2pP1P1/P2Pp3/4r3/5RK1/4q2Q b - - 1 36,"{""e3g3"",""g2g3"",""e1h1""}",bishop,7,intermediate,Bishop 7 · Deflection,deflection,Black to move.,1246,Casual,"{""crushing"",""deflection"",""endgame"",""master"",""short""}",A deflection — lure a defending piece away from the square it was guarding.,true,lichess,teS9H,23974,96,{}
lc_HBtvY,r1b2rk1/pp3ppp/1qp5/2Qp4/5B2/2P5/P1P2PPP/3RR1K1 w - - 2 16,"{""c5f8"",""g8f8"",""f4d6"",""f8g8"",""e1e8""}",bishop,7,intermediate,Bishop 7 · Mate In3,mateIn3,White to move.,1247,Casual,"{""attraction"",""backRankMate"",""long"",""mate"",""mateIn3"",""middlegame"",""sacrifice""}",Checkmate in three — calculate the forcing line all the way to mate.,true,lichess,HBtvY,31098,96,"{""Ruy_Lopez"",""Ruy_Lopez_Berlin_Defense""}"
lc_vEfmk,8/p1pqb1p1/1pk4p/5QP1/4P2K/2N3P1/PP5P/n7 w - - 0 29,"{""f5b5"",""c6b7"",""b5d7""}",bishop,7,intermediate,Bishop 7 · Skewer,skewer,White to move.,1247,Casual,"{""crushing"",""deflection"",""endgame"",""short"",""skewer""}","A skewer — the higher-value piece is forced to move, losing the piece behind it.",true,lichess,vEfmk,29374,96,{}
lc_Tph1I,rnbqk1nr/pp4pp/3bpp2/3pN3/2pP1B2/4P3/PPPN1PPP/R2QKB1R w KQkq - 0 7,"{""d1h5"",""g7g6"",""e5g6"",""h7g6"",""h5h8""}",bishop,7,intermediate,Bishop 7 · Pin,pin,White to move.,1247,Casual,"{""crushing"",""long"",""opening"",""pin"",""trappedPiece""}",A pin — the attacked piece can't move without exposing a more valuable piece behind it.,true,lichess,Tph1I,28699,94,"{""Queens_Pawn_Game"",""Queens_Pawn_Game_Accelerated_London_System""}"
lc_hzGpg,2kr1b1Q/pp1b1pp1/4p2B/2qp4/8/3P3P/PP4PK/RN3R2 b - - 0 17,"{""f8d6"",""h2h1"",""d8h8""}",bishop,7,intermediate,Bishop 7 · Discovered Attack,discoveredAttack,Black to move.,1247,Casual,"{""crushing"",""discoveredAttack"",""middlegame"",""short""}",A discovered attack — moving one piece uncovers a deadly attack from another.,true,lichess,hzGpg,28345,95,"{""French_Defense"",""French_Defense_Advance_Variation""}"
lc_Z9H91,8/5p1k/3Q2pp/1p6/pR2P3/P3qP2/1P4PP/2rR3K b - - 0 33,"{""e3e1"",""d1e1"",""c1e1""}",bishop,7,intermediate,Bishop 7 · Mate In2,mateIn2,Black to move.,1247,Casual,"{""backRankMate"",""endgame"",""mate"",""mateIn2"",""sacrifice"",""short"",""xRayAttack""}",Checkmate in two — a forced sequence that delivers checkmate on move two.,true,lichess,Z9H91,27091,95,{}
lc_3cEFI,6k1/p1p1b1p1/1p2p2p/2P1p3/1P2P3/1Q2P3/P4KPq/5R2 b - - 0 27,"{""e7h4"",""f2f3"",""h2g3"",""f3e2"",""g3g2"",""e2d3"",""g2f1""}",bishop,7,intermediate,Bishop 7 · Deflection,deflection,Black to move.,1247,Casual,"{""crushing"",""deflection"",""endgame"",""veryLong""}",A deflection — lure a defending piece away from the square it was guarding.,true,lichess,3cEFI,26178,95,{}
lc_v71Bf,k1r5/8/N4R2/bp1p4/3p2PP/P2P4/K1Pn1P2/7R b - - 0 37,"{""c8c2"",""a2a1"",""a5c3""}",bishop,7,intermediate,Bishop 7 · Mate In2,mateIn2,Black to move.,1247,Casual,"{""endgame"",""mate"",""mateIn2"",""morphysMate"",""short""}",Checkmate in two — a forced sequence that delivers checkmate on move two.,true,lichess,v71Bf,25791,95,{}
lc_XDhOG,r2q1r2/1pp1npk1/p2p1n1p/2b1p3/2B1P1bB/2PP1N2/PP1Q1PPP/R4R1K w - - 3 15,"{""h4f6"",""g7f6"",""d2h6"",""e7g6"",""h6g5"",""f6g7"",""g5g4""}",bishop,7,intermediate,Bishop 7 · Fork,fork,White to move.,1247,Casual,"{""attraction"",""crushing"",""fork"",""middlegame"",""veryLong""}","A fork — one piece attacks two enemy pieces at once, forcing a material win.",true,lichess,XDhOG,25668,96,"{""Italian_Game"",""Italian_Game_Giuoco_Pianissimo""}"
lc_vD7rQ,6rk/p1p4r/8/q7/3b4/2N5/PPPQ2PP/R4R1K b - - 2 28,"{""h7h2"",""h1h2"",""a5h5""}",bishop,7,intermediate,Bishop 7 · Mate In2,mateIn2,Black to move.,1247,Casual,"{""attraction"",""mate"",""mateIn2"",""middlegame"",""sacrifice"",""short""}",Checkmate in two — a forced sequence that delivers checkmate on move two.,true,lichess,vD7rQ,25592,94,{}
lc_5cxYu,3r2k1/p5p1/1pnp1q1p/2p5/5r2/P2Q1N1P/1P3PP1/1R3RK1 w - - 4 23,"{""d3d5"",""g8h7"",""d5c6""}",bishop,7,intermediate,Bishop 7 · Fork,fork,White to move.,1247,Casual,"{""advantage"",""fork"",""middlegame"",""short""}","A fork — one piece attacks two enemy pieces at once, forcing a material win.",true,lichess,5cxYu,25290,96,{}
lc_3EOH4,1R6/8/2k5/p4N1P/6K1/6P1/rp6/8 b - - 2 60,"{""a2a4"",""g4g5"",""a4b4"",""b8b4"",""a5b4"",""h5h6"",""b2b1q""}",bishop,7,intermediate,Bishop 7 · Promotion,promotion,Black to move.,1248,Casual,"{""advancedPawn"",""crushing"",""endgame"",""promotion"",""veryLong""}",Pawn promotion — advance the pawn to its final rank and choose your new piece wisely.,true,lichess,3EOH4,31391,97,{}
lc_S4lW7,3R1r1k/pp3pbp/2p1p3/8/5q2/1P6/P1P1QPP1/3R3K b - - 3 24,"{""f4h4"",""h1g1"",""f8d8"",""d1d8"",""h4d8""}",bishop,7,intermediate,Bishop 7 · Endgame,endgame,Black to move.,1248,Casual,"{""crushing"",""endgame"",""long""}",An endgame technique — precise play with few pieces where every tempo counts.,true,lichess,S4lW7,29943,95,{}
lc_Qskpo,r6k/3bbBpp/4p3/3p4/2p5/p4R2/Pq2N1PP/1Q5K w - - 2 30,"{""b1h7"",""h8h7"",""f3h3"",""e7h4"",""h3h4""}",bishop,7,intermediate,Bishop 7 · Mate In3,mateIn3,White to move.,1248,Casual,"{""attraction"",""long"",""mate"",""mateIn3"",""middlegame"",""pillsburysMate"",""sacrifice""}",Checkmate in three — calculate the forcing line all the way to mate.,true,lichess,Qskpo,29595,95,{}
lc_MFXyX,8/1p6/1Qb5/5q1p/6p1/P2k1P1P/6P1/7K w - - 8 48,"{""b6b1"",""d3e3"",""b1f5""}",bishop,7,intermediate,Bishop 7 · Skewer,skewer,White to move.,1248,Casual,"{""crushing"",""endgame"",""master"",""short"",""skewer""}","A skewer — the higher-value piece is forced to move, losing the piece behind it.",true,lichess,MFXyX,29405,96,{}
lc_zQxts,5r2/p7/4p3/3bB1pk/3P4/P4qP1/2Q4P/6K1 w - - 0 35,"{""c2h7"",""h5g4"",""h2h3""}",bishop,7,intermediate,Bishop 7 · Mate In2,mateIn2,White to move.,1248,Casual,"{""endgame"",""mate"",""mateIn2"",""short""}",Checkmate in two — a forced sequence that delivers checkmate on move two.,true,lichess,zQxts,29230,96,{}
lc_dJYjN,4r2k/4r3/p1n4p/5P2/1P2B3/4Q1P1/P3R1KP/q7 w - - 0 40,"{""e3h6"",""e7h7"",""h6c6""}",bishop,7,intermediate,Bishop 7 · Fork,fork,White to move.,1248,Casual,"{""crushing"",""fork"",""middlegame"",""short""}","A fork — one piece attacks two enemy pieces at once, forcing a material win.",true,lichess,dJYjN,28673,96,{}
lc_41v1r,r3q1rk/2p1b1pp/n1p1PpQ1/p2p1P2/8/5R2/PPPN2PP/R1B3K1 w - - 6 18,"{""g6h7"",""h8h7"",""f3h3"",""e8h5"",""h3h5""}",bishop,7,intermediate,Bishop 7 · Mate In3,mateIn3,White to move.,1248,Casual,"{""attraction"",""kingsideAttack"",""long"",""master"",""mate"",""mateIn3"",""middlegame"",""sacrifice""}",Checkmate in three — calculate the forcing line all the way to mate.,true,lichess,41v1r,28049,96,"{""Scotch_Game"",""Scotch_Game_Schmidt_Variation""}"
lc_5fw2P,r4k1r/2p1q3/p4n2/1p2Q3/3P4/8/PPP3PP/5RK1 w - - 1 21,"{""f1f6"",""f8e8"",""f6e6"",""e7e6"",""e5e6""}",bishop,7,intermediate,Bishop 7 · Pin,pin,White to move.,1248,Casual,"{""advantage"",""endgame"",""long"",""pin""}",A pin — the attacked piece can't move without exposing a more valuable piece behind it.,true,lichess,5fw2P,27891,95,{}
lc_D8Feo,4k3/2B5/p4R2/1b6/4rp2/8/6PP/6K1 b - - 1 37,"{""e4e1"",""g1f2"",""e1f1""}",bishop,8,intermediate,Bishop 8 · Mate In2,mateIn2,Black to move.,1248,Casual,"{""endgame"",""mate"",""mateIn2"",""operaMate"",""short""}",Checkmate in two — a forced sequence that delivers checkmate on move two.,true,lichess,D8Feo,27816,96,{}
lc_hKvwt,6rk/2q2ppn/p2b4/1p1p1P2/3P2N1/P1P4R/2P3QP/6K1 w - - 0 29,"{""h3h7"",""h8h7"",""g2h3""}",bishop,8,intermediate,Bishop 8 · Mate In2,mateIn2,White to move.,1248,Casual,"{""attraction"",""kingsideAttack"",""mate"",""mateIn2"",""middlegame"",""sacrifice"",""short""}",Checkmate in two — a forced sequence that delivers checkmate on move two.,true,lichess,hKvwt,27188,95,{}
lc_rnPIz,r1b1kb1r/ppp2ppp/2n5/3Bpq2/8/2P2Q2/PP1P1PPP/RNB1K2R w KQkq - 1 9,"{""d5c6"",""b7c6"",""f3c6"",""f5d7"",""c6a8""}",bishop,8,intermediate,Bishop 8 · Fork,fork,White to move.,1248,Casual,"{""crushing"",""fork"",""long"",""opening""}","A fork — one piece attacks two enemy pieces at once, forcing a material win.",true,lichess,rnPIz,25817,94,"{""Italian_Game"",""Italian_Game_Other_variations""}"
lc_pi6q0,2rq1rk1/pb1nbp1p/1p2p1pQ/3pP3/3P4/3BP1B1/PP1N2PP/R4RK1 b - - 1 15,"{""e7g5"",""h6h3"",""g5e3"",""g3f2"",""e3d2""}",bishop,8,intermediate,Bishop 8 · Fork,fork,Black to move.,1248,Casual,"{""advantage"",""fork"",""interference"",""long"",""middlegame""}","A fork — one piece attacks two enemy pieces at once, forcing a material win.",true,lichess,pi6q0,24239,95,"{""Queens_Pawn_Game"",""Queens_Pawn_Game_Accelerated_London_System""}"
lc_tYuQM,r3r1k1/2q4p/1pbpP1pQ/1pn2pN1/8/8/B4PPP/5RK1 w - - 0 30,"{""e6e7"",""a8a2"",""h6h7""}",bishop,8,intermediate,Bishop 8 · Mate In2,mateIn2,White to move.,1249,Casual,"{""advancedPawn"",""discoveredAttack"",""discoveredCheck"",""kingsideAttack"",""mate"",""mateIn2"",""middlegame"",""sacrifice"",""short""}",Checkmate in two — a forced sequence that delivers checkmate on move two.,true,lichess,tYuQM,32872,96,{}
lc_DJ7Me,r1br2k1/2q2ppp/p2ppb2/2p5/N3P3/4Q1P1/PPP2PBP/3RR1K1 w - - 0 19,"{""e4e5"",""f6e5"",""g2a8""}",bishop,8,intermediate,Bishop 8 · Discovered Attack,discoveredAttack,White to move.,1249,Casual,"{""advantage"",""discoveredAttack"",""middlegame"",""short""}",A discovered attack — moving one piece uncovers a deadly attack from another.,true,lichess,DJ7Me,30819,95,"{""Sicilian_Defense"",""Sicilian_Defense_Taimanov_Variation""}"
lc_FDUS9,r1b1k2r/4bpp1/p2p1n1p/q3p3/1p1BP3/2NP4/BPP1QPPP/R3K2R w KQkq - 0 16,"{""a2f7"",""e8f7"",""a1a5""}",bishop,8,intermediate,Bishop 8 · Discovered Attack,discoveredAttack,White to move.,1249,Casual,"{""attackingF2F7"",""crushing"",""discoveredAttack"",""middlegame"",""short""}",A discovered attack — moving one piece uncovers a deadly attack from another.,true,lichess,FDUS9,30322,94,"{""Sicilian_Defense"",""Sicilian_Defense_Bowdler_Attack""}"
lc_7TYOm,4r3/pp3p1k/5Bpp/3p1b2/3R3Q/2P2P1P/4q1P1/6K1 w - - 1 32,"{""h4h6"",""h7h6"",""d4h4""}",bishop,8,intermediate,Bishop 8 · Mate In2,mateIn2,White to move.,1249,Casual,"{""attraction"",""endgame"",""master"",""mate"",""mateIn2"",""pillsburysMate"",""sacrifice"",""short""}",Checkmate in two — a forced sequence that delivers checkmate on move two.,true,lichess,7TYOm,30253,96,{}
lc_w4K9b,r3nrk1/6pp/pq2p3/1p2Q3/2p5/2P5/RB1N1PPP/R5K1 b - - 0 24,"{""b6f2"",""g1h1"",""f2d2""}",bishop,8,intermediate,Bishop 8 · Fork,fork,Black to move.,1249,Casual,"{""advantage"",""fork"",""middlegame"",""short""}","A fork — one piece attacks two enemy pieces at once, forcing a material win.",true,lichess,w4K9b,28808,95,{}
lc_hcEgM,6k1/p5b1/1p5p/5Q2/2q2p2/8/PP3BPP/3rR1K1 b - - 0 27,"{""d1e1"",""f2e1"",""g7d4"",""e1f2"",""c4c1""}",bishop,8,intermediate,Bishop 8 · Mate In3,mateIn3,Black to move.,1249,Casual,"{""endgame"",""long"",""mate"",""mateIn3""}",Checkmate in three — calculate the forcing line all the way to mate.,true,lichess,hcEgM,28802,96,{}
lc_DQJE7,6k1/5ppp/1p5q/p7/3Q1P2/PP4P1/4r2P/2R3K1 b - - 2 28,"{""h6h2"",""g1f1"",""h2g2""}",bishop,8,intermediate,Bishop 8 · Mate In2,mateIn2,Black to move.,1249,Casual,"{""endgame"",""mate"",""mateIn2"",""short"",""triangleMate""}",Checkmate in two — a forced sequence that delivers checkmate on move two.,true,lichess,DQJE7,28144,96,{}
lc_3Q7dN,4r3/bp3pk1/p1p5/6P1/3n4/1B6/PP3PP1/3R1R1K b - - 1 28,"{""e8h8"",""h1g1"",""d4e2""}",bishop,8,intermediate,Bishop 8 · Mate In2,mateIn2,Black to move.,1249,Casual,"{""endgame"",""mate"",""mateIn2"",""short""}",Checkmate in two — a forced sequence that delivers checkmate on move two.,true,lichess,3Q7dN,28042,95,{}
lc_dOECS,r2qr2k/p4Q1p/3b1pn1/8/8/1BP4P/PP3PP1/R3R1K1 w - - 0 21,"{""e1e8"",""d8e8"",""f7f6""}",bishop,8,intermediate,Bishop 8 · Mate In2,mateIn2,White to move.,1249,Casual,"{""fork"",""mate"",""mateIn2"",""middlegame"",""short""}",Checkmate in two — a forced sequence that delivers checkmate on move two.,true,lichess,dOECS,27778,96,{}
lc_ikgli,6k1/1pp2p2/4r2p/1P6/3pPQ1q/3B1K1P/2P5/7R b - - 0 30,"{""e6f6"",""f4f6"",""h4f6""}",bishop,8,intermediate,Bishop 8 · Pin,pin,Black to move.,1249,Casual,"{""advantage"",""endgame"",""pin"",""short""}",A pin — the attacked piece can't move without exposing a more valuable piece behind it.,true,lichess,ikgli,27666,96,{}
lc_mk40r,7r/pp3p2/2pk4/3b1BP1/5P1p/1PP1RP2/P2n3K/6N1 b - - 2 31,"{""d2f1"",""h2h3"",""f1e3""}",bishop,8,intermediate,Bishop 8 · Fork,fork,Black to move.,1249,Casual,"{""crushing"",""endgame"",""fork"",""short""}","A fork — one piece attacks two enemy pieces at once, forcing a material win.",true,lichess,mk40r,27419,96,{}
lc_sNppS,1r3rk1/ppb2ppp/2nq1n2/3pP1B1/8/1QPB1N1P/PP3PP1/2R2RK1 b - - 0 15,"{""c6e5"",""f3e5"",""d6e5"",""f2f4"",""e5e3""}",bishop,8,intermediate,Bishop 8 · Advantage,advantage,Black to move.,1249,Casual,"{""advantage"",""long"",""middlegame""}",Find the strongest continuation and seize the advantage.,true,lichess,sNppS,26135,94,"{""Caro-Kann_Defense"",""Caro-Kann_Defense_Exchange_Variation""}"
lc_WvGoJ,6rk/1Q4R1/3b1n1P/2p1pP1q/2Pp4/1P6/P2B1P2/5K2 w - - 3 37,"{""g7g8"",""f6g8"",""b7g7""}",bishop,8,intermediate,Bishop 8 · Mate In2,mateIn2,White to move.,1249,Casual,"{""clearance"",""mate"",""mateIn2"",""middlegame"",""short""}",Checkmate in two — a forced sequence that delivers checkmate on move two.,true,lichess,WvGoJ,25340,95,{}
lc_9ZcY8,2r5/p1n1kppp/2Q2n2/1p1p4/8/8/1PBBKPP1/q7 w - - 0 32,"{""d2b4"",""e7d8"",""c6d6"",""f6d7"",""d6e7""}",bishop,8,intermediate,Bishop 8 · Mate In3,mateIn3,White to move.,1249,Casual,"{""long"",""mate"",""mateIn3"",""middlegame""}",Checkmate in three — calculate the forcing line all the way to mate.,true,lichess,9ZcY8,24075,95,{}
lc_UgPwP,8/pp2k3/2n1bp2/1K2P1P1/1P6/P3b3/1B2N3/7B b - - 0 31,"{""a7a6"",""b5a4"",""b7b5""}",bishop,8,intermediate,Bishop 8 · Mate In2,mateIn2,Black to move.,1250,Casual,"{""endgame"",""mate"",""mateIn2"",""short""}",Checkmate in two — a forced sequence that delivers checkmate on move two.,true,lichess,UgPwP,30175,95,{}
lc_B1a4q,6rk/3n1p1p/pqn2Pr1/1p1p1R1Q/3P4/4B3/PP4PP/3R2K1 w - - 5 26,"{""h5h7"",""h8h7"",""f5h5"",""g6h6"",""h5h6""}",bishop,8,intermediate,Bishop 8 · Mate In3,mateIn3,White to move.,1250,Casual,"{""attraction"",""kingsideAttack"",""long"",""mate"",""mateIn3"",""middlegame"",""operaMate"",""sacrifice""}",Checkmate in three — calculate the forcing line all the way to mate.,true,lichess,B1a4q,29156,95,{}
lc_czr7m,8/5ppk/7p/3p3r/2p3b1/2P1P1Q1/PP2R1P1/1q3RK1 b - - 6 37,"{""h5h1"",""g1h1"",""b1f1""}",bishop,8,intermediate,Bishop 8 · Pin,pin,Black to move.,1250,Casual,"{""attraction"",""crushing"",""deflection"",""endgame"",""pin"",""short""}",A pin — the attacked piece can't move without exposing a more valuable piece behind it.,true,lichess,czr7m,28654,95,{}
lc_fprMj,rnb2knr/ppN2pp1/3p3p/2p5/4P3/1P6/P1P1BPPP/qN1QK2R w K - 2 11,"{""d1d6"",""g8e7"",""d6d8""}",bishop,8,intermediate,Bishop 8 · Mate In2,mateIn2,White to move.,1250,Casual,"{""mate"",""mateIn2"",""opening"",""short""}",Checkmate in two — a forced sequence that delivers checkmate on move two.,true,lichess,fprMj,28242,96,"{""Kings_Pawn_Game"",""Kings_Pawn_Game_McConnell_Defense""}"
lc_Bhnhz,6rk/1p3p1p/6r1/3p3q/3Np3/2P1P3/P4PPP/R2Q2RK b - - 3 30,"{""h5h2"",""h1h2"",""g6h6"",""d1h5"",""h6h5""}",bishop,8,intermediate,Bishop 8 · Mate In3,mateIn3,Black to move.,1250,Casual,"{""attraction"",""kingsideAttack"",""long"",""mate"",""mateIn3"",""middlegame"",""sacrifice""}",Checkmate in three — calculate the forcing line all the way to mate.,true,lichess,Bhnhz,28060,97,{}
lc_MnYI1,4r2k/p5p1/1p2Pq2/6p1/P1Q5/3pR3/5PPP/6K1 w - - 2 29,"{""e3h3"",""h8g8"",""e6e7"",""f6f7"",""h3h8"",""g8h8"",""c4f7""}",bishop,8,intermediate,Bishop 8 · Pin,pin,White to move.,1250,Casual,"{""advancedPawn"",""crushing"",""deflection"",""discoveredAttack"",""discoveredCheck"",""endgame"",""master"",""pin"",""veryLong""}",A pin — the attacked piece can't move without exposing a more valuable piece behind it.,true,lichess,MnYI1,27233,95,{}
lc_oMPV5,3r1r1k/ppp3p1/1b2Q3/8/1P3pP1/P1B2q2/7K/2R5 w - - 2 32,"{""e6h6"",""h8g8"",""h6g7""}",bishop,8,intermediate,Bishop 8 · Mate In2,mateIn2,White to move.,1250,Casual,"{""mate"",""mateIn2"",""middlegame"",""pin"",""short""}",Checkmate in two — a forced sequence that delivers checkmate on move two.,true,lichess,oMPV5,27079,96,{}
lc_MorGp,rn1qk2r/1ppbb1pp/p3pp2/3pN3/3Pn3/1P1BP3/PBP2PPP/RN1QK2R w KQkq - 0 9,"{""d1h5"",""g7g6"",""e5g6"",""h7g6"",""h5h8""}",bishop,8,intermediate,Bishop 8 · Crushing,crushing,White to move.,1250,Casual,"{""crushing"",""long"",""opening""}",Find the strongest continuation and seize the advantage.,true,lichess,MorGp,26727,94,"{""Nimzo-Larsen_Attack"",""Nimzo-Larsen_Attack_Classical_Variation""}"
lc_1H9o8,8/6pk/2R1K2p/2p2r2/p1P2P2/P7/1P1r3P/5R2 b - - 8 42,"{""f5f6"",""e6e5"",""f6c6""}",bishop,8,intermediate,Bishop 8 · Skewer,skewer,Black to move.,1250,Casual,"{""crushing"",""endgame"",""rookEndgame"",""short"",""skewer""}","A skewer — the higher-value piece is forced to move, losing the piece behind it.",true,lichess,1H9o8,26437,96,{}
lc_Jphrv,2r3k1/pQ4pp/5p2/4p3/6bB/8/P2n1RPP/2q3RK b - - 5 24,"{""c1g1"",""h1g1"",""c8c1"",""f2f1"",""c1f1""}",bishop,8,intermediate,Bishop 8 · Mate In3,mateIn3,Black to move.,1250,Casual,"{""attraction"",""long"",""mate"",""mateIn3"",""middlegame"",""sacrifice""}",Checkmate in three — calculate the forcing line all the way to mate.,true,lichess,Jphrv,26364,95,{}
lc_XJGte,6k1/4QR2/p5Pp/1p4r1/4K3/P2r3P/1P6/3n4 b - - 3 48,"{""d3e3"",""e4d4"",""e3e7""}",bishop,8,intermediate,Bishop 8 · Skewer,skewer,Black to move.,1250,Casual,"{""advantage"",""endgame"",""short"",""skewer""}","A skewer — the higher-value piece is forced to move, losing the piece behind it.",true,lichess,XJGte,26312,95,{}
lc_vJIge,r1b1kbnr/pppp3p/2n2p2/8/8/2B2N2/PqP1PPPP/RN1QKB1R b KQkq - 1 8,"{""f8b4"",""f3d2"",""b4c3""}",bishop,8,intermediate,Bishop 8 · Pin,pin,Black to move.,1250,Casual,"{""advantage"",""opening"",""pin"",""short""}",A pin — the attacked piece can't move without exposing a more valuable piece behind it.,true,lichess,vJIge,26280,95,"{""Englund_Gambit_Complex"",""Englund_Gambit_Complex_Englund_Gambit""}"
lc_Nlnvu,7k/p5rp/5Q2/1qPp4/4pP2/2P1Br2/PP1K3R/1R6 b - - 4 41,"{""b5d3"",""d2c1"",""f3f1""}",bishop,8,intermediate,Bishop 8 · Mate In2,mateIn2,Black to move.,1250,Casual,"{""fork"",""mate"",""mateIn2"",""middlegame"",""short""}",Checkmate in two — a forced sequence that delivers checkmate on move two.,true,lichess,Nlnvu,25874,96,{}
lc_bjLf6,3b1rk1/5qp1/2np1pQ1/2p1pN2/1pP5/1n1PB3/5PP1/4R1K1 w - - 4 34,"{""f5h6"",""g8h8"",""h6f7""}",bishop,8,intermediate,Bishop 8 · Pin,pin,White to move.,1250,Casual,"{""crushing"",""kingsideAttack"",""middlegame"",""pin"",""short""}",A pin — the attacked piece can't move without exposing a more valuable piece behind it.,true,lichess,bjLf6,25842,96,{}
lc_BTZ8O,2k1r3/6Q1/Rpq5/3pP3/3P1KP1/8/P7/8 b - - 0 39,"{""c6c1"",""f4f5"",""c1f1"",""f5g5"",""f1a6""}",bishop,8,intermediate,Bishop 8 · Fork,fork,Black to move.,1250,Casual,"{""advantage"",""endgame"",""fork"",""long"",""master"",""masterVsMaster""}","A fork — one piece attacks two enemy pieces at once, forcing a material win.",true,lichess,BTZ8O,25659,95,{}
lc_Gntyv,r1bqk1nr/pp3ppp/2n5/2b1P3/8/2P5/PP1P2PP/RNBQKBNR b KQkq - 0 6,"{""d8h4"",""g2g3"",""h4e4"",""d1e2"",""e4h1""}",bishop,8,intermediate,Bishop 8 · Fork,fork,Black to move.,1250,Casual,"{""crushing"",""fork"",""long"",""opening""}","A fork — one piece attacks two enemy pieces at once, forcing a material win.",true,lichess,Gntyv,25589,95,"{""Kings_Gambit_Declined"",""Kings_Gambit_Declined_Falkbeer_Countergambit""}"
lc_XZHqI,8/ppk3p1/2pb4/8/1q6/1PQP2r1/2KR4/R1B5 b - - 2 37,"{""b4c3"",""c2c3"",""d6e5"",""c3c2"",""e5a1""}",bishop,8,intermediate,Bishop 8 · Skewer,skewer,Black to move.,1250,Casual,"{""advantage"",""attraction"",""long"",""middlegame"",""skewer""}","A skewer — the higher-value piece is forced to move, losing the piece behind it.",true,lichess,XZHqI,25443,96,{}
lc_3ZK2N,4r1k1/5ppp/p1N5/1p6/1B1Rn1P1/P3b2P/1PP5/1K6 w - - 2 25,"{""c6e7"",""g8h8"",""d4e4""}",bishop,8,intermediate,Bishop 8 · Interference,interference,White to move.,1250,Casual,"{""crushing"",""endgame"",""interference"",""short""}",Interference — block the line between two enemy pieces to break their coordination.,true,lichess,3ZK2N,24731,96,{}
lc_atb8N,2r3k1/p4ppp/1p2p3/4P3/1P1P4/P2Q4/1B3qPP/2R4K b - - 0 28,"{""c8c1"",""b2c1"",""f2e1"",""d3f1"",""e1f1""}",bishop,8,intermediate,Bishop 8 · Mate In3,mateIn3,Black to move.,1250,Casual,"{""endgame"",""fork"",""long"",""mate"",""mateIn3""}",Checkmate in three — calculate the forcing line all the way to mate.,true,lichess,atb8N,24080,96,{}
lc_04AXr,rn1qkbnr/ppp2ppp/8/8/2Bp4/1Q2Pb2/PP3PPP/RNB1K2R w KQkq - 0 7,"{""c4f7"",""e8d7"",""b3e6""}",bishop,8,intermediate,Bishop 8 · Mate In2,mateIn2,White to move.,1251,Casual,"{""attackingF2F7"",""mate"",""mateIn2"",""opening"",""short""}",Checkmate in two — a forced sequence that delivers checkmate on move two.,true,lichess,04AXr,30918,94,"{""Queens_Gambit_Accepted"",""Queens_Gambit_Accepted_Old_Variation""}"
lc_9DpWx,r4rk1/5pp1/p4n1p/1pb1Q3/3n2q1/P1NBB3/1P3PPP/3R1RK1 b - - 0 22,"{""d4f3"",""g1h1"",""f3e5""}",bishop,8,intermediate,Bishop 8 · Pin,pin,Black to move.,1251,Casual,"{""crushing"",""middlegame"",""pin"",""short""}",A pin — the attacked piece can't move without exposing a more valuable piece behind it.,true,lichess,9DpWx,29550,95,{}
lc_h7gCw,7k/6p1/2R3Qp/p2r1P2/8/1P5P/P3q1P1/7K b - - 0 36,"{""d5d1"",""h1h2"",""e2e5"",""g6g3"",""d1h1"",""h2h1"",""e5g3""}",bishop,8,intermediate,Bishop 8 · Deflection,deflection,Black to move.,1251,Casual,"{""advantage"",""deflection"",""endgame"",""veryLong""}",A deflection — lure a defending piece away from the square it was guarding.,true,lichess,h7gCw,28500,95,{}
lc_4fUP0,1n3rk1/3qRpp1/1p5p/1P6/p2b4/P2Q2P1/1P1N1PBP/R5K1 b - - 0 25,"{""d4f2"",""g1f2"",""d7d3""}",bishop,8,intermediate,Bishop 8 · Discovered Attack,discoveredAttack,Black to move.,1251,Casual,"{""advantage"",""discoveredAttack"",""kingsideAttack"",""middlegame"",""short""}",A discovered attack — moving one piece uncovers a deadly attack from another.,true,lichess,4fUP0,27611,95,{}
lc_qQURi,2k4r/pppr4/5p2/3P1bpp/2P2QqP/4R1B1/P4P2/4R1K1 w - g6 0 26,"{""e3e8"",""h8e8"",""e1e8"",""d7d8"",""f4c7""}",bishop,8,intermediate,Bishop 8 · Mate In3,mateIn3,White to move.,1251,Casual,"{""long"",""mate"",""mateIn3"",""middlegame"",""queensideAttack""}",Checkmate in three — calculate the forcing line all the way to mate.,true,lichess,qQURi,27506,97,{}
lc_86Nt5,5rk1/p3R2p/bp4p1/6Q1/q7/3p1P2/P5PP/R5K1 b - - 0 30,"{""a4d4"",""g5e3"",""d4a1""}",bishop,8,intermediate,Bishop 8 · Fork,fork,Black to move.,1251,Casual,"{""crushing"",""endgame"",""fork"",""short""}","A fork — one piece attacks two enemy pieces at once, forcing a material win.",true,lichess,86Nt5,26458,96,{}
lc_pMEw9,r6r/ppNbkp1p/3ppq2/6pQ/8/2Pn4/P1P2PPP/4RRK1 w - - 2 16,"{""c7d5"",""e7f8"",""d5f6""}",bishop,8,intermediate,Bishop 8 · Pin,pin,White to move.,1251,Casual,"{""crushing"",""middlegame"",""pin"",""short""}",A pin — the attacked piece can't move without exposing a more valuable piece behind it.,true,lichess,pMEw9,26358,96,"{""Indian_Defense"",""Indian_Defense_Other_variations""}"
lc_fEUYx,3R4/5kb1/1q2bp1p/p3p3/8/PpP2B2/1P4PP/3R3K w - - 2 39,"{""f3h5"",""f7e7"",""d8e8""}",bishop,8,intermediate,Bishop 8 · Mate In2,mateIn2,White to move.,1251,Casual,"{""endgame"",""mate"",""mateIn2"",""operaMate"",""short""}",Checkmate in two — a forced sequence that delivers checkmate on move two.,true,lichess,fEUYx,26239,95,{}
lc_GEhnL,r1r5/4kp2/p2p3q/2pPp1R1/5Q1P/1B6/PPP3P1/1K6 w - - 0 31,"{""g5e5"",""d6e5"",""f4h6""}",bishop,8,intermediate,Bishop 8 · Discovered Attack,discoveredAttack,White to move.,1251,Casual,"{""crushing"",""discoveredAttack"",""endgame"",""short""}",A discovered attack — moving one piece uncovers a deadly attack from another.,true,lichess,GEhnL,25960,96,{}
lc_3ykBy,6k1/5p1p/3P2p1/2q5/2P1Q3/6KP/3R2P1/6b1 b - - 0 40,"{""c5g5"",""g3f3"",""g5d2""}",bishop,8,intermediate,Bishop 8 · Fork,fork,Black to move.,1251,Casual,"{""crushing"",""endgame"",""fork"",""short""}","A fork — one piece attacks two enemy pieces at once, forcing a material win.",true,lichess,3ykBy,25835,94,{}
lc_yHPLh,3R4/6p1/1p1Bkp1p/8/p1b2P1N/2rn3P/6PK/8 w - - 3 44,"{""f4f5"",""e6d5"",""d6b4"",""d5c6"",""b4c3""}",bishop,8,intermediate,Bishop 8 · Discovered Attack,discoveredAttack,White to move.,1251,Casual,"{""advantage"",""discoveredAttack"",""discoveredCheck"",""endgame"",""long"",""master""}",A discovered attack — moving one piece uncovers a deadly attack from another.,true,lichess,yHPLh,25299,96,{}
lc_6gZx8,4r2k/Qp4pp/2P5/5p2/5Pq1/8/PP1R1KPP/4R3 b - - 0 31,"{""g4f4"",""f2g1"",""e8e1""}",bishop,8,intermediate,Bishop 8 · Mate In2,mateIn2,Black to move.,1251,Casual,"{""deflection"",""endgame"",""fork"",""mate"",""mateIn2"",""short""}",Checkmate in two — a forced sequence that delivers checkmate on move two.,true,lichess,6gZx8,25191,96,{}
lc_xAc9G,r4rk1/2p1b1pp/1pN5/5p1K/5P1P/2BR2P1/PP3n2/R3Q3 b - - 0 26,"{""g7g6"",""h5h6"",""f2g4""}",bishop,8,intermediate,Bishop 8 · Mate In2,mateIn2,Black to move.,1251,Casual,"{""mate"",""mateIn2"",""middlegame"",""short""}",Checkmate in two — a forced sequence that delivers checkmate on move two.,true,lichess,xAc9G,25172,97,{}
lc_Bv8Tk,r1b1Rbk1/ppB3pp/2p2p2/8/P2P4/8/1P1N1PPP/6K1 w - - 0 19,"{""c7d6"",""g8f7"",""e8f8""}",bishop,8,intermediate,Bishop 8 · Pin,pin,White to move.,1251,Casual,"{""advantage"",""endgame"",""kingsideAttack"",""pin"",""short""}",A pin — the attacked piece can't move without exposing a more valuable piece behind it.,true,lichess,Bv8Tk,24744,94,"{""Kings_Pawn_Game"",""Kings_Pawn_Game_Other_variations""}"
lc_V8HBm,r1bq1rk1/pp3ppp/4pn2/8/2p1PPn1/2P3PP/PP1N2B1/R1BQR1K1 b - - 0 13,"{""d8b6"",""g1h1"",""g4f2""}",bishop,8,intermediate,Bishop 8 · Crushing,crushing,Black to move.,1251,Casual,"{""crushing"",""opening"",""short""}",Find the strongest continuation and seize the advantage.,true,lichess,V8HBm,24717,94,"{""Kings_Indian_Attack"",""Kings_Indian_Attack_Other_variations""}"
lc_uH0L9,3r2k1/1b4pp/p1p5/1p2RP2/7q/2P1Q3/P4P1P/3r1RK1 w - - 0 27,"{""e5e8"",""g8f7"",""e3e6""}",bishop,8,intermediate,Bishop 8 · Mate In2,mateIn2,White to move.,1251,Casual,"{""mate"",""mateIn2"",""middlegame"",""short"",""triangleMate""}",Checkmate in two — a forced sequence that delivers checkmate on move two.,true,lichess,uH0L9,24540,96,{}
lc_LrKwO,r2qk2r/pp2np1p/2np2pb/3Np3/4P3/8/PPPQ1PPP/R3KB1R w KQkq - 0 12,"{""d5f6"",""e8f8"",""d2h6""}",bishop,8,intermediate,Bishop 8 · Mate In2,mateIn2,White to move.,1251,Casual,"{""intermezzo"",""mate"",""mateIn2"",""opening"",""short""}",Checkmate in two — a forced sequence that delivers checkmate on move two.,true,lichess,LrKwO,24422,95,"{""Modern_Defense"",""Modern_Defense_Standard_Line""}"
lc_qZPVD,3r2k1/6p1/p4p1p/4p3/1B2Q3/1P5P/P1q3r1/1R2R2K b - - 1 33,"{""g2h2"",""h1g1"",""c2f2""}",bishop,8,intermediate,Bishop 8 · Mate In2,mateIn2,Black to move.,1251,Casual,"{""mate"",""mateIn2"",""middlegame"",""short""}",Checkmate in two — a forced sequence that delivers checkmate on move two.,true,lichess,qZPVD,24016,95,{}
lc_H3SN6,5rk1/5ppp/p7/1ppnp3/3P1n2/N1P2q2/PPBQ1PrR/3R1K2 w - - 3 27,"{""c2h7"",""g8h8"",""h7e4"",""g2h2"",""e4f3""}",bishop,8,intermediate,Bishop 8 · Discovered Attack,discoveredAttack,White to move.,1252,Casual,"{""advantage"",""discoveredAttack"",""discoveredCheck"",""kingsideAttack"",""long"",""middlegame""}",A discovered attack — moving one piece uncovers a deadly attack from another.,true,lichess,H3SN6,34375,94,{}
lc_3AchW,2r3k1/1n4pp/pp1p1r2/3P1p2/1PP2p1q/4bP2/P1R1B1PP/3NQR1K b - - 5 25,"{""h4h2"",""h1h2"",""f6h6"",""e1h4"",""h6h4""}",bishop,8,intermediate,Bishop 8 · Mate In3,mateIn3,Black to move.,1252,Casual,"{""attraction"",""kingsideAttack"",""long"",""mate"",""mateIn3"",""middlegame"",""pillsburysMate"",""sacrifice""}",Checkmate in three — calculate the forcing line all the way to mate.,true,lichess,3AchW,32421,95,{}
lc_iQGGB,1R1r3k/p5pp/b1p1Q3/1n6/7P/8/P5PK/3q4 w - - 6 27,"{""e6e8"",""d8e8"",""b8e8""}",bishop,8,intermediate,Bishop 8 · Mate In2,mateIn2,White to move.,1252,Casual,"{""backRankMate"",""endgame"",""mate"",""mateIn2"",""sacrifice"",""short"",""xRayAttack""}",Checkmate in two — a forced sequence that delivers checkmate on move two.,true,lichess,iQGGB,32141,95,{}
lc_bz3va,5r2/p4p1k/2q1pPpp/2prR3/3pRQ2/1P3P2/P1P2P1P/6K1 w - - 9 29,"{""f4h6"",""h7h6"",""e4h4""}",bishop,8,intermediate,Bishop 8 · Mate In2,mateIn2,White to move.,1252,Casual,"{""attraction"",""endgame"",""mate"",""mateIn2"",""sacrifice"",""short""}",Checkmate in two — a forced sequence that delivers checkmate on move two.,true,lichess,bz3va,31996,95,{}
lc_musVa,r6k/1p4pn/2p1Q3/p2p2q1/8/P1N5/1PP2r2/1K1R3R w - - 0 26,"{""h1h7"",""h8h7"",""d1h1""}",bishop,8,intermediate,Bishop 8 · Attraction,attraction,White to move.,1252,Casual,"{""advantage"",""attraction"",""middlegame"",""sacrifice"",""short""}",An attraction — force an enemy piece onto a square where it can be exploited.,true,lichess,musVa,31886,95,{}
lc_7zl74,r2q1rk1/2p2pb1/2n1p1p1/p1PpPnPN/Pp1P1P1Q/1P5R/3N3P/R6K w - - 1 32,"{""h5f6"",""d8f6"",""h4h7""}",bishop,8,intermediate,Bishop 8 · Mate In2,mateIn2,White to move.,1252,Casual,"{""clearance"",""kingsideAttack"",""mate"",""mateIn2"",""middlegame"",""sacrifice"",""short""}",Checkmate in two — a forced sequence that delivers checkmate on move two.,true,lichess,7zl74,31495,95,{}
lc_uw0cY,8/R7/4qpk1/2P4p/3Q3K/5p2/P5rP/8 w - - 2 46,"{""d4d3"",""e6f5"",""a7g7"",""g6g7"",""d3f5""}",bishop,8,intermediate,Bishop 8 · Pin,pin,White to move.,1252,Casual,"{""crushing"",""deflection"",""endgame"",""long"",""pin""}",A pin — the attacked piece can't move without exposing a more valuable piece behind it.,true,lichess,uw0cY,30164,97,{}
lc_koRwb,8/5pk1/1p4qp/3Q2n1/8/1R2P3/5P1K/8 b - - 0 49,"{""g6h5"",""h2g2"",""h5h3"",""g2g1"",""g5f3"",""d5f3"",""h3f3""}",bishop,8,intermediate,Bishop 8 · Endgame,endgame,Black to move.,1252,Casual,"{""crushing"",""endgame"",""exposedKing"",""veryLong""}",An endgame technique — precise play with few pieces where every tempo counts.,true,lichess,koRwb,29617,95,{}
lc_iNL1y,2R5/2p2k2/2P4p/1P4r1/2bN1p2/R1P1rP2/6PP/6K1 b - - 3 31,"{""e3e1"",""g1f2"",""e1f1""}",bishop,8,intermediate,Bishop 8 · Mate In2,mateIn2,Black to move.,1252,Casual,"{""endgame"",""mate"",""mateIn2"",""operaMate"",""short""}",Checkmate in two — a forced sequence that delivers checkmate on move two.,true,lichess,iNL1y,28040,95,{}
lc_vEXSe,3Q1n1k/5p1p/4p3/p2pP2N/1b1P3P/5NP1/1Pr1q3/5RK1 w - - 10 35,"{""d8f6"",""h8g8"",""f6g7""}",bishop,8,intermediate,Bishop 8 · Mate In2,mateIn2,White to move.,1252,Casual,"{""kingsideAttack"",""mate"",""mateIn2"",""middlegame"",""short""}",Checkmate in two — a forced sequence that delivers checkmate on move two.,true,lichess,vEXSe,27779,96,{}
lc_LB6OA,7Q/p4pp1/6kp/4R3/3P1p1P/2P5/P4qPK/1r6 w - - 0 28,"{""h4h5"",""g6f6"",""h8d8""}",bishop,8,intermediate,Bishop 8 · Mate In2,mateIn2,White to move.,1252,Casual,"{""endgame"",""mate"",""mateIn2"",""short""}",Checkmate in two — a forced sequence that delivers checkmate on move two.,true,lichess,LB6OA,26780,97,{}
lc_wOqQD,r1b2rk1/ppp2ppp/8/3Q4/2B5/2P5/Pq3PPP/R3R1K1 w - - 0 16,"{""d5f7"",""f8f7"",""e1e8""}",bishop,8,intermediate,Bishop 8 · Mate In2,mateIn2,White to move.,1252,Casual,"{""kingsideAttack"",""mate"",""mateIn2"",""middlegame"",""pin"",""sacrifice"",""short""}",Checkmate in two — a forced sequence that delivers checkmate on move two.,true,lichess,wOqQD,26714,97,"{""French_Defense"",""French_Defense_Rubinstein_Variation""}"
lc_mfI1Y,rnbq1rk1/pppp2pp/8/2bPpp2/2P1n3/P2QPP2/1P4PP/RNB1KBNR b KQ - 0 7,"{""d8h4"",""g2g3"",""e4g3"",""h2g3"",""h4h1""}",bishop,8,intermediate,Bishop 8 · Trapped Piece,trappedPiece,Black to move.,1252,Casual,"{""crushing"",""long"",""opening"",""trappedPiece""}",A trapped piece — the enemy piece has no safe squares and can be won.,true,lichess,mfI1Y,26223,95,"{""Indian_Defense"",""Indian_Defense_Budapest_Defense""}"
lc_Hjdbs,8/6k1/5pp1/4p3/P1P3P1/1Q3q2/1K1R4/5r2 b - - 3 46,"{""f1b1"",""b2b1"",""f3b3""}",bishop,8,intermediate,Bishop 8 · Deflection,deflection,Black to move.,1252,Casual,"{""attraction"",""crushing"",""deflection"",""endgame"",""short""}",A deflection — lure a defending piece away from the square it was guarding.,true,lichess,Hjdbs,25747,96,{}
lc_qMFwx,4rrk1/ppp2Rpp/8/1Q6/3q4/2N5/PPP2RPP/6K1 b - - 0 19,"{""e8e1"",""b5f1"",""e1f1""}",bishop,8,intermediate,Bishop 8 · Pin,pin,Black to move.,1252,Casual,"{""crushing"",""middlegame"",""pin"",""short""}",A pin — the attacked piece can't move without exposing a more valuable piece behind it.,true,lichess,qMFwx,25554,95,"{""Kings_Pawn_Game"",""Kings_Pawn_Game_Maroczy_Defense""}"
lc_NuaaE,r1b1k2r/pp3pp1/3b3p/2p1p1B1/2P1n3/P2B1N2/2P2PPP/R2R2K1 w kq - 0 15,"{""d3e4"",""h6g5"",""d1d6""}",bishop,8,intermediate,Bishop 8 · Discovered Attack,discoveredAttack,White to move.,1252,Casual,"{""advantage"",""capturingDefender"",""discoveredAttack"",""hangingPiece"",""middlegame"",""short""}",A discovered attack — moving one piece uncovers a deadly attack from another.,true,lichess,NuaaE,25541,95,"{""Scotch_Game"",""Scotch_Game_Other_variations""}"
lc_MEkjz,8/8/p7/3p4/1P4QP/P2k4/2q2BK1/3q4 w - - 4 65,"{""g4d4"",""d3e2"",""d4e3""}",bishop,8,intermediate,Bishop 8 · Mate In2,mateIn2,White to move.,1252,Casual,"{""endgame"",""mate"",""mateIn2"",""short""}",Checkmate in two — a forced sequence that delivers checkmate on move two.,true,lichess,MEkjz,25502,97,{}
lc_396qx,r3r1k1/bp3ppp/7n/p1p2b2/1P3P1q/P5QN/4BNPP/R1B2RK1 b - - 1 19,"{""h4g3"",""h2g3"",""e8e2""}",bishop,8,intermediate,Bishop 8 · Crushing,crushing,Black to move.,1252,Casual,"{""crushing"",""middlegame"",""short""}",Find the strongest continuation and seize the advantage.,true,lichess,396qx,25311,96,"{""Indian_Defense"",""Indian_Defense_Budapest_Defense""}"
lc_NCc4A,r2q1rk1/ppp1bppp/3p1P2/8/3P4/2N2b2/PP3PPP/R1B1Q1K1 w - - 0 15,"{""f6e7"",""d8e7"",""e1e7""}",bishop,8,intermediate,Bishop 8 · Fork,fork,White to move.,1252,Casual,"{""advancedPawn"",""crushing"",""fork"",""middlegame"",""short""}","A fork — one piece attacks two enemy pieces at once, forcing a material win.",true,lichess,NCc4A,25027,95,"{""Ruy_Lopez"",""Ruy_Lopez_Berlin_Defense""}"
lc_guQLP,8/8/7p/p1p5/P1Pb3R/r4k2/2B5/2K5 w - - 16 45,"{""h4h3"",""f3f2"",""h3a3""}",bishop,8,intermediate,Bishop 8 · Skewer,skewer,White to move.,1252,Casual,"{""crushing"",""endgame"",""short"",""skewer""}","A skewer — the higher-value piece is forced to move, losing the piece behind it.",true,lichess,guQLP,24701,95,{}
lc_6vzZT,rnb1k2r/2qp1ppp/p2bpn2/2pP4/1p6/3QBN2/PPP1NPPP/2KR1B1R w kq - 2 11,"{""d5e6"",""d7e6"",""d3d6"",""c7d6"",""d1d6""}",bishop,8,intermediate,Bishop 8 · Discovered Attack,discoveredAttack,White to move.,1253,Casual,"{""advantage"",""discoveredAttack"",""long"",""opening""}",A discovered attack — moving one piece uncovers a deadly attack from another.,true,lichess,6vzZT,35809,96,"{""Sicilian_Defense"",""Sicilian_Defense_Drazic_Variation""}"
lc_ryt0M,5n1k/3qQ1bp/5Pp1/6P1/6P1/7K/2p5/8 w - - 0 52,"{""f6g7"",""h8g8"",""g7f8q""}",bishop,8,intermediate,Bishop 8 · Mate In2,mateIn2,White to move.,1253,Casual,"{""advancedPawn"",""endgame"",""fork"",""mate"",""mateIn2"",""promotion"",""short""}",Checkmate in two — a forced sequence that delivers checkmate on move two.,true,lichess,ryt0M,31528,95,{}
lc_iEMGs,r6k/ppp3pp/1b2B3/8/2P2N2/P5P1/1P3r2/2K2R2 w - - 4 26,"{""f4g6"",""h7g6"",""f1h1"",""f2h2"",""h1h2""}",bishop,8,intermediate,Bishop 8 · Mate In3,mateIn3,White to move.,1253,Casual,"{""endgame"",""long"",""mate"",""mateIn3"",""pillsburysMate"",""sacrifice""}",Checkmate in three — calculate the forcing line all the way to mate.,true,lichess,iEMGs,31408,97,{}
lc_1dwAE,6k1/5p1p/2p4R/1r2n3/3N4/6P1/6PP/6K1 b - - 2 30,"{""b5b1"",""g1f2"",""e5g4"",""f2f3"",""g4h6""}",bishop,8,intermediate,Bishop 8 · Fork,fork,Black to move.,1253,Casual,"{""crushing"",""endgame"",""fork"",""long""}","A fork — one piece attacks two enemy pieces at once, forcing a material win.",true,lichess,1dwAE,29918,96,{}
lc_vWHPw,1R6/5pk1/6pp/p5r1/2Q5/7P/5qPK/8 w - - 4 33,"{""c4c3"",""f2f6"",""b8g8"",""g7g8"",""c3f6""}",bishop,8,intermediate,Bishop 8 · Deflection,deflection,White to move.,1253,Casual,"{""advantage"",""deflection"",""endgame"",""long""}",A deflection — lure a defending piece away from the square it was guarding.,true,lichess,vWHPw,28804,95,{}
lc_nEg7u,r5r1/ppp2ppk/5n1p/4pN1P/4P3/q1PP2R1/P2Q1PP1/R3K3 w Q - 1 20,"{""g3g7"",""g8g7"",""d2h6"",""h7g8"",""h6g7""}",bishop,8,intermediate,Bishop 8 · Mate In3,mateIn3,White to move.,1253,Casual,"{""attraction"",""fork"",""long"",""mate"",""mateIn3"",""middlegame"",""sacrifice""}",Checkmate in three — calculate the forcing line all the way to mate.,true,lichess,nEg7u,28460,97,"{""Vienna_Game"",""Vienna_Game_Other_variations""}"
lc_3GC2X,5rk1/pp3ppp/q3p3/3pQ3/2r5/P3P2P/1PP2RP1/5RK1 w - - 3 23,"{""f2f7"",""f8f7"",""e5b8"",""c4c8"",""b8c8"",""f7f8"",""f1f8""}",bishop,8,intermediate,Bishop 8 · Sacrifice,sacrifice,White to move.,1253,Casual,"{""endgame"",""kingsideAttack"",""mate"",""mateIn4"",""sacrifice"",""veryLong""}",A sacrifice — give up material to gain a decisive tactical or positional advantage.,true,lichess,3GC2X,28254,95,{}
lc_4z8Mb,4K3/5Pr1/p3n3/Pp3k2/7p/2p5/4R3/2B5 w - - 3 54,"{""e2e6"",""f5e6"",""f7f8q""}",bishop,8,intermediate,Bishop 8 · Promotion,promotion,White to move.,1253,Casual,"{""advancedPawn"",""crushing"",""endgame"",""promotion"",""short""}",Pawn promotion — advance the pawn to its final rank and choose your new piece wisely.,true,lichess,4z8Mb,27742,97,{}
lc_9po0S,1k4r1/1pp5/3b2r1/3Q3p/8/P3pP2/1PP3PP/R4RK1 b - - 0 27,"{""g6g2"",""g1h1"",""g2h2""}",bishop,8,intermediate,Bishop 8 · Mate In2,mateIn2,Black to move.,1253,Casual,"{""endgame"",""mate"",""mateIn2"",""operaMate"",""short""}",Checkmate in two — a forced sequence that delivers checkmate on move two.,true,lichess,9po0S,27211,97,{}
lc_2TRhY,r3r1k1/p2n2pp/1p1BP3/2P2Q2/5P1n/5q2/P4PRP/7K w - - 4 28,"{""f5f7"",""g8h8"",""f7g7""}",bishop,8,intermediate,Bishop 8 · Mate In2,mateIn2,White to move.,1253,Casual,"{""fork"",""mate"",""mateIn2"",""middlegame"",""short""}",Checkmate in two — a forced sequence that delivers checkmate on move two.,true,lichess,2TRhY,26689,96,{}
lc_aZ3UW,4r1k1/p5pp/2p1qp2/3p3Q/P2Pb2B/2P1P2R/1P4P1/R6K b - - 6 23,"{""e6h3"",""h1g1"",""h3g2""}",bishop,8,intermediate,Bishop 8 · Mate In2,mateIn2,Black to move.,1253,Casual,"{""kingsideAttack"",""mate"",""mateIn2"",""middlegame"",""pin"",""short""}",Checkmate in two — a forced sequence that delivers checkmate on move two.,true,lichess,aZ3UW,25944,95,{}
lc_p08vB,7k/5pp1/5n1p/2Q2N2/6P1/5P1P/q3r3/2R4K w - - 1 33,"{""c5f8"",""h8h7"",""f8g7""}",bishop,8,intermediate,Bishop 8 · Mate In2,mateIn2,White to move.,1253,Casual,"{""endgame"",""mate"",""mateIn2"",""short""}",Checkmate in two — a forced sequence that delivers checkmate on move two.,true,lichess,p08vB,25910,98,{}
lc_zNGvd,5r2/6k1/3p4/2pBn1pP/1p4P1/4P3/5R2/6K1 w - - 2 47,"{""h5h6"",""g7h6"",""f2f8""}",bishop,8,intermediate,Bishop 8 · Deflection,deflection,White to move.,1253,Casual,"{""advantage"",""deflection"",""endgame"",""short""}",A deflection — lure a defending piece away from the square it was guarding.,true,lichess,zNGvd,25692,96,{}
lc_ikIUp,2r5/p2Q3k/2P2p2/4p3/6qP/6P1/PP3P2/2R3K1 b - - 2 34,"{""g4d7"",""c6d7"",""c8c1"",""g1g2"",""c1d1""}",bishop,8,intermediate,Bishop 8 · Endgame,endgame,Black to move.,1253,Casual,"{""crushing"",""endgame"",""long""}",An endgame technique — precise play with few pieces where every tempo counts.,true,lichess,ikIUp,24739,94,{}
lc_9BGdr,r4rk1/1p3pbp/p1q3P1/8/2PBp1Q1/8/PP4PP/2R3K1 w - - 0 21,"{""g6h7"",""g8h7"",""g4g7""}",bishop,8,intermediate,Bishop 8 · Mate In2,mateIn2,White to move.,1254,Casual,"{""advancedPawn"",""attraction"",""discoveredAttack"",""kingsideAttack"",""mate"",""mateIn2"",""middlegame"",""pin"",""short""}",Checkmate in two — a forced sequence that delivers checkmate on move two.,true,lichess,9BGdr,38027,95,{}
lc_D587f,3r2rk/pp2qppp/8/3pP1R1/7Q/2PP4/P1PK3P/6R1 w - - 0 27,"{""h4h7"",""h8h7"",""g5h5""}",bishop,8,intermediate,Bishop 8 · Mate In2,mateIn2,White to move.,1254,Casual,"{""attraction"",""endgame"",""kingsideAttack"",""mate"",""mateIn2"",""sacrifice"",""short""}",Checkmate in two — a forced sequence that delivers checkmate on move two.,true,lichess,D587f,32763,96,{}
lc_TdwSi,4r2k/pp4p1/7p/3R1P1P/1bP2Q2/6N1/qBK5/4r3 w - - 2 41,"{""f4h6"",""h8g8"",""h6g7""}",bishop,8,intermediate,Bishop 8 · Mate In2,mateIn2,White to move.,1254,Casual,"{""mate"",""mateIn2"",""middlegame"",""pin"",""short""}",Checkmate in two — a forced sequence that delivers checkmate on move two.,true,lichess,TdwSi,30706,96,{}
lc_NSvSh,1r1qr1k1/5pbp/p1np1np1/1ppNp1N1/4P1bP/P2PBQP1/1PP2PB1/R3K2R w KQ - 4 14,"{""d5f6"",""d8f6"",""f3g4""}",bishop,8,intermediate,Bishop 8 · Fork,fork,White to move.,1254,Casual,"{""advantage"",""fork"",""middlegame"",""short""}","A fork — one piece attacks two enemy pieces at once, forcing a material win.",true,lichess,NSvSh,30367,95,"{""Sicilian_Defense"",""Sicilian_Defense_Lasker-Dunne_Attack""}"
lc_ynTfX,r2q1knr/4bppp/p1Qpp3/8/3PPP2/5R2/PP4PP/RNB3K1 b - - 0 12,"{""a8c8"",""c6a6"",""c8c1""}",bishop,8,intermediate,Bishop 8 · Skewer,skewer,Black to move.,1254,Casual,"{""advantage"",""middlegame"",""short"",""skewer""}","A skewer — the higher-value piece is forced to move, losing the piece behind it.",true,lichess,ynTfX,29633,96,"{""Sicilian_Defense"",""Sicilian_Defense_McDonnell_Attack""}"
lc_qIUmJ,8/1p6/p1p3k1/P3Q1pp/1P1P1P2/5KP1/3q4/8 b - - 6 75,"{""g5g4"",""f3e4"",""d2e2""}",bishop,8,intermediate,Bishop 8 · Mate In2,mateIn2,Black to move.,1254,Casual,"{""endgame"",""epauletteMate"",""mate"",""mateIn2"",""queenEndgame"",""short""}",Checkmate in two — a forced sequence that delivers checkmate on move two.,true,lichess,qIUmJ,29570,96,{}
lc_94FM4,7k/8/1R1p2rp/8/1P2K3/8/5P2/8 b - - 3 46,"{""d6d5"",""e4d5"",""g6b6""}",bishop,8,intermediate,Bishop 8 · Discovered Attack,discoveredAttack,Black to move.,1254,Casual,"{""crushing"",""discoveredAttack"",""endgame"",""master"",""rookEndgame"",""short""}",A discovered attack — moving one piece uncovers a deadly attack from another.,true,lichess,94FM4,29478,95,{}
lc_GnH31,2r3k1/3n1p1p/p3p1p1/1p2P3/3QbP1q/P1P4P/1P4P1/2NR1R1K b - - 0 32,"{""h4h3"",""h1g1"",""h3g2""}",bishop,8,intermediate,Bishop 8 · Mate In2,mateIn2,Black to move.,1254,Casual,"{""kingsideAttack"",""mate"",""mateIn2"",""middlegame"",""pin"",""short""}",Checkmate in two — a forced sequence that delivers checkmate on move two.,true,lichess,GnH31,29447,95,{}
lc_c6Hey,8/5rr1/4k2K/pppp1p2/5P2/2P1P3/PP3P2/6RR b - - 3 43,"{""g7h7"",""h6g5"",""f7g7""}",bishop,8,intermediate,Bishop 8 · Mate In2,mateIn2,Black to move.,1254,Casual,"{""endgame"",""mate"",""mateIn2"",""rookEndgame"",""short""}",Checkmate in two — a forced sequence that delivers checkmate on move two.,true,lichess,c6Hey,29352,96,{}
lc_028B5,2r5/kpQ2p2/r2R3p/4pb2/2N1q3/8/PP3P1P/K1R5 w - - 4 28,"{""d6a6"",""a7a6"",""c7a5""}",bishop,8,intermediate,Bishop 8 · Mate In2,mateIn2,White to move.,1254,Casual,"{""attraction"",""mate"",""mateIn2"",""middlegame"",""pin"",""short""}",Checkmate in two — a forced sequence that delivers checkmate on move two.,true,lichess,028B5,27531,94,{}
lc_3CCvv,r1b1kb1N/5ppp/p1p1p3/3p4/1Bqpn3/1R1Q4/P1P1NPPP/4K2R b Kq - 3 16,"{""f8b4"",""b3b4"",""c4b4""}",bishop,8,intermediate,Bishop 8 · Crushing,crushing,Black to move.,1254,Casual,"{""crushing"",""middlegame"",""short""}",Find the strongest continuation and seize the advantage.,true,lichess,3CCvv,25090,95,"{""Sicilian_Defense"",""Sicilian_Defense_Marshall_Gambit""}"
lc_kKezF,r2qkb1r/pQ3ppp/5p2/3p1b2/8/2N1P3/PP1K1PPP/n4BNR w kq - 0 11,"{""f1b5"",""f5d7"",""b5d7"",""d8d7"",""b7a8""}",bishop,9,intermediate,Bishop 9 · Crushing,crushing,White to move.,1254,Casual,"{""crushing"",""long"",""middlegame""}",Find the strongest continuation and seize the advantage.,true,lichess,kKezF,24833,95,"{""Slav_Defense"",""Slav_Defense_Other_variations""}"
lc_LjYnH,rn2kb1r/p1p2pp1/1p2p2p/4NP2/3q4/2Q5/PP3PPP/R1B1KB1R b KQkq - 0 11,"{""f8b4"",""c1d2"",""b4c3""}",bishop,9,intermediate,Bishop 9 · Pin,pin,Black to move.,1255,Casual,"{""advantage"",""opening"",""pin"",""short""}",A pin — the attacked piece can't move without exposing a more valuable piece behind it.,true,lichess,LjYnH,32430,95,"{""Queens_Gambit"",""Queens_Gambit_Other_variations""}"
lc_nS5jT,r4rk1/pb1p1p1p/1p4p1/5P1N/2B2P1q/7P/PP4P1/2RQ1R1K b - - 0 24,"{""h4h3"",""h1g1"",""h3g2""}",bishop,9,intermediate,Bishop 9 · Mate In2,mateIn2,Black to move.,1255,Casual,"{""kingsideAttack"",""mate"",""mateIn2"",""middlegame"",""pin"",""short""}",Checkmate in two — a forced sequence that delivers checkmate on move two.,true,lichess,nS5jT,30977,96,{}
lc_oSK5J,1r2b3/2q3k1/4prpb/p1ppR3/5P1N/1PP1B2P/P1Q3P1/R5K1 b - - 2 26,"{""h6f4"",""e3f4"",""f6f4"",""e5e6"",""f4h4""}",bishop,9,intermediate,Bishop 9 · Advantage,advantage,Black to move.,1255,Casual,"{""advantage"",""long"",""middlegame""}",Find the strongest continuation and seize the advantage.,true,lichess,oSK5J,29722,96,{}
lc_iphQY,R1b4k/6pp/2Qb4/8/3P1p2/2P4P/3N1qBK/8 b - - 1 40,"{""f4f3"",""c6d6"",""f2g2""}",bishop,9,intermediate,Bishop 9 · Mate In2,mateIn2,Black to move.,1255,Casual,"{""discoveredAttack"",""discoveredCheck"",""mate"",""mateIn2"",""middlegame"",""short""}",Checkmate in two — a forced sequence that delivers checkmate on move two.,true,lichess,iphQY,29515,97,{}
lc_17nQx,rn2k1nr/pp2bpp1/1qp1p3/3pPb1B/5P2/3P4/PPP1Q1P1/RNB2KNR w kq - 4 10,"{""h5f7"",""e8f7"",""h1h8""}",bishop,9,intermediate,Bishop 9 · Discovered Attack,discoveredAttack,White to move.,1255,Casual,"{""attackingF2F7"",""crushing"",""discoveredAttack"",""opening"",""short""}",A discovered attack — moving one piece uncovers a deadly attack from another.,true,lichess,17nQx,28625,95,"{""Caro-Kann_Defense"",""Caro-Kann_Defense_Other_variations""}"
lc_SkpAx,r5k1/5p2/4p1p1/3p4/1b1P4/1PP1QP2/2K2P2/q2R3R b - - 2 33,"{""a8a2"",""c2d3"",""a1c3""}",bishop,9,intermediate,Bishop 9 · Mate In2,mateIn2,Black to move.,1255,Casual,"{""endgame"",""mate"",""mateIn2"",""short""}",Checkmate in two — a forced sequence that delivers checkmate on move two.,true,lichess,SkpAx,27771,96,{}
lc_ymlMb,7k/r6p/1pp3p1/3p1qP1/p2PrP2/P3P2R/1P1B1K1R/1Q6 b - - 3 33,"{""e4f4"",""e3f4"",""f5b1""}",bishop,9,intermediate,Bishop 9 · Discovered Attack,discoveredAttack,Black to move.,1255,Casual,"{""advantage"",""discoveredAttack"",""middlegame"",""short""}",A discovered attack — moving one piece uncovers a deadly attack from another.,true,lichess,ymlMb,27712,96,{}
lc_B1592,r1b3k1/pp3q2/4p1p1/3pPnQ1/8/7R/P5BP/6K1 w - - 0 31,"{""g5d8"",""f7f8"",""h3h8"",""g8h8"",""d8f8""}",bishop,9,intermediate,Bishop 9 · Deflection,deflection,White to move.,1255,Casual,"{""advantage"",""attraction"",""deflection"",""exposedKing"",""long"",""middlegame""}",A deflection — lure a defending piece away from the square it was guarding.,true,lichess,B1592,26453,95,{}
lc_y7lRW,r2q2nr/pp1bbkpp/2np4/4pP2/3NP3/8/PPP3PP/RNBQ1RK1 w - - 0 10,"{""d1h5"",""f7f8"",""d4e6"",""d7e6"",""f5e6"",""e7f6"",""h5f7""}",bishop,9,intermediate,Bishop 9 · Fork,fork,White to move.,1256,Casual,"{""discoveredAttack"",""discoveredCheck"",""fork"",""mate"",""mateIn4"",""opening"",""veryLong""}","A fork — one piece attacks two enemy pieces at once, forcing a material win.",true,lichess,y7lRW,43223,95,"{""Sicilian_Defense"",""Sicilian_Defense_McDonnell_Attack""}"
lc_1jX9w,1k3r2/p5r1/Pp1nq3/3pN3/1P1QppPp/8/7P/3R1RK1 w - - 0 34,"{""e5c6"",""b8c7"",""d4g7""}",bishop,9,intermediate,Bishop 9 · Discovered Attack,discoveredAttack,White to move.,1256,Casual,"{""crushing"",""discoveredAttack"",""master"",""middlegame"",""short""}",A discovered attack — moving one piece uncovers a deadly attack from another.,true,lichess,1jX9w,31776,95,{}
lc_VVBWV,1r2r3/5pk1/2q1n1pp/p3P3/3p3P/1P1Q4/P4PNK/2R1R3 b - - 1 34,"{""c6g2"",""h2g2"",""e6f4"",""g2f3"",""f4d3""}",bishop,9,intermediate,Bishop 9 · Fork,fork,Black to move.,1256,Casual,"{""attraction"",""crushing"",""exposedKing"",""fork"",""long"",""middlegame"",""sacrifice""}","A fork — one piece attacks two enemy pieces at once, forcing a material win.",true,lichess,VVBWV,30711,95,{}
lc_EBCba,r2q1rk1/5p2/2pp2p1/p3p2p/P2bP2P/1B1P1b2/2PQ1P2/1R2K1R1 w - - 2 22,"{""g1g6"",""g8h7"",""d2h6""}",bishop,9,intermediate,Bishop 9 · Mate In2,mateIn2,White to move.,1256,Casual,"{""kingsideAttack"",""mate"",""mateIn2"",""middlegame"",""pin"",""short""}",Checkmate in two — a forced sequence that delivers checkmate on move two.,true,lichess,EBCba,30636,95,{}
lc_BDwV5,r4r1k/1bp4q/p1pp1pQP/4pN2/4P3/2NP4/PPP2P1P/R3K3 w Q - 1 21,"{""g6g7"",""h7g7"",""h6g7""}",bishop,9,intermediate,Bishop 9 · Advanced Pawn,advancedPawn,White to move.,1256,Casual,"{""advancedPawn"",""crushing"",""kingsideAttack"",""middlegame"",""short""}",An advanced pawn — push the passer or use its threats to win material.,true,lichess,BDwV5,29975,96,{}
lc_k7mAe,4r2k/p1q1b1pp/1p2QP2/4P3/P7/6BP/6P1/5RK1 b - - 0 27,"{""e7c5"",""g1h2"",""e8e6""}",bishop,9,intermediate,Bishop 9 · Discovered Attack,discoveredAttack,Black to move.,1256,Casual,"{""crushing"",""discoveredAttack"",""endgame"",""short""}",A discovered attack — moving one piece uncovers a deadly attack from another.,true,lichess,k7mAe,29172,95,{}
lc_JydUg,8/4k2p/4P2p/8/1b4P1/2p4P/B2p2K1/3R4 b - - 0 46,"{""c3c2"",""a2b3"",""c2c1q""}",bishop,9,intermediate,Bishop 9 · Promotion,promotion,Black to move.,1256,Casual,"{""advancedPawn"",""crushing"",""endgame"",""promotion"",""short""}",Pawn promotion — advance the pawn to its final rank and choose your new piece wisely.,true,lichess,JydUg,27844,95,{}
lc_m8etT,6k1/5pp1/2pq1r1p/1p3Q2/3P4/2P3P1/5PKP/R7 w - - 1 30,"{""a1a8"",""d6f8"",""a8f8""}",bishop,9,intermediate,Bishop 9 · Endgame,endgame,White to move.,1256,Casual,"{""crushing"",""endgame"",""short""}",An endgame technique — precise play with few pieces where every tempo counts.,true,lichess,m8etT,27694,94,{}
lc_1jKEd,r4rk1/pp3pp1/2p4p/8/4P3/1B2QPqn/PPP5/R3N1RK b - - 4 23,"{""h3f2"",""e3f2"",""g3f2""}",bishop,9,intermediate,Bishop 9 · Crushing,crushing,Black to move.,1256,Casual,"{""crushing"",""kingsideAttack"",""middlegame"",""short""}",Find the strongest continuation and seize the advantage.,true,lichess,1jKEd,27605,95,{}
lc_agCZ4,r4rk1/pp4p1/6q1/2p5/1n2p2R/1P3N2/1P3PP1/K6Q w - - 0 27,"{""h4h8"",""g8f7"",""f3e5"",""f7e6"",""e5g6"",""f8h8"",""g6h8""}",bishop,9,intermediate,Bishop 9 · Fork,fork,White to move.,1256,Casual,"{""crushing"",""fork"",""middlegame"",""veryLong""}","A fork — one piece attacks two enemy pieces at once, forcing a material win.",true,lichess,agCZ4,27386,95,{}
lc_rjaXk,2r1kr2/pp1b2pp/4p1p1/2Npq3/1P6/P4Q2/5PPP/R4RK1 w - - 2 20,"{""f3f8"",""e8f8"",""c5d7"",""f8e7"",""d7e5""}",bishop,9,intermediate,Bishop 9 · Fork,fork,White to move.,1256,Casual,"{""attraction"",""crushing"",""exposedKing"",""fork"",""long"",""middlegame""}","A fork — one piece attacks two enemy pieces at once, forcing a material win.",true,lichess,rjaXk,27184,94,"{""French_Defense"",""French_Defense_Advance_Variation""}"
lc_8ZqVf,2r1r3/1p3k2/4bp2/1P1Nb1pp/P3P3/R4PnP/5BP1/2RQ2K1 b - - 4 38,"{""c8c1"",""d1c1"",""g3e2"",""g1h1"",""e2c1""}",bishop,9,intermediate,Bishop 9 · Fork,fork,Black to move.,1256,Casual,"{""advantage"",""attraction"",""fork"",""long"",""middlegame"",""pin""}","A fork — one piece attacks two enemy pieces at once, forcing a material win.",true,lichess,8ZqVf,27062,95,{}
lc_5ZsYU,1k6/p2r1Q2/Bp1r1b1p/6p1/2PPR3/P4P2/KP4P1/3q4 w - - 6 38,"{""e4e8"",""f6d8"",""e8d8"",""d7d8"",""f7b7""}",bishop,9,intermediate,Bishop 9 · Mate In3,mateIn3,White to move.,1256,Casual,"{""long"",""mate"",""mateIn3"",""middlegame"",""queensideAttack"",""sacrifice""}",Checkmate in three — calculate the forcing line all the way to mate.,true,lichess,5ZsYU,27034,96,{}
lc_o85Bs,k3r2r/pp1N4/3bp3/Bp6/3Pn1P1/1P2PP1p/P5P1/2R2RK1 b - - 0 27,"{""h3h2"",""g1h1"",""e4g3""}",bishop,9,intermediate,Bishop 9 · Mate In2,mateIn2,Black to move.,1256,Casual,"{""advancedPawn"",""kingsideAttack"",""mate"",""mateIn2"",""middlegame"",""short""}",Checkmate in two — a forced sequence that delivers checkmate on move two.,true,lichess,o85Bs,27031,95,{}
lc_zRpZB,r6r/pN1b4/7p/2pkP3/5b1P/3Pn1p1/PPP1Q2N/5R1K b - - 1 32,"{""g3g2"",""e2g2"",""e3g2""}",bishop,9,intermediate,Bishop 9 · Fork,fork,Black to move.,1256,Casual,"{""advancedPawn"",""crushing"",""fork"",""middlegame"",""short""}","A fork — one piece attacks two enemy pieces at once, forcing a material win.",true,lichess,zRpZB,26974,95,{}
lc_U8M43,2k4r/pppq1r2/8/b2pPnpp/3N1P2/2P1B2Q/PP1NK3/R4R2 b - - 1 23,"{""f5d4"",""e3d4"",""d7h3""}",bishop,9,intermediate,Bishop 9 · Discovered Attack,discoveredAttack,Black to move.,1256,Casual,"{""crushing"",""discoveredAttack"",""middlegame"",""short""}",A discovered attack — moving one piece uncovers a deadly attack from another.,true,lichess,U8M43,26810,96,{}
lc_XNTZn,4r1k1/5pp1/1p5p/8/P1Qq4/5P2/2R3PP/5K2 b - - 11 36,"{""d4d1"",""f1f2"",""d1e1""}",bishop,9,intermediate,Bishop 9 · Mate In2,mateIn2,Black to move.,1256,Casual,"{""endgame"",""mate"",""mateIn2"",""short""}",Checkmate in two — a forced sequence that delivers checkmate on move two.,true,lichess,XNTZn,26368,97,{}
lc_g4a2s,1k3rR1/ppp4p/3pQ2p/4b3/3p4/P4q1P/1PP5/1K6 w - - 4 26,"{""e6e8"",""f8e8"",""g8e8""}",bishop,9,intermediate,Bishop 9 · Mate In2,mateIn2,White to move.,1256,Casual,"{""backRankMate"",""endgame"",""mate"",""mateIn2"",""sacrifice"",""short"",""xRayAttack""}",Checkmate in two — a forced sequence that delivers checkmate on move two.,true,lichess,g4a2s,24822,96,{}
lc_X2uUk,r3k2r/1pp2pp1/p1n1p1p1/q2p4/3P1PP1/P1n1P3/2QN3P/R3KB1R w KQkq - 1 15,"{""d2b3"",""a5b6"",""c2c3""}",bishop,9,intermediate,Bishop 9 · Advantage,advantage,White to move.,1256,Casual,"{""advantage"",""middlegame"",""short""}",Find the strongest continuation and seize the advantage.,true,lichess,X2uUk,24301,95,"{""Queens_Pawn_Game"",""Queens_Pawn_Game_Accelerated_London_System""}"
lc_seate,1r2k3/5p2/3p1P2/1p1PpB1p/1P6/4q1rP/1P6/2Q2R1K w - - 6 32,"{""c1c6"",""e8f8"",""c6d6"",""f8g8"",""d6b8""}",bishop,9,intermediate,Bishop 9 · Mate In3,mateIn3,White to move.,1256,Casual,"{""endgame"",""fork"",""long"",""mate"",""mateIn3""}",Checkmate in three — calculate the forcing line all the way to mate.,true,lichess,seate,24248,97,{}
lc_irdBO,r1b1kr2/p1pp1qp1/2n2n1p/1pbNp3/2B1P3/8/PPPP1PPP/R1BQK2R w KQq - 0 10,"{""d5c7"",""e8d8"",""c4f7""}",bishop,9,intermediate,Bishop 9 · Fork,fork,White to move.,1257,Casual,"{""advantage"",""discoveredAttack"",""fork"",""opening"",""short""}","A fork — one piece attacks two enemy pieces at once, forcing a material win.",true,lichess,irdBO,32397,96,"{""Four_Knights_Game"",""Four_Knights_Game_Italian_Variation""}"
lc_qljhr,4r1r1/1pp2p1k/p3pBpp/2P1P3/5PRQ/1P2q2P/P5PK/8 w - - 7 38,"{""h4h6"",""h7h6"",""g4h4""}",bishop,9,intermediate,Bishop 9 · Mate In2,mateIn2,White to move.,1257,Casual,"{""attraction"",""endgame"",""mate"",""mateIn2"",""pillsburysMate"",""sacrifice"",""short""}",Checkmate in two — a forced sequence that delivers checkmate on move two.,true,lichess,qljhr,29914,97,{}
lc_CH1Wq,2kr4/pp3Rp1/2p1p3/3pP1qr/3P4/3QP3/PPP4P/5R1K b - - 2 20,"{""h5h2"",""h1h2"",""d8h8"",""d3h7"",""h8h7""}",bishop,9,intermediate,Bishop 9 · Mate In3,mateIn3,Black to move.,1257,Casual,"{""attraction"",""endgame"",""kingsideAttack"",""long"",""mate"",""mateIn3"",""sacrifice""}",Checkmate in three — calculate the forcing line all the way to mate.,true,lichess,CH1Wq,29841,96,{}
lc_WnJ8n,1r3k2/6pp/8/1NRnpp2/1P6/P5P1/4KP1P/8 b - - 1 28,"{""b8b5"",""c5b5"",""d5c3"",""e2d3"",""c3b5""}",bishop,9,intermediate,Bishop 9 · Fork,fork,Black to move.,1257,Casual,"{""advantage"",""attraction"",""endgame"",""fork"",""long"",""master"",""sacrifice""}","A fork — one piece attacks two enemy pieces at once, forcing a material win.",true,lichess,WnJ8n,28370,96,{}
lc_EsEmH,r5k1/p4pp1/1pp4p/7r/1P1B1n1q/P4QN1/5PP1/3RR1K1 b - - 2 29,"{""h4h2"",""g1f1"",""h2h1"",""g3h1"",""h5h1""}",bishop,9,intermediate,Bishop 9 · Mate In3,mateIn3,Black to move.,1257,Casual,"{""kingsideAttack"",""long"",""mate"",""mateIn3"",""middlegame"",""sacrifice""}",Checkmate in three — calculate the forcing line all the way to mate.,true,lichess,EsEmH,26615,95,{}
lc_faulM,2Rq1rk1/4bppp/3p1n2/4p3/4P3/4B3/PP2bPPP/3Q1RK1 w - - 0 18,"{""c8d8"",""e2d1"",""d8f8"",""g8f8"",""f1d1""}",bishop,9,intermediate,Bishop 9 · Crushing,crushing,White to move.,1257,Casual,"{""crushing"",""long"",""middlegame""}",Find the strongest continuation and seize the advantage.,true,lichess,faulM,26115,95,"{""Sicilian_Defense"",""Sicilian_Defense_Taimanov_Variation""}"
lc_NWRLt,r4rk1/pp3pp1/5n2/1N5p/P1PpPB1q/3P1R2/4B3/R2Q1K2 b - - 5 24,"{""h4h1"",""f1f2"",""f6g4"",""f2g3"",""h1h2""}",bishop,9,intermediate,Bishop 9 · Mate In3,mateIn3,Black to move.,1257,Casual,"{""exposedKing"",""long"",""mate"",""mateIn3"",""middlegame""}",Checkmate in three — calculate the forcing line all the way to mate.,true,lichess,NWRLt,25074,97,{}
lc_rdhAR,3q2k1/2p3pp/3r4/2QbrB2/3R2P1/1P2P3/P3KP1P/3R4 b - - 10 26,"{""d5f3"",""e2f3"",""e5c5""}",bishop,9,intermediate,Bishop 9 · Discovered Attack,discoveredAttack,Black to move.,1258,Casual,"{""advantage"",""discoveredAttack"",""middlegame"",""short""}",A discovered attack — moving one piece uncovers a deadly attack from another.,true,lichess,rdhAR,31747,97,{}
lc_Zgx6L,r1b2rk1/pp3p1p/2npp1p1/q7/P3P3/1Pb5/1B1NBPPP/1R1Q1RK1 w - - 0 14,"{""d2c4"",""a5g5"",""b2c3""}",bishop,9,intermediate,Bishop 9 · Crushing,crushing,White to move.,1258,Casual,"{""crushing"",""opening"",""short""}",Find the strongest continuation and seize the advantage.,true,lichess,Zgx6L,30978,96,"{""Sicilian_Defense"",""Sicilian_Defense_Dragon_Variation""}"
lc_hY9sV,r1bqk1nr/pp3p1p/4p1p1/2p5/3bPP2/2P5/PP2N1PP/R1BQKB1R b KQkq - 0 10,"{""d4f2"",""e1f2"",""d8d1""}",bishop,9,intermediate,Bishop 9 · Discovered Attack,discoveredAttack,Black to move.,1258,Casual,"{""crushing"",""deflection"",""discoveredAttack"",""opening"",""short""}",A discovered attack — moving one piece uncovers a deadly attack from another.,true,lichess,hY9sV,29843,97,"{""Sicilian_Defense"",""Sicilian_Defense_Closed""}"
lc_j9Wpr,r4rk1/pp4b1/2p1b3/3pP2q/3P1N2/P2B2Q1/1P3KP1/R4R2 b - - 0 22,"{""f8f4"",""g3f4"",""a8f8"",""f2g1"",""f8f4""}",bishop,9,intermediate,Bishop 9 · Pin,pin,Black to move.,1258,Casual,"{""attraction"",""clearance"",""crushing"",""long"",""middlegame"",""pin"",""sacrifice""}",A pin — the attacked piece can't move without exposing a more valuable piece behind it.,true,lichess,j9Wpr,28973,94,{}
lc_BSYSQ,rnb2rk1/pp3ppp/4p3/3p4/1bP1n3/1P2PN2/qBQN1PPP/3RKB1R w K - 0 11,"{""d1a1"",""a2b2"",""c2b2""}",bishop,9,intermediate,Bishop 9 · Trapped Piece,trappedPiece,White to move.,1258,Casual,"{""advantage"",""opening"",""short"",""trappedPiece""}",A trapped piece — the enemy piece has no safe squares and can be won.,true,lichess,BSYSQ,28203,95,"{""Indian_Defense"",""Indian_Defense_Knights_Variation""}"
lc_qBUlv,2R5/ppb1q1pk/4p2p/3pN3/P7/4P2P/PB3PP1/6K1 w - - 4 28,"{""c8h8"",""h7h8"",""e5g6"",""h8g8"",""g6e7""}",bishop,9,intermediate,Bishop 9 · Fork,fork,White to move.,1258,Casual,"{""advantage"",""attraction"",""endgame"",""fork"",""long"",""sacrifice""}","A fork — one piece attacks two enemy pieces at once, forcing a material win.",true,lichess,qBUlv,27558,97,{}
lc_cecfb,4k3/4P3/4KP2/3r4/4P3/5P2/8/q1n5 w - - 0 55,"{""f6f7""}",bishop,9,intermediate,Bishop 9 · Mate In1,mateIn1,White to move.,1258,Casual,"{""advancedPawn"",""endgame"",""mate"",""mateIn1"",""oneMove""}",Checkmate in one — find the single move that ends the game immediately.,true,lichess,cecfb,27310,96,{}
lc_928B7,8/1P1k1p2/4p3/3bPpB1/5P1P/7r/1R3K2/8 b - - 0 48,"{""h3h2"",""f2g3"",""h2b2""}",bishop,9,intermediate,Bishop 9 · Skewer,skewer,Black to move.,1258,Casual,"{""advantage"",""endgame"",""short"",""skewer""}","A skewer — the higher-value piece is forced to move, losing the piece behind it.",true,lichess,928B7,26213,95,{}
lc_da9Yh,8/5pk1/4p1pp/1p2P3/pPpq1P2/P4QPP/3r1NK1/3R4 b - - 13 44,"{""d2f2"",""f3f2"",""d4d1""}",bishop,9,intermediate,Bishop 9 · Fork,fork,Black to move.,1258,Casual,"{""crushing"",""deflection"",""discoveredAttack"",""endgame"",""fork"",""master"",""short""}","A fork — one piece attacks two enemy pieces at once, forcing a material win.",true,lichess,da9Yh,25281,96,{}
lc_f1Rty,r4rk1/2p2ppp/p1n1p3/1p1q4/3PN1Q1/2P1P1P1/PP4PP/R3K2R b KQ - 2 15,"{""f7f5"",""e4f6"",""f8f6""}",bishop,9,intermediate,Bishop 9 · Fork,fork,Black to move.,1258,Casual,"{""advantage"",""fork"",""middlegame"",""short""}","A fork — one piece attacks two enemy pieces at once, forcing a material win.",true,lichess,f1Rty,24586,96,"{""Queens_Pawn_Game"",""Queens_Pawn_Game_Zukertort_Variation""}"
lc_LmtYM,1k1r4/3q2p1/pb3p2/1pB1pP2/1Pn1Q1Pp/1N3B1P/P7/K7 w - - 7 45,"{""e4a8"",""b8c7"",""a8b7""}",bishop,9,intermediate,Bishop 9 · Mate In2,mateIn2,White to move.,1258,Casual,"{""mate"",""mateIn2"",""middlegame"",""queensideAttack"",""short""}",Checkmate in two — a forced sequence that delivers checkmate on move two.,true,lichess,LmtYM,23968,95,{}
lc_Ph9Oz,3n3r/p2Pk1p1/2PR1p1p/8/6P1/8/P7/6K1 w - - 1 35,"{""c6c7"",""e7d6"",""c7c8q""}",bishop,9,intermediate,Bishop 9 · Promotion,promotion,White to move.,1258,Casual,"{""advancedPawn"",""advantage"",""endgame"",""promotion"",""short""}",Pawn promotion — advance the pawn to its final rank and choose your new piece wisely.,true,lichess,Ph9Oz,23962,94,{}
lc_8Gl44,8/k2r1p2/4p3/1R3pPp/3r3P/1R2KP2/1P6/8 b - - 1 55,"{""f5f4"",""e3f2"",""d4d2"",""f2f1"",""d2d1"",""f1g2"",""d7d2"",""g2h3"",""d1h1""}",bishop,9,intermediate,Bishop 9 · Rook Endgame,rookEndgame,Black to move.,1259,Casual,"{""endgame"",""master"",""mate"",""mateIn5"",""rookEndgame"",""veryLong""}",A rook endgame — master the Lucena and Philidor ideas to convert.,true,lichess,8Gl44,39841,96,{}
lc_G388E,3R4/7P/6K1/8/pkn5/8/1b6/8 w - - 2 47,"{""d8b8"",""b4a3"",""b8b2""}",bishop,9,intermediate,Bishop 9 · Endgame,endgame,White to move.,1259,Casual,"{""crushing"",""endgame"",""short""}",An endgame technique — precise play with few pieces where every tempo counts.,true,lichess,G388E,30491,95,{}
lc_29n9V,3R1bk1/1b2pp1p/2p3p1/q7/2nQPP2/7P/PP4PK/8 w - - 6 26,"{""d8f8"",""g8f8"",""d4h8""}",bishop,9,intermediate,Bishop 9 · Mate In2,mateIn2,White to move.,1259,Casual,"{""attraction"",""endgame"",""mate"",""mateIn2"",""sacrifice"",""short""}",Checkmate in two — a forced sequence that delivers checkmate on move two.,true,lichess,29n9V,29519,95,{}
lc_wn2T4,8/8/p2k1p2/P1p2r2/P1Pp3p/4N2P/4K1P1/3R4 b - - 0 49,"{""f5e5"",""e2f3"",""e5e3""}",bishop,9,intermediate,Bishop 9 · Endgame,endgame,Black to move.,1259,Casual,"{""advantage"",""endgame"",""short""}",An endgame technique — precise play with few pieces where every tempo counts.,true,lichess,wn2T4,29466,96,{}
lc_4sXMV,3rkbnr/ppp1pppp/8/4P3/3n1P2/2NK4/PPP3PP/R1B3NR b k - 4 10,"{""d4b3"",""d3c4"",""b3a1""}",bishop,9,intermediate,Bishop 9 · Discovered Attack,discoveredAttack,Black to move.,1259,Casual,"{""crushing"",""discoveredAttack"",""discoveredCheck"",""middlegame"",""short""}",A discovered attack — moving one piece uncovers a deadly attack from another.,true,lichess,4sXMV,28416,96,"{""Scandinavian_Defense"",""Scandinavian_Defense_Mieses-Kotroc_Variation""}"
lc_ZaVGc,q4r1k/4Nppp/4pn2/2pp4/3P1B2/Q3P3/Pr3PPP/RN2K2R b KQ - 2 17,"{""b2b1"",""a1b1"",""a8a3""}",bishop,9,intermediate,Bishop 9 · Advantage,advantage,Black to move.,1259,Casual,"{""advantage"",""middlegame"",""short""}",Find the strongest continuation and seize the advantage.,true,lichess,ZaVGc,27998,96,"{""Queens_Pawn_Game"",""Queens_Pawn_Game_Accelerated_London_System""}"
lc_z7luv,8/pp4RR/1kp5/8/2PK4/7r/7r/8 w - - 0 38,"{""g7b7"",""b6a5"",""b7a7"",""a5b4"",""h7b7""}",bishop,9,intermediate,Bishop 9 · Mate In3,mateIn3,White to move.,1259,Casual,"{""deflection"",""endgame"",""long"",""mate"",""mateIn3"",""rookEndgame""}",Checkmate in three — calculate the forcing line all the way to mate.,true,lichess,z7luv,27325,96,{}
lc_EY3OQ,rn3rk1/ppp2ppp/5n2/3P4/1qP3b1/2N2P2/PP2Q1PP/R3KBNR b KQ - 0 12,"{""f8e8"",""e1c1"",""e8e2""}",bishop,9,intermediate,Bishop 9 · Pin,pin,Black to move.,1259,Casual,"{""advantage"",""opening"",""pin"",""short""}",A pin — the attacked piece can't move without exposing a more valuable piece behind it.,true,lichess,EY3OQ,27302,96,"{""Scandinavian_Defense"",""Scandinavian_Defense_Icelandic-Palme_Gambit""}"
lc_70Y64,4r3/pb3pbk/1p2pB1p/7Q/2P4N/6P1/5P2/3rR1K1 b - - 0 34,"{""d1e1"",""g1h2"",""e1h1""}",bishop,9,intermediate,Bishop 9 · Mate In2,mateIn2,Black to move.,1259,Casual,"{""hangingPiece"",""mate"",""mateIn2"",""middlegame"",""operaMate"",""short""}",Checkmate in two — a forced sequence that delivers checkmate on move two.,true,lichess,70Y64,25607,95,{}
lc_12sXu,5r2/1p1P1kb1/p6p/2pN1p2/2P4p/1P1n1P2/1P2RP1P/6K1 w - - 0 27,"{""e2e7"",""f7g8"",""e7e8""}",bishop,9,intermediate,Bishop 9 · Endgame,endgame,White to move.,1259,Casual,"{""crushing"",""endgame"",""master"",""short""}",An endgame technique — precise play with few pieces where every tempo counts.,true,lichess,12sXu,24776,95,{}
lc_J2DhN,2r3k1/5p1p/R1r3p1/p2R4/1b2B3/5P1P/P5P1/7K w - - 3 39,"{""a6c6"",""c8c6"",""d5d8"",""g8g7"",""e4c6""}",bishop,9,intermediate,Bishop 9 · Discovered Attack,discoveredAttack,White to move.,1260,Casual,"{""advantage"",""discoveredAttack"",""endgame"",""long""}",A discovered attack — moving one piece uncovers a deadly attack from another.,true,lichess,J2DhN,33651,95,{}
lc_JJ6Ls,r2q1rk1/ppp2ppp/2n1p3/3pPb2/4n3/PP2PP2/1BPN2PP/R2QKB1R b KQ - 0 10,"{""d8h4"",""g2g3"",""e4g3"",""h2g3"",""h4h1""}",bishop,9,intermediate,Bishop 9 · Advantage,advantage,Black to move.,1260,Casual,"{""advantage"",""long"",""opening""}",Find the strongest continuation and seize the advantage.,true,lichess,JJ6Ls,33007,95,"{""Queens_Pawn_Game"",""Queens_Pawn_Game_Chigorin_Variation""}"
lc_VRfVt,r2qk2r/ppp2ppp/4p3/4b3/4p3/3QP3/PPP1K1PP/R1B4R w kq - 0 13,"{""d3b5"",""d8d7"",""b5e5""}",bishop,9,intermediate,Bishop 9 · Fork,fork,White to move.,1260,Casual,"{""advantage"",""fork"",""middlegame"",""short""}","A fork — one piece attacks two enemy pieces at once, forcing a material win.",true,lichess,VRfVt,32151,95,"{""Queens_Pawn_Game"",""Queens_Pawn_Game_Chigorin_Variation""}"
lc_yymK4,4r1k1/p4p2/2bp1P1p/2p5/2P2N2/4q3/2P3PP/3Q1R1K w - - 3 32,"{""d1g4"",""g8h7"",""g4g7""}",bishop,9,intermediate,Bishop 9 · Mate In2,mateIn2,White to move.,1260,Casual,"{""endgame"",""mate"",""mateIn2"",""short""}",Checkmate in two — a forced sequence that delivers checkmate on move two.,true,lichess,yymK4,31919,96,{}
lc_Bs4th,8/5pkp/5p2/8/6P1/4KP1P/prN1R3/8 b - - 2 45,"{""b2c2"",""e2c2"",""a2a1q""}",bishop,9,intermediate,Bishop 9 · Promotion,promotion,Black to move.,1260,Casual,"{""advancedPawn"",""advantage"",""endgame"",""promotion"",""short""}",Pawn promotion — advance the pawn to its final rank and choose your new piece wisely.,true,lichess,Bs4th,29527,96,{}
lc_la1XT,6k1/ppp2pp1/5R1p/1P5n/P1B1Q3/1P5P/3q2P1/7K b - - 0 28,"{""h5g3"",""h1h2"",""g3e4""}",bishop,9,intermediate,Bishop 9 · Fork,fork,Black to move.,1260,Casual,"{""advantage"",""endgame"",""fork"",""short""}","A fork — one piece attacks two enemy pieces at once, forcing a material win.",true,lichess,la1XT,28513,96,{}
lc_AdBJa,1k6/p5p1/8/1p2qPQ1/4P3/3p4/KP4pr/2B5 w - - 0 37,"{""c1f4"",""e5f4"",""g5f4"",""b8b7"",""f4h2""}",bishop,9,intermediate,Bishop 9 · Fork,fork,White to move.,1260,Casual,"{""crushing"",""endgame"",""fork"",""long"",""pin""}","A fork — one piece attacks two enemy pieces at once, forcing a material win.",true,lichess,AdBJa,27628,96,{}
lc_1yEH7,2r3k1/pp3ppp/2b1p3/1B2P3/P2r4/2RP4/5PPP/R4K2 b - - 3 27,"{""c6g2"",""f1g2"",""c8c3""}",bishop,9,intermediate,Bishop 9 · Discovered Attack,discoveredAttack,Black to move.,1260,Casual,"{""crushing"",""discoveredAttack"",""endgame"",""short""}",A discovered attack — moving one piece uncovers a deadly attack from another.,true,lichess,1yEH7,27609,95,{}
lc_uLolY,1r2k2r/3nppbp/p2p1np1/2p5/2P1P3/1qQPBN2/1PNK1PPP/2R4R b k - 3 16,"{""f6e4"",""d3e4"",""g7c3""}",bishop,9,intermediate,Bishop 9 · Discovered Attack,discoveredAttack,Black to move.,1260,Casual,"{""crushing"",""discoveredAttack"",""middlegame"",""short""}",A discovered attack — moving one piece uncovers a deadly attack from another.,true,lichess,uLolY,26781,96,"{""Sicilian_Defense"",""Sicilian_Defense_Delayed_Alapin""}"
lc_M7Ifc,r7/ppk4p/2B2p2/2b2np1/3p1p2/1PPR4/PB1P2PP/R5K1 b - - 0 21,"{""d4c3"",""g1f1"",""c3b2""}",bishop,9,intermediate,Bishop 9 · Discovered Attack,discoveredAttack,Black to move.,1260,Casual,"{""advancedPawn"",""crushing"",""discoveredAttack"",""discoveredCheck"",""middlegame"",""short""}",A discovered attack — moving one piece uncovers a deadly attack from another.,true,lichess,M7Ifc,26495,95,{}
lc_kwUbW,2r5/1r3pp1/k3p3/ppBpPnPp/3P1P2/1RPK4/7P/R7 w - - 2 32,"{""a1a5"",""a6a5"",""b3a3""}",bishop,9,intermediate,Bishop 9 · Mate In2,mateIn2,White to move.,1260,Casual,"{""attraction"",""endgame"",""mate"",""mateIn2"",""pillsburysMate"",""sacrifice"",""short""}",Checkmate in two — a forced sequence that delivers checkmate on move two.,true,lichess,kwUbW,26223,95,{}
lc_kJ7fW,8/5b2/8/3p4/1Nk1rp2/2P2K2/1P6/3R4 b - - 2 57,"{""f7h5"",""f3f2"",""h5d1""}",bishop,9,intermediate,Bishop 9 · Skewer,skewer,Black to move.,1260,Casual,"{""crushing"",""endgame"",""short"",""skewer""}","A skewer — the higher-value piece is forced to move, losing the piece behind it.",true,lichess,kJ7fW,25607,96,{}
lc_xJzXG,2Q5/R4pk1/8/2Rp4/3P2p1/3r4/5nPK/8 b - - 0 42,"{""g4g3"",""h2g1"",""d3d1""}",bishop,9,intermediate,Bishop 9 · Mate In2,mateIn2,Black to move.,1260,Casual,"{""endgame"",""mate"",""mateIn2"",""short""}",Checkmate in two — a forced sequence that delivers checkmate on move two.,true,lichess,xJzXG,25361,97,{}
lc_ppX8E,r1b1kb1r/pppnq1pp/2p2p2/4N3/3P4/2P5/PP2QPPP/RNB2RK1 w kq - 0 10,"{""e2h5"",""g7g6"",""e5g6"",""h7g6"",""h5h8""}",bishop,9,intermediate,Bishop 9 · Advantage,advantage,White to move.,1260,Casual,"{""advantage"",""long"",""opening""}",Find the strongest continuation and seize the advantage.,true,lichess,ppX8E,24968,95,"{""Ruy_Lopez"",""Ruy_Lopez_Berlin_Defense""}"
lc_kMYSe,2k5/pp1r3r/2p5/3nB2R/8/2P5/PP6/2K2R2 w - - 0 33,"{""f1f8"",""d7d8"",""f8d8"",""c8d8"",""h5h7""}",bishop,9,intermediate,Bishop 9 · Endgame,endgame,White to move.,1260,Casual,"{""crushing"",""endgame"",""long""}",An endgame technique — precise play with few pieces where every tempo counts.,true,lichess,kMYSe,24752,96,{}
lc_heumr,r3r1k1/ppb2ppp/2pq4/2N2b2/3P2B1/2P3P1/PP3P2/R2QR1K1 b - - 3 22,"{""e8e1"",""d1e1"",""f5g4""}",bishop,9,intermediate,Bishop 9 · Crushing,crushing,Black to move.,1260,Casual,"{""crushing"",""kingsideAttack"",""middlegame"",""short""}",Find the strongest continuation and seize the advantage.,true,lichess,heumr,24631,95,{}
lc_1CwqP,6k1/r5p1/4p1N1/8/3P1K2/2n1P2P/6P1/5R2 b - - 2 34,"{""a7f7"",""f4e5"",""f7f1""}",bishop,9,intermediate,Bishop 9 · Skewer,skewer,Black to move.,1260,Casual,"{""advantage"",""endgame"",""short"",""skewer""}","A skewer — the higher-value piece is forced to move, losing the piece behind it.",true,lichess,1CwqP,24519,95,{}
lc_DD1GU,2r1k2r/pp2b1p1/4N1q1/2p1Qp2/3n3p/2NP3P/PPP2PP1/1RB1R1K1 b k - 0 17,"{""d4f3"",""g1h1"",""f3e5""}",bishop,9,intermediate,Bishop 9 · Pin,pin,Black to move.,1261,Casual,"{""advantage"",""middlegame"",""pin"",""short""}",A pin — the attacked piece can't move without exposing a more valuable piece behind it.,true,lichess,DD1GU,36517,97,"{""Sicilian_Defense"",""Sicilian_Defense_Old_Sicilian""}"
lc_vuEuG,r4rk1/ppp2p2/3p4/6n1/2B2p1p/1P6/PBPP1P2/2K1R3 w - - 2 22,"{""e1g1"",""g8h7"",""g1g5""}",bishop,9,intermediate,Bishop 9 · Pin,pin,White to move.,1261,Casual,"{""advantage"",""endgame"",""pin"",""short""}",A pin — the attacked piece can't move without exposing a more valuable piece behind it.,true,lichess,vuEuG,30800,96,{}
lc_pCQhe,8/4r3/8/5K2/1p1kB3/1Rb2P2/3r4/3R4 w - - 8 52,"{""d1d2"",""c3d2"",""b3d3"",""d4c4"",""d3d2""}",bishop,9,intermediate,Bishop 9 · Fork,fork,White to move.,1261,Casual,"{""advantage"",""endgame"",""fork"",""long""}","A fork — one piece attacks two enemy pieces at once, forcing a material win.",true,lichess,pCQhe,30789,96,{}
lc_ac2Qw,8/6p1/p3p1p1/5pk1/3b4/P2q1B2/1P4PQ/K1R5 b - - 1 32,"{""d3a3"",""a1b1"",""a3b2""}",bishop,9,intermediate,Bishop 9 · Mate In2,mateIn2,Black to move.,1261,Casual,"{""endgame"",""mate"",""mateIn2"",""pin"",""short""}",Checkmate in two — a forced sequence that delivers checkmate on move two.,true,lichess,ac2Qw,29973,95,{}
lc_wnFN6,4rk2/p1p2p1p/2n3p1/1rP1RbB1/8/5NPP/P4P2/R1K5 w - - 10 24,"{""g5h6"",""f8g8"",""e5e8""}",bishop,9,intermediate,Bishop 9 · Mate In2,mateIn2,White to move.,1261,Casual,"{""deflection"",""mate"",""mateIn2"",""middlegame"",""pillsburysMate"",""short""}",Checkmate in two — a forced sequence that delivers checkmate on move two.,true,lichess,wnFN6,29930,96,{}
lc_LziBU,8/8/p1P2k1p/1p4p1/1P1K2P1/7P/P1p4r/4R3 b - - 0 39,"{""h2d2"",""d4c3"",""d2d1"",""c3c2"",""d1e1""}",bishop,9,intermediate,Bishop 9 · Rook Endgame,rookEndgame,Black to move.,1261,Casual,"{""crushing"",""endgame"",""long"",""rookEndgame""}",A rook endgame — master the Lucena and Philidor ideas to convert.,true,lichess,LziBU,29015,96,{}
lc_E9GoT,8/pp3r1k/3Q3N/6K1/1P2P3/8/P4P2/2r4q w - - 3 44,"{""d6g6"",""h7h8"",""h6f7""}",bishop,9,intermediate,Bishop 9 · Mate In2,mateIn2,White to move.,1261,Casual,"{""cornerMate"",""endgame"",""fork"",""master"",""mate"",""mateIn2"",""short""}",Checkmate in two — a forced sequence that delivers checkmate on move two.,true,lichess,E9GoT,28473,96,{}
lc_HukoA,6k1/6b1/3p1p2/3P4/1p2P3/8/p5KP/3Q4 b - - 1 41,"{""f6f5"",""d1b3"",""a2a1q""}",bishop,9,intermediate,Bishop 9 · Promotion,promotion,Black to move.,1261,Casual,"{""advancedPawn"",""crushing"",""endgame"",""promotion"",""short""}",Pawn promotion — advance the pawn to its final rank and choose your new piece wisely.,true,lichess,HukoA,28208,96,{}
lc_P1Fq7,r1b1kb1r/ppp2ppp/2n2n2/3p4/2BPq3/2P5/PP3PPP/RNBQ1RK1 w kq d6 0 10,"{""f1e1"",""e4e1"",""d1e1""}",bishop,9,intermediate,Bishop 9 · Pin,pin,White to move.,1261,Casual,"{""advantage"",""opening"",""pin"",""short""}",A pin — the attacked piece can't move without exposing a more valuable piece behind it.,true,lichess,P1Fq7,27791,94,"{""Italian_Game"",""Italian_Game_Blackburne-Kostic_Gambit""}"
lc_BHyb0,5rk1/2q1p1bp/2p3p1/p1QpP3/1r3Pb1/2NB4/PPP3P1/2K2R1R w - - 6 19,"{""c3d5"",""c6d5"",""c5c7""}",bishop,9,intermediate,Bishop 9 · Crushing,crushing,White to move.,1261,Casual,"{""crushing"",""middlegame"",""short""}",Find the strongest continuation and seize the advantage.,true,lichess,BHyb0,27186,95,"{""Sicilian_Defense"",""Sicilian_Defense_Hyperaccelerated_Fianchetto""}"
lc_ymfWp,5r2/5kp1/1p2pp1p/2P1b3/1P6/4PNP1/3BKP1P/r1R5 w - - 3 30,"{""f3e5"",""f6e5"",""c1a1""}",bishop,9,intermediate,Bishop 9 · Endgame,endgame,White to move.,1261,Casual,"{""crushing"",""endgame"",""short""}",An endgame technique — precise play with few pieces where every tempo counts.,true,lichess,ymfWp,25960,96,{}
lc_XEVV8,1r1qr3/pb2kppp/1p2p2n/1Q2P3/1P1p4/P7/3BBPPP/R3K2R w KQ - 2 17,"{""d2g5"",""f7f6"",""e5f6"",""g7f6"",""g5h6""}",bishop,9,intermediate,Bishop 9 · Advantage,advantage,White to move.,1261,Casual,"{""advantage"",""long"",""middlegame""}",Find the strongest continuation and seize the advantage.,true,lichess,XEVV8,25819,95,"{""French_Defense"",""French_Defense_Advance_Variation""}"
lc_CdPXZ,6k1/2r5/2b3pP/2R2P2/8/5P2/2P3P1/3K4 b - - 0 41,"{""c6f3"",""g2f3"",""c7c5""}",bishop,9,intermediate,Bishop 9 · Discovered Attack,discoveredAttack,Black to move.,1261,Casual,"{""crushing"",""discoveredAttack"",""endgame"",""short""}",A discovered attack — moving one piece uncovers a deadly attack from another.,true,lichess,CdPXZ,25438,95,{}
lc_uFJUj,3r1nk1/1b6/ppq1pBpQ/8/8/7R/1PP3PP/6RK b - - 0 32,"{""c6g2"",""g1g2"",""d8d1""}",bishop,9,intermediate,Bishop 9 · Mate In2,mateIn2,Black to move.,1261,Casual,"{""mate"",""mateIn2"",""middlegame"",""pin"",""sacrifice"",""short""}",Checkmate in two — a forced sequence that delivers checkmate on move two.,true,lichess,uFJUj,25248,96,{}
lc_zuR0Z,r2q1k2/2p3p1/p2p2Qp/1p1Pr2b/1P2B3/P7/2P3PP/4R1K1 w - - 4 24,"{""e1f1"",""d8f6"",""f1f6""}",bishop,9,intermediate,Bishop 9 · Advantage,advantage,White to move.,1261,Casual,"{""advantage"",""middlegame"",""short""}",Find the strongest continuation and seize the advantage.,true,lichess,zuR0Z,25107,96,{}
lc_QRTKu,5r2/7k/p4p2/1p1b1N2/6p1/2P2PP1/6K1/2R5 w - - 0 40,"{""c1h1"",""h7g6"",""f5e7"",""g6g7"",""e7d5""}",bishop,9,intermediate,Bishop 9 · Fork,fork,White to move.,1261,Casual,"{""advantage"",""endgame"",""exposedKing"",""fork"",""long""}","A fork — one piece attacks two enemy pieces at once, forcing a material win.",true,lichess,QRTKu,24963,94,{}
lc_m4VL3,2r5/1r6/4k3/1R2Pp1p/3K1P2/4P3/7P/1R6 b - - 2 39,"{""b7d7"",""b5d5"",""d7d5""}",bishop,9,intermediate,Bishop 9 · Mate In2,mateIn2,Black to move.,1261,Casual,"{""endgame"",""mate"",""mateIn2"",""rookEndgame"",""short""}",Checkmate in two — a forced sequence that delivers checkmate on move two.,true,lichess,m4VL3,24844,95,{}
lc_MitCm,4N1k1/r2n4/p3p2p/1p3pp1/8/1P3PP1/P2R1PKP/8 w - - 2 34,"{""d2d7"",""a7d7"",""e8f6"",""g8f8"",""f6d7""}",bishop,9,intermediate,Bishop 9 · Fork,fork,White to move.,1261,Casual,"{""attraction"",""crushing"",""endgame"",""exposedKing"",""fork"",""long"",""sacrifice""}","A fork — one piece attacks two enemy pieces at once, forcing a material win.",true,lichess,MitCm,24451,96,{}
lc_hwkA5,5r1r/2q1k2P/2bp1bQ1/p3p3/1p6/3B4/PPP1N3/1K3R2 w - - 4 31,"{""f1f6"",""f8f6"",""g6g7"",""f6f7"",""g7h8""}",bishop,9,intermediate,Bishop 9 · Fork,fork,White to move.,1261,Casual,"{""advantage"",""fork"",""long"",""middlegame"",""sacrifice""}","A fork — one piece attacks two enemy pieces at once, forcing a material win.",true,lichess,hwkA5,24430,94,{}
lc_32WSy,rn2kbnr/pp3ppp/4p3/3pP3/2PP4/2Q1BN2/PqP2PPP/RN2K2R b KQkq - 2 10,"{""f8b4"",""c3b4"",""b2b4""}",bishop,9,intermediate,Bishop 9 · Pin,pin,Black to move.,1262,Casual,"{""crushing"",""opening"",""pin"",""short""}",A pin — the attacked piece can't move without exposing a more valuable piece behind it.,true,lichess,32WSy,32441,96,"{""Caro-Kann_Defense"",""Caro-Kann_Defense_Advance_Variation""}"
lc_QeIab,4rrk1/R4ppp/3Q4/3Bn3/2p1Pq2/4R2P/P1P2PP1/6K1 b - - 2 27,"{""e5f3"",""e3f3"",""f4d6""}",bishop,9,intermediate,Bishop 9 · Discovered Attack,discoveredAttack,Black to move.,1262,Casual,"{""advantage"",""discoveredAttack"",""middlegame"",""short""}",A discovered attack — moving one piece uncovers a deadly attack from another.,true,lichess,QeIab,32048,95,{}
lc_TIx5N,r1bq4/ppp3p1/3p1k1p/8/2P2P2/8/PPQBrNPP/R6K w - - 1 20,"{""d2c3"",""f6f7"",""c2e2""}",bishop,9,intermediate,Bishop 9 · Discovered Attack,discoveredAttack,White to move.,1262,Casual,"{""crushing"",""discoveredAttack"",""middlegame"",""short""}",A discovered attack — moving one piece uncovers a deadly attack from another.,true,lichess,TIx5N,31337,95,"{""Ponziani_Opening"",""Ponziani_Opening_Neumann_Gambit""}"
lc_onuJ0,2kr3r/1p1b1ppp/q3p1n1/p5P1/1Pn1P3/1R3NBP/PP2QPB1/1K5R b - - 0 21,"{""c4a3"",""b3a3"",""a6e2""}",bishop,9,intermediate,Bishop 9 · Discovered Attack,discoveredAttack,Black to move.,1262,Casual,"{""advantage"",""discoveredAttack"",""middlegame"",""short""}",A discovered attack — moving one piece uncovers a deadly attack from another.,true,lichess,onuJ0,29066,95,{}
lc_9Pndh,rnb1k2r/pp1p1ppp/1q2p3/3nP3/5N2/2P1bP2/PP2K1PP/RNBQ1B1R w kq - 5 10,"{""f4d5"",""e6d5"",""c1e3""}",bishop,9,intermediate,Bishop 9 · Advantage,advantage,White to move.,1262,Casual,"{""advantage"",""opening"",""short""}",Find the strongest continuation and seize the advantage.,true,lichess,9Pndh,28547,95,"{""Paleface_Attack"",""Paleface_Attack_Other_variations""}"
lc_30Rrq,8/6pk/2p1p2p/2n1p1PP/2B1P1R1/8/1r3r2/R1K5 w - - 4 36,"{""g5g6"",""h7g8"",""a1a8""}",bishop,9,intermediate,Bishop 9 · Endgame,endgame,White to move.,1262,Casual,"{""crushing"",""endgame"",""short""}",An endgame technique — precise play with few pieces where every tempo counts.,true,lichess,30Rrq,28509,95,{}
lc_oWi6Y,8/1p4pk/5r2/p6p/5P2/1Nq1R1PP/P1b1Q3/2K5 b - - 1 34,"{""c2d3"",""c1d1"",""d3e2""}",bishop,9,intermediate,Bishop 9 · Discovered Attack,discoveredAttack,Black to move.,1262,Casual,"{""crushing"",""discoveredAttack"",""discoveredCheck"",""endgame"",""master"",""masterVsMaster"",""short""}",A discovered attack — moving one piece uncovers a deadly attack from another.,true,lichess,oWi6Y,28290,94,{}
lc_ofpf3,r1b1kr2/pp1pbpQp/2n1p1q1/8/4N3/P2B1N2/1P3PP1/2R2RK1 w q - 6 20,"{""e4d6"",""e7d6"",""d3g6""}",bishop,9,intermediate,Bishop 9 · Discovered Attack,discoveredAttack,White to move.,1262,Casual,"{""advantage"",""discoveredAttack"",""middlegame"",""short""}",A discovered attack — moving one piece uncovers a deadly attack from another.,true,lichess,ofpf3,28166,95,"{""Sicilian_Defense"",""Sicilian_Defense_Bowdler_Attack""}"
lc_ZVLbN,5N1k/4q1pp/8/5p2/5n2/5P2/QPP2P1P/5RK1 b - - 0 25,"{""e7g5"",""g1h1"",""g5g2""}",bishop,9,intermediate,Bishop 9 · Mate In2,mateIn2,Black to move.,1262,Casual,"{""endgame"",""mate"",""mateIn2"",""short""}",Checkmate in two — a forced sequence that delivers checkmate on move two.,true,lichess,ZVLbN,27996,96,{}
lc_tDw3B,8/1RQ2pk1/6p1/p7/P3r2p/6P1/5PKP/q7 b - - 3 39,"{""h4h3"",""g2h3"",""a1f1""}",bishop,9,intermediate,Bishop 9 · Mate In2,mateIn2,Black to move.,1262,Casual,"{""attraction"",""endgame"",""mate"",""mateIn2"",""short""}",Checkmate in two — a forced sequence that delivers checkmate on move two.,true,lichess,tDw3B,27859,96,{}
lc_ri6i5,r2k3r/p1qbn1pp/3b1p2/7Q/4p2N/8/PPPB1PPP/R3K2R w KQ - 0 17,"{""d2a5"",""d6b4"",""a5b4""}",bishop,9,intermediate,Bishop 9 · Pin,pin,White to move.,1262,Casual,"{""advantage"",""master"",""middlegame"",""pin"",""short""}",A pin — the attacked piece can't move without exposing a more valuable piece behind it.,true,lichess,ri6i5,27395,95,"{""French_Defense"",""French_Defense_Tarrasch_Variation""}"
lc_VhohM,3r1rk1/pb2q1bp/1pB1p1p1/4Np1n/2pP4/2P1P2P/P4PPB/R2QR1K1 b - - 3 19,"{""g7e5"",""h2e5"",""b7c6""}",bishop,9,intermediate,Bishop 9 · Advantage,advantage,Black to move.,1262,Casual,"{""advantage"",""capturingDefender"",""middlegame"",""short""}",Find the strongest continuation and seize the advantage.,true,lichess,VhohM,26256,96,"{""Queens_Pawn_Game"",""Queens_Pawn_Game_London_System""}"
lc_y6n5S,2b5/2p1k1pp/1pP1p3/1P1qN3/3P4/4p3/6PP/5QK1 w - - 2 27,"{""f1f7"",""e7d6"",""f7f8""}",bishop,9,intermediate,Bishop 9 · Mate In2,mateIn2,White to move.,1262,Casual,"{""endgame"",""mate"",""mateIn2"",""short""}",Checkmate in two — a forced sequence that delivers checkmate on move two.,true,lichess,y6n5S,25828,96,{}
lc_TiyfX,3r2k1/5pp1/p3p2p/1p6/2pQB2q/5P2/PP3P2/4RK2 w - - 1 28,"{""e4h7"",""g8h7"",""d4h4""}",bishop,9,intermediate,Bishop 9 · Discovered Attack,discoveredAttack,White to move.,1262,Casual,"{""crushing"",""discoveredAttack"",""endgame"",""short""}",A discovered attack — moving one piece uncovers a deadly attack from another.,true,lichess,TiyfX,25397,95,{}
lc_RcnYQ,1q4k1/6p1/1r5p/p2p1Q2/2pP4/PrP4P/1P1RR1P1/5K2 b - - 0 37,"{""b6f6"",""f5f6"",""g7f6""}",bishop,10,intermediate,Bishop 10 · Pin,pin,Black to move.,1262,Casual,"{""advantage"",""endgame"",""pin"",""short""}",A pin — the attacked piece can't move without exposing a more valuable piece behind it.,true,lichess,RcnYQ,25273,95,{}
lc_LHcCf,2q2r2/1pp2k2/r3bpNQ/n2p1p2/3P4/2P1P3/P4PPP/1R3RK1 w - - 3 26,"{""h6h7"",""f7e8"",""h7e7""}",bishop,10,intermediate,Bishop 10 · Mate In2,mateIn2,White to move.,1262,Casual,"{""mate"",""mateIn2"",""middlegame"",""short""}",Checkmate in two — a forced sequence that delivers checkmate on move two.,true,lichess,LHcCf,24548,96,{}
lc_QSbUe,r1r4k/1bbn1pp1/1qp1p2p/1p1nP3/1B1P4/P2B1N1P/2Q2PP1/RN3RK1 b - - 4 20,"{""d5b4"",""a3b4"",""a8a1""}",bishop,10,intermediate,Bishop 10 · Crushing,crushing,Black to move.,1262,Casual,"{""crushing"",""middlegame"",""short""}",Find the strongest continuation and seize the advantage.,true,lichess,QSbUe,24401,94,{}
lc_j0tGH,8/1P1Q4/4pkp1/5p2/8/2P2PPK/P3q2P/8 b - - 2 55,"{""e2f1"",""h3h4"",""g6g5"",""h4h5"",""f1h3""}",bishop,10,intermediate,Bishop 10 · Mate In3,mateIn3,Black to move.,1262,Casual,"{""endgame"",""long"",""mate"",""mateIn3"",""queenEndgame""}",Checkmate in three — calculate the forcing line all the way to mate.,true,lichess,j0tGH,24310,96,{}
lc_V3dHQ,6k1/2p3p1/bp1q2P1/p3p2p/5QnP/PP6/3r1PB1/4R1K1 w - - 0 34,"{""f4f7"",""g8h8"",""f7e8"",""d6f8"",""e8f8""}",bishop,10,intermediate,Bishop 10 · Mate In3,mateIn3,White to move.,1262,Casual,"{""kingsideAttack"",""long"",""mate"",""mateIn3"",""middlegame""}",Checkmate in three — calculate the forcing line all the way to mate.,true,lichess,V3dHQ,24151,96,{}
lc_jDvgE,8/8/5rkp/4K3/6PR/8/8/8 w - - 1 89,"{""h4h6"",""g6h6"",""e5f6""}",bishop,10,intermediate,Bishop 10 · Deflection,deflection,White to move.,1262,Casual,"{""crushing"",""deflection"",""endgame"",""rookEndgame"",""short""}",A deflection — lure a defending piece away from the square it was guarding.,true,lichess,jDvgE,24089,95,{}
lc_2D2gZ,r4rk1/p4pb1/1p3qpR/3p4/5P2/3BP2Q/P3K3/7R w - - 3 27,"{""h6h8"",""g7h8"",""h3h7""}",bishop,10,intermediate,Bishop 10 · Mate In2,mateIn2,White to move.,1263,Casual,"{""clearance"",""mate"",""mateIn2"",""middlegame"",""sacrifice"",""short""}",Checkmate in two — a forced sequence that delivers checkmate on move two.,true,lichess,2D2gZ,35156,96,{}
lc_I2Teu,2r2rk1/pp2b1pp/8/3Pp1N1/1P2b3/PB4R1/3K3n/R7 w - - 0 27,"{""d5d6"",""g8h8"",""d6e7""}",bishop,10,intermediate,Bishop 10 · Discovered Attack,discoveredAttack,White to move.,1263,Casual,"{""advancedPawn"",""advantage"",""discoveredAttack"",""discoveredCheck"",""middlegame"",""short""}",A discovered attack — moving one piece uncovers a deadly attack from another.,true,lichess,I2Teu,31936,96,{}
lc_YJHnG,r1b1kb1r/pp1n1ppp/2p1p3/q2p2B1/1PPPn3/P1N1PN2/2Q2PPP/R3KB1R b KQkq b3 0 9,"{""f8b4"",""a3b4"",""a5a1""}",bishop,10,intermediate,Bishop 10 · Advantage,advantage,Black to move.,1263,Casual,"{""advantage"",""middlegame"",""short""}",Find the strongest continuation and seize the advantage.,true,lichess,YJHnG,31414,95,"{""Queens_Pawn_Game"",""Queens_Pawn_Game_Torre_Attack""}"
lc_pnDXd,r4rk1/1ppbqppp/1b1p4/pP1Pp3/P1P1P2n/2NB1N1P/2Q2PP1/R1B2K2 w - - 1 18,"{""c1g5"",""f7f6"",""g5h4""}",bishop,10,intermediate,Bishop 10 · Interference,interference,White to move.,1263,Casual,"{""advantage"",""interference"",""middlegame"",""short""}",Interference — block the line between two enemy pieces to break their coordination.,true,lichess,pnDXd,31364,95,"{""Italian_Game"",""Italian_Game_Two_Knights_Defense""}"
lc_wXg3a,R1b1r2k/6pp/8/1pNp4/3P4/2P3PP/1P4K1/8 b - - 1 32,"{""c8h3"",""g2h3"",""e8a8""}",bishop,10,intermediate,Bishop 10 · Discovered Attack,discoveredAttack,Black to move.,1263,Casual,"{""advantage"",""discoveredAttack"",""endgame"",""short""}",A discovered attack — moving one piece uncovers a deadly attack from another.,true,lichess,wXg3a,30421,95,{}
lc_ePt3R,r2qk2r/p4pp1/bb2p1p1/2ppP3/1P3B2/P1P4P/5PP1/RN1QK2R w KQkq - 0 14,"{""d1a4"",""e8f8"",""a4a6""}",bishop,10,intermediate,Bishop 10 · Fork,fork,White to move.,1263,Casual,"{""advantage"",""fork"",""middlegame"",""short""}","A fork — one piece attacks two enemy pieces at once, forcing a material win.",true,lichess,ePt3R,30217,95,"{""Sicilian_Defense"",""Sicilian_Defense_Taimanov_Variation""}"
lc_8nt8Z,r1bR1bk1/pp3r1p/2p1p2Q/5nN1/8/8/q1P2PPP/5RK1 w - - 2 22,"{""d8f8"",""f7f8"",""h6h7""}",bishop,10,intermediate,Bishop 10 · Mate In2,mateIn2,White to move.,1263,Casual,"{""deflection"",""kingsideAttack"",""mate"",""mateIn2"",""middlegame"",""short""}",Checkmate in two — a forced sequence that delivers checkmate on move two.,true,lichess,8nt8Z,29176,97,{}
lc_FwBAb,q4rkb/1b1p1p1p/2r2Pp1/2BRP3/6Q1/P1P2N2/2P3PP/2K1R3 b - - 2 27,"{""c6c5"",""d5c5"",""a8a3"",""c1d2"",""a3c5""}",bishop,10,intermediate,Bishop 10 · Fork,fork,Black to move.,1263,Casual,"{""advantage"",""attraction"",""capturingDefender"",""fork"",""long"",""middlegame""}","A fork — one piece attacks two enemy pieces at once, forcing a material win.",true,lichess,FwBAb,28657,96,{}
lc_lYvfi,4R3/6rk/p2Q3q/1pp3p1/3n1p2/7P/PP3PP1/7K w - - 4 46,"{""e8h8"",""h7h8"",""d6h6""}",bishop,10,intermediate,Bishop 10 · Deflection,deflection,White to move.,1263,Casual,"{""advantage"",""attraction"",""deflection"",""endgame"",""short""}",A deflection — lure a defending piece away from the square it was guarding.,true,lichess,lYvfi,27215,95,{}
lc_9cpvG,r1bqrn1k/5p1P/p3p2Q/1p1pP1b1/8/2NB4/PPP2PP1/R3K2R w KQ - 1 19,"{""h6g7"",""h8g7"",""h7h8q""}",bishop,10,intermediate,Bishop 10 · Mate In2,mateIn2,White to move.,1263,Casual,"{""advancedPawn"",""attraction"",""kingsideAttack"",""mate"",""mateIn2"",""middlegame"",""promotion"",""short""}",Checkmate in two — a forced sequence that delivers checkmate on move two.,true,lichess,9cpvG,27037,96,"{""French_Defense"",""French_Defense_Two_Knights_Variation""}"
lc_upvN6,rn2kb1r/pp3p2/2p2p2/4pQ2/2P5/3P4/PP1B1P2/2Kb1B1q w kq - 0 17,"{""f5c8"",""e8e7"",""d2b4"",""c6c5"",""b4c5""}",bishop,10,intermediate,Bishop 10 · Mate In3,mateIn3,White to move.,1263,Casual,"{""long"",""mate"",""mateIn3"",""middlegame""}",Checkmate in three — calculate the forcing line all the way to mate.,true,lichess,upvN6,26723,96,"{""Scandinavian_Defense"",""Scandinavian_Defense_Mieses-Kotroc_Variation""}"
lc_pV5Nu,2nk1b1r/Qp1q1pp1/1P2p2p/3pP3/3P4/4BN2/4BPPP/2R3K1 b - - 0 24,"{""c8a7"",""b6a7"",""d7a4""}",bishop,10,intermediate,Bishop 10 · Advantage,advantage,Black to move.,1263,Casual,"{""advantage"",""middlegame"",""short""}",Find the strongest continuation and seize the advantage.,true,lichess,pV5Nu,26409,94,{}
lc_7Vi3y,8/ppp5/3p1k2/5r2/2R1K3/3P4/PPP5/8 b - - 1 38,"{""d6d5"",""e4d4"",""d5c4""}",bishop,10,intermediate,Bishop 10 · Fork,fork,Black to move.,1263,Casual,"{""crushing"",""endgame"",""fork"",""rookEndgame"",""short""}","A fork — one piece attacks two enemy pieces at once, forcing a material win.",true,lichess,7Vi3y,26169,96,{}
lc_mX2m5,r2n1rk1/1ppb1qpn/p2p3p/3PpN2/4PpQb/2P5/PPB2PPP/R1B1R1K1 w - - 0 18,"{""f5h6"",""g8h8"",""h6f7""}",bishop,10,intermediate,Bishop 10 · Pin,pin,White to move.,1263,Casual,"{""crushing"",""kingsideAttack"",""opening"",""pin"",""short""}",A pin — the attacked piece can't move without exposing a more valuable piece behind it.,true,lichess,mX2m5,25450,95,"{""Ruy_Lopez"",""Ruy_Lopez_Steinitz_Defense""}"
lc_5abNm,6r1/3n2k1/2p3q1/pp1pPpQ1/3P4/8/PPP3P1/2K4R w - - 4 30,"{""g5e7"",""g6f7"",""h1h7"",""g7h7"",""e7f7""}",bishop,10,intermediate,Bishop 10 · Fork,fork,White to move.,1263,Casual,"{""attraction"",""crushing"",""deflection"",""endgame"",""exposedKing"",""fork"",""long""}","A fork — one piece attacks two enemy pieces at once, forcing a material win.",true,lichess,5abNm,25261,95,{}
lc_IwDQf,r3r1k1/pp4qp/3b4/2pP4/4pP2/2P4b/PP2BRPP/R1BQ2K1 b - - 4 22,"{""e4e3"",""c1e3"",""e8e3""}",bishop,10,intermediate,Bishop 10 · Pin,pin,Black to move.,1263,Casual,"{""advantage"",""middlegame"",""pin"",""short""}",A pin — the attacked piece can't move without exposing a more valuable piece behind it.,true,lichess,IwDQf,25048,95,{}
lc_jwT7q,rnb2rk1/pp3ppp/1b1p1q2/2pPn3/2B1P3/1P3N2/PBP2PPP/RN1Q1RK1 b - - 2 11,"{""e5f3"",""d1f3"",""f6b2""}",bishop,10,intermediate,Bishop 10 · Discovered Attack,discoveredAttack,Black to move.,1263,Casual,"{""advantage"",""discoveredAttack"",""opening"",""short""}",A discovered attack — moving one piece uncovers a deadly attack from another.,true,lichess,jwT7q,24664,95,"{""Russian_Game"",""Russian_Game_Italian_Variation""}"
lc_p244g,r1bq1r1k/1p2b1pp/p1np4/4p3/1PP1Q3/P3B3/2N1BPPP/R4RK1 b - - 0 18,"{""c8f5"",""e4d5"",""f5c2""}",bishop,10,intermediate,Bishop 10 · Skewer,skewer,Black to move.,1263,Casual,"{""advantage"",""middlegame"",""short"",""skewer""}","A skewer — the higher-value piece is forced to move, losing the piece behind it.",true,lichess,p244g,24663,95,"{""Sicilian_Defense"",""Sicilian_Defense_Kalashnikov_Variation""}"
lc_y20lN,5rk1/pp2Qppb/7p/5P2/6P1/1P6/r4qBP/3RR2K w - - 5 33,"{""e7f8"",""g8f8"",""d1d8""}",bishop,10,intermediate,Bishop 10 · Mate In2,mateIn2,White to move.,1264,Casual,"{""attraction"",""mate"",""mateIn2"",""middlegame"",""sacrifice"",""short""}",Checkmate in two — a forced sequence that delivers checkmate on move two.,true,lichess,y20lN,34070,96,{}
lc_2pUwk,1r4r1/1k2bp2/4p2p/1qP1P3/3P4/4pN1P/2Q3P1/5RK1 w - - 2 27,"{""f1b1"",""b5b1"",""c2b1""}",bishop,10,intermediate,Bishop 10 · Pin,pin,White to move.,1264,Casual,"{""advantage"",""middlegame"",""pin"",""short""}",A pin — the attacked piece can't move without exposing a more valuable piece behind it.,true,lichess,2pUwk,31525,96,{}
lc_aCLgB,8/8/4p3/3b4/3B1k2/2P5/7r/2K1R3 w - - 10 62,"{""d4e5"",""f4g5"",""e5h2""}",bishop,10,intermediate,Bishop 10 · Skewer,skewer,White to move.,1264,Casual,"{""crushing"",""endgame"",""master"",""short"",""skewer""}","A skewer — the higher-value piece is forced to move, losing the piece behind it.",true,lichess,aCLgB,31504,95,{}
lc_szh0J,8/5pkp/5bp1/8/2q1P3/PQ3P1P/1PBr4/1K5R b - - 6 39,"{""c4b3"",""c2b3"",""d2b2"",""b1c1"",""b2b3""}",bishop,10,intermediate,Bishop 10 · Fork,fork,Black to move.,1264,Casual,"{""advantage"",""endgame"",""fork"",""long""}","A fork — one piece attacks two enemy pieces at once, forcing a material win.",true,lichess,szh0J,31236,96,{}
lc_upzf2,6NQ/1p6/8/4K3/1k6/5P2/5q2/8 b - - 0 46,"{""f2b2"",""e5f5"",""b2h8""}",bishop,10,intermediate,Bishop 10 · Skewer,skewer,Black to move.,1264,Casual,"{""crushing"",""endgame"",""short"",""skewer""}","A skewer — the higher-value piece is forced to move, losing the piece behind it.",true,lichess,upzf2,29969,96,{}
lc_AAOFr,2kr4/ppp1bp2/8/1P6/P2P3r/4P3/5PK1/R1B4R b - - 1 25,"{""d8g8"",""g2f3"",""h4h1""}",bishop,10,intermediate,Bishop 10 · Deflection,deflection,Black to move.,1264,Casual,"{""crushing"",""deflection"",""endgame"",""short""}",A deflection — lure a defending piece away from the square it was guarding.,true,lichess,AAOFr,28755,95,{}
lc_Dzaxk,1k6/pPn5/2R5/8/6p1/Q3P1Pp/P2r1r2/2R4K b - - 4 36,"{""f2h2"",""h1g1"",""d2g2"",""g1f1"",""h2h1""}",bishop,10,intermediate,Bishop 10 · Mate In3,mateIn3,Black to move.,1264,Casual,"{""endgame"",""exposedKing"",""long"",""mate"",""mateIn3""}",Checkmate in three — calculate the forcing line all the way to mate.,true,lichess,Dzaxk,27936,96,{}
lc_80NUj,8/p1Q2qkp/1p2p1p1/8/8/1PP5/P2r4/K6R w - - 1 30,"{""h1h7"",""g7h7"",""c7f7""}",bishop,10,intermediate,Bishop 10 · Deflection,deflection,White to move.,1264,Casual,"{""attraction"",""crushing"",""deflection"",""endgame"",""short""}",A deflection — lure a defending piece away from the square it was guarding.,true,lichess,80NUj,26457,95,{}
lc_UeNpb,8/5p2/8/rn3k1p/5P1P/pR3K2/P1N5/8 w - - 2 46,"{""b3b5"",""a5b5"",""c2d4"",""f5g6"",""d4b5""}",bishop,10,intermediate,Bishop 10 · Fork,fork,White to move.,1264,Casual,"{""attraction"",""crushing"",""endgame"",""fork"",""long"",""sacrifice""}","A fork — one piece attacks two enemy pieces at once, forcing a material win.",true,lichess,UeNpb,26115,95,{}
lc_ioKm7,r1bk3r/1p1p2pp/p1pn1p2/8/P1B5/2B5/5PPP/R3R1K1 w - - 0 21,"{""c3a5"",""b7b6"",""a5b6""}",bishop,10,intermediate,Bishop 10 · Mate In2,mateIn2,White to move.,1264,Casual,"{""mate"",""mateIn2"",""middlegame"",""short""}",Checkmate in two — a forced sequence that delivers checkmate on move two.,true,lichess,ioKm7,25992,96,{}
lc_HMtPn,8/p3kppp/1p1Np3/4P3/Q1P1r3/7K/P6P/6r1 b - - 3 33,"{""e4e3"",""h3h4"",""g7g5"",""h4h5"",""e3h3""}",bishop,10,intermediate,Bishop 10 · Mate In3,mateIn3,Black to move.,1264,Casual,"{""endgame"",""exposedKing"",""long"",""mate"",""mateIn3""}",Checkmate in three — calculate the forcing line all the way to mate.,true,lichess,HMtPn,25834,96,{}
lc_KIE1E,2rqkr2/1b1p1pR1/p2Qpp1p/1p5B/1P2P3/P7/5PP1/5R1K w - - 10 28,"{""h5f7"",""f8f7"",""g7g8"",""f7f8"",""d6f8""}",bishop,10,intermediate,Bishop 10 · Mate In3,mateIn3,White to move.,1264,Casual,"{""attackingF2F7"",""long"",""mate"",""mateIn3"",""middlegame"",""sacrifice""}",Checkmate in three — calculate the forcing line all the way to mate.,true,lichess,KIE1E,25549,95,{}
lc_PoLkq,4N3/pp5p/2p3pk/8/3PR2P/P1P3q1/1P3p2/1K3Q2 b - - 2 36,"{""g3g1"",""f1g1"",""f2g1q""}",bishop,10,intermediate,Bishop 10 · Promotion,promotion,Black to move.,1264,Casual,"{""advancedPawn"",""advantage"",""endgame"",""promotion"",""short""}",Pawn promotion — advance the pawn to its final rank and choose your new piece wisely.,true,lichess,PoLkq,25062,96,{}
lc_SMFES,4r1k1/5p2/6p1/6q1/3Q3p/5P1P/R5P1/6K1 b - - 3 46,"{""e8e1"",""g1f2"",""g5g3""}",bishop,10,intermediate,Bishop 10 · Mate In2,mateIn2,Black to move.,1264,Casual,"{""endgame"",""killBoxMate"",""mate"",""mateIn2"",""short""}",Checkmate in two — a forced sequence that delivers checkmate on move two.,true,lichess,SMFES,25026,95,{}
lc_vPmJH,7k/1ppb1q2/3p3b/p2Pp2p/2P1P1pP/8/PP1NNQP1/6K1 b - - 2 31,"{""f7f2"",""g1f2"",""h6d2""}",bishop,10,intermediate,Bishop 10 · Endgame,endgame,Black to move.,1264,Casual,"{""crushing"",""endgame"",""kingsideAttack"",""short""}",An endgame technique — precise play with few pieces where every tempo counts.,true,lichess,vPmJH,25024,95,{}
lc_41chS,r5rk/b1pq1ppp/p1pp4/8/PP2PR1Q/2PP3P/7P/RN5K b - - 0 18,"{""g7g5"",""h4h5"",""g5f4""}",bishop,10,intermediate,Bishop 10 · Fork,fork,Black to move.,1264,Casual,"{""crushing"",""fork"",""middlegame"",""short""}","A fork — one piece attacks two enemy pieces at once, forcing a material win.",true,lichess,41chS,24792,95,"{""Kings_Pawn_Game"",""Kings_Pawn_Game_Napoleon_Attack""}"
lc_QHZw3,2r3k1/1q3pp1/p3b2p/1p6/8/1P3QP1/P2R1PKP/3R4 b - - 3 28,"{""e6h3"",""g2h3"",""b7f3""}",bishop,10,intermediate,Bishop 10 · Deflection,deflection,Black to move.,1265,Casual,"{""crushing"",""deflection"",""endgame"",""short""}",A deflection — lure a defending piece away from the square it was guarding.,true,lichess,QHZw3,35430,95,{}
lc_bSnCY,r3r1k1/ppp2ppp/3qb3/1B1N4/8/P1P3P1/1Q3P1P/3R2K1 w - - 22 29,"{""d5f6"",""g7f6"",""d1d6""}",bishop,10,intermediate,Bishop 10 · Discovered Attack,discoveredAttack,White to move.,1265,Casual,"{""advantage"",""discoveredAttack"",""middlegame"",""short""}",A discovered attack — moving one piece uncovers a deadly attack from another.,true,lichess,bSnCY,32752,94,{}
lc_r6ffA,6k1/p2r3p/4p1p1/3b1p2/N2Rn3/5P1P/P3Q1PK/1r6 b - - 0 33,"{""b1h1"",""h2h1"",""e4g3"",""h1h2"",""g3e2""}",bishop,10,intermediate,Bishop 10 · Fork,fork,Black to move.,1265,Casual,"{""attraction"",""crushing"",""fork"",""long"",""master"",""middlegame"",""sacrifice""}","A fork — one piece attacks two enemy pieces at once, forcing a material win.",true,lichess,r6ffA,32541,96,{}
lc_hiSMr,8/1p2k1p1/1p5p/2p5/1n6/2PBP1P1/PP2K2P/RN5r b - - 0 25,"{""h1h2"",""e2f3"",""b4d3""}",bishop,10,intermediate,Bishop 10 · Deflection,deflection,Black to move.,1265,Casual,"{""advantage"",""deflection"",""endgame"",""short""}",A deflection — lure a defending piece away from the square it was guarding.,true,lichess,hiSMr,31643,95,{}
lc_j5esc,1r3k1r/2Q2Pp1/p2p1q1p/8/2B1n2N/8/PP3PPP/R1B3K1 b - - 0 20,"{""f6f2"",""g1h1"",""f2e1"",""c4f1"",""e1f1""}",bishop,10,intermediate,Bishop 10 · Mate In3,mateIn3,Black to move.,1265,Casual,"{""fork"",""long"",""mate"",""mateIn3"",""middlegame""}",Checkmate in three — calculate the forcing line all the way to mate.,true,lichess,j5esc,30577,97,{}
lc_IDMRu,r4rk1/2p2p2/p2p4/2bP3q/6N1/6p1/P4PP1/R4QK1 w - - 2 25,"{""g4f6"",""g8h8"",""f6h5"",""c5f2"",""g1h1""}",bishop,10,intermediate,Bishop 10 · Fork,fork,White to move.,1265,Casual,"{""advantage"",""fork"",""long"",""middlegame""}","A fork — one piece attacks two enemy pieces at once, forcing a material win.",true,lichess,IDMRu,29988,95,{}
lc_8aHJn,k2r1r2/p1p2q2/3p3p/2p3p1/1R6/2P3P1/1PK3P1/R5Q1 w - - 2 28,"{""a1a7"",""a8a7"",""g1a1"",""f7a2"",""a1a2""}",bishop,10,intermediate,Bishop 10 · Mate In3,mateIn3,White to move.,1265,Casual,"{""attraction"",""endgame"",""long"",""mate"",""mateIn3"",""queensideAttack"",""sacrifice""}",Checkmate in three — calculate the forcing line all the way to mate.,true,lichess,8aHJn,29118,96,{}
lc_oDoBs,3r2k1/pp1q1ppp/2p5/Q6r/3P1n2/5PP1/PP2R2P/4R1K1 w - - 0 29,"{""a5d8"",""d7d8"",""e2e8"",""d8e8"",""e1e8""}",bishop,10,intermediate,Bishop 10 · Mate In3,mateIn3,White to move.,1265,Casual,"{""backRankMate"",""fork"",""long"",""mate"",""mateIn3"",""middlegame"",""sacrifice""}",Checkmate in three — calculate the forcing line all the way to mate.,true,lichess,oDoBs,28896,95,{}
lc_d7In3,1r4k1/4np1p/1q2p1pP/2np2P1/P3PP2/1NQ5/PK1P4/3R3R b - - 2 25,"{""c5a4"",""b2a1"",""a4c3""}",bishop,10,intermediate,Bishop 10 · Fork,fork,Black to move.,1265,Casual,"{""crushing"",""fork"",""middlegame"",""short""}","A fork — one piece attacks two enemy pieces at once, forcing a material win.",true,lichess,d7In3,28320,95,{}
lc_CHQqL,r2q1r1k/3n1bb1/7P/p1pp4/3P4/2N2P2/PP1N4/2K3RR w - - 0 24,"{""h6g7"",""h8g8"",""h1h8""}",bishop,10,intermediate,Bishop 10 · Mate In2,mateIn2,White to move.,1265,Casual,"{""advancedPawn"",""discoveredCheck"",""doubleCheck"",""fork"",""mate"",""mateIn2"",""middlegame"",""short""}",Checkmate in two — a forced sequence that delivers checkmate on move two.,true,lichess,CHQqL,27939,95,{}
lc_QzmSn,8/5k1p/6p1/6n1/B1r3P1/b6P/4RPK1/8 w - - 2 42,"{""a4b3"",""f7g7"",""b3c4""}",bishop,10,intermediate,Bishop 10 · Pin,pin,White to move.,1265,Casual,"{""advantage"",""endgame"",""pin"",""short""}",A pin — the attacked piece can't move without exposing a more valuable piece behind it.,true,lichess,QzmSn,27100,96,{}
lc_ySomU,r6r/1p2Pp2/pb4k1/4p1p1/8/6P1/PPP3PP/R2Q1R1K b - - 0 26,"{""h8h2"",""h1h2"",""a8h8"",""d1h5"",""h8h5""}",bishop,10,intermediate,Bishop 10 · Mate In3,mateIn3,Black to move.,1265,Casual,"{""attraction"",""endgame"",""kingsideAttack"",""long"",""mate"",""mateIn3"",""pillsburysMate"",""sacrifice""}",Checkmate in three — calculate the forcing line all the way to mate.,true,lichess,ySomU,26784,95,{}
lc_gjrAb,b3r1k1/5p1p/2p3p1/2n5/P2qP3/3BB3/2Q2PPP/1R4K1 b - - 3 25,"{""d4d3"",""c2d3"",""c5d3""}",bishop,10,intermediate,Bishop 10 · Advantage,advantage,Black to move.,1265,Casual,"{""advantage"",""middlegame"",""short""}",Find the strongest continuation and seize the advantage.,true,lichess,gjrAb,26670,95,{}
lc_elwTw,r4b1r/p1Qnk1pp/1n2pp2/1B2q1B1/8/7P/PPP2PP1/3R1RK1 w - - 3 16,"{""d1d7"",""b6d7"",""c7d7""}",bishop,10,intermediate,Bishop 10 · Mate In2,mateIn2,White to move.,1265,Casual,"{""mate"",""mateIn2"",""middlegame"",""short""}",Checkmate in two — a forced sequence that delivers checkmate on move two.,true,lichess,elwTw,26275,96,"{""Alekhine_Defense"",""Alekhine_Defense_Modern_Variation""}"
lc_fugPm,1r2r1k1/1pp2p2/p2q1PpQ/3p4/3N4/2PnP2P/PP4Kb/R1B2R2 b - - 7 24,"{""d6g3"",""g2h1"",""d3f2"",""f1f2"",""g3g1""}",bishop,10,intermediate,Bishop 10 · Mate In3,mateIn3,Black to move.,1265,Casual,"{""long"",""mate"",""mateIn3"",""middlegame"",""sacrifice""}",Checkmate in three — calculate the forcing line all the way to mate.,true,lichess,fugPm,25888,95,{}
lc_Y58c8,5rk1/1p3ppp/3R4/rP1N4/4PP2/6PP/3n2K1/5B2 w - - 3 34,"{""d5e7"",""g8h8"",""d6d2""}",bishop,10,intermediate,Bishop 10 · Discovered Attack,discoveredAttack,White to move.,1265,Casual,"{""advantage"",""discoveredAttack"",""endgame"",""short""}",A discovered attack — moving one piece uncovers a deadly attack from another.,true,lichess,Y58c8,24989,95,{}
lc_ApDkl,r7/7k/p2pbQpp/4q3/1p6/6R1/P1P3PP/6K1 w - - 0 29,"{""f6g6"",""h7h8"",""g6h6""}",bishop,10,intermediate,Bishop 10 · Mate In2,mateIn2,White to move.,1265,Casual,"{""deflection"",""endgame"",""mate"",""mateIn2"",""short""}",Checkmate in two — a forced sequence that delivers checkmate on move two.,true,lichess,ApDkl,24465,94,{}
lc_JuctR,3Q1bk1/pp4pp/8/4B3/8/6P1/qP2P2P/7K b - - 3 26,"{""a2b1"",""h1g2"",""b1e4"",""g2f2"",""e4e5""}",bishop,10,intermediate,Bishop 10 · Fork,fork,Black to move.,1265,Casual,"{""crushing"",""endgame"",""fork"",""long""}","A fork — one piece attacks two enemy pieces at once, forcing a material win.",true,lichess,JuctR,24295,96,{}
lc_p8dAR,8/1p3k2/2p5/p4B2/1b1r4/1P3N2/P1P5/2KR4 b - - 1 24,"{""b4a3"",""c1b1"",""d4d1""}",bishop,10,intermediate,Bishop 10 · Mate In2,mateIn2,Black to move.,1265,Casual,"{""deflection"",""endgame"",""mate"",""mateIn2"",""pillsburysMate"",""short""}",Checkmate in two — a forced sequence that delivers checkmate on move two.,true,lichess,p8dAR,24003,96,{}
lc_ZQ77r,6k1/1b4b1/pp2q2p/3pPr2/1PpP2Q1/2B3P1/P4PK1/2R2R2 b - - 5 27,"{""f5f2"",""g2h3"",""f2h2"",""h3h2"",""e6g4""}",bishop,10,intermediate,Bishop 10 · Deflection,deflection,Black to move.,1266,Casual,"{""crushing"",""deflection"",""long"",""middlegame""}",A deflection — lure a defending piece away from the square it was guarding.,true,lichess,ZQ77r,34672,96,{}
lc_fdAnf,6k1/5pp1/4p2p/Q3P3/2Rq4/5B2/P4PPP/6K1 b - - 0 26,"{""d4a1"",""c4c1"",""a1c1"",""f3d1"",""c1d1"",""a5e1"",""d1e1""}",bishop,10,intermediate,Bishop 10 · Endgame,endgame,Black to move.,1266,Casual,"{""endgame"",""mate"",""mateIn4"",""veryLong""}",An endgame technique — precise play with few pieces where every tempo counts.,true,lichess,fdAnf,33673,96,{}
lc_gSgkT,1k6/8/R7/1P1p2P1/3K4/1r1B4/1p6/8 b - - 1 52,"{""b3d3"",""d4d3"",""b2b1q""}",bishop,10,intermediate,Bishop 10 · Attraction,attraction,Black to move.,1266,Casual,"{""advancedPawn"",""attraction"",""crushing"",""endgame"",""promotion"",""short""}",An attraction — force an enemy piece onto a square where it can be exploited.,true,lichess,gSgkT,31866,96,{}
lc_5czUk,4r3/r5k1/2p2p1R/3pb3/P7/7P/2B3P1/5R1K w - - 1 40,"{""h6h7"",""g7g8"",""h7a7""}",bishop,10,intermediate,Bishop 10 · Skewer,skewer,White to move.,1266,Casual,"{""crushing"",""endgame"",""short"",""skewer""}","A skewer — the higher-value piece is forced to move, losing the piece behind it.",true,lichess,5czUk,31647,95,{}
lc_DSYXz,r2q1rk1/ppN1b1pp/1n6/5p1n/3P1B2/3Q1P2/PP2N1PP/R4RK1 b - - 2 15,"{""h5f4"",""e2f4"",""d8c7""}",bishop,10,intermediate,Bishop 10 · Advantage,advantage,Black to move.,1266,Casual,"{""advantage"",""capturingDefender"",""middlegame"",""short""}",Find the strongest continuation and seize the advantage.,true,lichess,DSYXz,30649,96,"{""Slav_Defense"",""Slav_Defense_Other_variations""}"
lc_9eAal,2r5/1pq2r1k/p2p1Qpp/3P4/8/2P2P2/PPK5/3R3R w - - 1 30,"{""h1h6"",""h7h6"",""d1h1""}",bishop,10,intermediate,Bishop 10 · Mate In2,mateIn2,White to move.,1266,Casual,"{""attraction"",""endgame"",""mate"",""mateIn2"",""sacrifice"",""short""}",Checkmate in two — a forced sequence that delivers checkmate on move two.,true,lichess,9eAal,30055,95,{}
lc_UaeDB,R7/6pk/1p2p3/1P4q1/4P3/5Q1P/6PK/3r4 b - - 0 39,"{""g5e5"",""f3g3"",""d1h1"",""h2h1"",""e5g3""}",bishop,10,intermediate,Bishop 10 · Deflection,deflection,Black to move.,1266,Casual,"{""advantage"",""deflection"",""endgame"",""long""}",A deflection — lure a defending piece away from the square it was guarding.,true,lichess,UaeDB,29429,96,{}
lc_5l79n,5k2/3Rbq1p/1Q4p1/8/P6P/8/5P2/7K b - - 0 48,"{""f7f3"",""h1g1"",""f3g4""}",bishop,10,intermediate,Bishop 10 · Endgame,endgame,Black to move.,1266,Casual,"{""advantage"",""endgame"",""short""}",An endgame technique — precise play with few pieces where every tempo counts.,true,lichess,5l79n,28531,94,{}
lc_Jufke,rn1qn1k1/ppp3p1/6Pp/7P/2p2Q2/2PP3b/P3PP2/R3K2R w KQ - 0 17,"{""f4f7"",""g8h8"",""f7f8""}",bishop,10,intermediate,Bishop 10 · Mate In2,mateIn2,White to move.,1266,Casual,"{""kingsideAttack"",""mate"",""mateIn2"",""middlegame"",""short""}",Checkmate in two — a forced sequence that delivers checkmate on move two.,true,lichess,Jufke,26830,95,"{""English_Opening"",""English_Opening_Kings_English_Variation""}"
lc_oMd09,r2qr2k/6p1/2Q4p/4B3/p4P2/2P3PP/7K/6R1 w - - 0 40,"{""c6h6"",""h8g8"",""h6g7""}",bishop,10,intermediate,Bishop 10 · Mate In2,mateIn2,White to move.,1266,Casual,"{""endgame"",""mate"",""mateIn2"",""pin"",""short""}",Checkmate in two — a forced sequence that delivers checkmate on move two.,true,lichess,oMd09,26566,95,{}
lc_ciPYw,2k5/ppp5/4R1p1/6B1/6K1/6P1/PPP2r2/3r4 w - - 0 29,"{""e6e8"",""c8d7"",""e8d8"",""d7e6"",""d8d1""}",bishop,10,intermediate,Bishop 10 · Skewer,skewer,White to move.,1266,Casual,"{""advantage"",""endgame"",""long"",""skewer""}","A skewer — the higher-value piece is forced to move, losing the piece behind it.",true,lichess,ciPYw,26124,96,{}
lc_KAAvD,8/1p6/p6P/3pkb2/3n4/1P6/P1p2R2/2K5 w - - 2 49,"{""f2f5"",""d4f5"",""h6h7""}",bishop,10,intermediate,Bishop 10 · Sacrifice,sacrifice,White to move.,1266,Casual,"{""advancedPawn"",""crushing"",""endgame"",""sacrifice"",""short""}",A sacrifice — give up material to gain a decisive tactical or positional advantage.,true,lichess,KAAvD,25540,95,{}
lc_pYH3a,2q4k/5Qpp/2b2R2/p1b5/2B2B2/7P/PPP3P1/7K b - - 0 26,"{""c8h3"",""f4h2"",""h3g2""}",bishop,10,intermediate,Bishop 10 · Mate In2,mateIn2,Black to move.,1266,Casual,"{""mate"",""mateIn2"",""middlegame"",""pin"",""short""}",Checkmate in two — a forced sequence that delivers checkmate on move two.,true,lichess,pYH3a,25009,95,{}
lc_D5uK1,3r2k1/pp3pp1/2p5/4P1qP/4R3/8/PPP1QP2/1K6 b - - 2 26,"{""g5g1"",""e2e1"",""d8d1"",""e1d1"",""g1d1""}",bishop,10,intermediate,Bishop 10 · Mate In3,mateIn3,Black to move.,1266,Casual,"{""endgame"",""fork"",""long"",""mate"",""mateIn3"",""xRayAttack""}",Checkmate in three — calculate the forcing line all the way to mate.,true,lichess,D5uK1,24346,96,{}
lc_QL0Jh,r3r3/p1pk1ppp/2p2b2/8/6n1/1PN5/PBP1RPPP/R5K1 w - - 5 17,"{""a1d1"",""d7c8"",""e2e8""}",bishop,10,intermediate,Bishop 10 · Deflection,deflection,White to move.,1267,Casual,"{""crushing"",""deflection"",""middlegame"",""short""}",A deflection — lure a defending piece away from the square it was guarding.,true,lichess,QL0Jh,34850,95,"{""Ruy_Lopez"",""Ruy_Lopez_Steinitz_Defense""}"
lc_feQui,4b1rk/p4p1p/2p2PpQ/1p4P1/8/2p2R2/P2q2BP/7K w - - 0 27,"{""h6h7"",""h8h7"",""f3h3""}",bishop,10,intermediate,Bishop 10 · Mate In2,mateIn2,White to move.,1267,Casual,"{""attraction"",""endgame"",""mate"",""mateIn2"",""sacrifice"",""short""}",Checkmate in two — a forced sequence that delivers checkmate on move two.,true,lichess,feQui,34334,97,{}
lc_zt2FB,5r2/1pp2rpk/4qn1p/1p2pN2/4p3/3P2R1/PPPQ2PP/R5K1 w - - 0 24,"{""g3g7"",""f7g7"",""d2h6"",""h7g8"",""h6g7""}",bishop,10,intermediate,Bishop 10 · Mate In3,mateIn3,White to move.,1267,Casual,"{""attraction"",""long"",""mate"",""mateIn3"",""middlegame"",""sacrifice""}",Checkmate in three — calculate the forcing line all the way to mate.,true,lichess,zt2FB,33432,96,{}
lc_fpsjK,3r2k1/ppqrbppp/1np1p3/4N3/3PP3/2PQB2P/P4PP1/1R1R2K1 b - - 6 18,"{""c7e5"",""d4e5"",""d7d3"",""d1d3"",""d8d3""}",bishop,10,intermediate,Bishop 10 · Advantage,advantage,Black to move.,1267,Casual,"{""advantage"",""long"",""middlegame""}",Find the strongest continuation and seize the advantage.,true,lichess,fpsjK,33331,95,"{""Slav_Defense"",""Slav_Defense_Other_variations""}"
lc_FcqF0,1r4k1/1P4p1/5p1p/2Q1p3/p7/5P2/1qP2P1P/4R1K1 w - - 1 28,"{""c5c8"",""b8c8"",""b7c8q""}",bishop,10,intermediate,Bishop 10 · Promotion,promotion,White to move.,1267,Casual,"{""advancedPawn"",""crushing"",""endgame"",""promotion"",""short""}",Pawn promotion — advance the pawn to its final rank and choose your new piece wisely.,true,lichess,FcqF0,32305,96,{}
lc_vt1fw,4r1k1/p4pp1/1b5p/3Q4/2P1P3/5P2/PP2q1PP/2BR3K b - - 0 27,"{""e8d8"",""d5d8"",""b6d8""}",bishop,10,intermediate,Bishop 10 · Endgame,endgame,Black to move.,1267,Casual,"{""advantage"",""endgame"",""short""}",An endgame technique — precise play with few pieces where every tempo counts.,true,lichess,vt1fw,32294,95,{}
lc_hq1Wb,r3r1k1/2p3p1/p1Qbq1bp/8/4P1PB/2N2P1P/PP6/3RR1K1 b - - 0 21,"{""d6h2"",""g1h2"",""e6c6""}",bishop,10,intermediate,Bishop 10 · Discovered Attack,discoveredAttack,Black to move.,1267,Casual,"{""crushing"",""discoveredAttack"",""middlegame"",""short""}",A discovered attack — moving one piece uncovers a deadly attack from another.,true,lichess,hq1Wb,32010,96,{}
lc_NTRGy,5rrk/p1p2qpp/1pBb1p2/2nPpP1Q/4P1R1/2P1B3/P4P1P/1R5K w - - 10 22,"{""h5h7"",""h8h7"",""g4h4"",""f7h5"",""h4h5""}",bishop,10,intermediate,Bishop 10 · Mate In3,mateIn3,White to move.,1267,Casual,"{""attraction"",""kingsideAttack"",""long"",""mate"",""mateIn3"",""middlegame"",""sacrifice""}",Checkmate in three — calculate the forcing line all the way to mate.,true,lichess,NTRGy,31846,96,{}
lc_zutEF,1r5q/p5k1/3Q1p2/2p5/2PbP1p1/1P1B2P1/P5PP/5R1K b - - 0 29,"{""h8h2"",""h1h2"",""b8h8""}",bishop,10,intermediate,Bishop 10 · Mate In2,mateIn2,Black to move.,1267,Casual,"{""attraction"",""endgame"",""mate"",""mateIn2"",""pillsburysMate"",""sacrifice"",""short""}",Checkmate in two — a forced sequence that delivers checkmate on move two.,true,lichess,zutEF,31121,95,{}
lc_ZbeGO,r1b5/ppppnq2/2k5/4R3/3P4/2P3Q1/P4PPP/6K1 w - - 0 26,"{""e5c5"",""c6b6"",""g3c7"",""b6a6"",""c5a5""}",bishop,10,intermediate,Bishop 10 · Mate In3,mateIn3,White to move.,1267,Casual,"{""discoveredAttack"",""endgame"",""exposedKing"",""killBoxMate"",""long"",""mate"",""mateIn3""}",Checkmate in three — calculate the forcing line all the way to mate.,true,lichess,ZbeGO,30942,96,{}
lc_6B4Kk,r1br4/1p3p1k/3ppPpp/8/3qPP1Q/3B2R1/2pK3P/3R4 w - - 0 25,"{""h4h6"",""h7h6"",""g3h3""}",bishop,10,intermediate,Bishop 10 · Mate In2,mateIn2,White to move.,1267,Casual,"{""attraction"",""mate"",""mateIn2"",""middlegame"",""sacrifice"",""short""}",Checkmate in two — a forced sequence that delivers checkmate on move two.,true,lichess,6B4Kk,26860,96,{}
lc_PHhmI,3r2k1/p1p3b1/1pn3pp/5n2/4NB2/P4N2/1PP2PPP/2KR4 b - - 2 22,"{""g7b2"",""c1b2"",""d8d1""}",bishop,10,intermediate,Bishop 10 · Deflection,deflection,Black to move.,1267,Casual,"{""advantage"",""deflection"",""middlegame"",""queensideAttack"",""short""}",A deflection — lure a defending piece away from the square it was guarding.,true,lichess,PHhmI,26640,94,{}
lc_WGGoJ,qn4k1/2Q2rpp/b3p3/3pP3/P2P4/3p1N2/5PPP/1R4K1 w - - 0 30,"{""b1b8"",""a8b8"",""c7b8""}",bishop,10,intermediate,Bishop 10 · Fork,fork,White to move.,1267,Casual,"{""crushing"",""fork"",""middlegame"",""short""}","A fork — one piece attacks two enemy pieces at once, forcing a material win.",true,lichess,WGGoJ,25653,96,{}
lc_nIiYv,r7/5p1p/5kp1/3R4/1P1Nn3/4PP2/6PP/5K2 b - - 0 34,"{""a8a1"",""f1e2"",""e4c3"",""e2d3"",""c3d5""}",bishop,10,intermediate,Bishop 10 · Fork,fork,Black to move.,1267,Casual,"{""advantage"",""endgame"",""fork"",""long""}","A fork — one piece attacks two enemy pieces at once, forcing a material win.",true,lichess,nIiYv,25577,97,{}
lc_T6Uik,5r2/4ppk1/3p2p1/p1p2Q2/8/6R1/1r1q2PP/5R1K w - - 8 29,"{""g3g6"",""f7g6"",""f5f8"",""g7h7"",""f1f7""}",bishop,10,intermediate,Bishop 10 · Mate In3,mateIn3,White to move.,1267,Casual,"{""endgame"",""long"",""mate"",""mateIn3""}",Checkmate in three — calculate the forcing line all the way to mate.,true,lichess,T6Uik,25545,97,{}
lc_2QTBm,rn2k2r/pQp2ppp/2qbp3/8/8/2P3P1/P1PP1P1P/R1B1R1K1 w kq - 1 12,"{""b7c8"",""e8e7"",""c8h8""}",bishop,10,intermediate,Bishop 10 · Skewer,skewer,White to move.,1267,Casual,"{""advantage"",""middlegame"",""short"",""skewer""}","A skewer — the higher-value piece is forced to move, losing the piece behind it.",true,lichess,2QTBm,25463,97,"{""Scandinavian_Defense"",""Scandinavian_Defense_Modern_Variation""}"
lc_i4c2f,3R4/1r2r1pk/1p4qp/p1n1R3/P1P2P1P/1P4P1/2Q5/6K1 w - - 2 40,"{""d8h8"",""h7h8"",""c2g6""}",bishop,10,intermediate,Bishop 10 · Pin,pin,White to move.,1267,Casual,"{""crushing"",""deflection"",""master"",""middlegame"",""pin"",""short""}",A pin — the attacked piece can't move without exposing a more valuable piece behind it.,true,lichess,i4c2f,25206,95,{}
lc_Pnju7,2q4k/3b2p1/p6p/1p1PB3/3K4/P3Q3/1P6/8 w - - 3 52,"{""e3h6"",""h8g8"",""h6g7""}",bishop,10,intermediate,Bishop 10 · Mate In2,mateIn2,White to move.,1267,Casual,"{""endgame"",""mate"",""mateIn2"",""pin"",""short""}",Checkmate in two — a forced sequence that delivers checkmate on move two.,true,lichess,Pnju7,24909,95,{}
lc_g9AjJ,rn2kb1r/pp3ppp/2p1b3/8/3PQB2/4P3/Pq3PPP/1R2KBNR b Kkq - 1 11,"{""f8b4"",""e1d1"",""b2d2""}",bishop,10,intermediate,Bishop 10 · Mate In2,mateIn2,Black to move.,1267,Casual,"{""mate"",""mateIn2"",""opening"",""short""}",Checkmate in two — a forced sequence that delivers checkmate on move two.,true,lichess,g9AjJ,24555,95,"{""Queens_Gambit_Declined"",""Queens_Gambit_Declined_Exchange_Variation""}"
lc_IcYyR,1r2n1kb/1r6/1q1p2p1/p1pPP1P1/2b2B2/P1P2B2/4N2R/K6R w - - 0 41,"{""h2h8"",""g8f7"",""h1h7"",""e8g7"",""e5e6"",""f7e7"",""h7g7""}",bishop,10,intermediate,Bishop 10 · Deflection,deflection,White to move.,1267,Casual,"{""deflection"",""exposedKing"",""kingsideAttack"",""mate"",""mateIn4"",""middlegame"",""veryLong""}",A deflection — lure a defending piece away from the square it was guarding.,true,lichess,IcYyR,24459,95,{}
lc_8JVJX,r7/BpP2k1p/6p1/5p2/7P/4PK2/8/8 w - - 1 43,"{""a7b8"",""a8a4"",""c7c8q""}",bishop,10,intermediate,Bishop 10 · Promotion,promotion,White to move.,1267,Casual,"{""advancedPawn"",""crushing"",""endgame"",""promotion"",""quietMove"",""short""}",Pawn promotion — advance the pawn to its final rank and choose your new piece wisely.,true,lichess,8JVJX,24444,95,{}
lc_h2C0l,3r1k2/5ppp/pn6/1p1p4/3P1B2/2P4P/P4PP1/4R1K1 w - - 7 26,"{""f4c7"",""d8d7"",""c7b6""}",bishop,10,intermediate,Bishop 10 · Fork,fork,White to move.,1267,Casual,"{""crushing"",""endgame"",""fork"",""short""}","A fork — one piece attacks two enemy pieces at once, forcing a material win.",true,lichess,h2C0l,24344,97,{}
lc_AmRF0,5rk1/5pp1/4p2p/pNq5/P1Pp3b/7P/4Q2R/R5K1 b - - 1 36,"{""d4d3"",""e2f2"",""h4f2""}",bishop,10,intermediate,Bishop 10 · Discovered Attack,discoveredAttack,Black to move.,1267,Casual,"{""crushing"",""discoveredAttack"",""discoveredCheck"",""middlegame"",""short""}",A discovered attack — moving one piece uncovers a deadly attack from another.,true,lichess,AmRF0,24006,96,{}
lc_5n2Xv,8/5pk1/3p2p1/4p3/1p5Q/2p1bPR1/6K1/4q3 w - - 2 54,"{""g3g6"",""g7g6"",""h4e1""}",bishop,10,intermediate,Bishop 10 · Discovered Attack,discoveredAttack,White to move.,1268,Casual,"{""advantage"",""discoveredAttack"",""endgame"",""short""}",A discovered attack — moving one piece uncovers a deadly attack from another.,true,lichess,5n2Xv,32313,95,{}
lc_4c4jv,7r/1ppqnr1k/p2pbQp1/2bNp1P1/4P3/1P1P3P/1PP2P2/R1B1K2R w KQ - 0 18,"{""f6f7"",""e6f7"",""d5f6"",""h7g7"",""f6d7""}",bishop,10,intermediate,Bishop 10 · Fork,fork,White to move.,1268,Casual,"{""advantage"",""fork"",""long"",""middlegame"",""sacrifice""}","A fork — one piece attacks two enemy pieces at once, forcing a material win.",true,lichess,4c4jv,31196,95,"{""Vienna_Game"",""Vienna_Game_Max_Lange_Defense""}"
lc_r4KIu,8/5p1p/4p1p1/3p2k1/4nq2/5P1R/1Q4PP/6K1 b - - 0 34,"{""f4e3"",""g1f1"",""e4d2"",""b2d2"",""e3d2""}",bishop,10,intermediate,Bishop 10 · Endgame,endgame,Black to move.,1268,Casual,"{""crushing"",""endgame"",""long""}",An endgame technique — precise play with few pieces where every tempo counts.,true,lichess,r4KIu,30446,95,{}
lc_3SEtZ,r4rk1/1b3pp1/p5np/1q2p3/4Pp2/1B3N1P/P3Q1P1/1RR4K w - - 0 24,"{""b3f7"",""f8f7"",""b1b5""}",bishop,10,intermediate,Bishop 10 · Discovered Attack,discoveredAttack,White to move.,1268,Casual,"{""advantage"",""discoveredAttack"",""middlegame"",""short""}",A discovered attack — moving one piece uncovers a deadly attack from another.,true,lichess,3SEtZ,29888,95,{}
lc_0DC0x,3r1b1r/pp1Nkp2/4bp1p/1np5/8/6N1/PPP2PPP/2KRR3 w - - 2 15,"{""g3f5"",""e7e8"",""d7f6""}",bishop,10,intermediate,Bishop 10 · Mate In2,mateIn2,White to move.,1268,Casual,"{""deflection"",""mate"",""mateIn2"",""middlegame"",""pin"",""short""}",Checkmate in two — a forced sequence that delivers checkmate on move two.,true,lichess,0DC0x,28241,96,"{""Scandinavian_Defense"",""Scandinavian_Defense_Other_variations""}"
lc_jJ0QU,r3k2r/3b1ppp/ppn1p3/3pP1q1/P2P4/5N2/1P1QNPPP/R3K2R b KQkq - 0 14,"{""g5g2"",""h1g1"",""g2f3""}",bishop,10,intermediate,Bishop 10 · Fork,fork,Black to move.,1268,Casual,"{""crushing"",""fork"",""middlegame"",""short""}","A fork — one piece attacks two enemy pieces at once, forcing a material win.",true,lichess,jJ0QU,28234,94,"{""French_Defense"",""French_Defense_Classical_Variation""}"
lc_UmRil,1q3r2/8/6pk/1pp1Q2p/p4N1P/2P3P1/PP5K/8 w - - 3 36,"{""e5g5"",""h6h7"",""g5g6""}",bishop,10,intermediate,Bishop 10 · Endgame,endgame,White to move.,1268,Casual,"{""crushing"",""endgame"",""short""}",An endgame technique — precise play with few pieces where every tempo counts.,true,lichess,UmRil,28208,94,{}
lc_SIs8L,8/8/8/p2Kp1p1/1r2Pk2/1P6/5P2/2N5 w - - 6 47,"{""c1d3"",""f4f3"",""d3b4"",""a5b4"",""d5e5"",""f3f2"",""e5f5"",""f2f3"",""e4e5"",""g5g4"",""e5e6"",""g4g3"",""e6e7""}",bishop,10,intermediate,Bishop 10 · Fork,fork,White to move.,1268,Casual,"{""advancedPawn"",""advantage"",""endgame"",""fork"",""quietMove"",""veryLong""}","A fork — one piece attacks two enemy pieces at once, forcing a material win.",true,lichess,SIs8L,27335,96,{}
lc_xaXW0,8/7P/p5B1/1p6/1P4p1/2k2p2/P1P1pK1P/8 b - - 0 46,"{""c3d2"",""f2g3"",""e2e1q""}",bishop,10,intermediate,Bishop 10 · Promotion,promotion,Black to move.,1268,Casual,"{""advancedPawn"",""bishopEndgame"",""crushing"",""endgame"",""promotion"",""short""}",Pawn promotion — advance the pawn to its final rank and choose your new piece wisely.,true,lichess,xaXW0,26622,96,{}
lc_3kNdd,rnb1k1nr/pp1pppbp/1q4p1/2P5/2P1P3/5N2/PP1B1PPP/RN1QKB1R b KQkq - 0 6,"{""b6b2"",""b1c3"",""g7c3""}",bishop,10,intermediate,Bishop 10 · Advantage,advantage,Black to move.,1268,Casual,"{""advantage"",""opening"",""short""}",Find the strongest continuation and seize the advantage.,true,lichess,3kNdd,26371,95,"{""Modern_Defense"",""Modern_Defense_Semi-Averbakh_Variation""}"
lc_GbjZj,2r3k1/1p3np1/6q1/pP1p3p/P4RP1/8/4Q1K1/5R2 b - - 3 31,"{""c8c2"",""e2c2"",""g6c2""}",bishop,10,intermediate,Bishop 10 · Pin,pin,Black to move.,1268,Casual,"{""crushing"",""endgame"",""pin"",""short""}",A pin — the attacked piece can't move without exposing a more valuable piece behind it.,true,lichess,GbjZj,25477,95,{}
lc_8so5s,r4r2/pp4pk/2pb4/6p1/2B5/2P1R3/PP4KP/5R2 w - - 0 27,"{""e3h3"",""h7g6"",""c4d3""}",bishop,10,intermediate,Bishop 10 · Endgame,endgame,White to move.,1268,Casual,"{""crushing"",""endgame"",""master"",""short""}",An endgame technique — precise play with few pieces where every tempo counts.,true,lichess,8so5s,25234,95,{}
lc_NiLPb,r2q1r2/ppp2pk1/2nb4/6p1/6b1/2PBPNP1/PP2KPP1/RN5Q w - - 2 15,"{""h1h7"",""g7f6"",""h7h6"",""f6e7"",""h6g5"",""e7e8"",""g5g4""}",bishop,10,intermediate,Bishop 10 · Fork,fork,White to move.,1268,Casual,"{""advantage"",""deflection"",""fork"",""middlegame"",""veryLong""}","A fork — one piece attacks two enemy pieces at once, forcing a material win.",true,lichess,NiLPb,25129,98,"{""Englund_Gambit_Complex"",""Englund_Gambit_Complex_Hartlaub-Charlick_Gambit""}"
lc_Lxx8P,4r1k1/p2p2pp/1p1bq3/2p5/3PBP2/2PKQ1P1/PP5P/R7 b - - 1 26,"{""c5c4"",""d3d2"",""e6e4"",""e3e4"",""e8e4""}",bishop,10,intermediate,Bishop 10 · Deflection,deflection,Black to move.,1268,Casual,"{""advantage"",""deflection"",""endgame"",""long""}",A deflection — lure a defending piece away from the square it was guarding.,true,lichess,Lxx8P,24949,96,{}
lc_iwKV6,r1b2r1k/ppq5/2pb1nQp/5p2/2BP3N/7P/PP3PP1/2R2RK1 w - - 0 20,"{""g6h6"",""c7h7"",""h4g6""}",bishop,10,intermediate,Bishop 10 · Mate In2,mateIn2,White to move.,1268,Casual,"{""kingsideAttack"",""mate"",""mateIn2"",""middlegame"",""short""}",Checkmate in two — a forced sequence that delivers checkmate on move two.,true,lichess,iwKV6,24710,95,"{""French_Defense"",""French_Defense_Exchange_Variation""}"
lc_Bk6AA,2b5/3p4/2p1p3/4Bk2/P1PK4/8/P7/8 b - - 4 39,"{""c6c5"",""d4c5"",""f5e5""}",bishop,10,intermediate,Bishop 10 · Deflection,deflection,Black to move.,1268,Casual,"{""bishopEndgame"",""crushing"",""deflection"",""endgame"",""short""}",A deflection — lure a defending piece away from the square it was guarding.,true,lichess,Bk6AA,24331,96,{}
lc_hU989,r4r1k/ppq2p1p/2n1p2Q/3p4/5b2/2P5/PP3P1P/RN3R1K w - - 0 17,"{""h6f6"",""h8g8"",""f1g1""}",bishop,10,intermediate,Bishop 10 · Crushing,crushing,White to move.,1268,Casual,"{""crushing"",""middlegame"",""short""}",Find the strongest continuation and seize the advantage.,true,lichess,hU989,24001,94,"{""French_Defense"",""French_Defense_Advance_Variation""}"
lc_3Dek0,4rr2/ppq4k/2p3bp/2Pp2p1/5PP1/2QnP1K1/PP2N1B1/5R1R w - - 5 28,"{""h1h6"",""h7h6"",""f1h1""}",bishop,10,intermediate,Bishop 10 · Attraction,attraction,White to move.,1269,Casual,"{""attraction"",""crushing"",""middlegame"",""sacrifice"",""short""}",An attraction — force an enemy piece onto a square where it can be exploited.,true,lichess,3Dek0,31956,95,{}
lc_5MROv,r5k1/p1pq2pp/1pnbrp2/1P1Q1n2/3P4/2P1BN2/P4PPP/R3RNK1 b - - 0 17,"{""d6h2"",""f1h2"",""d7d5""}",bishop,10,intermediate,Bishop 10 · Discovered Attack,discoveredAttack,Black to move.,1269,Casual,"{""advantage"",""discoveredAttack"",""kingsideAttack"",""middlegame"",""short""}",A discovered attack — moving one piece uncovers a deadly attack from another.,true,lichess,5MROv,26126,95,"{""French_Defense"",""French_Defense_Exchange_Variation""}"
lc_0zJ7q,2kr3r/Qpp1n3/p2p3p/P3ppp1/1P2b3/1BP5/3K1P1q/4R1R1 w - - 1 27,"{""b3e6"",""d8d7"",""a7a8""}",bishop,10,intermediate,Bishop 10 · Mate In2,mateIn2,White to move.,1269,Casual,"{""mate"",""mateIn2"",""middlegame"",""pin"",""queensideAttack"",""short""}",Checkmate in two — a forced sequence that delivers checkmate on move two.,true,lichess,0zJ7q,25517,95,{}
