id,fen,solution_ucis,category,sub_level,difficulty,title,theme,prompt,rating,rating_label,tags,explanation,active,source,lichess_id,nb_plays,popularity,opening_tags
lc_nOBS6,5rk1/pp3Rp1/2p1q2p/3p4/8/5P2/PPP3P1/4R1K1 w - - 0 31,"{""f7f8"",""g8f8"",""e1e6""}",rook,1,intermediate,Rook 1 · Endgame,endgame,White to move.,1269,Casual,"{""crushing"",""endgame"",""intermezzo"",""queenRookEndgame"",""short""}",An endgame technique — precise play with few pieces where every tempo counts.,true,lichess,nOBS6,35878,96,{}
lc_gnBy3,8/5pk1/3p4/p1b5/Pp5P/8/1qP3P1/3Q1K1R b - - 1 38,"{""b2f6"",""d1f3"",""f6a1"",""f1e2"",""a1h1""}",rook,1,intermediate,Rook 1 · Skewer,skewer,Black to move.,1270,Casual,"{""advantage"",""endgame"",""long"",""skewer""}","A skewer — the higher-value piece is forced to move, losing the piece behind it.",true,lichess,gnBy3,34851,95,{}
lc_FaDM0,2bq3r/3n1pkn/p2p2p1/4p1QP/3PP1P1/P2P4/4NN2/1R4K1 w - - 2 27,"{""h5h6"",""g7g8"",""g5d8""}",rook,1,intermediate,Rook 1 · Interference,interference,White to move.,1271,Casual,"{""crushing"",""interference"",""middlegame"",""short""}",Interference — block the line between two enemy pieces to break their coordination.,true,lichess,FaDM0,33909,95,{}
lc_prfqg,7k/4qpp1/2p1bN1p/p3P2Q/3r4/6R1/P4PPP/6K1 w - - 3 32,"{""h5h6"",""g7h6"",""g3g8""}",rook,1,intermediate,Rook 1 · Mate In2,mateIn2,White to move.,1271,Casual,"{""arabianMate"",""endgame"",""mate"",""mateIn2"",""sacrifice"",""short""}",Checkmate in two — a forced sequence that delivers checkmate on move two.,true,lichess,prfqg,33202,95,{}
lc_HnyBQ,r1b1k2r/pp3ppp/4pn2/8/1bBq4/8/PP1N1PPP/R1BQR1K1 w kq - 2 12,"{""d1a4"",""c8d7"",""a4b4""}",rook,1,intermediate,Rook 1 · Fork,fork,White to move.,1272,Casual,"{""advantage"",""fork"",""opening"",""short""}","A fork — one piece attacks two enemy pieces at once, forcing a material win.",true,lichess,HnyBQ,36233,95,"{""Queens_Pawn_Game"",""Queens_Pawn_Game_Zukertort_Variation""}"
lc_FxxfL,5r2/pp3rbk/3pb1pp/1Nn1p3/P3q3/R4NP1/2P1QPBP/3R3K w - - 0 24,"{""f3g5"",""h6g5"",""g2e4""}",rook,1,intermediate,Rook 1 · Discovered Attack,discoveredAttack,White to move.,1272,Casual,"{""advantage"",""discoveredAttack"",""master"",""middlegame"",""short""}",A discovered attack — moving one piece uncovers a deadly attack from another.,true,lichess,FxxfL,35372,96,{}
lc_F4Ljx,3r4/pp5R/2kP4/5p2/1P2pP2/P3P1p1/2r1nP2/3R3K w - - 4 36,"{""h7c7"",""c6b6"",""c7c2""}",rook,1,intermediate,Rook 1 · Skewer,skewer,White to move.,1273,Casual,"{""advantage"",""endgame"",""short"",""skewer""}","A skewer — the higher-value piece is forced to move, losing the piece behind it.",true,lichess,F4Ljx,35473,96,{}
lc_ri1lN,1r1q2rk/3n1p1p/3p1PpQ/p2P4/1p2PR2/7P/4N1P1/4R1K1 w - - 4 31,"{""h6h7"",""h8h7"",""f4h4""}",rook,1,intermediate,Rook 1 · Mate In2,mateIn2,White to move.,1273,Casual,"{""attraction"",""kingsideAttack"",""mate"",""mateIn2"",""middlegame"",""sacrifice"",""short""}",Checkmate in two — a forced sequence that delivers checkmate on move two.,true,lichess,ri1lN,34245,96,{}
lc_t6Ubt,8/4r2k/p5p1/1bR4p/3pB2b/1K1Pn2P/PP3R2/8 w - - 4 32,"{""c5h5"",""h7g7"",""h5h4""}",rook,1,intermediate,Rook 1 · Pin,pin,White to move.,1273,Casual,"{""advantage"",""middlegame"",""pin"",""short""}",A pin — the attacked piece can't move without exposing a more valuable piece behind it.,true,lichess,t6Ubt,34137,95,{}
lc_oSHbq,rn1q3r/pp2kp2/1bp1p3/3pPp2/3P1P2/2P2Rp1/PP2B1P1/RNBQ2K1 b - - 1 15,"{""h8h1"",""g1h1"",""d8h8"",""h1g1"",""h8h2"",""g1f1"",""h2h1""}",rook,1,intermediate,Rook 1 · Attraction,attraction,Black to move.,1274,Casual,"{""attraction"",""kingsideAttack"",""mate"",""mateIn4"",""middlegame"",""sacrifice"",""veryLong""}",An attraction — force an enemy piece onto a square where it can be exploited.,true,lichess,oSHbq,37833,96,"{""Caro-Kann_Defense"",""Caro-Kann_Defense_Other_variations""}"
lc_4c5Qd,r4r2/4p1k1/3pbpp1/8/4P3/Pp3P2/1PqQN1P1/K2R3R b - - 1 25,"{""a8a3"",""b2a3"",""b3b2""}",rook,1,intermediate,Rook 1 · Mate In2,mateIn2,Black to move.,1274,Casual,"{""advancedPawn"",""mate"",""mateIn2"",""middlegame"",""sacrifice"",""short""}",Checkmate in two — a forced sequence that delivers checkmate on move two.,true,lichess,4c5Qd,34151,96,{}
lc_HxpYq,r4rk1/1p3ppp/1p1p2q1/3B4/4PPn1/2P4P/PP3R1P/R1BQ2K1 b - - 0 19,"{""g4e3"",""d1g4"",""e3g4""}",rook,1,intermediate,Rook 1 · Discovered Attack,discoveredAttack,Black to move.,1274,Casual,"{""advantage"",""discoveredAttack"",""discoveredCheck"",""kingsideAttack"",""middlegame"",""short""}",A discovered attack — moving one piece uncovers a deadly attack from another.,true,lichess,HxpYq,33893,96,"{""Scotch_Game"",""Scotch_Game_Other_variations""}"
lc_xyVtB,3q2rk/p2b1p1p/3p1PpQ/2pP2P1/2PbPR2/8/P5BP/1rB4K w - - 1 25,"{""h6h7"",""h8h7"",""f4h4""}",rook,1,intermediate,Rook 1 · Mate In2,mateIn2,White to move.,1274,Casual,"{""attraction"",""kingsideAttack"",""mate"",""mateIn2"",""middlegame"",""sacrifice"",""short""}",Checkmate in two — a forced sequence that delivers checkmate on move two.,true,lichess,xyVtB,33693,96,{}
lc_1m4wD,3r3k/pp4pp/6r1/2p5/2Bn3Q/7P/PP3PP1/R5K1 b - - 5 22,"{""d4f3"",""g1f1"",""f3h4""}",rook,1,intermediate,Rook 1 · Pin,pin,Black to move.,1276,Casual,"{""crushing"",""endgame"",""pin"",""short""}",A pin — the attacked piece can't move without exposing a more valuable piece behind it.,true,lichess,1m4wD,34688,96,{}
lc_eJZMz,r1b3k1/1pp4p/6pb/p1pPp3/2P4q/1P1Q3P/P3NNP1/1K1R3R b - - 0 19,"{""c8f5"",""g2g3"",""f5d3""}",rook,1,intermediate,Rook 1 · Pin,pin,Black to move.,1276,Casual,"{""advantage"",""middlegame"",""pin"",""short""}",A pin — the attacked piece can't move without exposing a more valuable piece behind it.,true,lichess,eJZMz,34456,95,"{""Kings_Indian_Defense"",""Kings_Indian_Defense_Normal_Variation""}"
lc_jJU8M,3B4/p7/7p/5p2/2p2p2/2P3PP/P3Bk1K/8 b - - 0 40,"{""f4g3"",""h2h1"",""g3g2"",""h1h2"",""g2g1q""}",rook,1,intermediate,Rook 1 · Mate In3,mateIn3,Black to move.,1276,Casual,"{""advancedPawn"",""bishopEndgame"",""endgame"",""long"",""mate"",""mateIn3"",""promotion""}",Checkmate in three — calculate the forcing line all the way to mate.,true,lichess,jJU8M,34045,95,{}
lc_akWCx,3r1rk1/2q2p1p/3R2p1/1b1p1p2/1p4P1/1B3PQP/1PP5/4R1K1 w - - 5 27,"{""d6g6"",""h7g6"",""g3c7""}",rook,1,intermediate,Rook 1 · Discovered Attack,discoveredAttack,White to move.,1276,Casual,"{""crushing"",""discoveredAttack"",""middlegame"",""short""}",A discovered attack — moving one piece uncovers a deadly attack from another.,true,lichess,akWCx,33837,95,{}
lc_6QtXU,4rk2/3Qn1pp/p2P1p2/8/1p5P/5BP1/3q4/5K2 w - - 1 34,"{""d6e7"",""e8e7"",""d7d2""}",rook,1,intermediate,Rook 1 · Discovered Attack,discoveredAttack,White to move.,1276,Casual,"{""advancedPawn"",""crushing"",""discoveredAttack"",""endgame"",""short""}",A discovered attack — moving one piece uncovers a deadly attack from another.,true,lichess,6QtXU,33175,95,{}
lc_Yj9Pf,r2qk2r/1p3ppp/5n2/p1b1p3/3nP3/P2QB1P1/1P3PBP/RN3RK1 b kq - 1 13,"{""d4f3"",""g2f3"",""d8d3""}",rook,1,intermediate,Rook 1 · Discovered Attack,discoveredAttack,Black to move.,1277,Casual,"{""crushing"",""discoveredAttack"",""opening"",""short""}",A discovered attack — moving one piece uncovers a deadly attack from another.,true,lichess,Yj9Pf,43610,96,"{""Kings_Pawn_Game"",""Kings_Pawn_Game_Other_variations""}"
lc_1fNSc,5rk1/pp1Q1pp1/1b6/2pN4/8/8/Pq2nPPP/6RK w - - 4 35,"{""d5e7"",""g8h7"",""d7h3""}",rook,1,intermediate,Rook 1 · Mate In2,mateIn2,White to move.,1277,Casual,"{""anastasiaMate"",""mate"",""mateIn2"",""middlegame"",""short""}",Checkmate in two — a forced sequence that delivers checkmate on move two.,true,lichess,1fNSc,36295,95,{}
lc_5qvf4,2Q2b1k/2p4p/3p2p1/3Nn3/4N1n1/1P4P1/P4r1P/R3R1K1 b - - 3 27,"{""e5f3"",""g1h1"",""f2h2""}",rook,1,intermediate,Rook 1 · Mate In2,mateIn2,Black to move.,1277,Casual,"{""arabianMate"",""fork"",""mate"",""mateIn2"",""middlegame"",""short""}",Checkmate in two — a forced sequence that delivers checkmate on move two.,true,lichess,5qvf4,34901,95,{}
lc_ONPVp,r1q2rk1/pp1nn1pp/2pb2b1/3p1p2/3P2P1/5NNP/PPP1QPB1/R1B2RK1 w - f6 0 14,"{""e2e6"",""g6f7"",""e6d6""}",rook,1,intermediate,Rook 1 · Fork,fork,White to move.,1279,Casual,"{""crushing"",""fork"",""opening"",""short""}","A fork — one piece attacks two enemy pieces at once, forcing a material win.",true,lichess,ONPVp,36674,96,"{""French_Defense"",""French_Defense_Queens_Knight""}"
lc_ktnJX,2k5/p1p2Q1p/2p5/q2p4/8/3RKP2/2P2P1P/r1r4R w - - 1 29,"{""f7e8"",""c8b7"",""d3b3"",""a5b6"",""b3b6"",""a7b6"",""h1c1""}",rook,1,intermediate,Rook 1 · Endgame,endgame,White to move.,1279,Casual,"{""crushing"",""endgame"",""master"",""veryLong""}",An endgame technique — precise play with few pieces where every tempo counts.,true,lichess,ktnJX,33131,95,{}
lc_PGwJW,6k1/np1R2p1/p1p4p/8/1PP5/P5q1/1B3rB1/1R4K1 w - - 2 32,"{""d7g7"",""g3g7"",""b2g7""}",rook,1,intermediate,Rook 1 · Fork,fork,White to move.,1280,Casual,"{""advantage"",""fork"",""middlegame"",""short""}","A fork — one piece attacks two enemy pieces at once, forcing a material win.",true,lichess,PGwJW,33528,95,{}
lc_0hWDC,r5k1/1q3ppp/1p2p3/2n5/1P1N4/r3P3/1Q2RPPP/2R3K1 b - - 0 25,"{""c5d3"",""b2a3"",""a8a3""}",rook,1,intermediate,Rook 1 · Fork,fork,Black to move.,1280,Casual,"{""advantage"",""fork"",""middlegame"",""short""}","A fork — one piece attacks two enemy pieces at once, forcing a material win.",true,lichess,0hWDC,33057,95,{}
lc_vkSpB,3r4/2p1k3/p3b1p1/Ppn1p2p/2p1P2P/2P1NPP1/1P1NK3/R7 b - - 0 26,"{""d8d2"",""e2d2"",""c5b3"",""d2e2"",""b3a1""}",rook,1,intermediate,Rook 1 · Fork,fork,Black to move.,1280,Casual,"{""attraction"",""crushing"",""endgame"",""fork"",""long"",""master"",""sacrifice""}","A fork — one piece attacks two enemy pieces at once, forcing a material win.",true,lichess,vkSpB,32949,95,{}
lc_VX3Mx,6rk/5p1p/4pPpQ/pr2P1K1/6P1/4p1R1/PP3q1P/8 w - - 6 37,"{""h6h7"",""h8h7"",""g3h3"",""f2h4"",""h3h4""}",rook,1,intermediate,Rook 1 · Mate In3,mateIn3,White to move.,1281,Casual,"{""attraction"",""endgame"",""long"",""mate"",""mateIn3"",""sacrifice""}",Checkmate in three — calculate the forcing line all the way to mate.,true,lichess,VX3Mx,34061,95,{}
lc_WWHPN,rn1qkbnr/ppp2ppp/3pb3/4p3/2B1P3/2P2N2/PP1P1PPP/RNBQK2R b KQkq - 0 4,"{""e6c4"",""d1a4"",""b7b5""}",rook,1,intermediate,Rook 1 · Hanging Piece,hangingPiece,Black to move.,1282,Casual,"{""advantage"",""hangingPiece"",""opening"",""short""}",A hanging piece — an undefended enemy piece is free to capture.,true,lichess,WWHPN,36345,96,"{""Philidor_Defense"",""Philidor_Defense_Other_variations""}"
lc_MtsxU,3r2k1/p4pBp/2p2Pp1/4p3/8/2q1pR1Q/P5PP/3r2RK w - - 6 27,"{""h3h7"",""g8h7"",""f3h3"",""h7g8"",""h3h8""}",rook,1,intermediate,Rook 1 · Mate In3,mateIn3,White to move.,1282,Casual,"{""attraction"",""kingsideAttack"",""long"",""mate"",""mateIn3"",""middlegame"",""operaMate"",""sacrifice""}",Checkmate in three — calculate the forcing line all the way to mate.,true,lichess,MtsxU,34967,96,{}
lc_wJIdG,r6r/p2k1p2/2p1qp2/2bP4/8/2Nb2P1/PQ4BP/R3R2K b - - 2 23,"{""h8h2"",""h1h2"",""a8h8"",""g2h3"",""e6h3""}",rook,1,intermediate,Rook 1 · Mate In3,mateIn3,Black to move.,1283,Casual,"{""attraction"",""kingsideAttack"",""long"",""mate"",""mateIn3"",""middlegame"",""sacrifice""}",Checkmate in three — calculate the forcing line all the way to mate.,true,lichess,wJIdG,35998,95,{}
lc_wM5zg,r6k/ppq2prp/2p2Pp1/3p1Nn1/7R/1P2P3/PBP3PP/6K1 w - - 0 27,"{""f6g7"",""h8g8"",""f5h6""}",rook,1,intermediate,Rook 1 · Mate In2,mateIn2,White to move.,1283,Casual,"{""advancedPawn"",""kingsideAttack"",""mate"",""mateIn2"",""middlegame"",""short""}",Checkmate in two — a forced sequence that delivers checkmate on move two.,true,lichess,wM5zg,33867,96,{}
lc_bdTeQ,rn2k2r/p1pp1pp1/1p1q1p1p/8/2PP4/P2Q4/1P2BP2/R3KR2 w Qkq - 2 14,"{""d3e4"",""d6e7"",""e4a8""}",rook,1,intermediate,Rook 1 · Fork,fork,White to move.,1283,Casual,"{""advantage"",""fork"",""middlegame"",""pin"",""short""}","A fork — one piece attacks two enemy pieces at once, forcing a material win.",true,lichess,bdTeQ,33815,96,"{""English_Defense"",""English_Defense_Other_variations""}"
lc_nqPWp,2kr3B/Qppb1p1p/8/6q1/8/2P5/PP2pPPP/1K2RB1R b - - 2 18,"{""d7f5"",""b1a1"",""d8d1"",""e1d1"",""e2d1q""}",rook,1,intermediate,Rook 1 · Mate In3,mateIn3,Black to move.,1284,Casual,"{""advancedPawn"",""backRankMate"",""long"",""mate"",""mateIn3"",""middlegame"",""promotion""}",Checkmate in three — calculate the forcing line all the way to mate.,true,lichess,nqPWp,36465,96,"{""Scotch_Game"",""Scotch_Game_Classical_Variation""}"
lc_ZosIS,8/p5nk/2qP3p/8/1B4r1/P7/4Q1P1/3R3K b - - 5 40,"{""g4h4"",""h1g1"",""c6b6"",""e2f2"",""h4h1"",""g1h1"",""b6f2""}",rook,1,intermediate,Rook 1 · Deflection,deflection,Black to move.,1284,Casual,"{""advantage"",""deflection"",""endgame"",""veryLong""}",A deflection — lure a defending piece away from the square it was guarding.,true,lichess,ZosIS,34183,95,{}
lc_2WnNh,r1bR4/2p1ppkp/p5pb/2n1P3/2P2PP1/Pp6/1P2N2P/1K3B1R b - - 0 25,"{""c8f5"",""g4f5"",""a8d8""}",rook,1,intermediate,Rook 1 · Discovered Attack,discoveredAttack,Black to move.,1284,Casual,"{""advantage"",""discoveredAttack"",""middlegame"",""short""}",A discovered attack — moving one piece uncovers a deadly attack from another.,true,lichess,2WnNh,33535,95,{}
lc_d57G1,k4r2/p3b3/q1r1p3/3pPn2/2nP2Np/1RPQ1N1P/P5P1/KR2B3 b - - 2 35,"{""a6a2"",""a1a2"",""c6a6"",""b3a3"",""a6a3""}",rook,1,intermediate,Rook 1 · Mate In3,mateIn3,Black to move.,1285,Casual,"{""attraction"",""long"",""mate"",""mateIn3"",""middlegame"",""operaMate"",""sacrifice""}",Checkmate in three — calculate the forcing line all the way to mate.,true,lichess,d57G1,34686,96,{}
lc_egfIi,r1bk1b1r/5Rpp/p1pP4/8/2B5/6P1/P1P1Q1P1/qN5K w - - 0 17,"{""f7f8"",""h8f8"",""e2e7""}",rook,1,intermediate,Rook 1 · Mate In2,mateIn2,White to move.,1286,Casual,"{""mate"",""mateIn2"",""middlegame"",""sacrifice"",""short""}",Checkmate in two — a forced sequence that delivers checkmate on move two.,true,lichess,egfIi,36306,96,"{""Sicilian_Defense"",""Sicilian_Defense_Other_variations""}"
lc_anLQc,6rk/1b1rq1pp/p4p2/1p3P2/2pbP1RQ/P1P2B1P/1P6/3R3K w - - 0 33,"{""h4h7"",""h8h7"",""g4h4""}",rook,1,intermediate,Rook 1 · Mate In2,mateIn2,White to move.,1286,Casual,"{""attraction"",""kingsideAttack"",""mate"",""mateIn2"",""middlegame"",""sacrifice"",""short""}",Checkmate in two — a forced sequence that delivers checkmate on move two.,true,lichess,anLQc,33509,95,{}
lc_K1WoV,5rk1/1p4p1/4q2p/p1p1rN1n/2P2Q2/1P6/P4RPP/3R3K w - - 5 36,"{""f5h6"",""e6h6"",""f4f8""}",rook,1,intermediate,Rook 1 · Discovered Attack,discoveredAttack,White to move.,1286,Casual,"{""advantage"",""discoveredAttack"",""kingsideAttack"",""middlegame"",""short""}",A discovered attack — moving one piece uncovers a deadly attack from another.,true,lichess,K1WoV,33356,96,{}
lc_LZ9pJ,r7/pb3Q2/1pkp4/4p3/8/4R2P/P1q2PPK/8 w - - 0 35,"{""f7f3"",""c6c7"",""e3c3"",""c2c3"",""f3c3""}",rook,1,intermediate,Rook 1 · Fork,fork,White to move.,1287,Casual,"{""advantage"",""endgame"",""fork"",""long""}","A fork — one piece attacks two enemy pieces at once, forcing a material win.",true,lichess,LZ9pJ,36173,95,{}
lc_3ARHK,2r2rk1/2q1Bp1p/p2pp1PP/1pn5/3N2P1/P1nB1b2/1PP5/2KR3R w - - 0 19,"{""g6h7"",""g8h8"",""e7f6""}",rook,1,intermediate,Rook 1 · Mate In2,mateIn2,White to move.,1287,Casual,"{""advancedPawn"",""kingsideAttack"",""mate"",""mateIn2"",""middlegame"",""short""}",Checkmate in two — a forced sequence that delivers checkmate on move two.,true,lichess,3ARHK,33415,95,"{""Sicilian_Defense"",""Sicilian_Defense_Najdorf_Variation""}"
lc_usbgY,4r3/p2k1ppp/2p5/2B5/8/2p5/P4PPP/3KR3 b - - 1 22,"{""c3c2"",""d1c2"",""e8e1""}",rook,1,intermediate,Rook 1 · Deflection,deflection,Black to move.,1288,Casual,"{""advancedPawn"",""advantage"",""deflection"",""endgame"",""short""}",A deflection — lure a defending piece away from the square it was guarding.,true,lichess,usbgY,36399,96,{}
lc_3bEd6,6r1/ppp2k2/3p4/2b1p2r/4P2P/P2P1NP1/1PP2P2/R4RK1 b - - 0 25,"{""g8g3"",""g1h2"",""g3f3""}",rook,1,intermediate,Rook 1 · Pin,pin,Black to move.,1288,Casual,"{""crushing"",""endgame"",""kingsideAttack"",""pin"",""short""}",A pin — the attacked piece can't move without exposing a more valuable piece behind it.,true,lichess,3bEd6,34825,95,{}
lc_7Add1,5rkb/p4p1p/3Q1Pp1/6B1/8/1P5P/3p1qP1/2R4K w - - 0 33,"{""d6f8"",""g8f8"",""c1c8""}",rook,1,intermediate,Rook 1 · Mate In2,mateIn2,White to move.,1289,Casual,"{""attraction"",""endgame"",""mate"",""mateIn2"",""sacrifice"",""short""}",Checkmate in two — a forced sequence that delivers checkmate on move two.,true,lichess,7Add1,35984,95,{}
lc_btdRy,7k/pp4p1/4Q2B/7p/3P2r1/2P3Pq/7P/5RK1 b - - 7 33,"{""g4g3"",""h2g3"",""h3e6""}",rook,1,intermediate,Rook 1 · Discovered Attack,discoveredAttack,Black to move.,1289,Casual,"{""crushing"",""discoveredAttack"",""endgame"",""short""}",A discovered attack — moving one piece uncovers a deadly attack from another.,true,lichess,btdRy,34685,95,{}
lc_kD9bW,r2qk1nr/p1p2p1p/b2b2p1/2ppp3/6Q1/PP2P2P/1BPP1PP1/RN2K1NR w KQkq - 0 9,"{""g4a4"",""d8d7"",""a4a6""}",rook,1,intermediate,Rook 1 · Fork,fork,White to move.,1289,Casual,"{""advantage"",""fork"",""opening"",""short""}","A fork — one piece attacks two enemy pieces at once, forcing a material win.",true,lichess,kD9bW,34220,95,"{""Vant_Kruijs_Opening"",""Vant_Kruijs_Opening_Other_variations""}"
lc_9I1uI,1b3r2/1k1r2p1/8/2Q5/4NPpP/3PK1P1/8/8 b - - 0 48,"{""b8a7"",""c5a7"",""b7a7""}",rook,1,intermediate,Rook 1 · Pin,pin,Black to move.,1289,Casual,"{""advantage"",""endgame"",""master"",""pin"",""short""}",A pin — the attacked piece can't move without exposing a more valuable piece behind it.,true,lichess,9I1uI,34068,95,{}
lc_Rtw2E,6k1/p6p/1p2Pr1q/8/4Qp2/4bP2/6PP/3R1R1K b - - 0 32,"{""h6h2"",""h1h2"",""f6h6""}",rook,1,intermediate,Rook 1 · Mate In2,mateIn2,Black to move.,1289,Casual,"{""attraction"",""endgame"",""mate"",""mateIn2"",""pillsburysMate"",""sacrifice"",""short""}",Checkmate in two — a forced sequence that delivers checkmate on move two.,true,lichess,Rtw2E,33917,96,{}
lc_8sGKt,2r3k1/p3qpp1/Qp2p2p/n7/3R3P/4P1P1/P4PBK/3r4 w - - 0 28,"{""a6c8"",""e7f8"",""c8f8"",""g8f8"",""d4d1""}",rook,1,intermediate,Rook 1 · Hanging Piece,hangingPiece,White to move.,1289,Casual,"{""crushing"",""hangingPiece"",""long"",""middlegame""}",A hanging piece — an undefended enemy piece is free to capture.,true,lichess,8sGKt,33281,95,{}
lc_OIJ0Y,r1bk1br1/5p1p/p2p1N2/2p5/Pp2PP1n/6Pq/1PP1BR1P/RN1Q2K1 b - - 2 20,"{""g8g3"",""h2g3"",""h3g3"",""g1h1"",""g3f2""}",rook,1,intermediate,Rook 1 · Deflection,deflection,Black to move.,1290,Casual,"{""crushing"",""deflection"",""kingsideAttack"",""long"",""middlegame"",""sacrifice""}",A deflection — lure a defending piece away from the square it was guarding.,true,lichess,OIJ0Y,48978,96,{}
lc_oNpW7,r4rk1/2q3p1/p3R1pp/1p1B4/3Pn1PP/N1P5/PP3PK1/3Q1R2 b - - 0 26,"{""f8f2"",""f1f2"",""c7g3"",""g2f1"",""g3f2""}",rook,1,intermediate,Rook 1 · Mate In3,mateIn3,Black to move.,1290,Casual,"{""attraction"",""long"",""mate"",""mateIn3"",""middlegame"",""sacrifice""}",Checkmate in three — calculate the forcing line all the way to mate.,true,lichess,oNpW7,45476,95,{}
lc_LDZEN,1kr4r/pp1n3p/q1nPp1p1/P2pPpP1/3P1P1P/1Q6/3BNK2/R6R b - - 2 25,"{""a6e2"",""f2e2"",""c6d4"",""e2d1"",""d4b3""}",rook,1,intermediate,Rook 1 · Fork,fork,Black to move.,1290,Casual,"{""advantage"",""attraction"",""exposedKing"",""fork"",""long"",""middlegame"",""sacrifice""}","A fork — one piece attacks two enemy pieces at once, forcing a material win.",true,lichess,LDZEN,34706,95,{}
lc_TEIVy,r4k1r/1pp2Pp1/p2p1N2/5b2/8/1B6/PPP5/3nR1K1 w - - 0 27,"{""e1e8"",""a8e8"",""f7e8q""}",rook,1,intermediate,Rook 1 · Mate In2,mateIn2,White to move.,1290,Casual,"{""advancedPawn"",""mate"",""mateIn2"",""middlegame"",""promotion"",""short""}",Checkmate in two — a forced sequence that delivers checkmate on move two.,true,lichess,TEIVy,33969,95,{}
lc_Dl1ZB,3r2k1/p1p2rP1/5pQp/3B4/2P4P/3PP3/2P2RK1/2q5 b - - 4 43,"{""d8d5"",""c4d5"",""f7g7""}",rook,1,intermediate,Rook 1 · Pin,pin,Black to move.,1291,Casual,"{""advantage"",""endgame"",""master"",""masterVsMaster"",""pin"",""short"",""superGM""}",A pin — the attacked piece can't move without exposing a more valuable piece behind it.,true,lichess,Dl1ZB,36364,96,{}
lc_fOhAN,1r4k1/1pb1q1p1/4p3/1pPp1rN1/3P1Pp1/4P1P1/1B4K1/5Q1R w - - 6 31,"{""h1h8"",""g8h8"",""f1h1"",""h8g8"",""h1h7"",""g8f8"",""h7h8""}",rook,1,intermediate,Rook 1 · Attraction,attraction,White to move.,1291,Casual,"{""attraction"",""kingsideAttack"",""mate"",""mateIn4"",""middlegame"",""sacrifice"",""veryLong""}",An attraction — force an enemy piece onto a square where it can be exploited.,true,lichess,fOhAN,35519,95,{}
lc_6w5rP,5r1k/p6p/1p3p1R/2r2pQ1/5R2/6PP/q4P1K/8 w - - 0 33,"{""h6h7"",""h8h7"",""f4h4""}",rook,1,intermediate,Rook 1 · Mate In2,mateIn2,White to move.,1291,Casual,"{""attraction"",""endgame"",""mate"",""mateIn2"",""sacrifice"",""short""}",Checkmate in two — a forced sequence that delivers checkmate on move two.,true,lichess,6w5rP,34716,96,{}
lc_eulIJ,4rrk1/2pnnpp1/p2P3p/1p6/5q1P/2B2B2/P2N1P2/R2QK2R b KQ - 0 21,"{""e7d5"",""e1f1"",""d5c3""}",rook,1,intermediate,Rook 1 · Discovered Attack,discoveredAttack,Black to move.,1291,Casual,"{""crushing"",""discoveredAttack"",""discoveredCheck"",""middlegame"",""short""}",A discovered attack — moving one piece uncovers a deadly attack from another.,true,lichess,eulIJ,34490,96,{}
lc_s4kiP,r4rk1/3b1pp1/1p5p/3Q4/p2P4/1PqBR3/5PPP/R5K1 w - - 1 22,"{""d3h7"",""g8h7"",""e3c3""}",rook,1,intermediate,Rook 1 · Discovered Attack,discoveredAttack,White to move.,1291,Casual,"{""crushing"",""discoveredAttack"",""middlegame"",""short""}",A discovered attack — moving one piece uncovers a deadly attack from another.,true,lichess,s4kiP,34202,95,{}
lc_KiCdd,2R5/6pk/p2qp2p/1r1nNp2/1p1P4/7P/Q4PP1/6K1 w - f6 0 32,"{""c8h8"",""h7h8"",""e5f7"",""h8h7"",""f7d6""}",rook,1,intermediate,Rook 1 · Fork,fork,White to move.,1291,Casual,"{""advantage"",""attraction"",""endgame"",""fork"",""long"",""sacrifice""}","A fork — one piece attacks two enemy pieces at once, forcing a material win.",true,lichess,KiCdd,33712,95,{}
lc_hIV8w,r4rk1/2q2p1p/pp4p1/2pP4/P2bBn2/1P3Q1P/2P2PP1/3RR1K1 w - - 2 22,"{""d5d6"",""c7d6"",""e4a8""}",rook,1,intermediate,Rook 1 · Discovered Attack,discoveredAttack,White to move.,1291,Casual,"{""advantage"",""discoveredAttack"",""middlegame"",""short""}",A discovered attack — moving one piece uncovers a deadly attack from another.,true,lichess,hIV8w,33655,95,{}
lc_qWFfi,7k/3nr1pp/3qBp2/ppp2P2/3pR2Q/P2P3P/1PP3P1/6K1 w - - 4 30,"{""h4h7"",""h8h7"",""e4h4""}",rook,1,intermediate,Rook 1 · Mate In2,mateIn2,White to move.,1291,Casual,"{""attraction"",""endgame"",""kingsideAttack"",""mate"",""mateIn2"",""pillsburysMate"",""sacrifice"",""short""}",Checkmate in two — a forced sequence that delivers checkmate on move two.,true,lichess,qWFfi,33063,94,{}
lc_Sljwt,8/8/1R6/6PP/2k2P2/rp3K2/8/8 b - - 0 45,"{""b3b2"",""f3g4"",""a3b3"",""b6b3"",""c4b3""}",rook,1,intermediate,Rook 1 · Discovered Attack,discoveredAttack,Black to move.,1291,Casual,"{""advancedPawn"",""clearance"",""crushing"",""discoveredAttack"",""discoveredCheck"",""endgame"",""long"",""rookEndgame""}",A discovered attack — moving one piece uncovers a deadly attack from another.,true,lichess,Sljwt,32898,97,{}
lc_fRr23,6k1/8/2r5/1p6/3r1p1P/1PP2P1K/P4P2/2R5 w - - 0 38,"{""c1g1"",""g8f7"",""c3d4""}",rook,1,intermediate,Rook 1 · Rook Endgame,rookEndgame,White to move.,1292,Casual,"{""crushing"",""endgame"",""intermezzo"",""rookEndgame"",""short""}",A rook endgame — master the Lucena and Philidor ideas to convert.,true,lichess,fRr23,35569,95,{}
lc_FG1bR,r3k2r/p1R2ppp/3npb2/8/3P4/B1P5/P1P2PPP/4K1NR b Kkq - 2 15,"{""d6b5"",""c7b7"",""b5a3""}",rook,1,intermediate,Rook 1 · Fork,fork,Black to move.,1292,Casual,"{""advantage"",""fork"",""middlegame"",""short""}","A fork — one piece attacks two enemy pieces at once, forcing a material win.",true,lichess,FG1bR,35125,95,"{""Scandinavian_Defense"",""Scandinavian_Defense_Modern_Variation""}"
lc_Yfapf,r7/1p3p1k/1bp1bP2/p3p2p/2P1P2q/P2B2RP/1P4QK/8 w - - 1 31,"{""g3g7"",""h7h8"",""g7h7"",""h8h7"",""g2g7""}",rook,1,intermediate,Rook 1 · Mate In3,mateIn3,White to move.,1293,Casual,"{""attraction"",""exposedKing"",""long"",""mate"",""mateIn3"",""middlegame"",""sacrifice""}",Checkmate in three — calculate the forcing line all the way to mate.,true,lichess,Yfapf,34544,97,{}
lc_7zocJ,r3n2Q/p1pk2q1/1p2p1B1/7P/2PP4/P4P2/4KP2/8 w - - 1 30,"{""g6e8"",""a8e8"",""h8g7""}",rook,1,intermediate,Rook 1 · Endgame,endgame,White to move.,1294,Casual,"{""crushing"",""endgame"",""short""}",An endgame technique — precise play with few pieces where every tempo counts.,true,lichess,7zocJ,34883,96,{}
lc_7qWVB,r1b1k1nr/1pp3p1/p1n4p/6q1/3pP3/2P5/PP1Q2P1/2KR1BNR w kq - 0 14,"{""d2g5"",""h6g5"",""h1h8""}",rook,1,intermediate,Rook 1 · Pin,pin,White to move.,1294,Casual,"{""advantage"",""opening"",""pin"",""short""}",A pin — the attacked piece can't move without exposing a more valuable piece behind it.,true,lichess,7qWVB,34684,95,"{""Queens_Pawn_Game"",""Queens_Pawn_Game_Chigorin_Variation""}"
lc_bNL1n,2kr3r/pp3pp1/2p1p1p1/2b5/2N1PP2/2P2QP1/Pq4BP/R3R2K b - - 1 20,"{""h8h2"",""h1h2"",""d8h8"",""f3h5"",""h8h5""}",rook,1,intermediate,Rook 1 · Mate In3,mateIn3,Black to move.,1294,Casual,"{""attraction"",""kingsideAttack"",""long"",""mate"",""mateIn3"",""middlegame"",""pillsburysMate"",""sacrifice""}",Checkmate in three — calculate the forcing line all the way to mate.,true,lichess,bNL1n,34626,95,{}
lc_Sw5zi,r2qkb1r/pp3ppp/2n5/1B1bp3/8/P4N1P/1PP2PP1/R1BQK2R b KQkq - 1 11,"{""d8a5"",""c1d2"",""a5b5""}",rook,1,intermediate,Rook 1 · Fork,fork,Black to move.,1294,Casual,"{""crushing"",""fork"",""opening"",""short""}","A fork — one piece attacks two enemy pieces at once, forcing a material win.",true,lichess,Sw5zi,33801,96,"{""Sicilian_Defense"",""Sicilian_Defense_Smith-Morra_Gambit""}"
lc_If4j2,r4r2/pp3p1R/3pb1k1/4p1q1/4P1PQ/P2P3P/2P3BK/8 w - - 1 29,"{""h7g7"",""g6g7"",""h4g5""}",rook,1,intermediate,Rook 1 · Deflection,deflection,White to move.,1294,Casual,"{""advantage"",""attraction"",""deflection"",""middlegame"",""short""}",A deflection — lure a defending piece away from the square it was guarding.,true,lichess,If4j2,33628,95,{}
lc_aCJLe,r2q1rk1/bpp3p1/p1np3p/3p3n/P3P3/5N2/1P3PPP/R1BQRNK1 w - - 0 15,"{""d1d5"",""f8f7"",""d5h5""}",rook,1,intermediate,Rook 1 · Fork,fork,White to move.,1295,Casual,"{""advantage"",""fork"",""master"",""opening"",""short""}","A fork — one piece attacks two enemy pieces at once, forcing a material win.",true,lichess,aCJLe,35357,96,"{""Italian_Game"",""Italian_Game_Giuoco_Piano""}"
lc_LLTB8,4r1k1/4rp2/2p2Rp1/p6p/2BP3P/1P4b1/P5N1/7K w - - 0 37,"{""f6g6"",""g8f8"",""g6g3""}",rook,1,intermediate,Rook 1 · Pin,pin,White to move.,1295,Casual,"{""advantage"",""endgame"",""pin"",""short""}",A pin — the attacked piece can't move without exposing a more valuable piece behind it.,true,lichess,LLTB8,33906,96,{}
lc_R1puv,r1bq1r2/p1pp1kpp/6n1/2pP4/2B2p2/5N2/PB4PP/RN3RK1 w - - 0 16,"{""d5d6"",""f7e8"",""f1e1""}",rook,1,intermediate,Rook 1 · Discovered Attack,discoveredAttack,White to move.,1296,Casual,"{""crushing"",""discoveredAttack"",""discoveredCheck"",""opening"",""short""}",A discovered attack — moving one piece uncovers a deadly attack from another.,true,lichess,R1puv,35408,96,"{""Kings_Gambit_Accepted"",""Kings_Gambit_Accepted_Schallopp_Defense""}"
lc_46F0C,r1b2rk1/2p1bppp/p1N1p3/8/4n3/1Bp5/PPP2PPP/R1Bq1RK1 w - - 0 13,"{""c6e7"",""g8h8"",""f1d1""}",rook,1,intermediate,Rook 1 · Hanging Piece,hangingPiece,White to move.,1296,Casual,"{""advantage"",""hangingPiece"",""intermezzo"",""opening"",""short""}",A hanging piece — an undefended enemy piece is free to capture.,true,lichess,46F0C,34723,96,"{""French_Defense"",""French_Defense_Mediterranean_Defense""}"
lc_MqTjg,5k2/p3qp2/4p3/1p1p4/3P3r/5Q2/Pn3P2/RB3RK1 b - - 1 27,"{""e7g5"",""f3g3"",""h4g4""}",rook,1,intermediate,Rook 1 · Pin,pin,Black to move.,1296,Casual,"{""crushing"",""middlegame"",""pin"",""short""}",A pin — the attacked piece can't move without exposing a more valuable piece behind it.,true,lichess,MqTjg,33824,96,{}
lc_QB8Xh,2b2rk1/p1p2pp1/2p1pb2/7Q/3q4/2N2R2/PrP3PP/R6K w - - 0 17,"{""f3h3"",""d4h4"",""h3h4"",""f6h4"",""h5h4""}",rook,1,intermediate,Rook 1 · Advantage,advantage,White to move.,1296,Casual,"{""advantage"",""long"",""middlegame"",""quietMove""}",Find the strongest continuation and seize the advantage.,true,lichess,QB8Xh,33719,96,"{""French_Defense"",""French_Defense_Carlson_Gambit""}"
lc_v2TVh,6k1/6pp/p1N1pp2/1p6/5P2/3n2P1/PPR2PKP/3r1B2 b - - 4 28,"{""d3e1"",""g2g1"",""e1c2""}",rook,1,intermediate,Rook 1 · Fork,fork,Black to move.,1297,Casual,"{""crushing"",""endgame"",""fork"",""short""}","A fork — one piece attacks two enemy pieces at once, forcing a material win.",true,lichess,v2TVh,34781,96,{}
lc_jeITk,8/2kP1ppp/2B1p3/1p6/p2P4/6P1/5P1P/6K1 b - - 2 31,"{""a4a3"",""c6b5"",""a3a2"",""d7d8q"",""c7d8""}",rook,1,intermediate,Rook 1 · Advanced Pawn,advancedPawn,Black to move.,1297,Casual,"{""advancedPawn"",""bishopEndgame"",""crushing"",""endgame"",""long""}",An advanced pawn — push the passer or use its threats to win material.,true,lichess,jeITk,34502,95,{}
lc_fvQzM,1r4k1/p4pp1/q2r4/7p/P2N4/K1R1P3/3Q4/3R4 b - - 7 35,"{""a6a4"",""a3a4"",""d6a6""}",rook,1,intermediate,Rook 1 · Mate In2,mateIn2,Black to move.,1297,Casual,"{""attraction"",""mate"",""mateIn2"",""middlegame"",""sacrifice"",""short""}",Checkmate in two — a forced sequence that delivers checkmate on move two.,true,lichess,fvQzM,33336,95,{}
lc_q6gZt,r3kbnr/ppp2p1p/3p1qp1/4n3/4P3/1P3B2/P1PN1PPP/R1BQK2R b KQkq - 0 9,"{""e5f3"",""d1f3"",""f6a1""}",rook,1,intermediate,Rook 1 · Pin,pin,Black to move.,1298,Casual,"{""crushing"",""discoveredAttack"",""opening"",""pin"",""short""}",A pin — the attacked piece can't move without exposing a more valuable piece behind it.,true,lichess,q6gZt,34324,95,"{""Italian_Game"",""Italian_Game_Other_variations""}"
lc_IE20S,r7/pp3pkr/2n3p1/3p4/2pPN1b1/2P2qP1/PP3P2/R1Q3KR w - - 0 23,"{""h1h7"",""g7h7"",""e4g5"",""h7g7"",""g5f3""}",rook,1,intermediate,Rook 1 · Fork,fork,White to move.,1298,Casual,"{""attraction"",""crushing"",""fork"",""long"",""middlegame""}","A fork — one piece attacks two enemy pieces at once, forcing a material win.",true,lichess,IE20S,33354,95,{}
lc_0Xwih,r3r1k1/p1n2p1p/3q1pp1/2pP4/2B2QP1/2N5/PP6/2K2R1R b - - 0 25,"{""e8e1"",""c1c2"",""d6f4"",""f1f4"",""e1h1""}",rook,1,intermediate,Rook 1 · Advantage,advantage,Black to move.,1300,Casual,"{""advantage"",""intermezzo"",""long"",""middlegame""}",Find the strongest continuation and seize the advantage.,true,lichess,0Xwih,37277,96,{}
lc_Plhas,1k1rr3/ppqn1ppp/2p1p1b1/2N5/2PP1bP1/1Q3N1P/PP3PB1/3RR1K1 w - - 9 20,"{""c5a6"",""b8c8"",""a6c7""}",rook,1,intermediate,Rook 1 · Pin,pin,White to move.,1300,Casual,"{""crushing"",""middlegame"",""pin"",""queensideAttack"",""short""}",A pin — the attacked piece can't move without exposing a more valuable piece behind it.,true,lichess,Plhas,33690,95,"{""Kings_Indian_Attack"",""Kings_Indian_Attack_Yugoslav_Variation""}"
lc_xURpJ,8/q5p1/2p1P1kp/8/2p1R1P1/p4KP1/8/8 w - - 0 48,"{""e6e7"",""a3a2"",""e7e8q"",""a7f7"",""e8f7"",""g6f7"",""e4e1""}",rook,1,intermediate,Rook 1 · Promotion,promotion,White to move.,1301,Casual,"{""advancedPawn"",""crushing"",""defensiveMove"",""endgame"",""promotion"",""queenRookEndgame"",""veryLong""}",Pawn promotion — advance the pawn to its final rank and choose your new piece wisely.,true,lichess,xURpJ,36145,96,{}
lc_MyJ3u,r1b1kb1r/p2pqppp/2p2n2/4N3/3QP3/2N5/PPP2PPP/R1B1K2R b KQkq - 2 8,"{""c6c5"",""d4e3"",""e7e5""}",rook,1,intermediate,Rook 1 · Advantage,advantage,Black to move.,1301,Casual,"{""advantage"",""opening"",""short""}",Find the strongest continuation and seize the advantage.,true,lichess,MyJ3u,34687,95,"{""Sicilian_Defense"",""Sicilian_Defense_Nyezhmetdinov-Rossolimo_Attack""}"
lc_LTweI,5rk1/R2Rpp2/6p1/3P4/2PP4/1q4Q1/3b1K2/B7 b - - 0 35,"{""d2e1"",""f2e1"",""b3g3""}",rook,1,intermediate,Rook 1 · Deflection,deflection,Black to move.,1301,Casual,"{""advantage"",""attraction"",""deflection"",""middlegame"",""short""}",A deflection — lure a defending piece away from the square it was guarding.,true,lichess,LTweI,33981,95,{}
lc_i71Iu,1r3r2/1p3p1p/3p2kq/p1p1pR2/2P1P3/P2PQ1PB/1P4KP/8 w - - 8 30,"{""f5f6"",""g6f6"",""e3h6""}",rook,1,intermediate,Rook 1 · Deflection,deflection,White to move.,1301,Casual,"{""attraction"",""crushing"",""deflection"",""endgame"",""short""}",A deflection — lure a defending piece away from the square it was guarding.,true,lichess,i71Iu,33854,95,{}
lc_KyncJ,8/2p1kp1p/p1r1pr2/np6/3P1N2/P1PK1PP1/B1P4P/4R3 w - b6 0 25,"{""f4d5"",""e7e8"",""d5f6""}",rook,1,intermediate,Rook 1 · Pin,pin,White to move.,1301,Casual,"{""crushing"",""endgame"",""pin"",""short""}",A pin — the attacked piece can't move without exposing a more valuable piece behind it.,true,lichess,KyncJ,33783,94,{}
lc_ZIZF0,6k1/5ppp/p7/2pB1PQP/1q1p2P1/2p2P2/PrP5/K2R3R b - - 0 26,"{""b2a2"",""d5a2"",""b4b2""}",rook,1,intermediate,Rook 1 · Mate In2,mateIn2,Black to move.,1301,Casual,"{""clearance"",""endgame"",""mate"",""mateIn2"",""sacrifice"",""short""}",Checkmate in two — a forced sequence that delivers checkmate on move two.,true,lichess,ZIZF0,33437,95,{}
lc_sXxx4,8/8/2KPk3/1p6/8/5b2/8/8 w - - 4 63,"{""c6c7"",""e6d5"",""d6d7""}",rook,1,intermediate,Rook 1 · Advanced Pawn,advancedPawn,White to move.,1302,Casual,"{""advancedPawn"",""bishopEndgame"",""crushing"",""defensiveMove"",""endgame"",""short""}",An advanced pawn — push the passer or use its threats to win material.,true,lichess,sXxx4,35312,95,{}
lc_xBGsr,3R2R1/5p2/5p1k/2p2P1p/2Pb4/3p1KP1/8/4r3 w - - 7 46,"{""g8h8"",""h6g5"",""d8g8"",""g5f5"",""h8h5"",""f5e6"",""g8e8"",""e6d7"",""e8e1""}",rook,1,intermediate,Rook 1 · Skewer,skewer,White to move.,1302,Casual,"{""crushing"",""deflection"",""endgame"",""skewer"",""veryLong""}","A skewer — the higher-value piece is forced to move, losing the piece behind it.",true,lichess,xBGsr,35165,96,{}
lc_iLR4K,5k2/4r1p1/1rbRB1K1/2p2P2/8/1P6/8/R7 b - - 0 37,"{""c6e8"",""g6g5"",""b6d6""}",rook,1,intermediate,Rook 1 · Discovered Attack,discoveredAttack,Black to move.,1302,Casual,"{""crushing"",""discoveredAttack"",""endgame"",""short""}",A discovered attack — moving one piece uncovers a deadly attack from another.,true,lichess,iLR4K,34586,96,{}
lc_D8jmy,2r3k1/p6p/6p1/3PK3/1Ppp4/5P2/P5PP/2R5 b - - 0 28,"{""d4d3"",""e5d4"",""d3d2"",""c1h1"",""c4c3""}",rook,1,intermediate,Rook 1 · Advanced Pawn,advancedPawn,Black to move.,1302,Casual,"{""advancedPawn"",""crushing"",""endgame"",""long"",""rookEndgame""}",An advanced pawn — push the passer or use its threats to win material.,true,lichess,D8jmy,33033,95,{}
lc_ZOecW,r1b2r2/pp4bk/2pp2pp/3qnp2/8/1NP1QNPP/PP2PPB1/R3K2R w KQ - 4 17,"{""f3g5"",""h6g5"",""g2d5""}",rook,1,intermediate,Rook 1 · Discovered Attack,discoveredAttack,White to move.,1303,Casual,"{""crushing"",""discoveredAttack"",""middlegame"",""short""}",A discovered attack — moving one piece uncovers a deadly attack from another.,true,lichess,ZOecW,34419,95,"{""Indian_Defense"",""Indian_Defense_Przepiorka_Variation""}"
lc_G9TXo,5rk1/5pp1/p3p1p1/1p4N1/1P5R/P6P/3r1QP1/2q2n1K w - - 0 32,"{""h4h8"",""g8h8"",""f2h4"",""h8g8"",""h4h7""}",rook,1,intermediate,Rook 1 · Mate In3,mateIn3,White to move.,1304,Casual,"{""attraction"",""long"",""mate"",""mateIn3"",""middlegame"",""sacrifice""}",Checkmate in three — calculate the forcing line all the way to mate.,true,lichess,G9TXo,35712,96,{}
lc_mg0vr,r2qk2r/pp1n1ppp/2p5/4P3/1bp1nPPP/4PK2/PP6/R1BQ1BNR b kq - 1 12,"{""d7e5"",""f4e5"",""d8d1""}",rook,1,intermediate,Rook 1 · Discovered Attack,discoveredAttack,Black to move.,1304,Casual,"{""crushing"",""discoveredAttack"",""opening"",""short""}",A discovered attack — moving one piece uncovers a deadly attack from another.,true,lichess,mg0vr,35451,95,"{""Queens_Pawn_Game"",""Queens_Pawn_Game_Other_variations""}"
lc_aeaQ8,r5k1/pp4pp/2n1N1p1/5r2/3P2R1/4B1qP/PP4Pb/R2Q3K b - - 2 20,"{""g3e3"",""h1h2"",""e3e6""}",rook,1,intermediate,Rook 1 · Hanging Piece,hangingPiece,Black to move.,1304,Casual,"{""crushing"",""hangingPiece"",""middlegame"",""short""}",A hanging piece — an undefended enemy piece is free to capture.,true,lichess,aeaQ8,33550,96,{}
lc_Zw10W,1r5r/Q5p1/1p1Rbknp/2p1pp2/P6q/4B3/1PPR2P1/6K1 w - - 2 32,"{""d6e6"",""f6e6"",""a7d7"",""e6f6"",""d2d6""}",rook,1,intermediate,Rook 1 · Mate In3,mateIn3,White to move.,1304,Casual,"{""attraction"",""long"",""mate"",""mateIn3"",""middlegame"",""pillsburysMate"",""sacrifice""}",Checkmate in three — calculate the forcing line all the way to mate.,true,lichess,Zw10W,33519,95,{}
lc_leS0p,r3r1k1/ppp3pp/3q1pb1/3p4/2PP1nP1/1P3N1P/P2Q1PB1/R4R1K w - - 2 19,"{""c4c5"",""d6d7"",""d2f4""}",rook,1,intermediate,Rook 1 · Advantage,advantage,White to move.,1304,Casual,"{""advantage"",""middlegame"",""short""}",Find the strongest continuation and seize the advantage.,true,lichess,leS0p,33514,96,"{""Hungarian_Opening"",""Hungarian_Opening_Other_variations""}"
lc_wnapA,8/8/5k2/7b/8/3RB3/4r3/1K6 b - - 0 65,"{""h5g6"",""b1c1"",""g6d3""}",rook,1,intermediate,Rook 1 · Pin,pin,Black to move.,1304,Casual,"{""advantage"",""endgame"",""pin"",""short""}",A pin — the attacked piece can't move without exposing a more valuable piece behind it.,true,lichess,wnapA,33032,96,{}
lc_RTA7y,r2q1rk1/pp2bpp1/2ppbn1B/4p3/4P3/1PNP1NQP/1PP2PP1/R4RK1 b - - 0 13,"{""f6h5"",""g3h2"",""g7h6""}",rook,1,intermediate,Rook 1 · Advantage,advantage,Black to move.,1305,Casual,"{""advantage"",""middlegame"",""short""}",Find the strongest continuation and seize the advantage.,true,lichess,RTA7y,34046,96,"{""Kings_Pawn_Game"",""Kings_Pawn_Game_Other_variations""}"
lc_4LaPl,r5r1/1p6/2p2k2/b2p4/3Pp2q/B3P1NP/4KP2/R6Q w - - 7 30,"{""a3e7"",""f6e7"",""g3f5"",""e7d7"",""f5h4""}",rook,1,intermediate,Rook 1 · Fork,fork,White to move.,1305,Casual,"{""advantage"",""attraction"",""exposedKing"",""fork"",""long"",""middlegame"",""sacrifice""}","A fork — one piece attacks two enemy pieces at once, forcing a material win.",true,lichess,4LaPl,33943,96,{}
lc_Zw8qE,8/8/Rr1pk2p/1P2ppp1/4n3/2pKP3/6PP/1R6 b - - 1 37,"{""e4c5"",""d3c2"",""c5a6"",""b5a6"",""b6a6""}",rook,1,intermediate,Rook 1 · Fork,fork,Black to move.,1305,Casual,"{""crushing"",""endgame"",""fork"",""long""}","A fork — one piece attacks two enemy pieces at once, forcing a material win.",true,lichess,Zw8qE,33540,95,{}
lc_zkkQQ,r1b2rk1/p1p2p2/4pn2/P5p1/2pnP3/P1N3B1/3K2P1/R4BNR b - - 1 16,"{""d4b3"",""d2c2"",""b3a1"",""c2b2"",""a1b3""}",rook,1,intermediate,Rook 1 · Fork,fork,Black to move.,1306,Casual,"{""advantage"",""exposedKing"",""fork"",""long"",""middlegame""}","A fork — one piece attacks two enemy pieces at once, forcing a material win.",true,lichess,zkkQQ,37256,97,"{""Nimzo-Indian_Defense"",""Nimzo-Indian_Defense_Kmoch_Variation""}"
lc_uKtnc,3r3r/2p2p2/1pq1k1p1/1N1np1Pp/Q1P4P/B7/PP1R1P2/2K4b w - - 1 24,"{""b5d4"",""e5d4"",""a4c6""}",rook,1,intermediate,Rook 1 · Discovered Attack,discoveredAttack,White to move.,1306,Casual,"{""crushing"",""discoveredAttack"",""middlegame"",""short""}",A discovered attack — moving one piece uncovers a deadly attack from another.,true,lichess,uKtnc,35519,95,{}
lc_N1T7Y,r6r/pp2kppp/2p1b1n1/6N1/8/8/PPP1R1PP/2K2R2 w - - 2 19,"{""f1f7"",""e7d6"",""e2e6""}",rook,2,intermediate,Rook 2 · Pin,pin,White to move.,1306,Casual,"{""crushing"",""middlegame"",""pin"",""short""}",A pin — the attacked piece can't move without exposing a more valuable piece behind it.,true,lichess,N1T7Y,34684,96,"{""Zukertort_Opening"",""Zukertort_Opening_Pirc_Invitation""}"
lc_4qtb2,r3qr1k/1p1bn1pp/5p2/4pP1Q/2BpP1P1/5R2/PPP4P/R5K1 w - - 3 22,"{""h5h7"",""h8h7"",""f3h3"",""e8h5"",""h3h5""}",rook,2,intermediate,Rook 2 · Mate In3,mateIn3,White to move.,1306,Casual,"{""attraction"",""kingsideAttack"",""long"",""mate"",""mateIn3"",""middlegame"",""pillsburysMate"",""sacrifice""}",Checkmate in three — calculate the forcing line all the way to mate.,true,lichess,4qtb2,34123,96,{}
lc_rCe4l,6rk/b1p3pp/p7/1p2Q3/1P6/P1Bq1r1P/3P1PP1/4R1K1 w - - 0 25,"{""e5g7"",""g8g7"",""e1e8"",""f3f8"",""e8f8""}",rook,2,intermediate,Rook 2 · Mate In3,mateIn3,White to move.,1306,Casual,"{""clearance"",""kingsideAttack"",""long"",""mate"",""mateIn3"",""middlegame"",""pin"",""sacrifice""}",Checkmate in three — calculate the forcing line all the way to mate.,true,lichess,rCe4l,33527,96,{}
lc_v3kEg,3Q1bk1/1p3p1p/p1q3pB/7P/2n5/1N6/P1P4P/1K2R3 b - - 2 24,"{""c4a3"",""b1b2"",""c6c2"",""b2a1"",""c2c3""}",rook,2,intermediate,Rook 2 · Mate In3,mateIn3,Black to move.,1306,Casual,"{""discoveredAttack"",""long"",""mate"",""mateIn3"",""middlegame"",""queensideAttack""}",Checkmate in three — calculate the forcing line all the way to mate.,true,lichess,v3kEg,33383,96,{}
lc_j7oia,5rk1/2q2pp1/ppn1pn1p/8/2P1N3/P4P2/2Q2P1P/1B1rR1K1 w - - 0 24,"{""e4f6"",""g7f6"",""c2h7""}",rook,2,intermediate,Rook 2 · Mate In2,mateIn2,White to move.,1306,Casual,"{""clearance"",""kingsideAttack"",""mate"",""mateIn2"",""middlegame"",""short""}",Checkmate in two — a forced sequence that delivers checkmate on move two.,true,lichess,j7oia,32969,95,{}
lc_ovLfi,1r2k1nr/Bp3ppp/p1p2qb1/3p4/3n4/1Q4P1/PP2PPBP/R3K1NR w KQk - 2 15,"{""b3e3"",""d4e6"",""a7b8""}",rook,2,intermediate,Rook 2 · Advantage,advantage,White to move.,1307,Casual,"{""advantage"",""opening"",""short""}",Find the strongest continuation and seize the advantage.,true,lichess,ovLfi,37185,94,"{""Slav_Defense"",""Slav_Defense_Other_variations""}"
lc_Pp6Vz,r1b2bnr/pppp3p/4kqp1/7Q/3nP1N1/8/PPPP1PPP/RNB1K2R w KQ - 0 8,"{""h5d5"",""e6e7"",""g4f6""}",rook,2,intermediate,Rook 2 · Crushing,crushing,White to move.,1307,Casual,"{""crushing"",""opening"",""short""}",Find the strongest continuation and seize the advantage.,true,lichess,Pp6Vz,36262,96,"{""Italian_Game"",""Italian_Game_Blackburne-Kostic_Gambit""}"
lc_QAbYX,r5k1/1p2rpp1/p2p3p/2pP3n/2P2P2/1PQ3RP/PB2q1PK/8 w - - 4 27,"{""g3g7"",""g8f8"",""g7g8"",""f8g8"",""c3h8""}",rook,2,intermediate,Rook 2 · Mate In3,mateIn3,White to move.,1307,Casual,"{""attraction"",""kingsideAttack"",""long"",""mate"",""mateIn3"",""middlegame"",""sacrifice""}",Checkmate in three — calculate the forcing line all the way to mate.,true,lichess,QAbYX,35866,95,{}
lc_x76eV,1rb2qrk/1p3p1p/2pp1PpQ/p3n1P1/PnPNPR2/2N4P/1P4B1/R5K1 w - - 3 23,"{""h6h7"",""h8h7"",""f4h4"",""f8h6"",""h4h6""}",rook,2,intermediate,Rook 2 · Mate In3,mateIn3,White to move.,1307,Casual,"{""attraction"",""kingsideAttack"",""long"",""mate"",""mateIn3"",""middlegame"",""sacrifice""}",Checkmate in three — calculate the forcing line all the way to mate.,true,lichess,x76eV,35176,95,{}
lc_TKgur,2br4/2r1k2p/4pp2/p7/1p2B3/1P2BP2/P1P2KPP/3R4 w - - 1 33,"{""d1d8"",""e7d8"",""e3b6""}",rook,2,intermediate,Rook 2 · Pin,pin,White to move.,1307,Casual,"{""advantage"",""endgame"",""pin"",""short""}",A pin — the attacked piece can't move without exposing a more valuable piece behind it.,true,lichess,TKgur,34718,96,{}
lc_Ln9wV,2b2rk1/r5qp/pp4p1/2p1Q3/3nP3/2N2N2/PPP3PP/R4RK1 b - - 0 20,"{""d4f3"",""f1f3"",""g7e5""}",rook,2,intermediate,Rook 2 · Crushing,crushing,Black to move.,1307,Casual,"{""crushing"",""intermezzo"",""kingsideAttack"",""middlegame"",""short""}",Find the strongest continuation and seize the advantage.,true,lichess,Ln9wV,33870,95,{}
lc_JFz6V,rnbqkb1r/ppp3pp/4p3/3pPp2/3P1Pn1/5N2/PPPN2PP/R1BQKB1R b KQkq - 2 6,"{""g4e3"",""d1e2"",""e3c2""}",rook,2,intermediate,Rook 2 · Advantage,advantage,Black to move.,1307,Casual,"{""advantage"",""opening"",""short""}",Find the strongest continuation and seize the advantage.,true,lichess,JFz6V,33244,95,"{""French_Defense"",""French_Defense_Tarrasch_Variation""}"
lc_nQXug,2k3r1/1ppq1p2/3p1p2/p1bNp3/2PnP2Q/3P4/PP3P2/R1B2KN1 b - - 2 19,"{""g8g1"",""f1g1"",""d4f3"",""g1g2"",""f3h4""}",rook,2,intermediate,Rook 2 · Fork,fork,Black to move.,1308,Casual,"{""attraction"",""crushing"",""fork"",""long"",""middlegame"",""sacrifice""}","A fork — one piece attacks two enemy pieces at once, forcing a material win.",true,lichess,nQXug,35977,95,"{""English_Opening"",""English_Opening_Kings_English_Variation""}"
lc_i52zd,2k4r/ppr3p1/8/3B1pB1/4n3/P6P/1P3PP1/2R3K1 w - - 1 27,"{""d5e6"",""c8b8"",""g5f4""}",rook,2,intermediate,Rook 2 · Pin,pin,White to move.,1308,Casual,"{""crushing"",""endgame"",""pin"",""short""}",A pin — the attacked piece can't move without exposing a more valuable piece behind it.,true,lichess,i52zd,35226,96,{}
lc_a0Jl8,rn2k2r/p5p1/1qp1p3/2b1Pb2/B7/2N5/PPP1QBP1/R3R1K1 b kq - 2 17,"{""c5f2"",""e2f2"",""h8h1"",""g1h1"",""b6f2""}",rook,2,intermediate,Rook 2 · Fork,fork,Black to move.,1308,Casual,"{""crushing"",""deflection"",""fork"",""long"",""middlegame""}","A fork — one piece attacks two enemy pieces at once, forcing a material win.",true,lichess,a0Jl8,33092,95,"{""Scandinavian_Defense"",""Scandinavian_Defense_Modern_Variation""}"
lc_eJkdd,7k/1p4p1/7p/p4r2/P1Q1R3/8/1PP3PK/5q2 b - - 4 39,"{""f5h5"",""e4h4"",""f1c4""}",rook,2,intermediate,Rook 2 · Pin,pin,Black to move.,1309,Casual,"{""crushing"",""endgame"",""pin"",""short""}",A pin — the attacked piece can't move without exposing a more valuable piece behind it.,true,lichess,eJkdd,47964,96,{}
lc_pGInP,r3r3/p1p4k/2p5/6Rp/4P3/3P1P1q/PPP1QK2/R7 b - - 0 29,"{""h3h4"",""f2e3"",""h4g5""}",rook,2,intermediate,Rook 2 · Fork,fork,Black to move.,1309,Casual,"{""advantage"",""endgame"",""fork"",""short""}","A fork — one piece attacks two enemy pieces at once, forcing a material win.",true,lichess,pGInP,34186,96,{}
lc_NKiEN,r1b2r1k/1p3ppp/p1nqpb2/3p4/5N2/2P3Q1/PP1N1PPP/R1B2RK1 w - - 6 16,"{""f4g6"",""h7g6"",""g3d6""}",rook,2,intermediate,Rook 2 · Discovered Attack,discoveredAttack,White to move.,1309,Casual,"{""crushing"",""discoveredAttack"",""opening"",""short""}",A discovered attack — moving one piece uncovers a deadly attack from another.,true,lichess,NKiEN,34062,95,"{""Sicilian_Defense"",""Sicilian_Defense_Bowdler_Attack""}"
lc_8d3NW,R2r3k/1K4pp/2Q5/4b3/3q4/7P/P4PP1/8 w - - 12 41,"{""c6e8"",""d8e8"",""a8e8""}",rook,2,intermediate,Rook 2 · Mate In2,mateIn2,White to move.,1310,Casual,"{""backRankMate"",""endgame"",""mate"",""mateIn2"",""sacrifice"",""short"",""xRayAttack""}",Checkmate in two — a forced sequence that delivers checkmate on move two.,true,lichess,8d3NW,34361,96,{}
lc_wOrcp,3r4/1b2n3/pk3qr1/1ppP2pp/8/P1PP4/BP1Q1PPP/1K1RR3 w - - 1 25,"{""e1e6"",""f6e6"",""d5e6""}",rook,2,intermediate,Rook 2 · Fork,fork,White to move.,1310,Casual,"{""crushing"",""fork"",""middlegame"",""short""}","A fork — one piece attacks two enemy pieces at once, forcing a material win.",true,lichess,wOrcp,33742,95,{}
lc_sedxZ,7Q/6Q1/4p3/3pP3/3P4/1n2B3/1k3P1K/q4q2 b - - 0 51,"{""f1h1"",""h2g3"",""a1g1"",""g3f4"",""h1e4""}",rook,2,intermediate,Rook 2 · Mate In3,mateIn3,Black to move.,1311,Casual,"{""endgame"",""exposedKing"",""long"",""mate"",""mateIn3""}",Checkmate in three — calculate the forcing line all the way to mate.,true,lichess,sedxZ,43854,97,{}
lc_Uwios,k1rq3r/pR1b1ppp/4p3/4P3/P7/2P1bN2/1Q4PP/1R5K w - - 5 25,"{""b7a7"",""a8a7"",""b2b7""}",rook,2,intermediate,Rook 2 · Mate In2,mateIn2,White to move.,1311,Casual,"{""attraction"",""mate"",""mateIn2"",""middlegame"",""queensideAttack"",""sacrifice"",""short""}",Checkmate in two — a forced sequence that delivers checkmate on move two.,true,lichess,Uwios,35740,96,{}
lc_pWaUw,8/6R1/2p2Bp1/3p1kP1/b1pP4/5K2/5PP1/4r3 w - - 8 47,"{""g2g4"",""f5e6"",""g7e7"",""e6d6"",""e7e1""}",rook,2,intermediate,Rook 2 · Skewer,skewer,White to move.,1311,Casual,"{""crushing"",""endgame"",""long"",""skewer""}","A skewer — the higher-value piece is forced to move, losing the piece behind it.",true,lichess,pWaUw,34639,95,{}
lc_zws2e,8/r3n1R1/pN1k2N1/1p3p1p/5K1P/P7/1P3Pb1/8 b - - 0 32,"{""e7d5"",""b6d5"",""a7g7""}",rook,2,intermediate,Rook 2 · Discovered Attack,discoveredAttack,Black to move.,1311,Casual,"{""advantage"",""discoveredAttack"",""endgame"",""short""}",A discovered attack — moving one piece uncovers a deadly attack from another.,true,lichess,zws2e,33907,96,{}
lc_bKuVT,5k2/3K3R/4B2p/4b2r/8/8/8/8 w - - 4 50,"{""h7f7"",""f8g8"",""f7f5"",""g8g7"",""f5h5""}",rook,2,intermediate,Rook 2 · Discovered Attack,discoveredAttack,White to move.,1311,Casual,"{""crushing"",""discoveredAttack"",""discoveredCheck"",""endgame"",""exposedKing"",""long""}",A discovered attack — moving one piece uncovers a deadly attack from another.,true,lichess,bKuVT,33079,96,{}
lc_SHZxp,rnb1kbnr/5ppp/p3p3/1p1q4/2p5/2Q1P3/PP2BPPP/RNB1K1NR w KQkq - 0 9,"{""e2f3"",""d5c5"",""f3a8""}",rook,2,intermediate,Rook 2 · Skewer,skewer,White to move.,1312,Casual,"{""advantage"",""opening"",""short"",""skewer""}","A skewer — the higher-value piece is forced to move, losing the piece behind it.",true,lichess,SHZxp,36280,95,"{""Queens_Pawn_Game"",""Queens_Pawn_Game_Other_variations""}"
lc_4jU4X,r3k2r/pb2b1p1/1ppqpnp1/4N3/2pP1P2/P1N5/1PQ2PPP/R3K2R w KQkq - 0 15,"{""c2g6"",""e8d8"",""e5f7"",""d8d7"",""f7d6""}",rook,2,intermediate,Rook 2 · Fork,fork,White to move.,1312,Casual,"{""crushing"",""exposedKing"",""fork"",""long"",""middlegame""}","A fork — one piece attacks two enemy pieces at once, forcing a material win.",true,lichess,4jU4X,35892,95,"{""Queens_Indian_Defense"",""Queens_Indian_Defense_Kasparov-Petrosian_Variation""}"
lc_aQh9P,3r1r2/p5k1/1p2q1np/2p3p1/2N5/1P1n1pPP/P2Q1P1N/3R1RK1 w - - 2 26,"{""d2c3"",""g7h7"",""d1d3"",""d8d3"",""c3d3""}",rook,2,intermediate,Rook 2 · Discovered Attack,discoveredAttack,White to move.,1312,Casual,"{""advantage"",""discoveredAttack"",""long"",""middlegame""}",A discovered attack — moving one piece uncovers a deadly attack from another.,true,lichess,aQh9P,34514,96,{}
lc_F7mxd,3r2k1/pp2pp1p/1q4P1/8/6P1/2Q5/PP5P/3r1R1K w - - 0 25,"{""g6f7"",""g8f8"",""c3h8""}",rook,2,intermediate,Rook 2 · Mate In2,mateIn2,White to move.,1313,Casual,"{""advancedPawn"",""endgame"",""mate"",""mateIn2"",""short""}",Checkmate in two — a forced sequence that delivers checkmate on move two.,true,lichess,F7mxd,38647,95,{}
lc_qeP5G,6k1/p1p1qpp1/2r1b2p/2P1Q3/8/4P1P1/P4PKP/R2R4 b - - 2 23,"{""e6h3"",""g2h3"",""e7e5""}",rook,2,intermediate,Rook 2 · Discovered Attack,discoveredAttack,Black to move.,1313,Casual,"{""advantage"",""discoveredAttack"",""endgame"",""short""}",A discovered attack — moving one piece uncovers a deadly attack from another.,true,lichess,qeP5G,34549,95,{}
lc_BGNig,3k3r/5ppp/pN6/1pQBP2q/1P1P4/5Pbb/P4P1P/R6K b - - 0 25,"{""h3g2"",""h1g2"",""h5h2"",""g2f1"",""h2f2""}",rook,2,intermediate,Rook 2 · Mate In3,mateIn3,Black to move.,1313,Casual,"{""attraction"",""discoveredAttack"",""kingsideAttack"",""long"",""mate"",""mateIn3"",""middlegame"",""pin"",""sacrifice""}",Checkmate in three — calculate the forcing line all the way to mate.,true,lichess,BGNig,34219,96,{}
lc_ORMSK,2R2nk1/1p2r1p1/1p3pBp/8/3Pb3/r3P3/5PPP/2R3K1 w - - 4 26,"{""c8f8"",""g8f8"",""c1c8"",""e7e8"",""c8e8""}",rook,2,intermediate,Rook 2 · Mate In3,mateIn3,White to move.,1313,Casual,"{""attraction"",""long"",""mate"",""mateIn3"",""middlegame"",""operaMate"",""sacrifice""}",Checkmate in three — calculate the forcing line all the way to mate.,true,lichess,ORMSK,33807,95,{}
lc_UFnb0,rn2k1nr/pp1b2pp/3qpp2/3pN3/2pP4/P1N1P3/1PP2PPP/R2QKB1R w KQkq - 0 9,"{""d1h5"",""g7g6"",""e5g6"",""h7g6"",""h5h8""}",rook,2,intermediate,Rook 2 · Pin,pin,White to move.,1313,Casual,"{""advantage"",""long"",""opening"",""pin"",""trappedPiece""}",A pin — the attacked piece can't move without exposing a more valuable piece behind it.,true,lichess,UFnb0,33797,95,"{""Queens_Pawn_Game"",""Queens_Pawn_Game_Accelerated_London_System""}"
lc_EpffC,2rr4/pk3bpp/1pp2q2/8/2NP1n2/Q7/PP3PPP/2R1R1K1 w - - 12 24,"{""e1e7"",""f6e7"",""a3e7""}",rook,2,intermediate,Rook 2 · Advantage,advantage,White to move.,1313,Casual,"{""advantage"",""middlegame"",""short""}",Find the strongest continuation and seize the advantage.,true,lichess,EpffC,33267,94,{}
lc_d91Tf,r5rk/pp3qpp/2p5/2pPp3/4P1RQ/2P2p1P/PPB1bP1K/6R1 w - - 0 33,"{""h4h7"",""h8h7"",""g4h4"",""f7h5"",""h4h5""}",rook,2,intermediate,Rook 2 · Mate In3,mateIn3,White to move.,1313,Casual,"{""attraction"",""kingsideAttack"",""long"",""mate"",""mateIn3"",""middlegame"",""sacrifice""}",Checkmate in three — calculate the forcing line all the way to mate.,true,lichess,d91Tf,33177,96,{}
lc_EHWno,6rk/1b2qprp/3bpQ2/p1p1p1P1/1p2P3/2PP4/PP3PB1/R1B3KR w - - 11 24,"{""h1h7"",""h8h7"",""f6h6""}",rook,2,intermediate,Rook 2 · Mate In2,mateIn2,White to move.,1314,Casual,"{""attraction"",""kingsideAttack"",""mate"",""mateIn2"",""middlegame"",""pin"",""sacrifice"",""short""}",Checkmate in two — a forced sequence that delivers checkmate on move two.,true,lichess,EHWno,36903,96,{}
lc_4kEBC,2r5/5p1k/2p1pPp1/6Qp/p7/7R/q2r1PKP/8 w - - 2 34,"{""h3h5"",""h7g8"",""h5h8"",""g8h8"",""g5h6"",""h8g8"",""h6g7""}",rook,2,intermediate,Rook 2 · Attraction,attraction,White to move.,1314,Casual,"{""attraction"",""endgame"",""mate"",""mateIn4"",""sacrifice"",""veryLong""}",An attraction — force an enemy piece onto a square where it can be exploited.,true,lichess,4kEBC,34331,95,{}
lc_pAtOl,4qr1k/4n1pp/p2p1p2/4pP1Q/Pp2P3/1B3R2/1bP3PP/4B2K w - - 1 28,"{""h5h7"",""h8h7"",""f3h3"",""e8h5"",""h3h5""}",rook,2,intermediate,Rook 2 · Mate In3,mateIn3,White to move.,1314,Casual,"{""attraction"",""kingsideAttack"",""long"",""mate"",""mateIn3"",""middlegame"",""pillsburysMate"",""sacrifice""}",Checkmate in three — calculate the forcing line all the way to mate.,true,lichess,pAtOl,34132,95,{}
lc_ErHgJ,r4r2/p2n1kp1/2p1ppN1/2pp1P2/6P1/1P1PPQ1q/PBP4b/R4R1K b - - 1 20,"{""h2g3"",""h1g1"",""h3h2""}",rook,2,intermediate,Rook 2 · Mate In2,mateIn2,Black to move.,1314,Casual,"{""discoveredAttack"",""discoveredCheck"",""kingsideAttack"",""mate"",""mateIn2"",""middlegame"",""short""}",Checkmate in two — a forced sequence that delivers checkmate on move two.,true,lichess,ErHgJ,33704,95,{}
lc_uyOxu,Q1b1kb1r/p2pp1pp/p7/2q2p2/4n3/P4N2/2PN1PPP/R1B1K2R b KQk - 0 11,"{""c5f2"",""e1d1"",""e4c3""}",rook,2,intermediate,Rook 2 · Mate In2,mateIn2,Black to move.,1314,Casual,"{""attackingF2F7"",""cornerMate"",""mate"",""mateIn2"",""opening"",""short""}",Checkmate in two — a forced sequence that delivers checkmate on move two.,true,lichess,uyOxu,33576,95,"{""Sicilian_Defense"",""Sicilian_Defense_Open""}"
lc_yd6rs,r1bq1rk1/4npp1/1p3n1p/p3p3/3P3N/PBNP3P/1PP3P1/R2Q1RK1 b - - 0 15,"{""d8d4"",""f1f2"",""d4h4""}",rook,2,intermediate,Rook 2 · Fork,fork,Black to move.,1314,Casual,"{""advantage"",""fork"",""middlegame"",""short""}","A fork — one piece attacks two enemy pieces at once, forcing a material win.",true,lichess,yd6rs,33051,95,"{""Ruy_Lopez"",""Ruy_Lopez_Berlin_Defense""}"
lc_3xUtg,r2qk2r/ppp2ppp/5n2/3p4/1bn5/2N1PB2/PP3PPP/R1BQK2R w KQkq - 2 10,"{""d1a4"",""c7c6"",""a4b4""}",rook,2,intermediate,Rook 2 · Fork,fork,White to move.,1315,Casual,"{""advantage"",""fork"",""opening"",""short""}","A fork — one piece attacks two enemy pieces at once, forcing a material win.",true,lichess,3xUtg,37723,96,"{""Queens_Gambit_Declined"",""Queens_Gambit_Declined_Marshall_Defense""}"
lc_5vUma,r1bqk2r/ppp1np1p/3b4/8/3QP1pN/6P1/PPP4P/RNB1KB1R b KQkq - 0 9,"{""d6g3"",""h2g3"",""d8d4""}",rook,2,intermediate,Rook 2 · Discovered Attack,discoveredAttack,Black to move.,1315,Casual,"{""crushing"",""discoveredAttack"",""opening"",""short""}",A discovered attack — moving one piece uncovers a deadly attack from another.,true,lichess,5vUma,34867,95,"{""Bird_Opening"",""Bird_Opening_Froms_Gambit""}"
lc_1l8V0,1rr2k2/pbR2ppp/8/3p4/P2P4/1P2PP2/3K2PP/2R5 w - - 1 22,"{""c7b7"",""b8b7"",""c1c8""}",rook,2,intermediate,Rook 2 · Discovered Attack,discoveredAttack,White to move.,1315,Casual,"{""capturingDefender"",""crushing"",""deflection"",""discoveredAttack"",""endgame"",""short""}",A discovered attack — moving one piece uncovers a deadly attack from another.,true,lichess,1l8V0,33312,95,{}
lc_96jzG,3R4/r1p1k3/2P1p1pp/pb3p2/P7/4PP2/6PP/6K1 w - - 0 33,"{""d8d7"",""e7e8"",""a4b5"",""a5a4"",""b5b6""}",rook,2,intermediate,Rook 2 · Endgame,endgame,White to move.,1316,Casual,"{""crushing"",""endgame"",""intermezzo"",""long""}",An endgame technique — precise play with few pieces where every tempo counts.,true,lichess,96jzG,36278,95,{}
lc_smtXf,3r2k1/6p1/1p1r1pQp/4p3/RP6/2q3P1/5P1P/5RK1 w - - 0 36,"{""a4a7"",""d6d7"",""a7d7"",""d8d7"",""g6e8"",""g8h7"",""e8d7""}",rook,2,intermediate,Rook 2 · Fork,fork,White to move.,1316,Casual,"{""attraction"",""crushing"",""endgame"",""fork"",""veryLong""}","A fork — one piece attacks two enemy pieces at once, forcing a material win.",true,lichess,smtXf,34839,96,{}
lc_Pw6WC,1r5r/2n2pk1/p3pNp1/2pqP3/5P2/1P3Q1P/P4R2/1R5K b - - 1 30,"{""h8h3"",""h1g2"",""h3f3""}",rook,2,intermediate,Rook 2 · Pin,pin,Black to move.,1316,Casual,"{""crushing"",""kingsideAttack"",""middlegame"",""pin"",""short""}",A pin — the attacked piece can't move without exposing a more valuable piece behind it.,true,lichess,Pw6WC,34180,96,{}
lc_mbYqU,5r2/ppp1k1p1/7p/4p3/4R3/4K3/PPP3PP/RN1r4 b - - 4 20,"{""d1e1"",""e3d3"",""f8d8"",""d3c3"",""e1e4""}",rook,2,intermediate,Rook 2 · Deflection,deflection,Black to move.,1317,Casual,"{""crushing"",""deflection"",""endgame"",""exposedKing"",""long""}",A deflection — lure a defending piece away from the square it was guarding.,true,lichess,mbYqU,34906,96,{}
lc_7uaEO,3r2k1/1Q3pp1/pq1b3p/2N5/1P1P4/P6P/5PP1/4R1K1 b - - 4 36,"{""d6c5"",""b7b6"",""c5b6""}",rook,2,intermediate,Rook 2 · Endgame,endgame,Black to move.,1317,Casual,"{""advantage"",""endgame"",""short""}",An endgame technique — precise play with few pieces where every tempo counts.,true,lichess,7uaEO,33541,95,{}
lc_rasvP,2r5/2q3pk/rp3p2/2nQ4/8/pPP2PP1/P1N3P1/2KR4 w - - 0 25,"{""d1h1"",""h7g6"",""d5h5""}",rook,2,intermediate,Rook 2 · Mate In2,mateIn2,White to move.,1318,Casual,"{""dovetailMate"",""mate"",""mateIn2"",""middlegame"",""short""}",Checkmate in two — a forced sequence that delivers checkmate on move two.,true,lichess,rasvP,37088,96,{}
lc_pTBWd,5rk1/pq2pp1p/6p1/3Nb3/8/5Q2/PP4PP/3R3K w - - 4 25,"{""d5f6"",""e7f6"",""f3b7""}",rook,2,intermediate,Rook 2 · Discovered Attack,discoveredAttack,White to move.,1318,Casual,"{""crushing"",""discoveredAttack"",""endgame"",""short""}",A discovered attack — moving one piece uncovers a deadly attack from another.,true,lichess,pTBWd,35041,95,{}
lc_JuSxW,r3k2r/2ppqpp1/1p2pn1p/p3n3/3Pb3/2B2B2/PPPQ1PPP/2KR2R1 w kq - 0 13,"{""d4e5"",""e4f3"",""e5f6""}",rook,2,intermediate,Rook 2 · Advantage,advantage,White to move.,1318,Casual,"{""advantage"",""middlegame"",""short""}",Find the strongest continuation and seize the advantage.,true,lichess,JuSxW,33163,95,"{""French_Defense"",""French_Defense_Knight_Variation""}"
lc_n0P7K,3r3k/p4bp1/2N5/4P1Pp/Pq6/4QP2/6KP/3R4 b - - 0 41,"{""b4b2"",""e3f2"",""b2f2"",""g2f2"",""d8d1""}",rook,2,intermediate,Rook 2 · Endgame,endgame,Black to move.,1318,Casual,"{""advantage"",""endgame"",""long""}",An endgame technique — precise play with few pieces where every tempo counts.,true,lichess,n0P7K,33162,96,{}
lc_PL3ch,1k6/5r2/Qp2q1p1/1Pp1p2p/N7/1P4P1/K1P1N2P/8 b - - 2 31,"{""f7a7"",""a6a7"",""b8a7""}",rook,2,intermediate,Rook 2 · Endgame,endgame,Black to move.,1318,Casual,"{""advantage"",""endgame"",""short""}",An endgame technique — precise play with few pieces where every tempo counts.,true,lichess,PL3ch,33152,96,{}
lc_3f58X,r3r1k1/ppqbbpp1/n4n1p/3PN3/8/1BN4P/PPP3P1/R1BQR1K1 b - - 0 16,"{""e7c5"",""g1h1"",""e8e5""}",rook,2,intermediate,Rook 2 · Discovered Attack,discoveredAttack,Black to move.,1319,Casual,"{""advantage"",""discoveredAttack"",""middlegame"",""short""}",A discovered attack — moving one piece uncovers a deadly attack from another.,true,lichess,3f58X,36000,95,"{""Four_Knights_Game"",""Four_Knights_Game_Italian_Variation""}"
lc_hW938,8/6pk/R4b1p/5p2/PP3P2/3N1KP1/1rp4P/8 b - - 1 46,"{""b2b3"",""f3e2"",""b3d3"",""e2d3"",""c2c1q""}",rook,2,intermediate,Rook 2 · Pin,pin,Black to move.,1319,Casual,"{""advancedPawn"",""crushing"",""endgame"",""long"",""pin"",""promotion""}",A pin — the attacked piece can't move without exposing a more valuable piece behind it.,true,lichess,hW938,33683,95,{}
lc_J5pZt,4b3/3q2kn/p3pp1p/1p6/1P3B1P/P2r4/5PP1/1QR3K1 w - - 1 33,"{""c1c7"",""d7c7"",""f4c7""}",rook,2,intermediate,Rook 2 · Pin,pin,White to move.,1319,Casual,"{""advantage"",""middlegame"",""pin"",""short""}",A pin — the attacked piece can't move without exposing a more valuable piece behind it.,true,lichess,J5pZt,33673,95,{}
lc_YKMTP,4k3/pp3p2/2pq1b1Q/5B2/3PN3/1PP3P1/P6P/6K1 b - - 1 32,"{""f6d4"",""c3d4"",""d6h6""}",rook,2,intermediate,Rook 2 · Discovered Attack,discoveredAttack,Black to move.,1319,Casual,"{""crushing"",""discoveredAttack"",""endgame"",""short""}",A discovered attack — moving one piece uncovers a deadly attack from another.,true,lichess,YKMTP,33572,95,{}
lc_W2nLu,3r3k/p5p1/6Pp/1p2p2P/8/P2Pq3/2KQp3/4R2R b - - 3 35,"{""d8c8"",""d2c3"",""c8c3""}",rook,2,intermediate,Rook 2 · Endgame,endgame,Black to move.,1319,Casual,"{""crushing"",""endgame"",""short""}",An endgame technique — precise play with few pieces where every tempo counts.,true,lichess,W2nLu,33079,96,{}
lc_bkQt4,1r6/p1p2pkp/2pp1qp1/7P/r7/1P1B4/P2Q1PP1/1K1R3R b - - 0 19,"{""b8b3"",""a2b3"",""f6a1"",""b1c2"",""a4a2""}",rook,2,intermediate,Rook 2 · Mate In3,mateIn3,Black to move.,1321,Casual,"{""long"",""mate"",""mateIn3"",""middlegame"",""queensideAttack"",""sacrifice""}",Checkmate in three — calculate the forcing line all the way to mate.,true,lichess,bkQt4,39146,96,"{""Philidor_Defense"",""Philidor_Defense_Larsen_Variation""}"
lc_wYrLB,3r4/4br1k/4qpRp/p4R1P/p3P3/2Pp2Q1/1P4P1/6K1 w - - 0 33,"{""g6h6"",""h7h6"",""g3g6""}",rook,2,intermediate,Rook 2 · Mate In2,mateIn2,White to move.,1321,Casual,"{""attraction"",""mate"",""mateIn2"",""middlegame"",""sacrifice"",""short""}",Checkmate in two — a forced sequence that delivers checkmate on move two.,true,lichess,wYrLB,35241,96,{}
lc_UvIk3,8/ppR5/4p1k1/5p2/6rp/2Q3P1/PP3PKP/3q4 b - - 5 34,"{""h4h3"",""g2h3"",""d1f1""}",rook,2,intermediate,Rook 2 · Mate In2,mateIn2,Black to move.,1321,Casual,"{""attraction"",""endgame"",""mate"",""mateIn2"",""short""}",Checkmate in two — a forced sequence that delivers checkmate on move two.,true,lichess,UvIk3,34068,96,{}
lc_zWqhi,2kr2r1/1n5Q/pp2p3/4P3/3R1R2/2q1p1P1/P1P4P/6K1 w - - 0 25,"{""d4c4"",""c3c4"",""f4c4""}",rook,2,intermediate,Rook 2 · Fork,fork,White to move.,1321,Casual,"{""crushing"",""fork"",""middlegame"",""short""}","A fork — one piece attacks two enemy pieces at once, forcing a material win.",true,lichess,zWqhi,33423,95,{}
lc_ftrD3,3rr1k1/1pp3pp/p4p2/3Pp3/2P1Pq1n/6RP/PB4Q1/6RK w - - 2 27,"{""g3g7"",""g8h8"",""g7h7"",""h8h7"",""g2g7""}",rook,2,intermediate,Rook 2 · Mate In3,mateIn3,White to move.,1322,Casual,"{""attraction"",""kingsideAttack"",""long"",""mate"",""mateIn3"",""middlegame"",""sacrifice""}",Checkmate in three — calculate the forcing line all the way to mate.,true,lichess,ftrD3,37218,97,{}
lc_2wkJd,rnbq1r2/pp4pp/3k4/2bp4/8/1B3Q2/PPPP1PPP/R1B1R1K1 w - - 6 13,"{""f3d5"",""d6c7"",""d5c5""}",rook,2,intermediate,Rook 2 · Deflection,deflection,White to move.,1322,Casual,"{""crushing"",""deflection"",""opening"",""short""}",A deflection — lure a defending piece away from the square it was guarding.,true,lichess,2wkJd,35408,96,"{""Russian_Game"",""Russian_Game_Cochrane_Gambit""}"
lc_eJmUL,2R2b1r/r4k1p/4ppp1/2Pp4/3N4/P7/1P1K1PPP/R7 b - - 1 22,"{""f8h6"",""d2d1"",""h8c8""}",rook,2,intermediate,Rook 2 · Discovered Attack,discoveredAttack,Black to move.,1322,Casual,"{""advantage"",""discoveredAttack"",""endgame"",""short""}",A discovered attack — moving one piece uncovers a deadly attack from another.,true,lichess,eJmUL,34748,96,{}
lc_drMu6,rn2kb1r/pp2pppp/1qp5/4PbB1/2BPp3/8/PPP1NPPP/R2QK2R b KQkq - 5 8,"{""b6b4"",""d1d2"",""b4c4""}",rook,2,intermediate,Rook 2 · Fork,fork,Black to move.,1323,Casual,"{""advantage"",""fork"",""opening"",""short""}","A fork — one piece attacks two enemy pieces at once, forcing a material win.",true,lichess,drMu6,38507,95,"{""Caro-Kann_Defense"",""Caro-Kann_Defense_Campomanes_Attack""}"
lc_dE39S,2rrnbk1/1pq2p1p/p1bpp1pQ/6P1/3BPP2/2N2R2/PPP3BP/3R2K1 w - - 2 19,"{""h6h7"",""g8h7"",""f3h3"",""f8h6"",""h3h6"",""h7g8"",""h6h8""}",rook,2,intermediate,Rook 2 · Attraction,attraction,White to move.,1323,Casual,"{""attraction"",""kingsideAttack"",""mate"",""mateIn4"",""middlegame"",""operaMate"",""sacrifice"",""veryLong""}",An attraction — force an enemy piece onto a square where it can be exploited.,true,lichess,dE39S,37679,96,"{""Sicilian_Defense"",""Sicilian_Defense_Kan_Variation""}"
lc_r076D,r1b1k2r/ppppn3/2nb1p2/3N3p/6q1/3BQ3/PPPP1PPP/R1B1K2R w KQkq - 8 12,"{""d5f6"",""e8d8"",""f6g4""}",rook,2,intermediate,Rook 2 · Fork,fork,White to move.,1323,Casual,"{""crushing"",""fork"",""opening"",""short""}","A fork — one piece attacks two enemy pieces at once, forcing a material win.",true,lichess,r076D,37279,96,"{""Kings_Pawn_Game"",""Kings_Pawn_Game_Damiano_Defense""}"
lc_n0gap,2k3rr/p1pq1p2/1pn1bp1p/1N1Bp3/1P2P3/2P1Q3/P4RPP/R5K1 w - - 5 19,"{""d5c6"",""d7c6"",""b5a7"",""c8b7"",""a7c6""}",rook,2,intermediate,Rook 2 · Fork,fork,White to move.,1323,Casual,"{""attraction"",""capturingDefender"",""crushing"",""fork"",""long"",""middlegame""}","A fork — one piece attacks two enemy pieces at once, forcing a material win.",true,lichess,n0gap,37037,95,"{""Italian_Game"",""Italian_Game_Deutz_Gambit""}"
lc_yKN8F,2B4k/1p2b1pp/pq1p4/4p1rn/PP1n4/2NQ1PB1/5PKP/1R1R4 b - - 0 23,"{""h5f4"",""g2h1"",""f4d3""}",rook,2,intermediate,Rook 2 · Fork,fork,Black to move.,1323,Casual,"{""advantage"",""fork"",""middlegame"",""short""}","A fork — one piece attacks two enemy pieces at once, forcing a material win.",true,lichess,yKN8F,35990,95,{}
lc_lYCZf,1nbqkb1r/r3pppp/p4n2/1ppB4/4P3/2N2N2/PPP2PPP/R1BQK2R w KQk - 0 8,"{""d5f7"",""e8f7"",""d1d8""}",rook,2,intermediate,Rook 2 · Discovered Attack,discoveredAttack,White to move.,1323,Casual,"{""attackingF2F7"",""crushing"",""deflection"",""discoveredAttack"",""opening"",""short""}",A discovered attack — moving one piece uncovers a deadly attack from another.,true,lichess,lYCZf,35452,96,"{""Sicilian_Defense"",""Sicilian_Defense_Modern_Variations""}"
lc_BbnD5,1kb5/p6p/1p6/4K1p1/8/2RB1PPr/8/8 w - - 3 33,"{""c3c8"",""b8c8"",""d3f5"",""c8d8"",""f5h3""}",rook,2,intermediate,Rook 2 · Fork,fork,White to move.,1323,Casual,"{""advantage"",""attraction"",""endgame"",""fork"",""long"",""sacrifice""}","A fork — one piece attacks two enemy pieces at once, forcing a material win.",true,lichess,BbnD5,34688,95,{}
lc_IiEVz,1Q1r1k1r/p1Q2ppp/4p3/8/8/2pqP3/P2N1PPP/3RKR2 b - - 0 25,"{""c3d2"",""d1d2"",""d3d2""}",rook,2,intermediate,Rook 2 · Mate In2,mateIn2,Black to move.,1323,Casual,"{""advancedPawn"",""mate"",""mateIn2"",""middlegame"",""short""}",Checkmate in two — a forced sequence that delivers checkmate on move two.,true,lichess,IiEVz,34205,95,{}
lc_cfUIf,3r4/p1k2pr1/b1p4p/1pqp3Q/8/2PN2PP/PP3P2/R3R1K1 b - - 4 26,"{""g7g3"",""g1h1"",""g3d3""}",rook,2,intermediate,Rook 2 · Pin,pin,Black to move.,1324,Casual,"{""crushing"",""kingsideAttack"",""middlegame"",""pin"",""short""}",A pin — the attacked piece can't move without exposing a more valuable piece behind it.,true,lichess,cfUIf,36451,95,{}
lc_S72eg,6r1/1p3p1k/p6p/2Pp1qpQ/P6P/5R2/1P1B1P2/R5K1 b - - 0 36,"{""g5h4"",""d2g5"",""g8g5"",""h5g5"",""f5g5""}",rook,2,intermediate,Rook 2 · Fork,fork,Black to move.,1324,Casual,"{""advantage"",""discoveredAttack"",""discoveredCheck"",""endgame"",""fork"",""long""}","A fork — one piece attacks two enemy pieces at once, forcing a material win.",true,lichess,S72eg,36223,96,{}
lc_kMCut,r2qkb1r/1p1n1pp1/p4n1p/3pN3/3P3B/7P/PPP1QPP1/R3K2R w KQkq - 0 13,"{""e5c6"",""f8e7"",""c6d8""}",rook,2,intermediate,Rook 2 · Pin,pin,White to move.,1324,Casual,"{""crushing"",""discoveredAttack"",""discoveredCheck"",""middlegame"",""pin"",""short""}",A pin — the attacked piece can't move without exposing a more valuable piece behind it.,true,lichess,kMCut,35079,96,"{""Caro-Kann_Defense"",""Caro-Kann_Defense_Other_variations""}"
lc_ZJOdK,1k3r2/5r2/R7/1p1P4/P1p1Q3/2P3bP/2B2qP1/6RK b - - 0 37,"{""f2g1"",""h1g1"",""f7f1""}",rook,2,intermediate,Rook 2 · Mate In2,mateIn2,Black to move.,1324,Casual,"{""attraction"",""mate"",""mateIn2"",""middlegame"",""pillsburysMate"",""sacrifice"",""short""}",Checkmate in two — a forced sequence that delivers checkmate on move two.,true,lichess,ZJOdK,33495,96,{}
lc_IjwRG,rn5k/1bp3p1/p5pn/2b3N1/2B4q/P4P2/6PP/3R1R1K w - - 0 27,"{""d1d8"",""c5f8"",""d8f8"",""h6g8"",""f8g8""}",rook,2,intermediate,Rook 2 · Mate In3,mateIn3,White to move.,1325,Casual,"{""kingsideAttack"",""long"",""mate"",""mateIn3"",""middlegame"",""operaMate""}",Checkmate in three — calculate the forcing line all the way to mate.,true,lichess,IjwRG,43869,97,{}
lc_TqPGn,3Q4/5pkp/4p1p1/2p4P/1pq2P2/p5PK/8/8 w - - 0 37,"{""h5h6"",""g7h6"",""d8f8"",""h6h5"",""g3g4""}",rook,2,intermediate,Rook 2 · Mate In3,mateIn3,White to move.,1325,Casual,"{""attraction"",""endgame"",""long"",""mate"",""mateIn3"",""queenEndgame""}",Checkmate in three — calculate the forcing line all the way to mate.,true,lichess,TqPGn,36631,97,{}
lc_ccgur,7k/2R5/7p/5Kp1/8/7r/8/8 w - - 2 51,"{""f5g6"",""h3f3"",""c7c8"",""f3f8"",""c8f8""}",rook,2,intermediate,Rook 2 · Mate In3,mateIn3,White to move.,1326,Casual,"{""endgame"",""exposedKing"",""long"",""master"",""mate"",""mateIn3"",""rookEndgame""}",Checkmate in three — calculate the forcing line all the way to mate.,true,lichess,ccgur,41171,97,{}
lc_nM486,r1b1k1nr/pp3ppp/2n5/q1bQ4/4N3/5N2/PPPB1PPP/R3KB1R b KQkq - 4 9,"{""c5f2"",""e1f2"",""a5d5""}",rook,2,intermediate,Rook 2 · Discovered Attack,discoveredAttack,Black to move.,1326,Casual,"{""attackingF2F7"",""crushing"",""discoveredAttack"",""opening"",""short""}",A discovered attack — moving one piece uncovers a deadly attack from another.,true,lichess,nM486,38616,95,"{""Sicilian_Defense"",""Sicilian_Defense_Marshall_Gambit""}"
lc_MFLbd,4rk2/p1R5/1p3r2/8/6n1/1NN3P1/PPPR3P/6K1 b - - 6 30,"{""e8e1"",""g1g2"",""g4e3"",""g2h3"",""f6h6""}",rook,2,intermediate,Rook 2 · Mate In3,mateIn3,Black to move.,1326,Casual,"{""anastasiaMate"",""long"",""mate"",""mateIn3"",""middlegame""}",Checkmate in three — calculate the forcing line all the way to mate.,true,lichess,MFLbd,35985,95,{}
lc_iR63H,k1r1b2r/p4p2/2pqp1p1/Q1RpN1P1/3P4/P3P3/5Pp1/1R4K1 w - - 0 29,"{""a5a7"",""a8a7"",""c5a5""}",rook,2,intermediate,Rook 2 · Mate In2,mateIn2,White to move.,1326,Casual,"{""attraction"",""mate"",""mateIn2"",""middlegame"",""queensideAttack"",""sacrifice"",""short""}",Checkmate in two — a forced sequence that delivers checkmate on move two.,true,lichess,iR63H,35558,95,{}
lc_z7dof,8/p2r1p1k/1p2pQpp/2qr4/5P2/1P2P2R/P5PP/4R1K1 w - - 6 27,"{""h3h6"",""h7h6"",""f6h8""}",rook,2,intermediate,Rook 2 · Mate In2,mateIn2,White to move.,1326,Casual,"{""attraction"",""endgame"",""mate"",""mateIn2"",""sacrifice"",""short""}",Checkmate in two — a forced sequence that delivers checkmate on move two.,true,lichess,z7dof,35439,96,{}
lc_uF8YF,r1bqr3/pp3pk1/1bpp1nn1/4P3/3P4/1BN2pB1/PP2QPP1/R3R1K1 w - - 0 20,"{""e5f6"",""d8f6"",""e2e8""}",rook,2,intermediate,Rook 2 · Discovered Attack,discoveredAttack,White to move.,1326,Casual,"{""crushing"",""discoveredAttack"",""middlegame"",""short""}",A discovered attack — moving one piece uncovers a deadly attack from another.,true,lichess,uF8YF,33600,94,"{""Ruy_Lopez"",""Ruy_Lopez_Berlin_Defense""}"
lc_x0uW8,Qqkr1b1r/5pp1/3p1n2/3P3p/2p2Pb1/8/1P4PP/R1B1R2K w - - 0 24,"{""a8c6"",""b8c7"",""a1a8""}",rook,2,intermediate,Rook 2 · Mate In2,mateIn2,White to move.,1326,Casual,"{""clearance"",""killBoxMate"",""mate"",""mateIn2"",""middlegame"",""queensideAttack"",""short""}",Checkmate in two — a forced sequence that delivers checkmate on move two.,true,lichess,x0uW8,33511,96,{}
lc_NPUNi,r3kb1r/p2npppp/2p2n2/qp2N3/8/1BN5/P1PP1PPP/1RBbR1K1 w kq - 0 12,"{""b3f7"",""e8d8"",""e5c6"",""d8c8"",""c6a5""}",rook,2,intermediate,Rook 2 · Fork,fork,White to move.,1326,Casual,"{""advantage"",""attackingF2F7"",""fork"",""long"",""opening""}","A fork — one piece attacks two enemy pieces at once, forcing a material win.",true,lichess,NPUNi,32989,95,"{""Scandinavian_Defense"",""Scandinavian_Defense_Main_Line""}"
lc_kOXfz,r1b2rk1/1pN2ppp/p4q2/3pnP2/8/8/PPP1Q1PP/R1B2RK1 b - - 1 18,"{""f6b6"",""e2f2"",""b6c7""}",rook,2,intermediate,Rook 2 · Fork,fork,Black to move.,1327,Casual,"{""advantage"",""fork"",""middlegame"",""short""}","A fork — one piece attacks two enemy pieces at once, forcing a material win.",true,lichess,kOXfz,36456,95,"{""Sicilian_Defense"",""Sicilian_Defense_Closed""}"
lc_eduvV,rnq1rk2/pppb2b1/3p1npp/4p3/2P5/PQNP2P1/1P2PPBP/R1B2RK1 w - - 2 13,"{""g2b7"",""c8d8"",""b7a8""}",rook,2,intermediate,Rook 2 · Fork,fork,White to move.,1327,Casual,"{""advantage"",""fork"",""opening"",""short"",""trappedPiece""}","A fork — one piece attacks two enemy pieces at once, forcing a material win.",true,lichess,eduvV,36063,96,"{""English_Opening"",""English_Opening_Great_Snake_Variation""}"
lc_SMyL5,r4r2/7R/2bNkp2/2P1p3/8/8/2P2P1P/1K4R1 b - - 0 32,"{""f8b8"",""b1c1"",""a8a1"",""c1d2"",""a1g1""}",rook,2,intermediate,Rook 2 · Skewer,skewer,Black to move.,1327,Casual,"{""crushing"",""endgame"",""long"",""skewer""}","A skewer — the higher-value piece is forced to move, losing the piece behind it.",true,lichess,SMyL5,35962,95,{}
lc_NBnUM,r1q2r1k/p1p1b1pp/1pnpNn2/4p3/4P3/1QPP3P/PP3PP1/RNB1K2R b KQ - 3 12,"{""c6a5"",""b3d1"",""c8e6""}",rook,2,intermediate,Rook 2 · Advantage,advantage,Black to move.,1327,Casual,"{""advantage"",""opening"",""short""}",Find the strongest continuation and seize the advantage.,true,lichess,NBnUM,35141,95,"{""Philidor_Defense"",""Philidor_Defense_Other_variations""}"
lc_1Hutq,2kr3r/1ppqppb1/p6p/4n1p1/2NP4/4P1P1/PP2QPP1/2R1K2R w K - 0 16,"{""c4b6"",""c8b8"",""b6d7""}",rook,2,intermediate,Rook 2 · Pin,pin,White to move.,1327,Casual,"{""crushing"",""middlegame"",""pin"",""queensideAttack"",""short""}",A pin — the attacked piece can't move without exposing a more valuable piece behind it.,true,lichess,1Hutq,34586,97,"{""Queens_Pawn_Game"",""Queens_Pawn_Game_Accelerated_London_System""}"
lc_mSB1c,3r4/p1r3pp/8/5k2/1Pp2P2/P1R1K1P1/3R3P/8 b - - 0 31,"{""c7e7"",""e3f3"",""d8d2""}",rook,2,intermediate,Rook 2 · Deflection,deflection,Black to move.,1327,Casual,"{""crushing"",""deflection"",""endgame"",""rookEndgame"",""short""}",A deflection — lure a defending piece away from the square it was guarding.,true,lichess,mSB1c,33869,96,{}
lc_V1m5y,8/p1p5/1p1p1R2/1P4pk/P1PB3p/2QP2P1/5PKP/3q4 b - - 2 32,"{""h4h3"",""g2h3"",""d1f1""}",rook,2,intermediate,Rook 2 · Mate In2,mateIn2,Black to move.,1327,Casual,"{""attraction"",""endgame"",""mate"",""mateIn2"",""short""}",Checkmate in two — a forced sequence that delivers checkmate on move two.,true,lichess,V1m5y,33054,96,{}
lc_UPukV,r1bqkb1r/pp1nppp1/2p4p/3n2B1/2BPN3/5Q2/PPP2PPP/R3K1NR w KQkq - 0 8,"{""e4d6"",""e7d6"",""g5d8""}",rook,2,intermediate,Rook 2 · Crushing,crushing,White to move.,1328,Casual,"{""crushing"",""opening"",""short""}",Find the strongest continuation and seize the advantage.,true,lichess,UPukV,39323,95,"{""Caro-Kann_Defense"",""Caro-Kann_Defense_Karpov_Variation""}"
lc_oYO23,r6r/pbp3k1/1p3p2/3p1QP1/8/2PBq3/P5PP/R4R1K b - - 1 19,"{""h8h2"",""h1h2"",""a8h8"",""f5h7"",""h8h7""}",rook,2,intermediate,Rook 2 · Attraction,attraction,Black to move.,1328,Casual,"{""advantage"",""attraction"",""kingsideAttack"",""long"",""middlegame"",""sacrifice""}",An attraction — force an enemy piece onto a square where it can be exploited.,true,lichess,oYO23,36084,95,"{""Queens_Gambit_Declined"",""Queens_Gambit_Declined_Ragozin_Defense""}"
lc_4drwt,Q1Q5/5ppk/2p1n2p/3pNr2/3P4/4PpPq/5P1P/1R4RK b - - 10 43,"{""h3h2"",""h1h2"",""f5h5""}",rook,2,intermediate,Rook 2 · Mate In2,mateIn2,Black to move.,1328,Casual,"{""attraction"",""kingsideAttack"",""mate"",""mateIn2"",""middlegame"",""sacrifice"",""short""}",Checkmate in two — a forced sequence that delivers checkmate on move two.,true,lichess,4drwt,35201,95,{}
lc_6bMdO,r1bQ1rk1/p4pbp/1n2p1pB/1B1p4/8/2N5/PPP2PPP/2KR3R b - - 0 16,"{""g7h6"",""c1b1"",""f8d8""}",rook,2,intermediate,Rook 2 · Hanging Piece,hangingPiece,Black to move.,1328,Casual,"{""crushing"",""hangingPiece"",""intermezzo"",""middlegame"",""short""}",A hanging piece — an undefended enemy piece is free to capture.,true,lichess,6bMdO,34548,95,"{""Sicilian_Defense"",""Sicilian_Defense_Accelerated_Dragon""}"
lc_j2mlC,2k2r2/pp4pp/2np1p2/8/P4Q2/8/1PqBr1PP/R4R1K w - - 1 23,"{""f4g4"",""c8b8"",""g4e2""}",rook,2,intermediate,Rook 2 · Fork,fork,White to move.,1328,Casual,"{""crushing"",""fork"",""middlegame"",""short""}","A fork — one piece attacks two enemy pieces at once, forcing a material win.",true,lichess,j2mlC,34493,95,{}
lc_Avbeu,r3q1kr/4b1p1/pn2p1Qp/1p1pP3/3P4/5N2/PP3PPP/R4RK1 w - - 1 21,"{""g6e6"",""g8h7"",""e6b6""}",rook,2,intermediate,Rook 2 · Fork,fork,White to move.,1328,Casual,"{""advantage"",""fork"",""middlegame"",""short""}","A fork — one piece attacks two enemy pieces at once, forcing a material win.",true,lichess,Avbeu,34165,96,{}
lc_i73pK,3r2k1/pBP2ppp/4pbn1/6q1/8/1N4P1/PPR1Q1KP/8 b - - 0 24,"{""g6f4"",""g2f2"",""f4e2""}",rook,2,intermediate,Rook 2 · Pin,pin,Black to move.,1328,Casual,"{""advantage"",""middlegame"",""pin"",""short""}",A pin — the attacked piece can't move without exposing a more valuable piece behind it.,true,lichess,i73pK,33126,96,{}
lc_EKXOA,2r5/pkr5/1p4QR/3pPp2/3P1Pp1/2P1q3/3n2PP/R6K w - - 0 39,"{""a1a7"",""b7a7"",""g6b6"",""a7a8"",""b6a6"",""a8b8"",""h6b6"",""c7b7"",""a6b7""}",rook,2,intermediate,Rook 2 · Attraction,attraction,White to move.,1329,Casual,"{""attraction"",""mate"",""mateIn5"",""middlegame"",""sacrifice"",""veryLong""}",An attraction — force an enemy piece onto a square where it can be exploited.,true,lichess,EKXOA,38362,96,{}
lc_PQVuv,5kr1/4b2p/pq1p1p2/1pr1pP2/3n3Q/P2BN2P/1PP2PP1/2R2RK1 b - - 1 21,"{""d4f3"",""g1h1"",""f3h4""}",rook,2,intermediate,Rook 2 · Pin,pin,Black to move.,1329,Casual,"{""crushing"",""kingsideAttack"",""middlegame"",""pin"",""short""}",A pin — the attacked piece can't move without exposing a more valuable piece behind it.,true,lichess,PQVuv,37369,96,{}
lc_DVKQQ,6k1/5pp1/1q5p/1rp5/8/Q2P1P2/nP2N1PP/1R3K2 b - - 6 31,"{""b5a5"",""a3a5"",""b6a5""}",rook,2,intermediate,Rook 2 · Trapped Piece,trappedPiece,Black to move.,1329,Casual,"{""advantage"",""endgame"",""short"",""trappedPiece""}",A trapped piece — the enemy piece has no safe squares and can be won.,true,lichess,DVKQQ,36343,96,{}
lc_58g73,r1b1k2r/ppp2ppp/1bn2q2/3N4/QP1P4/P7/4PPPP/R3KBNR b KQkq - 0 10,"{""f6d4"",""a1d1"",""d4f2""}",rook,2,intermediate,Rook 2 · Fork,fork,Black to move.,1329,Casual,"{""attackingF2F7"",""crushing"",""fork"",""opening"",""short""}","A fork — one piece attacks two enemy pieces at once, forcing a material win.",true,lichess,58g73,34867,94,"{""Queens_Gambit_Declined"",""Queens_Gambit_Declined_Modern_Variation""}"
lc_IIOEQ,r1b4r/p4p2/4pk1p/q5p1/1b1p4/P1NB4/1PPQ1PPP/R3K2R w KQ - 0 16,"{""c3e4"",""f6g7"",""d2b4""}",rook,2,intermediate,Rook 2 · Discovered Attack,discoveredAttack,White to move.,1329,Casual,"{""crushing"",""discoveredAttack"",""middlegame"",""short""}",A discovered attack — moving one piece uncovers a deadly attack from another.,true,lichess,IIOEQ,33423,96,"{""Sicilian_Defense"",""Sicilian_Defense_Four_Knights_Variation""}"
lc_ZOXmp,r3kb1r/p4ppp/1q2pn2/3p4/3P2b1/2N2N2/PP1B1PPP/R2QK2R w KQkq - 0 12,"{""d1a4"",""f6d7"",""f3e5""}",rook,2,intermediate,Rook 2 · Advantage,advantage,White to move.,1329,Casual,"{""advantage"",""opening"",""short""}",Find the strongest continuation and seize the advantage.,true,lichess,ZOXmp,32915,95,"{""Caro-Kann_Defense"",""Caro-Kann_Defense_Panov_Attack""}"
lc_IB3n8,r7/p1kn4/2p5/2b1p3/2P1N3/Pr6/1P4K1/3RR3 w - - 2 36,"{""d1d7"",""c7d7"",""e4c5"",""d7d6"",""c5b3""}",rook,2,intermediate,Rook 2 · Fork,fork,White to move.,1330,Casual,"{""advantage"",""attraction"",""fork"",""long"",""middlegame""}","A fork — one piece attacks two enemy pieces at once, forcing a material win.",true,lichess,IB3n8,35191,96,{}
lc_8WN9d,4rrk1/p5p1/2p3P1/2qp1p2/8/1PN2P2/P1Q5/2K4R w - - 0 30,"{""h1h8"",""g8h8"",""c2h2"",""h8g8"",""h2h7""}",rook,2,intermediate,Rook 2 · Mate In3,mateIn3,White to move.,1330,Casual,"{""attraction"",""endgame"",""long"",""mate"",""mateIn3"",""sacrifice""}",Checkmate in three — calculate the forcing line all the way to mate.,true,lichess,8WN9d,33713,96,{}
lc_Ao0ro,r4bnr/ppqknQpp/2pp4/4p3/2B1P3/8/PPPP1PPP/R1B2RK1 w - - 1 12,"{""c4e6"",""d7d8"",""f7f8""}",rook,2,intermediate,Rook 2 · Mate In2,mateIn2,White to move.,1330,Casual,"{""interference"",""mate"",""mateIn2"",""opening"",""short""}",Checkmate in two — a forced sequence that delivers checkmate on move two.,true,lichess,Ao0ro,33401,96,"{""Philidor_Defense"",""Philidor_Defense_Other_variations""}"
lc_bb9j4,5k2/8/p1Pr4/7K/1P4nP/P1R5/6P1/8 b - - 0 59,"{""g4f6"",""h5g5"",""f6e4"",""g5f5"",""e4c3"",""c6c7"",""d6c6""}",rook,2,intermediate,Rook 2 · Fork,fork,Black to move.,1330,Casual,"{""crushing"",""endgame"",""fork"",""veryLong""}","A fork — one piece attacks two enemy pieces at once, forcing a material win.",true,lichess,bb9j4,33361,96,{}
lc_qVP9Q,8/p4pk1/4pN1p/3pPn2/3P1R2/7r/4K3/8 w - - 2 35,"{""f4g4"",""g7f8"",""g4g8"",""f8e7"",""g8e8""}",rook,2,intermediate,Rook 2 · Mate In3,mateIn3,White to move.,1331,Casual,"{""endgame"",""hookMate"",""long"",""mate"",""mateIn3""}",Checkmate in three — calculate the forcing line all the way to mate.,true,lichess,qVP9Q,37460,95,{}
lc_Q0HGe,2krr3/1p3ppp/1P2b1n1/n1P5/3N2P1/2P4P/1PQ3Bq/2KR4 w - - 2 26,"{""g2b7"",""c8b7"",""c2h2""}",rook,2,intermediate,Rook 2 · Discovered Attack,discoveredAttack,White to move.,1331,Casual,"{""advantage"",""discoveredAttack"",""middlegame"",""short""}",A discovered attack — moving one piece uncovers a deadly attack from another.,true,lichess,Q0HGe,35087,96,{}
lc_qppV3,3q2k1/8/7p/p2p2p1/Bn1Qrp2/1P4PP/2r2P1B/3R2K1 w - - 1 34,"{""d4e4"",""d5e4"",""d1d8""}",rook,2,intermediate,Rook 2 · Discovered Attack,discoveredAttack,White to move.,1331,Casual,"{""advantage"",""discoveredAttack"",""middlegame"",""short""}",A discovered attack — moving one piece uncovers a deadly attack from another.,true,lichess,qppV3,34346,96,{}
lc_ptqzq,8/6pp/1r3pk1/PB1R1b2/8/2r4P/5PP1/4RK2 b - - 0 34,"{""b6b5"",""d5b5"",""f5d3"",""f1g1"",""d3b5""}",rook,3,intermediate,Rook 3 · Fork,fork,Black to move.,1331,Casual,"{""advantage"",""attraction"",""endgame"",""fork"",""long"",""sacrifice""}","A fork — one piece attacks two enemy pieces at once, forcing a material win.",true,lichess,ptqzq,34306,95,{}
lc_iKIr5,2k2bq1/ppp4p/2n5/2p2p2/2N1r3/P2Q3P/1PP2P1N/3R3K w - - 0 26,"{""d3d7"",""c8b8"",""d7d8"",""c6d8"",""d1d8""}",rook,3,intermediate,Rook 3 · Mate In3,mateIn3,White to move.,1331,Casual,"{""backRankMate"",""long"",""mate"",""mateIn3"",""middlegame"",""sacrifice""}",Checkmate in three — calculate the forcing line all the way to mate.,true,lichess,iKIr5,34147,95,{}
lc_OhzB7,r1b2r1k/pppp2pp/2n3p1/8/2B5/2q1P3/P1P1QPP1/2KR3R w - - 0 15,"{""h1h7"",""h8h7"",""d1h1""}",rook,3,intermediate,Rook 3 · Mate In2,mateIn2,White to move.,1331,Casual,"{""attraction"",""kingsideAttack"",""mate"",""mateIn2"",""middlegame"",""pillsburysMate"",""sacrifice"",""short""}",Checkmate in two — a forced sequence that delivers checkmate on move two.,true,lichess,OhzB7,33695,96,"{""Trompowsky_Attack"",""Trompowsky_Attack_Raptor_Variation""}"
lc_MTQj8,7r/4npp1/p1b1pk1p/6q1/4Q3/P3N2P/5PP1/3R2K1 w - - 5 28,"{""e3g4"",""g5g4"",""e4g4""}",rook,3,intermediate,Rook 3 · Advantage,advantage,White to move.,1331,Casual,"{""advantage"",""middlegame"",""short""}",Find the strongest continuation and seize the advantage.,true,lichess,MTQj8,33586,95,{}
lc_YzsYe,1r3rk1/p1n1q2p/2Bb2p1/3P1p2/1P1P3Q/2P3N1/3K4/4R2R b - - 9 33,"{""e7h4"",""h1h4"",""d6g3""}",rook,3,intermediate,Rook 3 · Capturing Defender,capturingDefender,Black to move.,1331,Casual,"{""capturingDefender"",""crushing"",""middlegame"",""short""}",Find the strongest continuation and seize the advantage.,true,lichess,YzsYe,33122,95,{}
lc_tJo87,r1b1k2r/ppppqppp/2n5/8/1P2n3/3B1N2/1PPN1PPP/R1BQK2R b KQkq - 0 9,"{""e4c3"",""d2e4"",""c3d1""}",rook,3,intermediate,Rook 3 · Discovered Attack,discoveredAttack,Black to move.,1332,Casual,"{""advantage"",""discoveredAttack"",""discoveredCheck"",""opening"",""short""}",A discovered attack — moving one piece uncovers a deadly attack from another.,true,lichess,tJo87,38477,97,"{""Scotch_Game"",""Scotch_Game_Other_variations""}"
lc_ScfBk,R7/5ppk/1p3n1p/1Nbp4/P7/3QP1P1/1q3PK1/8 b - - 4 32,"{""f6e4"",""d3f1"",""c5e3""}",rook,3,intermediate,Rook 3 · Pin,pin,Black to move.,1332,Casual,"{""advantage"",""endgame"",""pin"",""short""}",A pin — the attacked piece can't move without exposing a more valuable piece behind it.,true,lichess,ScfBk,37959,95,{}
lc_f9GOR,6rk/p4p1p/3qppr1/3p4/8/2P2P2/PP2Q1PP/3R2RK b - - 11 27,"{""d6h2"",""h1h2"",""g6h6""}",rook,3,intermediate,Rook 3 · Mate In2,mateIn2,Black to move.,1332,Casual,"{""attraction"",""endgame"",""kingsideAttack"",""mate"",""mateIn2"",""sacrifice"",""short""}",Checkmate in two — a forced sequence that delivers checkmate on move two.,true,lichess,f9GOR,35435,96,{}
lc_97hjH,4q1k1/3b3p/p2P2p1/4bp2/P4Q2/1P2N3/4rPPP/3R2K1 w - - 3 33,"{""f4c4"",""e8e6"",""c4e2""}",rook,3,intermediate,Rook 3 · Fork,fork,White to move.,1332,Casual,"{""crushing"",""fork"",""middlegame"",""short""}","A fork — one piece attacks two enemy pieces at once, forcing a material win.",true,lichess,97hjH,35317,96,{}
lc_OZTSv,4q2r/p2k2p1/2pp1n2/1p6/6p1/1BN2PQ1/PPP3P1/R5K1 b - - 0 19,"{""e8e3"",""g3f2"",""h8h1"",""g1h1"",""e3f2""}",rook,3,intermediate,Rook 3 · Deflection,deflection,Black to move.,1332,Casual,"{""crushing"",""deflection"",""kingsideAttack"",""long"",""middlegame""}",A deflection — lure a defending piece away from the square it was guarding.,true,lichess,OZTSv,34732,96,"{""Scotch_Game"",""Scotch_Game_Scotch_Gambit""}"
lc_p9QPh,r3kb1r/3bpppp/p2p4/qp2P3/1n2N3/P4N2/1PPQ1PPP/R1B1KB1R b KQkq - 0 12,"{""b4c2"",""e1d1"",""a5d2"",""e4d2"",""c2a1""}",rook,3,intermediate,Rook 3 · Pin,pin,Black to move.,1332,Casual,"{""advantage"",""discoveredAttack"",""long"",""opening"",""pin""}",A pin — the attacked piece can't move without exposing a more valuable piece behind it.,true,lichess,p9QPh,34235,96,"{""Sicilian_Defense"",""Sicilian_Defense_Closed""}"
lc_K6ayM,2r5/6k1/p2p2p1/1p3q1n/1P6/3P1Q2/P5PP/5RK1 w - - 0 27,"{""f3b7"",""g7h6"",""f1f5""}",rook,3,intermediate,Rook 3 · Discovered Attack,discoveredAttack,White to move.,1332,Casual,"{""crushing"",""discoveredAttack"",""endgame"",""short""}",A discovered attack — moving one piece uncovers a deadly attack from another.,true,lichess,K6ayM,34197,96,{}
lc_eh7LP,2rr4/1b2kp1p/p4p2/1p2p3/4P3/1NqB4/P1P2Q1P/1K3R2 w - - 0 26,"{""f2f6"",""e7d7"",""f6f7"",""d7c6"",""f1f6""}",rook,3,intermediate,Rook 3 · Deflection,deflection,White to move.,1332,Casual,"{""crushing"",""deflection"",""long"",""middlegame""}",A deflection — lure a defending piece away from the square it was guarding.,true,lichess,eh7LP,33532,95,{}
lc_xAkA6,8/4k3/4p3/7p/1pN1P3/1Kp3RP/r5P1/8 b - - 6 48,"{""c3c2"",""b3a2"",""c2c1q""}",rook,3,intermediate,Rook 3 · Promotion,promotion,Black to move.,1332,Casual,"{""advancedPawn"",""advantage"",""endgame"",""master"",""promotion"",""short""}",Pawn promotion — advance the pawn to its final rank and choose your new piece wisely.,true,lichess,xAkA6,33277,97,{}
lc_dfXlH,1r5k/2p4p/p3p3/5p2/qrpPPP2/7P/PPR1Q3/KR6 b - - 0 30,"{""a4a2"",""a1a2"",""b4a4""}",rook,3,intermediate,Rook 3 · Mate In2,mateIn2,Black to move.,1332,Casual,"{""attraction"",""endgame"",""mate"",""mateIn2"",""sacrifice"",""short""}",Checkmate in two — a forced sequence that delivers checkmate on move two.,true,lichess,dfXlH,33210,97,{}
lc_moxrZ,1r2r1k1/p1q1bpp1/4p2p/7b/Q1R5/4R1P1/Pn1N1PBP/6K1 w - - 0 27,"{""a4e8"",""b8e8"",""c4c7""}",rook,3,intermediate,Rook 3 · Advantage,advantage,White to move.,1332,Casual,"{""advantage"",""middlegame"",""short""}",Find the strongest continuation and seize the advantage.,true,lichess,moxrZ,33210,96,{}
lc_84yxW,1q5r/1p2k3/pQ2ppp1/3p4/5Pn1/P7/1P4P1/2R2RK1 b - - 2 33,"{""h8h1"",""g1h1"",""b8h8"",""h1g1"",""h8h2""}",rook,3,intermediate,Rook 3 · Mate In3,mateIn3,Black to move.,1333,Casual,"{""attraction"",""endgame"",""long"",""mate"",""mateIn3"",""sacrifice""}",Checkmate in three — calculate the forcing line all the way to mate.,true,lichess,84yxW,33911,96,{}
lc_EAJZA,8/8/p6p/3nkN1P/P5K1/6P1/8/8 b - - 4 41,"{""d5f6"",""g4f3"",""e5f5""}",rook,3,intermediate,Rook 3 · Deflection,deflection,Black to move.,1333,Casual,"{""crushing"",""deflection"",""endgame"",""knightEndgame"",""short""}",A deflection — lure a defending piece away from the square it was guarding.,true,lichess,EAJZA,33767,96,{}
lc_nfvI4,5rk1/pp2q1pp/2np4/2p2r1Q/2P2pN1/P6P/1PP2P2/2K2RR1 w - - 2 25,"{""g4h6"",""g8h8"",""h6f5""}",rook,3,intermediate,Rook 3 · Pin,pin,White to move.,1333,Casual,"{""crushing"",""kingsideAttack"",""middlegame"",""pin"",""short""}",A pin — the attacked piece can't move without exposing a more valuable piece behind it.,true,lichess,nfvI4,33279,95,{}
lc_ZKPmD,8/4b3/3kp3/5p2/4b2P/P1Q5/KP5r/8 w - - 1 30,"{""c3g3"",""d6d5"",""g3h2""}",rook,3,intermediate,Rook 3 · Fork,fork,White to move.,1333,Casual,"{""advantage"",""endgame"",""fork"",""master"",""short""}","A fork — one piece attacks two enemy pieces at once, forcing a material win.",true,lichess,ZKPmD,32935,95,{}
lc_rnGbb,2r1kb1r/1Q1b1ppp/B1n1p3/q2pPn2/3P4/P1N2N1P/1P3PP1/1RB2RK1 b k - 0 15,"{""c8b8"",""b7b8"",""c6b8""}",rook,3,intermediate,Rook 3 · Trapped Piece,trappedPiece,Black to move.,1334,Casual,"{""advantage"",""opening"",""short"",""trappedPiece""}",A trapped piece — the enemy piece has no safe squares and can be won.,true,lichess,rnGbb,34955,94,"{""French_Defense"",""French_Defense_Advance_Variation""}"
lc_rqgOM,3r2k1/ppp2pp1/4bn1p/4N3/1bPn4/1PN3PP/PB2PPB1/R5K1 b - - 0 17,"{""b4c3"",""b2c3"",""d4e2"",""g1f1"",""e2c3""}",rook,3,intermediate,Rook 3 · Fork,fork,Black to move.,1334,Casual,"{""capturingDefender"",""crushing"",""fork"",""long"",""master"",""middlegame""}","A fork — one piece attacks two enemy pieces at once, forcing a material win.",true,lichess,rqgOM,34660,95,"{""Kings_Indian_Attack"",""Kings_Indian_Attack_Other_variations""}"
lc_aSa01,r4rk1/1p3p1p/n2P2p1/p1pP2qn/P1P1P3/1P1B1R1P/1R2N1PK/3Q4 b - - 0 21,"{""g5e5"",""h2g1"",""e5b2""}",rook,3,intermediate,Rook 3 · Fork,fork,Black to move.,1334,Casual,"{""advantage"",""fork"",""middlegame"",""short""}","A fork — one piece attacks two enemy pieces at once, forcing a material win.",true,lichess,aSa01,33449,95,{}
lc_wMcfr,r3r1k1/ppp3pp/8/2Q5/2P1b3/3q4/PP1P1PPP/R1B2RK1 b - - 0 17,"{""d3f1"",""g1f1"",""e4d3"",""f1g1"",""e8e1""}",rook,3,intermediate,Rook 3 · Mate In3,mateIn3,Black to move.,1335,Casual,"{""attraction"",""backRankMate"",""long"",""mate"",""mateIn3"",""middlegame"",""sacrifice""}",Checkmate in three — calculate the forcing line all the way to mate.,true,lichess,wMcfr,38179,95,"{""Scandinavian_Defense"",""Scandinavian_Defense_Icelandic-Palme_Gambit""}"
lc_ZeGBV,5rk1/pb1n3p/1p1p4/2p2pB1/2PP2P1/P1P5/2Q1R3/R4KNq b - - 1 22,"{""f5g4"",""f1e1"",""h1g1"",""e1d2"",""g1a1""}",rook,3,intermediate,Rook 3 · Skewer,skewer,Black to move.,1335,Casual,"{""crushing"",""discoveredAttack"",""discoveredCheck"",""exposedKing"",""long"",""middlegame"",""skewer""}","A skewer — the higher-value piece is forced to move, losing the piece behind it.",true,lichess,ZeGBV,36334,94,{}
lc_FhAUD,r2q2r1/ppp2ppk/7p/3bpN2/8/3PQP2/PPP2P1P/R5RK w - - 2 18,"{""g1g7"",""g8g7"",""e3h6"",""h7g8"",""h6g7""}",rook,3,intermediate,Rook 3 · Mate In3,mateIn3,White to move.,1335,Casual,"{""attraction"",""long"",""mate"",""mateIn3"",""middlegame"",""sacrifice""}",Checkmate in three — calculate the forcing line all the way to mate.,true,lichess,FhAUD,35999,96,"{""Italian_Game"",""Italian_Game_Two_Knights_Defense""}"
lc_A4GjN,k3r2r/pp6/2p2q2/3bN2p/N2Q1PpP/P5P1/1P6/2R3K1 w - - 3 41,"{""a4b6"",""a7b6"",""d4a4"",""a8b8"",""e5d7"",""b8c8"",""d7f6""}",rook,3,intermediate,Rook 3 · Fork,fork,White to move.,1335,Casual,"{""clearance"",""crushing"",""fork"",""middlegame"",""sacrifice"",""veryLong""}","A fork — one piece attacks two enemy pieces at once, forcing a material win.",true,lichess,A4GjN,35789,95,{}
lc_A4rR4,r2qk2r/2p2pp1/2np3p/1p2p3/4n3/P3PN2/1PPQ2PP/1NKR3R w kq - 0 14,"{""d2d5"",""c6e7"",""d5e4""}",rook,3,intermediate,Rook 3 · Fork,fork,White to move.,1335,Casual,"{""advantage"",""fork"",""middlegame"",""short""}","A fork — one piece attacks two enemy pieces at once, forcing a material win.",true,lichess,A4rR4,35616,96,"{""Italian_Game"",""Italian_Game_Giuoco_Pianissimo""}"
lc_SAwt5,6rk/pp2b1pp/4b3/3pPp1Q/1P1P1P2/P5R1/2r1q2P/4B1RK w - - 0 28,"{""h5h7"",""h8h7"",""g3h3"",""e7h4"",""h3h4"",""e2h5"",""h4h5""}",rook,3,intermediate,Rook 3 · Attraction,attraction,White to move.,1335,Casual,"{""attraction"",""kingsideAttack"",""mate"",""mateIn4"",""middlegame"",""sacrifice"",""veryLong""}",An attraction — force an enemy piece onto a square where it can be exploited.,true,lichess,SAwt5,34882,95,{}
lc_dh7il,r5rk/pp3p1p/3p1PpQ/3P2P1/2q5/6R1/P6P/R5K1 w - - 0 29,"{""h6h7"",""h8h7"",""g3h3"",""c4h4"",""h3h4""}",rook,3,intermediate,Rook 3 · Mate In3,mateIn3,White to move.,1335,Casual,"{""attraction"",""endgame"",""long"",""mate"",""mateIn3"",""sacrifice""}",Checkmate in three — calculate the forcing line all the way to mate.,true,lichess,dh7il,34526,97,{}
lc_AajSA,3q1r1k/ppr3bp/2p1B3/6PR/3pp3/2P5/PP3P2/R2QK3 w Q - 2 23,"{""h5h7"",""h8h7"",""d1h5"",""g7h6"",""h5h6""}",rook,3,intermediate,Rook 3 · Mate In3,mateIn3,White to move.,1335,Casual,"{""attraction"",""kingsideAttack"",""long"",""mate"",""mateIn3"",""middlegame"",""sacrifice""}",Checkmate in three — calculate the forcing line all the way to mate.,true,lichess,AajSA,34381,95,{}
lc_JidP8,8/2q2k1p/2Q3p1/1p1r1p2/1P3P2/4P3/5P1P/2R3K1 b - - 0 31,"{""d5d1"",""g1g2"",""d1c1""}",rook,3,intermediate,Rook 3 · Endgame,endgame,Black to move.,1335,Casual,"{""crushing"",""endgame"",""short""}",An endgame technique — precise play with few pieces where every tempo counts.,true,lichess,JidP8,33346,95,{}
lc_eme79,2b2r1k/r4pbB/2p1p3/1pPpP2R/pP1P4/4n3/P1QBNqP1/2K5 w - - 2 24,"{""h7g8"",""h8g8"",""c2h7""}",rook,3,intermediate,Rook 3 · Mate In2,mateIn2,White to move.,1336,Casual,"{""attraction"",""discoveredAttack"",""discoveredCheck"",""kingsideAttack"",""mate"",""mateIn2"",""middlegame"",""sacrifice"",""short""}",Checkmate in two — a forced sequence that delivers checkmate on move two.,true,lichess,eme79,35449,96,{}
lc_xh2gS,1r5r/1pQ2pp1/p3pk2/6q1/3R1P2/3B4/P1P4P/1R5K b - - 0 31,"{""h8h2"",""h1h2"",""b8h8"",""d3h7"",""h8h7""}",rook,3,intermediate,Rook 3 · Mate In3,mateIn3,Black to move.,1336,Casual,"{""attraction"",""long"",""mate"",""mateIn3"",""middlegame"",""sacrifice""}",Checkmate in three — calculate the forcing line all the way to mate.,true,lichess,xh2gS,34011,96,{}
lc_5YMjQ,r3kb1r/1pp2ppp/p1n2n2/1q6/Q1N3b1/2P1BN2/PP3PPP/R3KB1R w KQkq - 6 14,"{""c4d6"",""f8d6"",""f1b5""}",rook,3,intermediate,Rook 3 · Discovered Attack,discoveredAttack,White to move.,1336,Casual,"{""crushing"",""discoveredAttack"",""opening"",""short""}",A discovered attack — moving one piece uncovers a deadly attack from another.,true,lichess,5YMjQ,32931,95,"{""Scandinavian_Defense"",""Scandinavian_Defense_Main_Line""}"
lc_mIFtW,r5k1/p1pb2pp/2pp4/N7/2P2r1q/1P6/P5PP/R2QR2K w - - 0 20,"{""g2g3"",""h4h3"",""g3f4""}",rook,3,intermediate,Rook 3 · Fork,fork,White to move.,1337,Casual,"{""advantage"",""fork"",""middlegame"",""short""}","A fork — one piece attacks two enemy pieces at once, forcing a material win.",true,lichess,mIFtW,35296,95,"{""Ruy_Lopez"",""Ruy_Lopez_Schliemann_Defense""}"
lc_t1rMV,r3qr1k/pb2b1p1/2n2nP1/1p1pQP2/2pP4/2P1PR2/PP1N3P/R1B3K1 w - - 3 22,"{""f3h3"",""h8g8"",""e5e6"",""f8f7"",""g6f7"",""e8f7"",""h3h8"",""g8h8"",""e6f7""}",rook,3,intermediate,Rook 3 · Fork,fork,White to move.,1337,Casual,"{""advancedPawn"",""crushing"",""deflection"",""fork"",""middlegame"",""veryLong""}","A fork — one piece attacks two enemy pieces at once, forcing a material win.",true,lichess,t1rMV,35176,97,{}
lc_HpcHN,7r/3k1p1p/1R1p4/n2Pp3/P7/2Q3P1/4qPKp/5R2 b - - 3 29,"{""e2f1"",""g2f1"",""h2h1q""}",rook,3,intermediate,Rook 3 · Attraction,attraction,Black to move.,1337,Casual,"{""advancedPawn"",""attraction"",""crushing"",""endgame"",""promotion"",""short""}",An attraction — force an enemy piece onto a square where it can be exploited.,true,lichess,HpcHN,35159,96,{}
lc_tF97C,8/p5pk/3NqPn1/1P5p/r6P/5PQ1/6P1/3R3K b - - 0 33,"{""a4h4"",""h1g1"",""e6e3"",""g3f2"",""h4h1"",""g1h1"",""e3f2""}",rook,3,intermediate,Rook 3 · Deflection,deflection,Black to move.,1337,Casual,"{""crushing"",""deflection"",""endgame"",""veryLong""}",A deflection — lure a defending piece away from the square it was guarding.,true,lichess,tF97C,35092,95,{}
lc_ZdUDh,rnbqk2r/ppp3pp/3bpp2/3pN3/3PnB2/P3P3/1PP2PPP/RN1QKB1R w KQkq - 0 7,"{""d1h5"",""g7g6"",""e5g6"",""h7g6"",""h5h8""}",rook,3,intermediate,Rook 3 · Crushing,crushing,White to move.,1337,Casual,"{""crushing"",""long"",""opening""}",Find the strongest continuation and seize the advantage.,true,lichess,ZdUDh,34835,95,"{""Queens_Pawn_Game"",""Queens_Pawn_Game_Accelerated_London_System""}"
lc_6v7iM,8/6k1/5rP1/2KR4/8/8/3p4/8 b - - 3 66,"{""f6f5"",""d5f5"",""d2d1q""}",rook,3,intermediate,Rook 3 · Pin,pin,Black to move.,1337,Casual,"{""advancedPawn"",""crushing"",""deflection"",""endgame"",""pin"",""promotion"",""rookEndgame"",""short""}",A pin — the attacked piece can't move without exposing a more valuable piece behind it.,true,lichess,6v7iM,33976,95,{}
lc_f5mSv,r1b1qr1k/1p2n1pp/p2p1p2/2p1nP1Q/4PR2/1BN5/PPP3PP/R1B3K1 w - - 2 16,"{""h5h7"",""h8h7"",""f4h4"",""e8h5"",""h4h5""}",rook,3,intermediate,Rook 3 · Mate In3,mateIn3,White to move.,1337,Casual,"{""attraction"",""kingsideAttack"",""long"",""mate"",""mateIn3"",""middlegame"",""pillsburysMate"",""sacrifice""}",Checkmate in three — calculate the forcing line all the way to mate.,true,lichess,f5mSv,33915,96,"{""Ruy_Lopez"",""Ruy_Lopez_Classical_Variation""}"
lc_eXi24,4r1rk/5p1p/3p1PpQ/p1pP4/4PR2/1P1q3P/P7/1R5K w - - 2 32,"{""h6h7"",""h8h7"",""f4h4""}",rook,3,intermediate,Rook 3 · Mate In2,mateIn2,White to move.,1337,Casual,"{""attraction"",""endgame"",""kingsideAttack"",""mate"",""mateIn2"",""sacrifice"",""short""}",Checkmate in two — a forced sequence that delivers checkmate on move two.,true,lichess,eXi24,32950,95,{}
lc_fA1il,1r1q2k1/6pp/3p1bn1/3Pp3/2P2p2/3Q1N1P/3B1PP1/R5K1 b - - 0 28,"{""e5e4"",""d3e4"",""f6a1""}",rook,3,intermediate,Rook 3 · Discovered Attack,discoveredAttack,Black to move.,1337,Casual,"{""advantage"",""discoveredAttack"",""middlegame"",""short""}",A discovered attack — moving one piece uncovers a deadly attack from another.,true,lichess,fA1il,32910,95,{}
lc_68p9n,6k1/2p5/5ppp/p2Pn3/4RNP1/7P/1r4N1/6K1 b - - 0 31,"{""e5f3"",""g1f1"",""f3d2"",""f1f2"",""d2e4""}",rook,3,intermediate,Rook 3 · Fork,fork,Black to move.,1338,Casual,"{""crushing"",""discoveredCheck"",""doubleCheck"",""endgame"",""exposedKing"",""fork"",""long""}","A fork — one piece attacks two enemy pieces at once, forcing a material win.",true,lichess,68p9n,35696,95,{}
lc_MFXtd,3r2k1/8/p5qp/1p1p1b2/1P3Q2/P3P2P/7K/2R5 w - - 3 45,"{""c1g1"",""g8h7"",""g1g6""}",rook,3,intermediate,Rook 3 · Pin,pin,White to move.,1338,Casual,"{""advantage"",""endgame"",""pin"",""short""}",A pin — the attacked piece can't move without exposing a more valuable piece behind it.,true,lichess,MFXtd,33046,94,{}
lc_ePskI,2r5/2qk1p2/3p4/pr2p1p1/4P3/3P2PP/R1p5/2Q2RK1 w - - 0 29,"{""f1f7"",""d7e8"",""f7c7"",""c8c7"",""a2c2"",""c7c2"",""c1c2""}",rook,3,intermediate,Rook 3 · Skewer,skewer,White to move.,1338,Casual,"{""advantage"",""endgame"",""skewer"",""veryLong""}","A skewer — the higher-value piece is forced to move, losing the piece behind it.",true,lichess,ePskI,32949,96,{}
lc_WemOT,4r1k1/p1B2pp1/5np1/3p4/6P1/3P3P/P1R2qPK/3Q4 b - - 2 25,"{""f6g4"",""h3g4"",""f2h4"",""h2g1"",""e8e1"",""d1e1"",""h4e1""}",rook,3,intermediate,Rook 3 · Fork,fork,Black to move.,1339,Casual,"{""advantage"",""endgame"",""fork"",""sacrifice"",""veryLong""}","A fork — one piece attacks two enemy pieces at once, forcing a material win.",true,lichess,WemOT,36240,96,{}
lc_8uJOE,8/5k2/p7/2pP1p2/P1P5/2Q3pP/1r3qP1/6RK b - - 7 38,"{""f2g1"",""h1g1"",""b2b1"",""c3e1"",""b1e1""}",rook,3,intermediate,Rook 3 · Mate In3,mateIn3,Black to move.,1339,Casual,"{""attraction"",""endgame"",""long"",""mate"",""mateIn3"",""sacrifice""}",Checkmate in three — calculate the forcing line all the way to mate.,true,lichess,8uJOE,35459,95,{}
lc_H1CFf,rnbqkb1Q/pp3p2/4pn1B/2pp4/3P2r1/2N5/PPP2PPP/R3KBNR b KQq - 1 11,"{""g4g8"",""h8g8"",""f6g8""}",rook,3,intermediate,Rook 3 · Trapped Piece,trappedPiece,Black to move.,1339,Casual,"{""crushing"",""opening"",""short"",""trappedPiece""}",A trapped piece — the enemy piece has no safe squares and can be won.,true,lichess,H1CFf,34995,95,"{""French_Defense"",""French_Defense_Winawer_Variation""}"
lc_HGiIP,7q/2pb2k1/1p1p1p2/3P1PP1/1P2P3/4r3/6Q1/R2B2K1 b - - 0 39,"{""e3e1"",""g1f2"",""h8h4"",""g2g3"",""e1f1"",""f2f1"",""h4g3""}",rook,3,intermediate,Rook 3 · Deflection,deflection,Black to move.,1339,Casual,"{""crushing"",""deflection"",""endgame"",""exposedKing"",""veryLong""}",A deflection — lure a defending piece away from the square it was guarding.,true,lichess,HGiIP,33631,96,{}
lc_2WepG,5rk1/2p2R1p/4b1p1/p7/4P2q/1P6/P1P3P1/1K3B1R w - - 0 26,"{""f7f8"",""g8f8"",""h1h4""}",rook,3,intermediate,Rook 3 · Endgame,endgame,White to move.,1340,Casual,"{""crushing"",""endgame"",""intermezzo"",""short""}",An endgame technique — precise play with few pieces where every tempo counts.,true,lichess,2WepG,36554,95,{}
lc_pFbmu,1r5k/6Rp/4qn1P/8/8/2PB4/p2K4/6Q1 w - - 0 48,"{""g7h7"",""f6h7"",""g1g7""}",rook,3,intermediate,Rook 3 · Mate In2,mateIn2,White to move.,1340,Casual,"{""clearance"",""endgame"",""mate"",""mateIn2"",""sacrifice"",""short""}",Checkmate in two — a forced sequence that delivers checkmate on move two.,true,lichess,pFbmu,35896,95,{}
lc_UQByK,5k2/p1p2p2/2pb4/3p3N/5Pq1/3P4/PPPB3K/4R3 w - - 1 27,"{""e1e8"",""f8e8"",""h5f6"",""e8e7"",""f6g4""}",rook,3,intermediate,Rook 3 · Fork,fork,White to move.,1340,Casual,"{""attraction"",""crushing"",""endgame"",""fork"",""long"",""sacrifice""}","A fork — one piece attacks two enemy pieces at once, forcing a material win.",true,lichess,UQByK,35114,96,{}
lc_lxGMr,rn2k2r/3pppbp/q5p1/1Q6/8/2N2N2/PP3PPP/R1B1K2R b KQkq - 2 14,"{""g7c3"",""b2c3"",""a6b5""}",rook,3,intermediate,Rook 3 · Crushing,crushing,Black to move.,1340,Casual,"{""crushing"",""opening"",""short""}",Find the strongest continuation and seize the advantage.,true,lichess,lxGMr,34528,95,"{""Indian_Defense"",""Indian_Defense_Pseudo-Benko""}"
lc_tCe2j,3q2k1/5rbR/p3p1Q1/1p1b4/3P4/P7/1P3PPP/1B4K1 w - - 1 33,"{""h7h8"",""g8h8"",""g6h7""}",rook,3,intermediate,Rook 3 · Mate In2,mateIn2,White to move.,1340,Casual,"{""attraction"",""mate"",""mateIn2"",""middlegame"",""pin"",""sacrifice"",""short""}",Checkmate in two — a forced sequence that delivers checkmate on move two.,true,lichess,tCe2j,34500,97,{}
lc_jSQ5f,r1r4k/p5pp/1p2R3/6q1/8/2Q5/5PPP/4R1K1 w - - 1 24,"{""c3c8"",""a8c8"",""e6e8"",""c8e8"",""e1e8""}",rook,3,intermediate,Rook 3 · Mate In3,mateIn3,White to move.,1340,Casual,"{""backRankMate"",""endgame"",""long"",""mate"",""mateIn3"",""sacrifice""}",Checkmate in three — calculate the forcing line all the way to mate.,true,lichess,jSQ5f,34249,95,{}
lc_2qMQx,8/3kp1P1/4b2R/2p1P3/3P1K2/2r5/8/8 w - - 0 44,"{""h6e6"",""d7e6"",""g7g8q""}",rook,3,intermediate,Rook 3 · Attraction,attraction,White to move.,1340,Casual,"{""advancedPawn"",""attraction"",""crushing"",""endgame"",""promotion"",""short""}",An attraction — force an enemy piece onto a square where it can be exploited.,true,lichess,2qMQx,34233,96,{}
lc_k5T4h,r4rk1/ppp3p1/7p/4N1q1/3NQn2/8/PP3PPP/R3R1K1 b - - 4 20,"{""f4h3"",""g1h1"",""h3f2""}",rook,3,intermediate,Rook 3 · Pin,pin,Black to move.,1340,Casual,"{""crushing"",""deflection"",""kingsideAttack"",""middlegame"",""pin"",""short""}",A pin — the attacked piece can't move without exposing a more valuable piece behind it.,true,lichess,k5T4h,34013,95,{}
lc_cupNC,3r1rk1/3bqpp1/p1n1p2p/1pbN4/6Q1/1B3N2/PPP2PPP/1K1RR3 b - - 7 18,"{""e6d5"",""e1e7"",""d7g4""}",rook,3,intermediate,Rook 3 · Discovered Attack,discoveredAttack,Black to move.,1340,Casual,"{""advantage"",""discoveredAttack"",""master"",""middlegame"",""short""}",A discovered attack — moving one piece uncovers a deadly attack from another.,true,lichess,cupNC,33914,95,"{""Torre_Attack"",""Torre_Attack_Wagner_Gambit""}"
lc_z8Pkd,4qr1k/p3r1pp/1p1bBp2/1PpPpP1Q/P1PpR3/3P2P1/7P/5RK1 w - - 7 26,"{""h5h7"",""h8h7"",""e4h4"",""e8h5"",""h4h5""}",rook,3,intermediate,Rook 3 · Mate In3,mateIn3,White to move.,1340,Casual,"{""attraction"",""kingsideAttack"",""long"",""mate"",""mateIn3"",""middlegame"",""pillsburysMate"",""sacrifice""}",Checkmate in three — calculate the forcing line all the way to mate.,true,lichess,z8Pkd,33859,95,{}
lc_2cjo0,1r2r1k1/B1p2pp1/8/1N5Q/8/3q4/PRn2PPP/5RK1 b - - 0 20,"{""d3f1"",""g1f1"",""e8e1""}",rook,3,intermediate,Rook 3 · Mate In2,mateIn2,Black to move.,1340,Casual,"{""attraction"",""mate"",""mateIn2"",""middlegame"",""sacrifice"",""short""}",Checkmate in two — a forced sequence that delivers checkmate on move two.,true,lichess,2cjo0,33772,95,{}
lc_tk6q1,r1nqr1k1/ppp2pp1/1bbp4/4pPQ1/4P3/2PP2NP/PP4BK/RN3R2 w - - 1 18,"{""f5f6"",""d8f6"",""f1f6""}",rook,3,intermediate,Rook 3 · Pin,pin,White to move.,1340,Casual,"{""crushing"",""middlegame"",""pin"",""short""}",A pin — the attacked piece can't move without exposing a more valuable piece behind it.,true,lichess,tk6q1,33051,97,"{""Kings_Pawn_Game"",""Kings_Pawn_Game_Other_variations""}"
lc_0aOPI,4k3/4P2p/6p1/6P1/1K2R2P/2pr4/8/8 b - - 1 50,"{""c3c2"",""e4c4"",""d3d4"",""c4d4"",""c2c1q""}",rook,3,intermediate,Rook 3 · Pin,pin,Black to move.,1341,Casual,"{""advancedPawn"",""crushing"",""deflection"",""endgame"",""long"",""pin"",""promotion"",""rookEndgame""}",A pin — the attacked piece can't move without exposing a more valuable piece behind it.,true,lichess,0aOPI,37955,96,{}
lc_jvioU,r4rk1/ppq3pp/3b1p2/3p4/3Pn3/P2N1P2/1P2R1PP/R1BQ2K1 b - - 0 18,"{""d6h2"",""g1h1"",""e4g3"",""h1h2"",""g3e2""}",rook,3,intermediate,Rook 3 · Fork,fork,Black to move.,1341,Casual,"{""crushing"",""discoveredAttack"",""discoveredCheck"",""fork"",""long"",""middlegame""}","A fork — one piece attacks two enemy pieces at once, forcing a material win.",true,lichess,jvioU,36679,95,"{""Sicilian_Defense"",""Sicilian_Defense_Bowdler_Attack""}"
lc_8mayg,r7/pp4p1/3kbp1p/1P1N4/4P3/8/P1K3PP/3R4 w - - 4 33,"{""d5b6"",""d6c5"",""b6a8""}",rook,3,intermediate,Rook 3 · Discovered Attack,discoveredAttack,White to move.,1341,Casual,"{""crushing"",""discoveredAttack"",""discoveredCheck"",""endgame"",""short""}",A discovered attack — moving one piece uncovers a deadly attack from another.,true,lichess,8mayg,36590,95,{}
lc_cmDNh,r4rk1/1Q2p2p/pq4p1/3p4/3b4/8/PP2BPPP/3R1RK1 w - - 2 21,"{""b7d5"",""e7e6"",""d5d4"",""b6d4"",""d1d4""}",rook,3,intermediate,Rook 3 · Crushing,crushing,White to move.,1341,Casual,"{""crushing"",""long"",""middlegame""}",Find the strongest continuation and seize the advantage.,true,lichess,cmDNh,35076,96,{}
lc_Ni3Ha,b2k2nr/p4q2/1p2n3/2bp1R2/6p1/P1PB2P1/1P1N2PP/R2Q3K b - - 2 22,"{""h8h2"",""h1h2"",""f7h7"",""f5h5"",""h7h5""}",rook,3,intermediate,Rook 3 · Mate In3,mateIn3,Black to move.,1341,Casual,"{""attraction"",""kingsideAttack"",""long"",""mate"",""mateIn3"",""middlegame"",""sacrifice""}",Checkmate in three — calculate the forcing line all the way to mate.,true,lichess,Ni3Ha,34163,94,{}
lc_eFpx0,4R3/pp1r1rpk/5pRp/3q4/8/6QP/P4PP1/6K1 w - - 3 32,"{""g6h6"",""g7h6"",""g3g8""}",rook,3,intermediate,Rook 3 · Mate In2,mateIn2,White to move.,1342,Casual,"{""clearance"",""endgame"",""mate"",""mateIn2"",""sacrifice"",""short""}",Checkmate in two — a forced sequence that delivers checkmate on move two.,true,lichess,eFpx0,49230,95,{}
lc_GWTeU,8/pp3p2/2p1k2B/3r4/6P1/1P3R1P/1Pb1K3/8 b - - 0 27,"{""c2d1"",""e2f2"",""d1f3""}",rook,3,intermediate,Rook 3 · Skewer,skewer,Black to move.,1342,Casual,"{""crushing"",""endgame"",""short"",""skewer""}","A skewer — the higher-value piece is forced to move, losing the piece behind it.",true,lichess,GWTeU,36761,96,{}
lc_sNIQX,3r2k1/5pp1/1P6/7q/P1Q5/4P1P1/2R2PP1/3R2K1 b - - 0 39,"{""d8d1"",""c4f1"",""d1f1"",""g1f1"",""h5d1""}",rook,3,intermediate,Rook 3 · Mate In3,mateIn3,Black to move.,1342,Casual,"{""attraction"",""endgame"",""long"",""mate"",""mateIn3""}",Checkmate in three — calculate the forcing line all the way to mate.,true,lichess,sNIQX,35563,97,{}
lc_nx730,1r1q3k/6R1/5p1P/3p4/3n1PQ1/bp6/2P5/1K6 w - - 0 36,"{""g7h7"",""h8h7"",""g4g7""}",rook,3,intermediate,Rook 3 · Mate In2,mateIn2,White to move.,1342,Casual,"{""attraction"",""endgame"",""mate"",""mateIn2"",""sacrifice"",""short""}",Checkmate in two — a forced sequence that delivers checkmate on move two.,true,lichess,nx730,34568,96,{}
lc_WCCtj,4r3/1N6/4pk2/1pp1n1rp/5p2/PP1P2P1/2P1RPK1/4R3 b - - 2 39,"{""f4f3"",""g2h3"",""f3e2""}",rook,3,intermediate,Rook 3 · Fork,fork,Black to move.,1342,Casual,"{""advancedPawn"",""advantage"",""endgame"",""fork"",""short""}","A fork — one piece attacks two enemy pieces at once, forcing a material win.",true,lichess,WCCtj,34329,96,{}
lc_gjcDR,8/1R3r1k/p5qp/1bnP4/2p5/8/6PP/1B5K w - - 0 31,"{""b7f7"",""h7g8"",""b1g6""}",rook,3,intermediate,Rook 3 · Pin,pin,White to move.,1342,Casual,"{""advantage"",""endgame"",""master"",""pin"",""short""}",A pin — the attacked piece can't move without exposing a more valuable piece behind it.,true,lichess,gjcDR,33677,96,{}
lc_tjuYi,r4rk1/p1q3pp/b7/2p2pQ1/6n1/P1B3P1/1PP2P1P/R3R1K1 w - - 0 18,"{""e1e7"",""c7e7"",""g5e7""}",rook,3,intermediate,Rook 3 · Advantage,advantage,White to move.,1342,Casual,"{""advantage"",""middlegame"",""short""}",Find the strongest continuation and seize the advantage.,true,lichess,tjuYi,33572,95,"{""Sicilian_Defense"",""Sicilian_Defense_Franco-Sicilian_Variation""}"
lc_jhQYB,4r1k1/6b1/3q3p/p2P1RpP/1pp3P1/8/P1Q1r3/1B3R1K w - - 3 42,"{""f5f8"",""d6f8"",""c2h7""}",rook,3,intermediate,Rook 3 · Mate In2,mateIn2,White to move.,1342,Casual,"{""clearance"",""mate"",""mateIn2"",""middlegame"",""sacrifice"",""short""}",Checkmate in two — a forced sequence that delivers checkmate on move two.,true,lichess,jhQYB,33099,97,{}
lc_tL0TX,5qk1/pp4p1/4p2p/3b1r2/P2P2QP/2P1R1B1/1P4P1/6K1 b - - 10 33,"{""f5f1"",""g1h2"",""f1h1"",""h2h1"",""f8f1"",""h1h2"",""f1g2""}",rook,3,intermediate,Rook 3 · Attraction,attraction,Black to move.,1342,Casual,"{""attraction"",""endgame"",""mate"",""mateIn4"",""sacrifice"",""veryLong""}",An attraction — force an enemy piece onto a square where it can be exploited.,true,lichess,tL0TX,33031,95,{}
lc_ucpEG,rn2r1k1/pp3ppp/2p3q1/2bP2N1/2B3Q1/3p4/PPP2PPP/R1BK3R b - - 2 13,"{""d3c2"",""d1d2"",""c5b4""}",rook,3,intermediate,Rook 3 · Mate In2,mateIn2,Black to move.,1343,Casual,"{""advancedPawn"",""mate"",""mateIn2"",""opening"",""short""}",Checkmate in two — a forced sequence that delivers checkmate on move two.,true,lichess,ucpEG,36289,95,"{""Vienna_Game"",""Vienna_Game_Stanley_Variation""}"
lc_FABJR,rn2k2r/3qbppp/1p2pn2/pN1p4/Q2P4/4P3/P2B1PPP/R3K1NR w KQkq - 1 14,"{""b5c7"",""e8d8"",""a4d7"",""d8d7"",""c7a8""}",rook,3,intermediate,Rook 3 · Pin,pin,White to move.,1343,Casual,"{""advantage"",""discoveredAttack"",""long"",""opening"",""pin""}",A pin — the attacked piece can't move without exposing a more valuable piece behind it.,true,lichess,FABJR,35722,95,"{""Queens_Pawn_Game"",""Queens_Pawn_Game_Other_variations""}"
lc_44Ljp,5rk1/5ppp/2n1p3/3p4/3P1P2/2q1P3/3N2PP/R3Q1K1 w - - 4 23,"{""a1c1"",""c3b2"",""c1c6""}",rook,3,intermediate,Rook 3 · Skewer,skewer,White to move.,1343,Casual,"{""advantage"",""endgame"",""short"",""skewer""}","A skewer — the higher-value piece is forced to move, losing the piece behind it.",true,lichess,44Ljp,34414,95,{}
lc_GhKQh,2r1r2k/pp5p/1q4p1/6B1/1PB1p1P1/2b5/Q7/2K4R w - - 0 28,"{""h1h7"",""h8h7"",""a2h2"",""h7g7"",""h2h6""}",rook,3,intermediate,Rook 3 · Mate In3,mateIn3,White to move.,1343,Casual,"{""attraction"",""long"",""mate"",""mateIn3"",""middlegame"",""sacrifice""}",Checkmate in three — calculate the forcing line all the way to mate.,true,lichess,GhKQh,33377,95,{}
lc_aVVRJ,r4r2/1p1b1p1k/p1p3p1/5Pqp/3pP3/P2Pb2Q/BP2N1PP/R4R1K w - - 2 25,"{""f5g6"",""f7g6"",""h3d7""}",rook,3,intermediate,Rook 3 · Discovered Attack,discoveredAttack,White to move.,1343,Casual,"{""crushing"",""discoveredAttack"",""middlegame"",""short""}",A discovered attack — moving one piece uncovers a deadly attack from another.,true,lichess,aVVRJ,33222,95,{}
lc_XurwO,r5bk/1R5p/3r1N1P/5p2/2p1p3/8/p1P2P1K/6R1 w - - 5 47,"{""g1g8"",""a8g8"",""b7h7""}",rook,3,intermediate,Rook 3 · Mate In2,mateIn2,White to move.,1344,Casual,"{""arabianMate"",""endgame"",""mate"",""mateIn2"",""short""}",Checkmate in two — a forced sequence that delivers checkmate on move two.,true,lichess,XurwO,38608,95,{}
lc_anu4K,r4rk1/pp4p1/4p1P1/2p5/3n1p2/3PQ2R/qP4PP/3B2K1 w - - 0 24,"{""h3h8"",""g8h8"",""e3h3"",""h8g8"",""h3h7""}",rook,3,intermediate,Rook 3 · Mate In3,mateIn3,White to move.,1344,Casual,"{""attraction"",""kingsideAttack"",""long"",""mate"",""mateIn3"",""middlegame"",""sacrifice""}",Checkmate in three — calculate the forcing line all the way to mate.,true,lichess,anu4K,37756,97,{}
lc_SaxMl,r1b2r2/ppp1k2p/2n1p1pN/1N1pP3/3P4/3Q4/PPP5/R2K1Bq1 w - - 0 18,"{""d3a3"",""e7d7"",""a3f8""}",rook,3,intermediate,Rook 3 · Skewer,skewer,White to move.,1344,Casual,"{""crushing"",""deflection"",""middlegame"",""short"",""skewer""}","A skewer — the higher-value piece is forced to move, losing the piece behind it.",true,lichess,SaxMl,34541,96,"{""Nimzowitsch_Defense"",""Nimzowitsch_Defense_French_Connection""}"
lc_4yn9Z,8/5kbp/6p1/3n1r2/5r2/PP6/2Q2P1P/3R3K w - - 2 38,"{""d1d5"",""f5d5"",""c2c7"",""f7e6"",""c7f4""}",rook,3,intermediate,Rook 3 · Fork,fork,White to move.,1344,Casual,"{""advantage"",""endgame"",""fork"",""long"",""sacrifice""}","A fork — one piece attacks two enemy pieces at once, forcing a material win.",true,lichess,4yn9Z,34362,95,{}
lc_yVZTD,1k6/ppq2p2/2n5/8/P2PQ3/2PKPR2/1P4rr/R3B3 b - - 1 34,"{""c6b4"",""c3b4"",""c7c2""}",rook,3,intermediate,Rook 3 · Mate In2,mateIn2,Black to move.,1344,Casual,"{""clearance"",""mate"",""mateIn2"",""middlegame"",""sacrifice"",""short""}",Checkmate in two — a forced sequence that delivers checkmate on move two.,true,lichess,yVZTD,33992,95,{}
lc_IayIC,r2qkb1r/1bp2p1p/p4np1/2p1pNB1/8/8/PPP2PPP/RN1Q1RK1 w kq - 0 12,"{""d1d8"",""a8d8"",""g5f6""}",rook,3,intermediate,Rook 3 · Crushing,crushing,White to move.,1344,Casual,"{""crushing"",""opening"",""short""}",Find the strongest continuation and seize the advantage.,true,lichess,IayIC,33789,95,"{""Ruy_Lopez"",""Ruy_Lopez_Berlin_Defense""}"
lc_ILmrm,5rk1/prN2ppp/3Q4/2p3q1/8/5b2/PPP3PP/1R2R1K1 w - - 0 21,"{""d6f8"",""g8f8"",""e1e8""}",rook,3,intermediate,Rook 3 · Mate In2,mateIn2,White to move.,1344,Casual,"{""attraction"",""kingsideAttack"",""mate"",""mateIn2"",""middlegame"",""sacrifice"",""short""}",Checkmate in two — a forced sequence that delivers checkmate on move two.,true,lichess,ILmrm,33657,96,{}
lc_gtpzI,krQ5/p3n2p/8/3p2p1/8/3B1pqP/1PP5/R6K w - - 2 31,"{""a1a7"",""a8a7"",""c8a6""}",rook,3,intermediate,Rook 3 · Mate In2,mateIn2,White to move.,1344,Casual,"{""attraction"",""endgame"",""mate"",""mateIn2"",""pin"",""sacrifice"",""short""}",Checkmate in two — a forced sequence that delivers checkmate on move two.,true,lichess,gtpzI,33512,96,{}
lc_o9Te7,r2r2k1/2q2p1p/p2n1pbQ/1ppP3B/8/2N5/PPP2PPP/3RR1K1 b - - 3 20,"{""d6f5"",""h6d2"",""g6h5""}",rook,3,intermediate,Rook 3 · Advantage,advantage,Black to move.,1344,Casual,"{""advantage"",""middlegame"",""short""}",Find the strongest continuation and seize the advantage.,true,lichess,o9Te7,33410,96,{}
lc_TE91D,r1b1r1kb/1p2pp1p/5npB/p2pN3/1R1P4/6N1/qPQ2PPP/4R1K1 w - - 0 23,"{""b4a4"",""a2a4"",""c2a4""}",rook,3,intermediate,Rook 3 · Trapped Piece,trappedPiece,White to move.,1344,Casual,"{""advantage"",""middlegame"",""short"",""trappedPiece""}",A trapped piece — the enemy piece has no safe squares and can be won.,true,lichess,TE91D,32950,95,{}
lc_aOOX6,5r2/1b3pk1/p5rp/1pQ2P2/8/PB1P3P/1PP3P1/5RK1 b - - 0 24,"{""g6g2"",""g1h1"",""g2c2"",""b3d5"",""c2c5""}",rook,3,intermediate,Rook 3 · Discovered Attack,discoveredAttack,Black to move.,1345,Casual,"{""advantage"",""discoveredAttack"",""discoveredCheck"",""endgame"",""long""}",A discovered attack — moving one piece uncovers a deadly attack from another.,true,lichess,aOOX6,36390,95,{}
lc_HbQlr,3Q4/5pkp/6p1/qq5P/6PK/8/8/8 w - - 3 54,"{""h5h6"",""g7h6"",""d8f8""}",rook,3,intermediate,Rook 3 · Mate In2,mateIn2,White to move.,1345,Casual,"{""attraction"",""endgame"",""mate"",""mateIn2"",""queenEndgame"",""short""}",Checkmate in two — a forced sequence that delivers checkmate on move two.,true,lichess,HbQlr,36330,96,{}
lc_qsmsb,6rk/pp4pp/2pp1p2/3q4/6RQ/1P4RP/PP6/2KNr3 w - - 2 32,"{""h4h7"",""h8h7"",""g4h4"",""d5h5"",""h4h5""}",rook,3,intermediate,Rook 3 · Mate In3,mateIn3,White to move.,1345,Casual,"{""attraction"",""kingsideAttack"",""long"",""mate"",""mateIn3"",""middlegame"",""sacrifice""}",Checkmate in three — calculate the forcing line all the way to mate.,true,lichess,qsmsb,35774,96,{}
lc_2e68W,4Q3/1Pb5/P2p4/4p1k1/4q3/6PK/5p2/5N2 b - - 0 47,"{""e4h1"",""f1h2"",""f2f1q""}",rook,3,intermediate,Rook 3 · Mate In2,mateIn2,Black to move.,1345,Casual,"{""advancedPawn"",""endgame"",""fork"",""mate"",""mateIn2"",""pin"",""promotion"",""short""}",Checkmate in two — a forced sequence that delivers checkmate on move two.,true,lichess,2e68W,35400,96,{}
lc_dv1pJ,3r1rk1/pp3ppp/2p5/3q4/4nR2/8/PP4RP/6QK w - - 0 28,"{""g2g7"",""g8h8"",""g7h7"",""h8h7"",""f4h4"",""d5h5"",""h4h5""}",rook,3,intermediate,Rook 3 · Attraction,attraction,White to move.,1345,Casual,"{""attraction"",""mate"",""mateIn4"",""middlegame"",""sacrifice"",""veryLong""}",An attraction — force an enemy piece onto a square where it can be exploited.,true,lichess,dv1pJ,34902,96,{}
lc_3BUBq,r4r2/pp1n1ppk/1qpN1b1p/4p3/4P1Q1/1B1P4/PPP2PPP/R3K2R b KQ - 0 14,"{""b6b4"",""c2c3"",""b4d6""}",rook,3,intermediate,Rook 3 · Fork,fork,Black to move.,1345,Casual,"{""advantage"",""fork"",""middlegame"",""short""}","A fork — one piece attacks two enemy pieces at once, forcing a material win.",true,lichess,3BUBq,34896,95,"{""Philidor_Defense"",""Philidor_Defense_Other_variations""}"
lc_4SXMC,3r4/pp5p/2p2ppk/q7/2PB2Q1/1P2P1P1/3r1PBP/4R1K1 b - - 7 25,"{""d2d4"",""e3d4"",""a5e1""}",rook,3,intermediate,Rook 3 · Discovered Attack,discoveredAttack,Black to move.,1345,Casual,"{""advantage"",""discoveredAttack"",""kingsideAttack"",""middlegame"",""short""}",A discovered attack — moving one piece uncovers a deadly attack from another.,true,lichess,4SXMC,34353,96,{}
lc_2A9nq,rnbqkb1r/pp3ppp/5n2/4N3/2p5/8/PPPPQPPP/RNB1K2R w KQkq - 0 7,"{""e5c6"",""d8e7"",""c6e7""}",rook,3,intermediate,Rook 3 · Discovered Attack,discoveredAttack,White to move.,1345,Casual,"{""advantage"",""discoveredAttack"",""discoveredCheck"",""opening"",""short""}",A discovered attack — moving one piece uncovers a deadly attack from another.,true,lichess,2A9nq,33957,95,"{""Russian_Game"",""Russian_Game_Italian_Variation""}"
lc_9fzBi,r1b2rk1/1p1p1ppp/pqn1pn2/8/4P3/P1N1BP2/1PP1Q1PP/R3KB1R b KQ - 3 11,"{""b6b2"",""a1a2"",""b2c3""}",rook,3,intermediate,Rook 3 · Fork,fork,Black to move.,1346,Casual,"{""crushing"",""fork"",""opening"",""short""}","A fork — one piece attacks two enemy pieces at once, forcing a material win.",true,lichess,9fzBi,37537,96,"{""Sicilian_Defense"",""Sicilian_Defense_Kveinis_Variation""}"
lc_uxg54,rnbq1rk1/pp3pp1/2p5/6b1/3PB3/4P3/PPQ2PP1/R3K1NR w KQ - 0 13,"{""e4h7"",""g8h8"",""h7g8"",""h8g8"",""c2h7""}",rook,3,intermediate,Rook 3 · Mate In3,mateIn3,White to move.,1346,Casual,"{""attraction"",""discoveredAttack"",""discoveredCheck"",""kingsideAttack"",""long"",""master"",""mate"",""mateIn3"",""opening"",""sacrifice""}",Checkmate in three — calculate the forcing line all the way to mate.,true,lichess,uxg54,35205,97,"{""Queens_Gambit_Declined"",""Queens_Gambit_Declined_Exchange_Variation""}"
lc_RY5jK,5r2/8/2pR1p2/4pBp1/1Pk1P1P1/5P2/r7/2K5 w - - 1 40,"{""f5e6"",""c4b4"",""e6a2""}",rook,3,intermediate,Rook 3 · Skewer,skewer,White to move.,1346,Casual,"{""advantage"",""endgame"",""short"",""skewer""}","A skewer — the higher-value piece is forced to move, losing the piece behind it.",true,lichess,RY5jK,34852,96,{}
lc_Ck6yo,8/P1n3pp/3N4/8/2pk4/3p4/5PPP/4K3 w - - 4 44,"{""d6b5"",""c7b5"",""a7a8q""}",rook,3,intermediate,Rook 3 · Deflection,deflection,White to move.,1346,Casual,"{""advancedPawn"",""crushing"",""deflection"",""endgame"",""knightEndgame"",""promotion"",""short""}",A deflection — lure a defending piece away from the square it was guarding.,true,lichess,Ck6yo,33466,96,{}
lc_noUrH,2br2k1/4qpp1/p1Q4p/8/4N3/7P/PPP2PP1/1R4K1 b - - 0 22,"{""c8b7"",""c6b6"",""b7e4""}",rook,3,intermediate,Rook 3 · Skewer,skewer,Black to move.,1346,Casual,"{""advantage"",""endgame"",""short"",""skewer""}","A skewer — the higher-value piece is forced to move, losing the piece behind it.",true,lichess,noUrH,32974,95,{}
lc_D7O4j,r4r1k/pQp2Ppp/3p4/6q1/2Bn1P2/2N2R2/PP4PP/R5K1 b - - 0 17,"{""d4f3"",""b7f3"",""g5c5"",""f3f2"",""c5c4""}",rook,3,intermediate,Rook 3 · Fork,fork,Black to move.,1347,Casual,"{""advantage"",""fork"",""long"",""middlegame"",""pin""}","A fork — one piece attacks two enemy pieces at once, forcing a material win.",true,lichess,D7O4j,39856,95,"{""Philidor_Defense"",""Philidor_Defense_Other_variations""}"
lc_fW0e4,6kr/pQ1p1pp1/8/1p5p/4r3/3N2P1/PP1K1PqP/R3R3 b - - 1 24,"{""e4e2"",""e1e2"",""g2b7"",""e2e8"",""g8h7"",""e8h8"",""h7h8""}",rook,3,intermediate,Rook 3 · Discovered Attack,discoveredAttack,Black to move.,1347,Casual,"{""advantage"",""collinearMove"",""discoveredAttack"",""middlegame"",""veryLong""}",A discovered attack — moving one piece uncovers a deadly attack from another.,true,lichess,fW0e4,35853,95,{}
lc_t9SYm,6k1/bp1rrp1p/p3b1p1/7P/3PQ3/1PP3N1/P4PP1/1R4K1 b - - 0 25,"{""e6f5"",""e4f4"",""f5b1""}",rook,3,intermediate,Rook 3 · Skewer,skewer,Black to move.,1347,Casual,"{""advantage"",""middlegame"",""short"",""skewer""}","A skewer — the higher-value piece is forced to move, losing the piece behind it.",true,lichess,t9SYm,35762,96,{}
lc_QAoYR,r1b2rk1/2qn1ppp/p1p1pb2/1pQ2P2/4PB2/2N5/PPP1B1PP/R4RK1 w - - 4 16,"{""c5f8"",""d7f8"",""f4c7""}",rook,3,intermediate,Rook 3 · Crushing,crushing,White to move.,1347,Casual,"{""crushing"",""middlegame"",""short""}",Find the strongest continuation and seize the advantage.,true,lichess,QAoYR,35259,96,"{""Sicilian_Defense"",""Sicilian_Defense_French_Variation""}"
lc_GlwaT,8/Bp6/2pk4/8/PKP5/1P6/7r/8 w - - 1 57,"{""a7b8"",""d6e6"",""b8h2""}",rook,3,intermediate,Rook 3 · Skewer,skewer,White to move.,1347,Casual,"{""crushing"",""endgame"",""short"",""skewer""}","A skewer — the higher-value piece is forced to move, losing the piece behind it.",true,lichess,GlwaT,33740,96,{}
lc_v1Vuj,5rk1/R2R1p2/2P2bp1/7r/1P1p4/P2B2P1/5PPp/7K b - - 2 30,"{""f8e8"",""a7a8"",""e8a8""}",rook,3,intermediate,Rook 3 · Endgame,endgame,Black to move.,1347,Casual,"{""advantage"",""endgame"",""quietMove"",""short""}",An endgame technique — precise play with few pieces where every tempo counts.,true,lichess,v1Vuj,33532,96,{}
lc_q110B,8/1R3ppr/p1p1pk2/2Pn4/3P1pP1/P7/2q1B1Q1/6K1 w - - 1 40,"{""g4g5"",""f6g6"",""e2h5"",""h7h5"",""g2c2""}",rook,3,intermediate,Rook 3 · Discovered Attack,discoveredAttack,White to move.,1347,Casual,"{""crushing"",""discoveredAttack"",""endgame"",""long""}",A discovered attack — moving one piece uncovers a deadly attack from another.,true,lichess,q110B,33267,96,{}
lc_A72lT,8/7R/1p4p1/p2N2k1/2r3P1/7P/8/4n1K1 w - - 4 41,"{""h3h4"",""g5g4"",""d5e3"",""g4g3"",""e3c4""}",rook,3,intermediate,Rook 3 · Fork,fork,White to move.,1347,Casual,"{""advantage"",""endgame"",""fork"",""long""}","A fork — one piece attacks two enemy pieces at once, forcing a material win.",true,lichess,A72lT,33092,95,{}
lc_X4Ab8,r2qk1nr/ppp2ppp/2bb4/8/3Q4/5PP1/PPP1P2P/RNB1KB1R b KQkq - 0 8,"{""d6g3"",""h2g3"",""d8d4""}",rook,3,intermediate,Rook 3 · Discovered Attack,discoveredAttack,Black to move.,1348,Casual,"{""crushing"",""discoveredAttack"",""opening"",""short""}",A discovered attack — moving one piece uncovers a deadly attack from another.,true,lichess,X4Ab8,38937,95,"{""Englund_Gambit"",""Englund_Gambit_Other_variations""}"
lc_WBs99,q1b2rk1/1pQ3p1/p3pb1p/4pP2/B6P/6P1/PP3PK1/2RR4 b - - 0 24,"{""b7b5"",""g2g1"",""b5a4""}",rook,3,intermediate,Rook 3 · Discovered Attack,discoveredAttack,Black to move.,1348,Casual,"{""advantage"",""discoveredAttack"",""discoveredCheck"",""master"",""middlegame"",""short""}",A discovered attack — moving one piece uncovers a deadly attack from another.,true,lichess,WBs99,36993,96,{}
lc_9iTKH,r3r1k1/6bp/6p1/3p2P1/8/pPq5/P4Q2/nK3R1R w - - 0 31,"{""f2f7"",""g8h8"",""h1h7"",""h8h7"",""f1h1"",""c3h3"",""h1h3""}",rook,3,intermediate,Rook 3 · Attraction,attraction,White to move.,1348,Casual,"{""attraction"",""mate"",""mateIn4"",""middlegame"",""sacrifice"",""veryLong""}",An attraction — force an enemy piece onto a square where it can be exploited.,true,lichess,9iTKH,34147,95,{}
lc_C2wxl,8/6pp/p3kp2/1p5r/1B3K2/7P/P6R/8 b - - 3 43,"{""h5h4"",""f4e3"",""h4b4""}",rook,3,intermediate,Rook 3 · Skewer,skewer,Black to move.,1348,Casual,"{""crushing"",""endgame"",""short"",""skewer""}","A skewer — the higher-value piece is forced to move, losing the piece behind it.",true,lichess,C2wxl,33970,96,{}
lc_j5bpY,r2r2k1/p1p2ppp/8/1R1Q4/B2P4/2P4P/P4PP1/1q4K1 w - - 0 29,"{""b5b1"",""d8d5"",""a4c6"",""d5d8"",""c6a8""}",rook,3,intermediate,Rook 3 · Fork,fork,White to move.,1348,Casual,"{""advantage"",""endgame"",""fork"",""long""}","A fork — one piece attacks two enemy pieces at once, forcing a material win.",true,lichess,j5bpY,33569,95,{}
lc_RCjec,3B2k1/p5pp/4p3/p4p2/P4P2/4P3/5rr1/R2K3R b - - 3 35,"{""f2d2"",""d1e1"",""d2d8""}",rook,3,intermediate,Rook 3 · Fork,fork,Black to move.,1348,Casual,"{""crushing"",""endgame"",""fork"",""short""}","A fork — one piece attacks two enemy pieces at once, forcing a material win.",true,lichess,RCjec,32993,95,{}
lc_ex28I,r1b1k2r/ppqp1pQ1/4p3/4n2p/1P1bP3/P1N5/1BB2PPP/R4RK1 b kq - 0 15,"{""e5f3"",""g2f3"",""d4g7""}",rook,3,intermediate,Rook 3 · Discovered Attack,discoveredAttack,Black to move.,1349,Casual,"{""crushing"",""discoveredAttack"",""middlegame"",""short""}",A discovered attack — moving one piece uncovers a deadly attack from another.,true,lichess,ex28I,36441,97,"{""Sicilian_Defense"",""Sicilian_Defense_Bowdler_Attack""}"
lc_J1rMb,r1bk3r/ppppb1Q1/3q3p/2n5/2B5/5N2/PPP2PPP/RN2R1K1 b - - 0 13,"{""e7f6"",""g7g6"",""f6b2"",""g6d6"",""c7d6""}",rook,3,intermediate,Rook 3 · Interference,interference,Black to move.,1349,Casual,"{""advantage"",""interference"",""long"",""opening""}",Interference — block the line between two enemy pieces to break their coordination.,true,lichess,J1rMb,36262,95,"{""Bishops_Opening"",""Bishops_Opening_Urusov_Gambit""}"
lc_pjHeb,k5r1/pp5p/2p2r2/8/3Q1P1q/3PB3/PP2P2P/R4R1K b - - 4 23,"{""h4h2"",""h1h2"",""f6h6""}",rook,3,intermediate,Rook 3 · Mate In2,mateIn2,Black to move.,1349,Casual,"{""attraction"",""mate"",""mateIn2"",""middlegame"",""sacrifice"",""short""}",Checkmate in two — a forced sequence that delivers checkmate on move two.,true,lichess,pjHeb,35045,96,{}
lc_5Hfxj,r2q4/ppp2kp1/5n2/8/5P2/1P1Qp3/P1PP2B1/RNK5 b - - 1 26,"{""d8d3"",""c2d3"",""e3e2""}",rook,3,intermediate,Rook 3 · Advanced Pawn,advancedPawn,Black to move.,1349,Casual,"{""advancedPawn"",""crushing"",""middlegame"",""short""}",An advanced pawn — push the passer or use its threats to win material.,true,lichess,5Hfxj,34359,95,{}
lc_c0vYb,1r3nk1/p4p2/4p1p1/3pP1NP/P2n4/1r1B4/5PP1/2RR2K1 b - - 0 31,"{""b3d3"",""d1d3"",""d4e2"",""g1h2"",""e2c1""}",rook,3,intermediate,Rook 3 · Fork,fork,Black to move.,1349,Casual,"{""advantage"",""fork"",""long"",""middlegame"",""sacrifice""}","A fork — one piece attacks two enemy pieces at once, forcing a material win.",true,lichess,c0vYb,33964,97,{}
lc_UFy7r,5r1k/pp3p1p/2r1pPp1/3p1q2/3P1Q2/4P2P/1P3RPK/5R2 w - - 9 30,"{""f4h6"",""f8g8"",""f2f5""}",rook,3,intermediate,Rook 3 · Discovered Attack,discoveredAttack,White to move.,1349,Casual,"{""advantage"",""discoveredAttack"",""endgame"",""short""}",A discovered attack — moving one piece uncovers a deadly attack from another.,true,lichess,UFy7r,33364,96,{}
lc_cau5a,rnbqkb1r/pp2pppp/3p4/6B1/3N2n1/2P2Q2/PP3PPP/RN2KB1R w KQkq - 4 8,"{""f1b5"",""b8d7"",""f3g4""}",rook,4,intermediate,Rook 4 · Interference,interference,White to move.,1349,Casual,"{""advantage"",""interference"",""opening"",""short""}",Interference — block the line between two enemy pieces to break their coordination.,true,lichess,cau5a,33317,97,"{""Sicilian_Defense"",""Sicilian_Defense_Delayed_Alapin""}"
lc_XP1i0,r1k5/2p2p1p/pppb4/5q2/2P1N1rQ/8/PP3P2/R3RK2 w - - 3 24,"{""e4d6"",""c7d6"",""e1e8"",""c8c7"",""h4e7"",""f5d7"",""e7d7"",""c7d7"",""e8a8""}",rook,4,intermediate,Rook 4 · Clearance,clearance,White to move.,1349,Casual,"{""clearance"",""crushing"",""middlegame"",""queensideAttack"",""veryLong""}",A clearance — vacate a square or line so another piece can strike.,true,lichess,XP1i0,33108,95,{}
lc_PMNUh,8/6p1/1p3kp1/1K6/PP2r1P1/3R3P/5b2/8 w - - 3 40,"{""d3f3"",""f6g5"",""f3f2""}",rook,4,intermediate,Rook 4 · Fork,fork,White to move.,1349,Casual,"{""crushing"",""endgame"",""fork"",""short""}","A fork — one piece attacks two enemy pieces at once, forcing a material win.",true,lichess,PMNUh,33073,96,{}
lc_41eX6,5nk1/r2qppb1/6p1/3pB1P1/1n1P4/4PB2/4NPKR/2r4Q w - - 0 28,"{""h2h8"",""g7h8"",""h1h8""}",rook,4,intermediate,Rook 4 · Mate In2,mateIn2,White to move.,1350,Casual,"{""kingsideAttack"",""master"",""masterVsMaster"",""mate"",""mateIn2"",""middlegame"",""sacrifice"",""short""}",Checkmate in two — a forced sequence that delivers checkmate on move two.,true,lichess,41eX6,35887,96,{}
lc_ZQcYX,3qk2r/p1pb4/2p5/3p1Ppp/1r1P4/4PP2/PPQ3P1/2KR2NR b k - 0 18,"{""b4c4"",""c2c4"",""d5c4""}",rook,4,intermediate,Rook 4 · Pin,pin,Black to move.,1350,Casual,"{""advantage"",""middlegame"",""pin"",""short""}",A pin — the attacked piece can't move without exposing a more valuable piece behind it.,true,lichess,ZQcYX,33178,96,"{""Nimzo-Indian_Defense"",""Nimzo-Indian_Defense_Leningrad_Variation""}"
lc_UOwuq,2k3r1/pp3p2/4p2p/2p2P2/2N2Prq/1P1P4/P1Q3PP/2R3RK b - - 0 24,"{""h4h2"",""h1h2"",""g4h4""}",rook,4,intermediate,Rook 4 · Mate In2,mateIn2,Black to move.,1350,Casual,"{""attraction"",""kingsideAttack"",""mate"",""mateIn2"",""middlegame"",""sacrifice"",""short""}",Checkmate in two — a forced sequence that delivers checkmate on move two.,true,lichess,UOwuq,32914,95,{}
lc_39wcn,r3kbnr/pp2pppp/8/3q4/3n2b1/5N2/PP1N1PPP/R1BQKB1R w KQkq - 0 8,"{""d1a4"",""g4d7"",""a4d4"",""d5d4"",""f3d4""}",rook,4,intermediate,Rook 4 · Advantage,advantage,White to move.,1351,Casual,"{""advantage"",""long"",""opening""}",Find the strongest continuation and seize the advantage.,true,lichess,39wcn,37531,95,"{""Sicilian_Defense"",""Sicilian_Defense_Alapin_Variation""}"
lc_dH57l,3kr3/ppp1n2R/8/3pP3/3P4/2P2Q2/q5P1/4KR2 b - - 7 37,"{""a2b1"",""e1d2"",""b1h7""}",rook,4,intermediate,Rook 4 · Fork,fork,Black to move.,1351,Casual,"{""crushing"",""endgame"",""fork"",""short""}","A fork — one piece attacks two enemy pieces at once, forcing a material win.",true,lichess,dH57l,36348,95,{}
lc_K4ojd,5k2/5p2/8/3R2p1/1q2P3/p4P1P/1r3BP1/3R2K1 w - - 0 41,"{""f2c5"",""b4c5"",""d5c5""}",rook,4,intermediate,Rook 4 · Fork,fork,White to move.,1351,Casual,"{""crushing"",""endgame"",""fork"",""short""}","A fork — one piece attacks two enemy pieces at once, forcing a material win.",true,lichess,K4ojd,35735,96,{}
lc_hvmd2,rq3rk1/pb1pbpp1/1p2p2p/3B4/4N3/5Q2/PP3PPP/2R2RK1 w - - 2 17,"{""d5b7"",""b8b7"",""e4f6"",""e7f6"",""f3b7""}",rook,4,intermediate,Rook 4 · Discovered Attack,discoveredAttack,White to move.,1351,Casual,"{""advantage"",""discoveredAttack"",""long"",""middlegame""}",A discovered attack — moving one piece uncovers a deadly attack from another.,true,lichess,hvmd2,35689,95,"{""Sicilian_Defense"",""Sicilian_Defense_Smith-Morra_Gambit""}"
lc_yKiA3,2b3k1/1p2n1p1/1bp1pq1p/1p1pN2Q/r2P4/2PB4/3N1PPP/n4RK1 w - - 0 21,"{""h5e8"",""f6f8"",""d3h7"",""g8h7"",""e8f8""}",rook,4,intermediate,Rook 4 · Deflection,deflection,White to move.,1351,Casual,"{""crushing"",""deflection"",""kingsideAttack"",""long"",""middlegame""}",A deflection — lure a defending piece away from the square it was guarding.,true,lichess,yKiA3,34614,96,{}
lc_m1cls,r5k1/pb1q1ppp/n4b2/2p2N2/3pr1Q1/BP6/1PP1NPPP/R2R2K1 w - - 2 23,"{""f5h6"",""g8f8"",""g4d7""}",rook,4,intermediate,Rook 4 · Pin,pin,White to move.,1351,Casual,"{""crushing"",""discoveredAttack"",""middlegame"",""pin"",""short""}",A pin — the attacked piece can't move without exposing a more valuable piece behind it.,true,lichess,m1cls,34528,97,{}
lc_PKCwW,6k1/p1p2ppp/2QbrB2/8/8/2N5/PqP2PPP/5RK1 b - - 0 22,"{""d6h2"",""g1h2"",""e6c6""}",rook,4,intermediate,Rook 4 · Discovered Attack,discoveredAttack,Black to move.,1351,Casual,"{""crushing"",""discoveredAttack"",""middlegame"",""short""}",A discovered attack — moving one piece uncovers a deadly attack from another.,true,lichess,PKCwW,33975,96,{}
lc_nW1jx,r7/ppp3pp/2k2p2/5Q2/2P5/1q5P/5PP1/6K1 w - - 4 30,"{""f5d5"",""c6b6"",""c4c5"",""b6b5"",""d5b3""}",rook,4,intermediate,Rook 4 · Discovered Attack,discoveredAttack,White to move.,1351,Casual,"{""crushing"",""discoveredAttack"",""endgame"",""exposedKing"",""long""}",A discovered attack — moving one piece uncovers a deadly attack from another.,true,lichess,nW1jx,33893,95,{}
lc_R9MFw,2kr1b1r/ppp1ppp1/2n2n2/3p4/1P1P1PqN/P1P1P1P1/6KP/RNBQ1R2 b - - 0 12,"{""h8h4"",""d1g4"",""h4g4""}",rook,4,intermediate,Rook 4 · Pin,pin,Black to move.,1351,Casual,"{""advantage"",""middlegame"",""pin"",""short""}",A pin — the attacked piece can't move without exposing a more valuable piece behind it.,true,lichess,R9MFw,33879,95,"{""Queens_Pawn_Game"",""Queens_Pawn_Game_Mason_Attack""}"
lc_GBbWv,r4rk1/5pp1/p1n4p/1p6/Q3B3/P3Pq2/1P3P1P/R4RK1 b - - 1 19,"{""f3g4"",""g1h1"",""b5a4""}",rook,4,intermediate,Rook 4 · Crushing,crushing,Black to move.,1351,Casual,"{""crushing"",""middlegame"",""short""}",Find the strongest continuation and seize the advantage.,true,lichess,GBbWv,33612,96,"{""Semi-Slav_Defense"",""Semi-Slav_Defense_Other_variations""}"
lc_wNBoO,r4rk1/2p2pb1/p2p2n1/1p1Pq1PR/4P3/1P6/P1P1B2Q/1K5R w - - 5 29,"{""h5h8"",""g7h8"",""h2h7""}",rook,4,intermediate,Rook 4 · Mate In2,mateIn2,White to move.,1351,Casual,"{""clearance"",""kingsideAttack"",""mate"",""mateIn2"",""middlegame"",""sacrifice"",""short""}",Checkmate in two — a forced sequence that delivers checkmate on move two.,true,lichess,wNBoO,33196,96,{}
lc_Row5j,r4bk1/6pp/6r1/q6N/1p1PpQ2/1Pp1P2P/2P5/1K3RR1 w - - 7 32,"{""f4f7"",""g8h8"",""f7f8"",""a8f8"",""f1f8""}",rook,4,intermediate,Rook 4 · Mate In3,mateIn3,White to move.,1352,Casual,"{""deflection"",""kingsideAttack"",""long"",""mate"",""mateIn3"",""middlegame""}",Checkmate in three — calculate the forcing line all the way to mate.,true,lichess,Row5j,35460,96,{}
lc_WqZlX,3r2k1/pp3p2/5np1/2P4p/3p3P/1B1r1P2/P5R1/6RK w - - 0 29,"{""g2g6"",""g8f8"",""g6f6""}",rook,4,intermediate,Rook 4 · Pin,pin,White to move.,1352,Casual,"{""advantage"",""endgame"",""pin"",""short""}",A pin — the attacked piece can't move without exposing a more valuable piece behind it.,true,lichess,WqZlX,33935,96,{}
lc_tJuoJ,6r1/3p1Qpk/4p1Rp/4Pp1P/5P2/2pq2PK/8/8 w - - 0 47,"{""g6h6"",""h7h6"",""f7g6""}",rook,4,intermediate,Rook 4 · Mate In2,mateIn2,White to move.,1352,Casual,"{""attraction"",""endgame"",""mate"",""mateIn2"",""pin"",""sacrifice"",""short""}",Checkmate in two — a forced sequence that delivers checkmate on move two.,true,lichess,tJuoJ,33849,97,{}
lc_mURpY,2kr3r/Qpp2ppp/5n2/6N1/2q3b1/2P5/P1P2PPP/R1B2RK1 b - - 0 15,"{""c4f1"",""g1f1"",""d8d1""}",rook,4,intermediate,Rook 4 · Mate In2,mateIn2,Black to move.,1352,Casual,"{""attraction"",""kingsideAttack"",""mate"",""mateIn2"",""middlegame"",""pillsburysMate"",""sacrifice"",""short""}",Checkmate in two — a forced sequence that delivers checkmate on move two.,true,lichess,mURpY,33715,96,"{""Italian_Game"",""Italian_Game_Two_Knights_Defense""}"
lc_kMyC7,r5rk/ppp2p1p/3p1PpQ/8/2P2R2/P7/2q3PP/R6K w - - 6 28,"{""h6h7"",""h8h7"",""f4h4""}",rook,4,intermediate,Rook 4 · Mate In2,mateIn2,White to move.,1352,Casual,"{""attraction"",""endgame"",""kingsideAttack"",""mate"",""mateIn2"",""sacrifice"",""short""}",Checkmate in two — a forced sequence that delivers checkmate on move two.,true,lichess,kMyC7,33340,95,{}
lc_08rjs,r7/p5k1/3Q3p/6p1/2pP2P1/4r1nP/PP3K2/R7 b - - 3 28,"{""g3e4"",""f2e3"",""e4d6""}",rook,4,intermediate,Rook 4 · Fork,fork,Black to move.,1353,Casual,"{""advantage"",""endgame"",""fork"",""short""}","A fork — one piece attacks two enemy pieces at once, forcing a material win.",true,lichess,08rjs,40003,96,{}
lc_8plnM,1rb1k1r1/2q2p2/4pQ2/pp5p/4P2p/P1P5/1P4N1/3R1RK1 w - - 2 31,"{""d1d8"",""c7d8"",""f6f7""}",rook,4,intermediate,Rook 4 · Mate In2,mateIn2,White to move.,1353,Casual,"{""attackingF2F7"",""deflection"",""mate"",""mateIn2"",""middlegame"",""sacrifice"",""short""}",Checkmate in two — a forced sequence that delivers checkmate on move two.,true,lichess,8plnM,37908,96,{}
lc_Edc5v,r2q1rk1/pb1n1ppp/2nbp3/1p1pN3/1PpP4/2P1P1B1/P2N1PPP/R2QKB1R w KQ - 3 12,"{""e5c6"",""b7c6"",""g3d6""}",rook,4,intermediate,Rook 4 · Discovered Attack,discoveredAttack,White to move.,1353,Casual,"{""advantage"",""discoveredAttack"",""opening"",""short""}",A discovered attack — moving one piece uncovers a deadly attack from another.,true,lichess,Edc5v,37461,96,"{""Queens_Pawn_Game"",""Queens_Pawn_Game_Accelerated_London_System""}"
lc_Y7kVy,4r2k/1p3p1p/p2p1pP1/b2N3P/r1q5/2P5/1P6/1K1R2R1 w - - 0 31,"{""g6g7"",""h8g8"",""d5f6""}",rook,4,intermediate,Rook 4 · Mate In2,mateIn2,White to move.,1353,Casual,"{""advancedPawn"",""mate"",""mateIn2"",""middlegame"",""short""}",Checkmate in two — a forced sequence that delivers checkmate on move two.,true,lichess,Y7kVy,35289,95,{}
lc_EItCp,r1b4r/pp3kb1/5n2/3P4/P3PB2/2NQ1Ppp/4NqPP/R5RK b - - 0 23,"{""h3g2"",""g1g2"",""h8h2"",""g2h2"",""f2h2""}",rook,4,intermediate,Rook 4 · Mate In3,mateIn3,Black to move.,1353,Casual,"{""advancedPawn"",""discoveredAttack"",""kingsideAttack"",""long"",""mate"",""mateIn3"",""middlegame"",""xRayAttack""}",Checkmate in three — calculate the forcing line all the way to mate.,true,lichess,EItCp,34662,96,{}
lc_PHjQn,8/1R6/5k2/p6P/6K1/rp6/5P2/8 b - - 0 50,"{""a3a4"",""f2f4"",""a4b4""}",rook,4,intermediate,Rook 4 · Rook Endgame,rookEndgame,Black to move.,1353,Casual,"{""crushing"",""endgame"",""master"",""rookEndgame"",""short""}",A rook endgame — master the Lucena and Philidor ideas to convert.,true,lichess,PHjQn,33824,95,{}
lc_hJUup,6rk/7p/p2p1r1q/1ppPp3/4Qp2/P2P1P1P/1PP4K/4R1R1 b - - 0 29,"{""h6h3"",""h2h3"",""f6h6""}",rook,4,intermediate,Rook 4 · Mate In2,mateIn2,Black to move.,1353,Casual,"{""attraction"",""endgame"",""mate"",""mateIn2"",""sacrifice"",""short""}",Checkmate in two — a forced sequence that delivers checkmate on move two.,true,lichess,hJUup,33790,94,{}
lc_pdxtB,1r3r2/1q4pk/6Rp/2P2p1P/3Pp3/p1QbPP2/P2N4/K2R4 b - - 6 31,"{""b7b2"",""c3b2"",""a3b2""}",rook,4,intermediate,Rook 4 · Mate In2,mateIn2,Black to move.,1353,Casual,"{""advancedPawn"",""mate"",""mateIn2"",""middlegame"",""short""}",Checkmate in two — a forced sequence that delivers checkmate on move two.,true,lichess,pdxtB,33383,96,{}
lc_NKQLB,8/5Pk1/7N/2p4P/1p3K2/1Pb5/P7/8 b - - 0 45,"{""c3d2"",""f4f5"",""d2h6"",""f7f8q"",""g7f8""}",rook,4,intermediate,Rook 4 · Skewer,skewer,Black to move.,1353,Casual,"{""crushing"",""endgame"",""long"",""skewer""}","A skewer — the higher-value piece is forced to move, losing the piece behind it.",true,lichess,NKQLB,33269,96,{}
lc_1SME1,5r1k/p5Rp/3bq3/2p1np1N/2PpPp2/3P4/Pr3PQP/R6K w - - 6 29,"{""g7h7"",""h8h7"",""g2g7""}",rook,4,intermediate,Rook 4 · Mate In2,mateIn2,White to move.,1353,Casual,"{""attraction"",""kingsideAttack"",""mate"",""mateIn2"",""middlegame"",""sacrifice"",""short""}",Checkmate in two — a forced sequence that delivers checkmate on move two.,true,lichess,1SME1,32994,95,{}
lc_Co4yc,8/8/3kp3/1p6/1r1p2RP/8/4KPP1/8 b - - 0 32,"{""d4d3"",""e2d3"",""b4g4""}",rook,4,intermediate,Rook 4 · Discovered Attack,discoveredAttack,Black to move.,1353,Casual,"{""crushing"",""discoveredAttack"",""endgame"",""rookEndgame"",""short""}",A discovered attack — moving one piece uncovers a deadly attack from another.,true,lichess,Co4yc,32898,96,{}
lc_8B6AT,6rk/1p1qn2r/p2p1p2/2p2p2/3pP2R/P2P2Q1/1PPB1KP1/4R3 w - - 0 28,"{""h4h7"",""h8h7"",""e1h1""}",rook,4,intermediate,Rook 4 · Mate In2,mateIn2,White to move.,1354,Casual,"{""attraction"",""kingsideAttack"",""mate"",""mateIn2"",""middlegame"",""short""}",Checkmate in two — a forced sequence that delivers checkmate on move two.,true,lichess,8B6AT,36626,98,{}
lc_21eHy,r3k2r/pp1b1pb1/2nBp2p/qB1n2p1/3P4/2N2N2/PPP2PPP/R2Q1RK1 b kq - 4 12,"{""d5c3"",""b2c3"",""a5b5""}",rook,4,intermediate,Rook 4 · Advantage,advantage,Black to move.,1354,Casual,"{""advantage"",""capturingDefender"",""middlegame"",""short""}",Find the strongest continuation and seize the advantage.,true,lichess,21eHy,36465,96,"{""Rat_Defense"",""Rat_Defense_Small_Center_Defense""}"
lc_YlarA,r4rk1/pp1b2p1/4p2R/2pp4/6Q1/2PBP1P1/PP3qP1/2KR4 b - - 0 19,"{""f2e3"",""c1b1"",""e3h6""}",rook,4,intermediate,Rook 4 · Fork,fork,Black to move.,1354,Casual,"{""crushing"",""fork"",""middlegame"",""short""}","A fork — one piece attacks two enemy pieces at once, forcing a material win.",true,lichess,YlarA,35696,95,"{""Queens_Pawn_Game"",""Queens_Pawn_Game_Mason_Variation""}"
lc_o2WrW,3kr3/p2nr3/2pQ4/1p3p2/3P4/1B3q2/PPP5/1K3RR1 b - - 4 31,"{""f3f1"",""g1f1"",""e7e1"",""f1e1"",""e8e1""}",rook,4,intermediate,Rook 4 · Mate In3,mateIn3,Black to move.,1354,Casual,"{""backRankMate"",""long"",""mate"",""mateIn3"",""middlegame"",""sacrifice""}",Checkmate in three — calculate the forcing line all the way to mate.,true,lichess,o2WrW,35324,95,{}
lc_h5nwx,r2r2k1/1ppn1p1p/p1n3p1/8/2P1N3/1P3P2/3RNPKP/5R2 w - - 3 23,"{""d2d7"",""d8d7"",""e4f6"",""g8g7"",""f6d7""}",rook,4,intermediate,Rook 4 · Fork,fork,White to move.,1354,Casual,"{""advantage"",""attraction"",""fork"",""long"",""middlegame"",""sacrifice""}","A fork — one piece attacks two enemy pieces at once, forcing a material win.",true,lichess,h5nwx,34226,96,{}
lc_Em7XN,Q7/6p1/3p4/1pp1b3/4Pp2/1qkP1R2/2r2PK1/8 w - - 4 43,"{""d3d4"",""c3b4"",""f3b3""}",rook,4,intermediate,Rook 4 · Skewer,skewer,White to move.,1354,Casual,"{""crushing"",""discoveredAttack"",""discoveredCheck"",""endgame"",""short"",""skewer""}","A skewer — the higher-value piece is forced to move, losing the piece behind it.",true,lichess,Em7XN,33943,96,{}
lc_pUFdD,r4qrk/1b3p1p/p1p2PpQ/3p2P1/P7/2N2R2/1PP3BP/7K w - - 3 27,"{""h6h7"",""h8h7"",""f3h3"",""f8h6"",""h3h6""}",rook,4,intermediate,Rook 4 · Mate In3,mateIn3,White to move.,1354,Casual,"{""attraction"",""kingsideAttack"",""long"",""mate"",""mateIn3"",""middlegame"",""sacrifice""}",Checkmate in three — calculate the forcing line all the way to mate.,true,lichess,pUFdD,33863,96,{}
lc_MiVPr,3k3r/1p2r1p1/p1p2p1p/3n4/4R3/PBP2P1P/5P2/4R1K1 w - - 1 24,"{""b3d5"",""e7e4"",""d5e4""}",rook,4,intermediate,Rook 4 · Endgame,endgame,White to move.,1354,Casual,"{""advantage"",""endgame"",""short""}",An endgame technique — precise play with few pieces where every tempo counts.,true,lichess,MiVPr,33727,95,{}
lc_R5VLJ,7r/2pb1pk1/3p1n1p/p1pPp1p1/P1P1P3/2q1NQ1P/2B2PP1/1R4K1 w - - 0 24,"{""e3f5"",""d7f5"",""f3c3""}",rook,4,intermediate,Rook 4 · Discovered Attack,discoveredAttack,White to move.,1354,Casual,"{""crushing"",""discoveredAttack"",""middlegame"",""short""}",A discovered attack — moving one piece uncovers a deadly attack from another.,true,lichess,R5VLJ,33677,96,{}
lc_JMmNH,r1bq1r1k/ppp3pp/5b2/4p3/2B2BQ1/2P4R/P4PPP/5RK1 w - - 0 18,"{""h3h7"",""h8h7"",""g4h5""}",rook,4,intermediate,Rook 4 · Mate In2,mateIn2,White to move.,1354,Casual,"{""attraction"",""kingsideAttack"",""master"",""mate"",""mateIn2"",""middlegame"",""sacrifice"",""short""}",Checkmate in two — a forced sequence that delivers checkmate on move two.,true,lichess,JMmNH,33315,95,"{""Queens_Gambit_Declined"",""Queens_Gambit_Declined_Queens_Knight_Variation""}"
lc_9eiKr,rnbqkb1r/pp3ppp/4p3/3pPn2/2pP1P2/2P2N2/PP1N2PP/R1BQKB1R b KQkq - 2 7,"{""f5e3"",""d1e2"",""e3c2"",""e1f2"",""c2a1""}",rook,4,intermediate,Rook 4 · Fork,fork,Black to move.,1354,Casual,"{""advantage"",""exposedKing"",""fork"",""long"",""opening""}","A fork — one piece attacks two enemy pieces at once, forcing a material win.",true,lichess,9eiKr,32985,95,"{""French_Defense"",""French_Defense_Tarrasch_Variation""}"
lc_UZTSl,r7/p2b1qkn/1p2p1p1/3pP3/P2P4/1PRBKN2/8/7R w - - 1 26,"{""h1h7"",""g7h7"",""f3g5"",""h7g8"",""g5f7""}",rook,4,intermediate,Rook 4 · Fork,fork,White to move.,1355,Casual,"{""attraction"",""crushing"",""fork"",""long"",""middlegame"",""sacrifice""}","A fork — one piece attacks two enemy pieces at once, forcing a material win.",true,lichess,UZTSl,34700,97,{}
lc_pEsua,8/6k1/8/7p/r1N2K2/1p4PP/3N4/8 b - - 1 60,"{""b3b2"",""f4e5"",""a4c4""}",rook,4,intermediate,Rook 4 · Pin,pin,Black to move.,1355,Casual,"{""advancedPawn"",""crushing"",""endgame"",""pin"",""short""}",A pin — the attacked piece can't move without exposing a more valuable piece behind it.,true,lichess,pEsua,33303,96,{}
lc_sVkAX,r4knr/p2b1p1p/2pb1qp1/1B1p4/3Q4/2P5/PP3PPP/RNB1R1K1 w - - 4 13,"{""c1h6"",""g8h6"",""d4f6""}",rook,4,intermediate,Rook 4 · Deflection,deflection,White to move.,1356,Casual,"{""crushing"",""deflection"",""opening"",""short""}",A deflection — lure a defending piece away from the square it was guarding.,true,lichess,sVkAX,36721,96,"{""Sicilian_Defense"",""Sicilian_Defense_Old_Sicilian""}"
lc_Os5nz,1rbQ4/7k/2p1q3/5p1p/1p5P/2P3R1/P5P1/7K w - - 0 34,"{""d8c7"",""c8d7"",""c7b8""}",rook,4,intermediate,Rook 4 · Fork,fork,White to move.,1356,Casual,"{""crushing"",""endgame"",""fork"",""short""}","A fork — one piece attacks two enemy pieces at once, forcing a material win.",true,lichess,Os5nz,36203,95,{}
lc_WIhp1,6Q1/3r4/2kP4/4B2R/2K4P/8/8/q7 b - - 0 54,"{""a1a2"",""c4c3"",""a2g8""}",rook,4,intermediate,Rook 4 · Skewer,skewer,Black to move.,1356,Casual,"{""crushing"",""endgame"",""short"",""skewer""}","A skewer — the higher-value piece is forced to move, losing the piece behind it.",true,lichess,WIhp1,35329,96,{}
lc_WqMOB,5r1k/6p1/2p5/R5Pp/1pPP4/8/PP2Q1Pq/1K6 b - - 2 32,"{""h2g1"",""b1c2"",""f8f2""}",rook,4,intermediate,Rook 4 · Pin,pin,Black to move.,1356,Casual,"{""crushing"",""endgame"",""pin"",""short""}",A pin — the attacked piece can't move without exposing a more valuable piece behind it.,true,lichess,WqMOB,34340,96,{}
lc_71W5m,r1b1k1nN/pppp2pp/5p2/4p2Q/2qnP3/8/PP3PPP/RNB1K2R b KQq - 1 10,"{""g7g6"",""h5d1"",""d4c2"",""e1d2"",""c2a1""}",rook,4,intermediate,Rook 4 · Fork,fork,Black to move.,1356,Casual,"{""advantage"",""defensiveMove"",""fork"",""long"",""opening""}","A fork — one piece attacks two enemy pieces at once, forcing a material win.",true,lichess,71W5m,34255,95,"{""Italian_Game"",""Italian_Game_Rosentreter_Gambit""}"
lc_CEiFB,r1b2rk1/pp3ppp/1np2b2/3p4/3q1P2/P1NB4/1PP2QPP/1K1R2NR w - - 0 16,"{""d3h7"",""g8h7"",""d1d4""}",rook,4,intermediate,Rook 4 · Discovered Attack,discoveredAttack,White to move.,1356,Casual,"{""crushing"",""discoveredAttack"",""kingsideAttack"",""opening"",""short""}",A discovered attack — moving one piece uncovers a deadly attack from another.,true,lichess,CEiFB,33574,95,"{""French_Defense"",""French_Defense_Queens_Knight""}"
lc_OKOgZ,6k1/1p4p1/7p/4p3/2p2rP1/P3RNK1/1q4QP/8 b - - 1 30,"{""f4g4"",""g3g4"",""b2g2""}",rook,4,intermediate,Rook 4 · Deflection,deflection,Black to move.,1356,Casual,"{""attraction"",""crushing"",""deflection"",""endgame"",""short""}",A deflection — lure a defending piece away from the square it was guarding.,true,lichess,OKOgZ,32959,95,{}
lc_1DaSc,5r1k/1R4Rp/4B3/5p2/4p3/8/1P1p1PPP/r4NK1 b - - 0 34,"{""a1f1"",""g1f1"",""d2d1q""}",rook,4,intermediate,Rook 4 · Mate In2,mateIn2,Black to move.,1357,Casual,"{""advancedPawn"",""attraction"",""endgame"",""mate"",""mateIn2"",""promotion"",""short""}",Checkmate in two — a forced sequence that delivers checkmate on move two.,true,lichess,1DaSc,35206,96,{}
lc_88Bb6,8/1b3p2/1kp1p1p1/1p1pP2p/1P1P1PPP/2KR4/6R1/r7 b - - 0 49,"{""a1a3"",""c3c2"",""a3a2"",""c2b3"",""a2g2""}",rook,4,intermediate,Rook 4 · Skewer,skewer,Black to move.,1357,Casual,"{""crushing"",""endgame"",""long"",""skewer""}","A skewer — the higher-value piece is forced to move, losing the piece behind it.",true,lichess,88Bb6,34580,95,{}
lc_knisI,2r3k1/4P1p1/p7/6p1/1p3PP1/2r4P/P7/1K1R4 w - - 0 35,"{""d1d8"",""g8h7"",""e7e8q"",""c8d8"",""e8d8""}",rook,4,intermediate,Rook 4 · Promotion,promotion,White to move.,1357,Casual,"{""advancedPawn"",""crushing"",""endgame"",""long"",""promotion"",""rookEndgame""}",Pawn promotion — advance the pawn to its final rank and choose your new piece wisely.,true,lichess,knisI,34459,96,{}
lc_a7Wcm,4r3/p2pkppp/1p2p3/4Q3/1q3NP1/8/4KP1P/4R3 w - - 0 32,"{""f4d5"",""e7f8"",""d5b4""}",rook,4,intermediate,Rook 4 · Pin,pin,White to move.,1357,Casual,"{""crushing"",""endgame"",""pin"",""short""}",A pin — the attacked piece can't move without exposing a more valuable piece behind it.,true,lichess,a7Wcm,34376,95,{}
lc_l6tLj,2Q5/r1q2bkp/3p1pp1/2p1p2P/2P1PP2/3P1BP1/4N1K1/8 w - - 1 37,"{""h5h6"",""g7h6"",""c8f8""}",rook,4,intermediate,Rook 4 · Mate In2,mateIn2,White to move.,1357,Casual,"{""attraction"",""endgame"",""master"",""mate"",""mateIn2"",""short""}",Checkmate in two — a forced sequence that delivers checkmate on move two.,true,lichess,l6tLj,34105,96,{}
lc_3AMQ6,r3r1k1/pR3ppp/R1p5/3p4/5qP1/1PNP3P/1PP5/5QK1 b - - 2 20,"{""f4g3"",""g1h1"",""e8e1""}",rook,4,intermediate,Rook 4 · Pin,pin,Black to move.,1358,Casual,"{""crushing"",""middlegame"",""pin"",""short""}",A pin — the attacked piece can't move without exposing a more valuable piece behind it.,true,lichess,3AMQ6,34290,96,{}
lc_uBJ5F,r1b2rk1/1p2bppp/pq1pp3/3nP1B1/3N1P2/2NQ4/PPP3PP/R3R1K1 w - - 1 14,"{""c3d5"",""e6d5"",""g5e7""}",rook,4,intermediate,Rook 4 · Capturing Defender,capturingDefender,White to move.,1358,Casual,"{""capturingDefender"",""crushing"",""middlegame"",""short""}",Find the strongest continuation and seize the advantage.,true,lichess,uBJ5F,34142,96,"{""Sicilian_Defense"",""Sicilian_Defense_Najdorf_Variation""}"
lc_IEcDN,1n1q1rk1/r1p1bppp/p3p3/1p6/3P2Q1/P3P1N1/BP3PbP/R3K1NR w KQ - 0 14,"{""g3h5"",""g7g6"",""g4g2""}",rook,4,intermediate,Rook 4 · Pin,pin,White to move.,1358,Casual,"{""advantage"",""discoveredAttack"",""middlegame"",""pin"",""short""}",A pin — the attacked piece can't move without exposing a more valuable piece behind it.,true,lichess,IEcDN,33624,94,"{""Queens_Gambit_Declined"",""Queens_Gambit_Declined_Other_variations""}"
lc_rNuuT,5rk1/p6p/2Qp2p1/2p3q1/4Pr2/1P1P3P/P1P3P1/R4RK1 b - - 0 22,"{""f4f1"",""a1f1"",""g5e3"",""g1h2"",""f8f1""}",rook,4,intermediate,Rook 4 · Deflection,deflection,Black to move.,1358,Casual,"{""crushing"",""deflection"",""endgame"",""kingsideAttack"",""long""}",A deflection — lure a defending piece away from the square it was guarding.,true,lichess,rNuuT,33471,96,{}
lc_A6wzf,q4rk1/5ppp/3N4/1Q6/rPp5/5P2/3R2PP/1K1R4 b - - 2 28,"{""a4a1"",""b1c2"",""a8a2"",""c2c3"",""a2b3"",""c3d4"",""a1d1"",""d2d1"",""b3d1""}",rook,4,intermediate,Rook 4 · Crushing,crushing,Black to move.,1358,Casual,"{""crushing"",""exposedKing"",""middlegame"",""veryLong""}",Find the strongest continuation and seize the advantage.,true,lichess,A6wzf,32900,95,{}
lc_EbVqX,3r4/r1p3R1/2p2p2/p1N1pk1p/8/1P3P2/P1P3PP/6K1 w - - 8 31,"{""g2g4"",""f5f4"",""c5e6"",""f4f3"",""e6d8""}",rook,4,intermediate,Rook 4 · Fork,fork,White to move.,1359,Casual,"{""advantage"",""endgame"",""fork"",""long""}","A fork — one piece attacks two enemy pieces at once, forcing a material win.",true,lichess,EbVqX,47246,95,{}
lc_1YJUs,rnbqk1nr/ppppbpQp/8/8/8/1P6/P1P1PPPP/RNB1KBNR b KQkq - 0 4,"{""e7f6"",""g7g3"",""f6a1""}",rook,4,intermediate,Rook 4 · Fork,fork,Black to move.,1359,Casual,"{""advantage"",""fork"",""interference"",""opening"",""short"",""trappedPiece""}","A fork — one piece attacks two enemy pieces at once, forcing a material win.",true,lichess,1YJUs,40773,96,"{""Nimzo-Larsen_Attack"",""Nimzo-Larsen_Attack_Modern_Variation""}"
lc_Felzy,rn1q1rk1/pbpp2bp/1p4p1/3n4/2P5/6P1/PP2NPBP/R1BQK2R w KQ - 0 12,"{""g2d5"",""b7d5"",""d1d5"",""g8h8"",""d5a8""}",rook,4,intermediate,Rook 4 · Fork,fork,White to move.,1359,Casual,"{""advantage"",""fork"",""long"",""opening""}","A fork — one piece attacks two enemy pieces at once, forcing a material win.",true,lichess,Felzy,38146,97,"{""English_Opening"",""English_Opening_Great_Snake_Variation""}"
lc_OENd1,3r3r/1p2kpp1/p2b1n2/1Np1pb1p/2P5/4BP2/PP2B1PP/R2R2K1 w - - 0 18,"{""b5d6"",""d8d6"",""e3c5""}",rook,4,intermediate,Rook 4 · Pin,pin,White to move.,1359,Casual,"{""advantage"",""capturingDefender"",""middlegame"",""pin"",""short""}",A pin — the attacked piece can't move without exposing a more valuable piece behind it.,true,lichess,OENd1,36304,95,"{""Scotch_Game"",""Scotch_Game_Scotch_Gambit""}"
lc_hVW7d,rn1q3r/pp3kpp/4p3/3pP3/8/2b3B1/PpPN1PPP/1R1QK2R w K - 4 14,"{""d1f3"",""f7g8"",""f3c3""}",rook,4,intermediate,Rook 4 · Fork,fork,White to move.,1359,Casual,"{""crushing"",""fork"",""middlegame"",""short""}","A fork — one piece attacks two enemy pieces at once, forcing a material win.",true,lichess,hVW7d,34623,95,"{""Caro-Kann_Defense"",""Caro-Kann_Defense_Advance_Variation""}"
lc_DvG9g,r4rk1/5pp1/1pNqbn1p/pP1p4/8/2BQ3P/2B2PP1/2b1R1K1 w - - 0 30,"{""c3f6"",""e6f5"",""d3f5""}",rook,4,intermediate,Rook 4 · Advantage,advantage,White to move.,1359,Casual,"{""advantage"",""middlegame"",""short""}",Find the strongest continuation and seize the advantage.,true,lichess,DvG9g,34225,94,{}
lc_x1u5E,r4r1k/1b3ppB/p1p1p3/1p5R/1P1q1n2/8/P1QN1PPP/R4K2 w - - 4 22,"{""h7g8"",""h8g8"",""c2h7""}",rook,4,intermediate,Rook 4 · Mate In2,mateIn2,White to move.,1359,Casual,"{""attraction"",""discoveredAttack"",""discoveredCheck"",""kingsideAttack"",""mate"",""mateIn2"",""middlegame"",""sacrifice"",""short""}",Checkmate in two — a forced sequence that delivers checkmate on move two.,true,lichess,x1u5E,33756,96,{}
lc_uGh7v,2krr3/1pp2p1p/6p1/2bP4/1P6/P1N5/2P2PPP/R4RK1 b - b3 0 17,"{""c5d4"",""a1d1"",""d4c3""}",rook,4,intermediate,Rook 4 · Endgame,endgame,Black to move.,1359,Casual,"{""advantage"",""endgame"",""short""}",An endgame technique — precise play with few pieces where every tempo counts.,true,lichess,uGh7v,33187,95,"{""Nimzowitsch_Defense"",""Nimzowitsch_Defense_Williams_Variation""}"
lc_qwvS8,r4r1k/1p1q2pp/1ppp4/4p3/2B1p3/P1NP1Q2/1PP1KP2/7R w - - 0 21,"{""h1h7"",""h8h7"",""f3h5""}",rook,4,intermediate,Rook 4 · Mate In2,mateIn2,White to move.,1359,Casual,"{""attraction"",""kingsideAttack"",""mate"",""mateIn2"",""middlegame"",""sacrifice"",""short""}",Checkmate in two — a forced sequence that delivers checkmate on move two.,true,lichess,qwvS8,33160,95,{}
lc_zVoEc,r4rk1/pp1b1pp1/7p/2PNb1q1/5P2/P2B4/1PQ3PP/R4RK1 b - f3 0 17,"{""e5d4"",""g1h1"",""g5d5""}",rook,4,intermediate,Rook 4 · Discovered Attack,discoveredAttack,Black to move.,1359,Casual,"{""advantage"",""discoveredAttack"",""middlegame"",""short""}",A discovered attack — moving one piece uncovers a deadly attack from another.,true,lichess,zVoEc,33079,95,"{""Caro-Kann_Defense"",""Caro-Kann_Defense_Panov_Attack""}"
lc_5RseK,2r4r/1Q2bkpp/p3b3/3pp3/4q3/2P1B3/PP3P1P/2K3RR w - - 3 23,"{""g1g7"",""f7g7"",""b7e7"",""e6f7"",""h1g1""}",rook,4,intermediate,Rook 4 · Fork,fork,White to move.,1359,Casual,"{""advantage"",""attraction"",""deflection"",""fork"",""long"",""middlegame""}","A fork — one piece attacks two enemy pieces at once, forcing a material win.",true,lichess,5RseK,33004,95,{}
lc_m09QX,4k3/8/8/3p4/R2B4/2Pb4/7r/3K4 b - - 0 40,"{""d3c2"",""d1c1"",""c2a4""}",rook,4,intermediate,Rook 4 · Fork,fork,Black to move.,1359,Casual,"{""crushing"",""endgame"",""fork"",""short""}","A fork — one piece attacks two enemy pieces at once, forcing a material win.",true,lichess,m09QX,33003,95,{}
lc_41IdL,1Q6/5ppk/3r3p/P3p3/2q5/8/3r1PPP/R1R3K1 b - - 4 36,"{""c4c1"",""a1c1"",""d2d1"",""c1d1"",""d6d1""}",rook,4,intermediate,Rook 4 · Mate In3,mateIn3,Black to move.,1360,Casual,"{""backRankMate"",""endgame"",""long"",""mate"",""mateIn3"",""sacrifice""}",Checkmate in three — calculate the forcing line all the way to mate.,true,lichess,41IdL,37547,95,{}
lc_m9rrq,r5k1/p1p2rpp/1p3n2/4qNQ1/3pp1P1/2P4P/PP1P4/R1B3K1 w - - 2 24,"{""f5h6"",""g8f8"",""g5e5""}",rook,4,intermediate,Rook 4 · Pin,pin,White to move.,1360,Casual,"{""crushing"",""discoveredAttack"",""kingsideAttack"",""middlegame"",""pin"",""short""}",A pin — the attacked piece can't move without exposing a more valuable piece behind it.,true,lichess,m9rrq,37369,95,{}
lc_Eqr35,rn2k1nr/ppp2ppp/4p3/q4b2/8/P1b2N2/1BPP1PPP/R2QKB1R w KQkq - 0 8,"{""b2c3"",""a5d5"",""c3g7""}",rook,4,intermediate,Rook 4 · Advantage,advantage,White to move.,1360,Casual,"{""advantage"",""opening"",""short""}",Find the strongest continuation and seize the advantage.,true,lichess,Eqr35,37032,95,"{""Scandinavian_Defense"",""Scandinavian_Defense_Main_Line""}"
lc_Zv7kU,3r2rk/5p1p/p3pP2/1p6/1P3B2/P7/q3QK1P/2R2R2 b - - 8 32,"{""g8g2"",""f2g2"",""a2e2""}",rook,4,intermediate,Rook 4 · Deflection,deflection,Black to move.,1360,Casual,"{""attraction"",""crushing"",""deflection"",""middlegame"",""short""}",A deflection — lure a defending piece away from the square it was guarding.,true,lichess,Zv7kU,35215,96,{}
lc_O899L,2r1k3/5r2/5RR1/7p/8/4PP1P/6PK/5b2 w - - 1 41,"{""g6g8"",""e8e7"",""f6f7"",""e7f7"",""g8c8""}",rook,4,intermediate,Rook 4 · Endgame,endgame,White to move.,1360,Casual,"{""crushing"",""endgame"",""exposedKing"",""long""}",An endgame technique — precise play with few pieces where every tempo counts.,true,lichess,O899L,34392,95,{}
lc_UNGXG,r2qr1k1/pp1N1pp1/2pb3p/3p4/3P1nQ1/2N5/PPP2PPP/R3R1K1 w - - 1 16,"{""e1e8"",""d8e8"",""d7f6"",""g8f8"",""f6e8""}",rook,4,intermediate,Rook 4 · Pin,pin,White to move.,1360,Casual,"{""attraction"",""crushing"",""kingsideAttack"",""long"",""middlegame"",""pin""}",A pin — the attacked piece can't move without exposing a more valuable piece behind it.,true,lichess,UNGXG,33917,95,"{""French_Defense"",""French_Defense_Knight_Variation""}"
lc_doTMK,8/8/1nNp2kp/2p1b1p1/1p2PpP1/1P1P1K1P/1r3P2/1R6 w - - 0 41,"{""c6e5"",""g6f6"",""b1b2""}",rook,4,intermediate,Rook 4 · Endgame,endgame,White to move.,1360,Casual,"{""advantage"",""endgame"",""intermezzo"",""short""}",An endgame technique — precise play with few pieces where every tempo counts.,true,lichess,doTMK,33792,95,{}
lc_KASlz,r1bqk2r/pp3ppp/2n2n2/4p1B1/4B3/1NP5/P1P2PPP/R2QK2R b KQkq - 0 10,"{""d8d1"",""a1d1"",""f6e4""}",rook,4,intermediate,Rook 4 · Crushing,crushing,Black to move.,1360,Casual,"{""crushing"",""intermezzo"",""opening"",""short""}",Find the strongest continuation and seize the advantage.,true,lichess,KASlz,33073,95,"{""Sicilian_Defense"",""Sicilian_Defense_Lasker-Pelikan_Variation""}"
lc_WPV5p,r2qr1k1/ppn1bppp/8/4P3/1P2BP2/P5PP/4Q3/R1B2RK1 b - - 0 20,"{""d8d4"",""g1h2"",""d4a1"",""c1b2"",""a1a2""}",rook,4,intermediate,Rook 4 · Fork,fork,Black to move.,1360,Casual,"{""advantage"",""fork"",""long"",""middlegame""}","A fork — one piece attacks two enemy pieces at once, forcing a material win.",true,lichess,WPV5p,33022,95,{}
lc_ovPhE,2kr3r/ppp3p1/8/5pq1/8/3BPP1P/P2Q1P1K/R5R1 b - - 4 23,"{""h8h3"",""h2h3"",""d8h8""}",rook,4,intermediate,Rook 4 · Mate In2,mateIn2,Black to move.,1361,Casual,"{""attraction"",""mate"",""mateIn2"",""middlegame"",""sacrifice"",""short""}",Checkmate in two — a forced sequence that delivers checkmate on move two.,true,lichess,ovPhE,37360,96,{}
lc_8nKmS,3r3r/1p2R1pk/p2q3p/2n5/2Q4N/8/PPP2PPP/2K1R3 b - - 0 23,"{""d6d2"",""c1b1"",""d2d1"",""e1d1"",""d8d1""}",rook,4,intermediate,Rook 4 · Mate In3,mateIn3,Black to move.,1361,Casual,"{""backRankMate"",""long"",""mate"",""mateIn3"",""middlegame"",""sacrifice""}",Checkmate in three — calculate the forcing line all the way to mate.,true,lichess,8nKmS,36835,95,{}
lc_OYVSp,2rq1rk1/pp3pp1/4p2p/1N1nP3/1Pp1QP2/P7/2P3PP/R4RK1 b - - 3 18,"{""d8b6"",""e4d4"",""b6b5""}",rook,4,intermediate,Rook 4 · Fork,fork,Black to move.,1361,Casual,"{""crushing"",""fork"",""middlegame"",""short""}","A fork — one piece attacks two enemy pieces at once, forcing a material win.",true,lichess,OYVSp,35751,96,"{""Caro-Kann_Defense"",""Caro-Kann_Defense_Advance_Variation""}"
lc_EWjB3,r1b1k2r/p3nppp/2p5/qBb5/1P6/P1N5/2P2PPP/R1BQK2R b KQkq b3 0 11,"{""c5b4"",""a3b4"",""a5a1""}",rook,4,intermediate,Rook 4 · Pin,pin,Black to move.,1361,Casual,"{""advantage"",""opening"",""pin"",""short""}",A pin — the attacked piece can't move without exposing a more valuable piece behind it.,true,lichess,EWjB3,35424,96,"{""French_Defense"",""French_Defense_Exchange_Variation""}"
lc_e9RJe,4Rb1k/6p1/5r1q/2p2N1p/7P/1P1Q1P2/P1P2PK1/8 b - - 2 39,"{""h6g6"",""f5g3"",""g6e8""}",rook,4,intermediate,Rook 4 · Fork,fork,Black to move.,1361,Casual,"{""advantage"",""endgame"",""fork"",""short""}","A fork — one piece attacks two enemy pieces at once, forcing a material win.",true,lichess,e9RJe,35292,95,{}
lc_MlBfV,8/Qp3kp1/2b1p3/8/2P5/5rP1/P3R1K1/8 b - - 0 37,"{""f3a3"",""g2h3"",""a3a7""}",rook,4,intermediate,Rook 4 · Discovered Attack,discoveredAttack,Black to move.,1361,Casual,"{""crushing"",""discoveredAttack"",""discoveredCheck"",""endgame"",""short""}",A discovered attack — moving one piece uncovers a deadly attack from another.,true,lichess,MlBfV,34865,96,{}
lc_V7O6c,1r3rk1/2p2p2/p4Pp1/4pPQR/2p1q3/8/PPP5/2K5 w - - 0 30,"{""h5h8"",""g8h8"",""g5h6"",""h8g8"",""h6g7""}",rook,4,intermediate,Rook 4 · Mate In3,mateIn3,White to move.,1361,Casual,"{""attraction"",""endgame"",""long"",""mate"",""mateIn3"",""sacrifice""}",Checkmate in three — calculate the forcing line all the way to mate.,true,lichess,V7O6c,34510,97,{}
lc_N5eTz,8/8/2p1pp2/3k4/5P2/2R1P2r/2PK4/8 w - - 2 42,"{""e3e4"",""d5e4"",""c3h3""}",rook,4,intermediate,Rook 4 · Discovered Attack,discoveredAttack,White to move.,1361,Casual,"{""crushing"",""discoveredAttack"",""endgame"",""rookEndgame"",""short""}",A discovered attack — moving one piece uncovers a deadly attack from another.,true,lichess,N5eTz,34243,97,{}
lc_0j6TR,4r2k/pp2r2P/8/2pP1p2/6Q1/4P1R1/P1PK4/q7 w - - 0 33,"{""g4g8"",""e8g8"",""h7g8q""}",rook,4,intermediate,Rook 4 · Mate In2,mateIn2,White to move.,1361,Casual,"{""advancedPawn"",""endgame"",""mate"",""mateIn2"",""promotion"",""short""}",Checkmate in two — a forced sequence that delivers checkmate on move two.,true,lichess,0j6TR,33717,96,{}
lc_QqxEQ,5b1r/p2R3p/2R1rp2/4pk2/8/1P6/P1P2PPP/6K1 w - - 3 27,"{""g2g4"",""f5g4"",""c6e6""}",rook,4,intermediate,Rook 4 · Deflection,deflection,White to move.,1361,Casual,"{""crushing"",""deflection"",""endgame"",""short""}",A deflection — lure a defending piece away from the square it was guarding.,true,lichess,QqxEQ,33449,95,{}
lc_7lJJ3,4R3/pp4bk/2p4p/5r2/1PP2Bb1/3PQpPq/P4P1P/6RK b - - 3 30,"{""h3h2"",""h1h2"",""f5h5""}",rook,4,intermediate,Rook 4 · Mate In2,mateIn2,Black to move.,1361,Casual,"{""attraction"",""kingsideAttack"",""mate"",""mateIn2"",""middlegame"",""sacrifice"",""short""}",Checkmate in two — a forced sequence that delivers checkmate on move two.,true,lichess,7lJJ3,33323,95,{}
lc_SoIB2,r3r1k1/pp3ppp/3P4/1q1p1b2/5B2/P7/1P1QBPPP/R4K1R b - - 6 16,"{""e8e2"",""d2e2"",""f5d3"",""e2d3"",""b5d3""}",rook,4,intermediate,Rook 4 · Pin,pin,Black to move.,1361,Casual,"{""advantage"",""long"",""middlegame"",""pin"",""sacrifice""}",A pin — the attacked piece can't move without exposing a more valuable piece behind it.,true,lichess,SoIB2,33143,95,"{""Queens_Gambit_Declined"",""Queens_Gambit_Declined_Marshall_Defense""}"
lc_GBMuY,7k/p1p3p1/3b2pp/8/2p1r1q1/P1B5/1P5P/K1Q4R w - - 0 35,"{""c1h6"",""h8g8"",""h6g7""}",rook,4,intermediate,Rook 4 · Mate In2,mateIn2,White to move.,1361,Casual,"{""endgame"",""mate"",""mateIn2"",""pin"",""short""}",Checkmate in two — a forced sequence that delivers checkmate on move two.,true,lichess,GBMuY,33058,95,{}
lc_t4FcU,6k1/1pr3p1/p2q1b2/7R/4Q3/1N3P2/PP6/1K6 w - - 1 31,"{""e4e8"",""d6f8"",""h5h8"",""g8h8"",""e8f8""}",rook,4,intermediate,Rook 4 · Deflection,deflection,White to move.,1361,Casual,"{""attraction"",""crushing"",""deflection"",""endgame"",""long""}",A deflection — lure a defending piece away from the square it was guarding.,true,lichess,t4FcU,32921,95,{}
lc_QnSUB,6k1/R5bp/6p1/p2p2B1/Pp4P1/1P1P1r1P/8/6K1 b - - 1 35,"{""g7d4"",""g1g2"",""f3f2"",""g2g3"",""d4a7""}",rook,4,intermediate,Rook 4 · Fork,fork,Black to move.,1362,Casual,"{""crushing"",""endgame"",""exposedKing"",""fork"",""long""}","A fork — one piece attacks two enemy pieces at once, forcing a material win.",true,lichess,QnSUB,39383,96,{}
lc_CDusb,rnbq1b1r/ppp1k1p1/5nBp/4p3/8/1P6/P1P2PPP/RNBQK2R w KQ - 2 9,"{""c1a3"",""e7e6"",""d1d8""}",rook,4,intermediate,Rook 4 · Deflection,deflection,White to move.,1362,Casual,"{""advantage"",""deflection"",""opening"",""short""}",A deflection — lure a defending piece away from the square it was guarding.,true,lichess,CDusb,36074,96,"{""Zukertort_Opening"",""Zukertort_Opening_Tennison_Gambit""}"
lc_bbgZ4,2r2rk1/2pb1p2/3p1Pp1/4q1QR/8/3B1K2/2P3PP/8 w - - 1 34,"{""h5h8"",""g8h8"",""g5h6"",""h8g8"",""h6g7""}",rook,4,intermediate,Rook 4 · Mate In3,mateIn3,White to move.,1362,Casual,"{""attraction"",""long"",""mate"",""mateIn3"",""middlegame"",""sacrifice""}",Checkmate in three — calculate the forcing line all the way to mate.,true,lichess,bbgZ4,35366,96,{}
lc_357bV,3q3k/1b4p1/p1R2pBp/1p1p4/1P1P4/P3P2P/5PP1/6K1 w - - 1 30,"{""c6e6"",""b7c8"",""e6e8"",""d8e8"",""g6e8""}",rook,4,intermediate,Rook 4 · Fork,fork,White to move.,1362,Casual,"{""advantage"",""endgame"",""fork"",""long""}","A fork — one piece attacks two enemy pieces at once, forcing a material win.",true,lichess,357bV,35174,95,{}
lc_uh7h3,r1b1kb2/ppp2pp1/2n4r/3pp2P/4n2q/2P1P2B/PP1P1P2/RNBQK1NR w KQq - 1 9,"{""h3d7"",""c8d7"",""h1h4""}",rook,4,intermediate,Rook 4 · Discovered Attack,discoveredAttack,White to move.,1362,Casual,"{""advantage"",""collinearMove"",""discoveredAttack"",""opening"",""short""}",A discovered attack — moving one piece uncovers a deadly attack from another.,true,lichess,uh7h3,34406,95,"{""Vant_Kruijs_Opening"",""Vant_Kruijs_Opening_Other_variations""}"
lc_KWiGO,4r2k/3Q2p1/p4b1p/q7/8/7P/P2R1PP1/5RK1 b - - 3 38,"{""e8d8"",""d7d8"",""f6d8""}",rook,4,intermediate,Rook 4 · Endgame,endgame,Black to move.,1362,Casual,"{""advantage"",""endgame"",""short""}",An endgame technique — precise play with few pieces where every tempo counts.,true,lichess,KWiGO,34039,96,{}
lc_rSkpC,r4r2/5q1k/p3p1pp/1p3p1Q/2nBpP2/P1P3R1/1PB3PP/6K1 w - - 2 31,"{""h5h6"",""h7h6"",""g3h3""}",rook,4,intermediate,Rook 4 · Mate In2,mateIn2,White to move.,1362,Casual,"{""attraction"",""mate"",""mateIn2"",""middlegame"",""pillsburysMate"",""sacrifice"",""short""}",Checkmate in two — a forced sequence that delivers checkmate on move two.,true,lichess,rSkpC,33935,95,{}
lc_EVhva,r2q1rk1/p1pb2pp/2p1n3/2bpp3/3N1P2/2P1B3/PP4PP/RN1Q1R1K w - - 0 15,"{""d4e6"",""d7e6"",""e3c5""}",rook,4,intermediate,Rook 4 · Discovered Attack,discoveredAttack,White to move.,1362,Casual,"{""advantage"",""capturingDefender"",""discoveredAttack"",""middlegame"",""short""}",A discovered attack — moving one piece uncovers a deadly attack from another.,true,lichess,EVhva,33933,96,"{""Scotch_Game"",""Scotch_Game_Scotch_Gambit""}"
lc_1PH5F,r1bqk2r/1pp2pp1/p6p/3pP3/7b/4P3/PP2BPP1/R1BQK2R w KQkq - 0 12,"{""d1a4"",""c8d7"",""a4h4"",""d8h4"",""h1h4""}",rook,4,intermediate,Rook 4 · Advantage,advantage,White to move.,1362,Casual,"{""advantage"",""long"",""middlegame""}",Find the strongest continuation and seize the advantage.,true,lichess,1PH5F,33635,96,"{""Queens_Gambit_Declined"",""Queens_Gambit_Declined_Three_Knights_Variation""}"
lc_CF2u7,r4rk1/ppp2ppp/2np2q1/8/2BPP1n1/2N4P/PPP2R2/R1BQ2K1 b - - 0 14,"{""g4e3"",""d1g4"",""e3g4""}",rook,4,intermediate,Rook 4 · Discovered Attack,discoveredAttack,Black to move.,1362,Casual,"{""crushing"",""discoveredAttack"",""discoveredCheck"",""kingsideAttack"",""middlegame"",""short""}",A discovered attack — moving one piece uncovers a deadly attack from another.,true,lichess,CF2u7,33549,96,"{""Three_Knights_Opening"",""Three_Knights_Opening_Other_variations""}"
lc_0LEQK,1r3bk1/R4p1p/p1P1p1p1/4P3/2P2PP1/P7/4N2P/6K1 b - - 0 28,"{""f8c5"",""g1g2"",""c5a7""}",rook,4,intermediate,Rook 4 · Fork,fork,Black to move.,1362,Casual,"{""crushing"",""endgame"",""fork"",""short""}","A fork — one piece attacks two enemy pieces at once, forcing a material win.",true,lichess,0LEQK,33287,95,{}
lc_j493t,r4rk1/3q1ppp/p2pn3/1pp1n3/4P3/2Q1B1PP/PP4P1/1B1R1RK1 w - - 6 25,"{""c3e5"",""d6e5"",""d1d7""}",rook,4,intermediate,Rook 4 · Advantage,advantage,White to move.,1362,Casual,"{""advantage"",""middlegame"",""short""}",Find the strongest continuation and seize the advantage.,true,lichess,j493t,33107,94,{}
lc_B0ekH,1Q6/5Npk/1p2p2p/8/8/1P2n2P/P4qPK/8 w - - 0 39,"{""b8h8"",""h7g6"",""f7e5"",""g6f5"",""h8f8"",""f5e5"",""f8f2""}",rook,4,intermediate,Rook 4 · Skewer,skewer,White to move.,1362,Casual,"{""crushing"",""endgame"",""skewer"",""veryLong""}","A skewer — the higher-value piece is forced to move, losing the piece behind it.",true,lichess,B0ekH,32930,95,{}
lc_RVeZE,3R2rk/p3P1pp/8/qp6/3r1P2/4P2P/PP4P1/R5K1 w - - 0 31,"{""d8g8"",""h8g8"",""e7e8q""}",rook,4,intermediate,Rook 4 · Mate In2,mateIn2,White to move.,1363,Casual,"{""advancedPawn"",""attraction"",""endgame"",""mate"",""mateIn2"",""promotion"",""queenRookEndgame"",""short""}",Checkmate in two — a forced sequence that delivers checkmate on move two.,true,lichess,RVeZE,38903,95,{}
lc_KWqF1,r1b2r1k/ppp1qppB/8/6b1/3P4/4N3/PPQK1PP1/R6R w - - 0 19,"{""h7g8"",""h8g8"",""c2h7""}",rook,4,intermediate,Rook 4 · Mate In2,mateIn2,White to move.,1363,Casual,"{""attraction"",""discoveredAttack"",""discoveredCheck"",""kingsideAttack"",""mate"",""mateIn2"",""middlegame"",""sacrifice"",""short""}",Checkmate in two — a forced sequence that delivers checkmate on move two.,true,lichess,KWqF1,38606,96,"{""French_Defense"",""French_Defense_Knight_Variation""}"
lc_AmID9,rn2kb1r/p1q1ppp1/2p2np1/1B6/3P4/4P3/PPQ2PPP/RNB1K2R b KQkq - 0 11,"{""c7a5"",""b1c3"",""c6b5""}",rook,4,intermediate,Rook 4 · Fork,fork,Black to move.,1363,Casual,"{""advantage"",""fork"",""intermezzo"",""opening"",""short""}","A fork — one piece attacks two enemy pieces at once, forcing a material win.",true,lichess,AmID9,37873,96,"{""Queens_Pawn_Game"",""Queens_Pawn_Game_Anti-Torre""}"
lc_PQAkR,r3kb1r/1pp2ppp/p1n1p3/q4b2/3P1B2/P3PN2/1P1Q1PPP/R3KB1R b KQkq - 2 10,"{""f8b4"",""a3b4"",""a5a1""}",rook,4,intermediate,Rook 4 · Pin,pin,Black to move.,1363,Casual,"{""advantage"",""opening"",""pin"",""short""}",A pin — the attacked piece can't move without exposing a more valuable piece behind it.,true,lichess,PQAkR,36737,96,"{""Queens_Gambit_Declined"",""Queens_Gambit_Declined_Marshall_Defense""}"
lc_auxfQ,4r1k1/1p3p2/pq2pnpQ/3p4/3r4/1PN3RP/P1P2PP1/3R2K1 w - - 0 22,"{""g3g6"",""f7g6"",""h6g6"",""g8h8"",""g6f6""}",rook,4,intermediate,Rook 4 · Fork,fork,White to move.,1363,Casual,"{""crushing"",""fork"",""long"",""middlegame"",""sacrifice""}","A fork — one piece attacks two enemy pieces at once, forcing a material win.",true,lichess,auxfQ,36218,95,{}
lc_95oPY,5rk1/pp1b2p1/1q2p2p/3pN3/3P2PP/P3P3/P7/R4QK1 w - - 1 18,"{""f1f8"",""g8f8"",""e5d7"",""f8e7"",""d7b6""}",rook,4,intermediate,Rook 4 · Fork,fork,White to move.,1363,Casual,"{""attraction"",""crushing"",""endgame"",""fork"",""long""}","A fork — one piece attacks two enemy pieces at once, forcing a material win.",true,lichess,95oPY,36149,96,"{""French_Defense"",""French_Defense_Advance_Variation""}"
lc_gMv9D,4r1rk/pbp3qn/1p1p1Q2/2nPp3/4P3/2N5/PPP1BPP1/2KR3R w - - 5 20,"{""h1h7"",""h8h7"",""d1h1"",""g7h6"",""h1h6""}",rook,4,intermediate,Rook 4 · Mate In3,mateIn3,White to move.,1363,Casual,"{""attraction"",""exposedKing"",""kingsideAttack"",""long"",""mate"",""mateIn3"",""middlegame"",""pin"",""sacrifice""}",Checkmate in three — calculate the forcing line all the way to mate.,true,lichess,gMv9D,35939,95,"{""Modern_Defense"",""Modern_Defense_Other_variations""}"
lc_pstvG,3q2k1/2r3p1/Q7/2B2p1p/1P3P1n/8/P5PP/R5K1 b - - 5 31,"{""c7c5"",""b4c5"",""d8d4"",""g1f1"",""d4a1""}",rook,4,intermediate,Rook 4 · Fork,fork,Black to move.,1363,Casual,"{""advantage"",""endgame"",""fork"",""long"",""sacrifice""}","A fork — one piece attacks two enemy pieces at once, forcing a material win.",true,lichess,pstvG,35852,96,{}
lc_OcoIy,4rkn1/ppp1q2p/2p2b2/6B1/4b3/2QP2P1/PPP4P/RN1K1R2 b - - 1 18,"{""e4f3"",""f1f3"",""e7e2"",""d1c1"",""e2f3""}",rook,4,intermediate,Rook 4 · Fork,fork,Black to move.,1363,Casual,"{""attraction"",""clearance"",""crushing"",""fork"",""long"",""middlegame"",""sacrifice""}","A fork — one piece attacks two enemy pieces at once, forcing a material win.",true,lichess,OcoIy,35568,95,"{""Kings_Gambit_Declined"",""Kings_Gambit_Declined_Queens_Knight_Defense""}"
lc_DxmgI,6k1/R7/1p5p/5K2/5PP1/1r5P/p7/8 b - - 1 41,"{""b3b5"",""f5g6"",""b5a5""}",rook,4,intermediate,Rook 4 · Rook Endgame,rookEndgame,Black to move.,1363,Casual,"{""crushing"",""endgame"",""master"",""masterVsMaster"",""rookEndgame"",""short""}",A rook endgame — master the Lucena and Philidor ideas to convert.,true,lichess,DxmgI,35532,95,{}
lc_5PdHz,3q1r1k/4n2r/p3pbQ1/1p1p4/3P4/P1N1PPR1/1P2KP1P/6R1 w - - 5 22,"{""g6h7"",""h8h7"",""g3h3"",""f6h4"",""h3h4""}",rook,4,intermediate,Rook 4 · Mate In3,mateIn3,White to move.,1363,Casual,"{""attraction"",""exposedKing"",""kingsideAttack"",""long"",""mate"",""mateIn3"",""middlegame"",""sacrifice""}",Checkmate in three — calculate the forcing line all the way to mate.,true,lichess,5PdHz,34851,95,{}
lc_b0SMO,rn2kb1r/pbppnqpp/1p6/3N4/8/1Q6/PB3PPP/RN2R1K1 w kq - 4 13,"{""d5c7"",""e8d8"",""b3f7""}",rook,4,intermediate,Rook 4 · Fork,fork,White to move.,1363,Casual,"{""crushing"",""deflection"",""discoveredAttack"",""fork"",""opening"",""short""}","A fork — one piece attacks two enemy pieces at once, forcing a material win.",true,lichess,b0SMO,34232,95,"{""Danish_Gambit_Accepted"",""Danish_Gambit_Accepted_Chigorin_Defense""}"
lc_YZ6tU,r2qk2r/ppp2ppp/3nb3/8/1QpP4/5N2/PP3PPP/RN2R1K1 w kq - 4 13,"{""d4d5"",""e8g8"",""d5e6""}",rook,4,intermediate,Rook 4 · Pin,pin,White to move.,1363,Casual,"{""advantage"",""middlegame"",""pin"",""short""}",A pin — the attacked piece can't move without exposing a more valuable piece behind it.,true,lichess,YZ6tU,34110,95,"{""Italian_Game"",""Italian_Game_Classical_Variation""}"
lc_KUHyk,4r1k1/1pq3pp/p3p2r/4Np2/4nP2/1QP5/PP2R1PP/3R3K b - - 2 27,"{""e4g3"",""h1g1"",""g3e2""}",rook,4,intermediate,Rook 4 · Pin,pin,Black to move.,1363,Casual,"{""crushing"",""kingsideAttack"",""middlegame"",""pin"",""short""}",A pin — the attacked piece can't move without exposing a more valuable piece behind it.,true,lichess,KUHyk,33891,96,{}
lc_WE7YS,2k5/p5pp/8/3KP3/8/1p1N4/r4RPP/8 b - - 3 32,"{""a2f2"",""d3f2"",""b3b2""}",rook,4,intermediate,Rook 4 · Advanced Pawn,advancedPawn,Black to move.,1363,Casual,"{""advancedPawn"",""crushing"",""endgame"",""short""}",An advanced pawn — push the passer or use its threats to win material.,true,lichess,WE7YS,33852,96,{}
lc_7BTda,nk4qr/1p6/1P1p1p2/P2PpP2/4B2p/3P2rP/3Q3K/2R2R2 b - - 0 29,"{""g3h3"",""h2h3"",""g8g3""}",rook,4,intermediate,Rook 4 · Mate In2,mateIn2,Black to move.,1363,Casual,"{""attraction"",""mate"",""mateIn2"",""middlegame"",""sacrifice"",""short""}",Checkmate in two — a forced sequence that delivers checkmate on move two.,true,lichess,7BTda,33642,96,{}
lc_Kd2VQ,rn2kb1r/2pp1p2/p3p3/1p4qp/3P2n1/2PBPN1P/PP3PK1/R1BQ1R2 b kq - 1 11,"{""g4e3"",""g2h1"",""g5g2""}",rook,4,intermediate,Rook 4 · Mate In2,mateIn2,Black to move.,1363,Casual,"{""discoveredCheck"",""doubleCheck"",""mate"",""mateIn2"",""opening"",""short""}",Checkmate in two — a forced sequence that delivers checkmate on move two.,true,lichess,Kd2VQ,33491,95,"{""Indian_Defense"",""Indian_Defense_Other_variations""}"
lc_6lNZf,r2qkb1r/p4ppp/4pn2/3pNbB1/8/2p5/PP3PPP/RN1Q1RK1 w kq - 0 12,"{""d1a4"",""f6d7"",""g5d8""}",rook,4,intermediate,Rook 4 · Pin,pin,White to move.,1363,Casual,"{""crushing"",""opening"",""pin"",""short""}",A pin — the attacked piece can't move without exposing a more valuable piece behind it.,true,lichess,6lNZf,33250,95,"{""Caro-Kann_Defense"",""Caro-Kann_Defense_Exchange_Variation""}"
lc_sXqBn,2R5/6pk/5pbp/2P5/4N2P/7n/3r4/4R2K b - - 6 36,"{""g6e4"",""e1e4"",""h3f2"",""h1g2"",""f2e4""}",rook,4,intermediate,Rook 4 · Fork,fork,Black to move.,1363,Casual,"{""attraction"",""crushing"",""discoveredAttack"",""discoveredCheck"",""endgame"",""exposedKing"",""fork"",""long""}","A fork — one piece attacks two enemy pieces at once, forcing a material win.",true,lichess,sXqBn,33024,96,{}
lc_CmGye,6rk/6p1/2p3Qp/8/8/3R2PP/2q2NK1/8 b - - 4 40,"{""g8f8"",""d3f3"",""c2g6""}",rook,4,intermediate,Rook 4 · Endgame,endgame,Black to move.,1364,Casual,"{""advantage"",""endgame"",""short""}",An endgame technique — precise play with few pieces where every tempo counts.,true,lichess,CmGye,38551,96,{}
lc_3UzvT,3r1rk1/pp3bbp/3p4/3npN2/1P3p2/1B5P/P2B1PP1/3RR1K1 w - - 3 28,"{""b3d5"",""f7d5"",""f5e7"",""g8f7"",""e7d5""}",rook,4,intermediate,Rook 4 · Fork,fork,White to move.,1364,Casual,"{""advantage"",""fork"",""long"",""middlegame""}","A fork — one piece attacks two enemy pieces at once, forcing a material win.",true,lichess,3UzvT,36089,96,{}
lc_OfdWx,1r6/4kp2/3R2p1/1PK4p/8/8/6PP/8 b - - 0 41,"{""b8b5"",""c5b5"",""e7d6""}",rook,4,intermediate,Rook 4 · Deflection,deflection,Black to move.,1364,Casual,"{""crushing"",""deflection"",""endgame"",""rookEndgame"",""short""}",A deflection — lure a defending piece away from the square it was guarding.,true,lichess,OfdWx,35528,96,{}
lc_CxDKk,3rr3/1kp2p2/p7/RP1p2p1/8/2q2PPp/1R5P/Q5K1 w - - 0 30,"{""b5a6"",""b7a8"",""b2b8"",""d8b8"",""a1c3""}",rook,4,intermediate,Rook 4 · Discovered Attack,discoveredAttack,White to move.,1364,Casual,"{""crushing"",""discoveredAttack"",""discoveredCheck"",""doubleCheck"",""endgame"",""long""}",A discovered attack — moving one piece uncovers a deadly attack from another.,true,lichess,CxDKk,35228,95,{}
lc_NPnmD,6k1/5pp1/p6p/R7/P7/2b5/5N2/3r2NK b - - 10 38,"{""d1g1"",""h1g1"",""c3a5""}",rook,4,intermediate,Rook 4 · Endgame,endgame,Black to move.,1364,Casual,"{""crushing"",""endgame"",""short""}",An endgame technique — precise play with few pieces where every tempo counts.,true,lichess,NPnmD,34784,96,{}
lc_sLPUJ,3kr3/2qn1Qbp/pp4p1/2p2p1n/2P5/1P6/P4P1P/1KBR3R w - - 0 26,"{""c1g5"",""g7f6"",""g5f6"",""h5f6"",""f7f6""}",rook,5,intermediate,Rook 5 · Pin,pin,White to move.,1364,Casual,"{""advantage"",""exposedKing"",""long"",""middlegame"",""pin""}",A pin — the attacked piece can't move without exposing a more valuable piece behind it.,true,lichess,sLPUJ,34461,95,{}
lc_1THC4,5rk1/q3bp2/4bnpp/3p4/7B/3Q4/2B2PPP/rNR1R1K1 w - - 0 24,"{""e1e6"",""f7e6"",""d3g6""}",rook,5,intermediate,Rook 5 · Deflection,deflection,White to move.,1364,Casual,"{""advantage"",""deflection"",""kingsideAttack"",""middlegame"",""short""}",A deflection — lure a defending piece away from the square it was guarding.,true,lichess,1THC4,33679,95,{}
lc_7eXRV,2r1r1k1/1p3ppp/p2N4/3Pn3/5R2/2P5/Pq4PP/R4QK1 b - - 0 23,"{""b2b6"",""g1h1"",""b6d6""}",rook,5,intermediate,Rook 5 · Fork,fork,Black to move.,1364,Casual,"{""crushing"",""fork"",""middlegame"",""short""}","A fork — one piece attacks two enemy pieces at once, forcing a material win.",true,lichess,7eXRV,33389,95,{}
lc_FduVg,8/2PR3p/p5k1/3K2p1/5p2/1Pr5/P7/8 w - - 0 41,"{""d7d6"",""g6f5"",""d6c6"",""c3c6"",""d5c6""}",rook,5,intermediate,Rook 5 · Rook Endgame,rookEndgame,White to move.,1364,Casual,"{""crushing"",""endgame"",""long"",""rookEndgame""}",A rook endgame — master the Lucena and Philidor ideas to convert.,true,lichess,FduVg,32915,95,{}
lc_h96uH,r1b1k3/pp2r1p1/2q5/3R4/3QP3/6Pp/PP5P/4R1K1 w q - 1 27,"{""d5d8"",""e8f7"",""e1f1"",""f7g6"",""d8d6"",""g6h7"",""d6c6""}",rook,5,intermediate,Rook 5 · Fork,fork,White to move.,1365,Casual,"{""crushing"",""exposedKing"",""fork"",""middlegame"",""veryLong""}","A fork — one piece attacks two enemy pieces at once, forcing a material win.",true,lichess,h96uH,44118,95,{}
lc_TXtUu,Br6/8/R2rk3/1P1pnp1p/1R2p1pP/2P1P1P1/4K1P1/8 b - - 7 33,"{""d6a6"",""b5a6"",""b8a8""}",rook,5,intermediate,Rook 5 · Endgame,endgame,Black to move.,1365,Casual,"{""capturingDefender"",""crushing"",""endgame"",""short""}",An endgame technique — precise play with few pieces where every tempo counts.,true,lichess,TXtUu,35607,95,{}
lc_l90q7,r3r1k1/ppq2pp1/2p4p/1PPp4/P2P4/5BP1/3n1P1P/R2QR1K1 b - - 2 24,"{""e8e1"",""d1e1"",""d2f3""}",rook,5,intermediate,Rook 5 · Crushing,crushing,Black to move.,1365,Casual,"{""crushing"",""kingsideAttack"",""middlegame"",""short""}",Find the strongest continuation and seize the advantage.,true,lichess,l90q7,34560,96,{}
lc_uVfCd,4R3/1kpp1r1p/1p6/p6R/P1P2P1P/1n4P1/1b4K1/8 w - a6 0 36,"{""h5b5"",""b3c5"",""b5b2""}",rook,5,intermediate,Rook 5 · Endgame,endgame,White to move.,1365,Casual,"{""advantage"",""endgame"",""short""}",An endgame technique — precise play with few pieces where every tempo counts.,true,lichess,uVfCd,34092,95,{}
lc_81Z7D,4kb2/p1p3p1/8/4P1qp/6r1/5Q2/PPP3P1/RN2R1K1 b - - 1 27,"{""f8c5"",""g1f1"",""g4f4""}",rook,5,intermediate,Rook 5 · Pin,pin,Black to move.,1365,Casual,"{""advantage"",""middlegame"",""pin"",""short""}",A pin — the attacked piece can't move without exposing a more valuable piece behind it.,true,lichess,81Z7D,33796,94,{}
lc_fMBMo,3rr1k1/2p2pp1/p4Q2/1p6/3q4/1P5P/2P2P2/1R3KR1 w - - 1 30,"{""g1g7"",""g8h8"",""f6h6""}",rook,5,intermediate,Rook 5 · Mate In2,mateIn2,White to move.,1365,Casual,"{""endgame"",""mate"",""mateIn2"",""short""}",Checkmate in two — a forced sequence that delivers checkmate on move two.,true,lichess,fMBMo,33095,96,{}
lc_5Orys,k6r/1pB2p2/p7/3p3p/2q5/5P2/2Q2P2/2K4R b - - 1 36,"{""c4c2"",""c1c2"",""h8c8"",""c2d3"",""c8c7""}",rook,5,intermediate,Rook 5 · Pin,pin,Black to move.,1365,Casual,"{""crushing"",""endgame"",""long"",""master"",""pin""}",A pin — the attacked piece can't move without exposing a more valuable piece behind it.,true,lichess,5Orys,33041,96,{}
lc_rSKmE,8/2p1R1pk/2R4p/p5q1/P7/2PP1p1P/5Pr1/4Q2K b - - 1 39,"{""g2h2"",""h1h2"",""g5g2""}",rook,5,intermediate,Rook 5 · Mate In2,mateIn2,Black to move.,1366,Casual,"{""attraction"",""endgame"",""mate"",""mateIn2"",""sacrifice"",""short""}",Checkmate in two — a forced sequence that delivers checkmate on move two.,true,lichess,rSKmE,36490,96,{}
lc_aJmc8,6k1/3n1pp1/1p5p/1b1QPp2/1B1P4/6P1/3N1PKP/2r5 b - - 1 30,"{""b5c6"",""d5c6"",""c1c6""}",rook,5,intermediate,Rook 5 · Pin,pin,Black to move.,1366,Casual,"{""advantage"",""endgame"",""pin"",""short""}",A pin — the attacked piece can't move without exposing a more valuable piece behind it.,true,lichess,aJmc8,35432,95,{}
lc_6tdn0,4r1k1/pp1brp2/2p2b1p/6p1/2PPBP1q/1P1Q3P/P3R1PK/2R1B3 b - - 1 23,"{""h4f4"",""e1g3"",""f4c1""}",rook,5,intermediate,Rook 5 · Fork,fork,Black to move.,1366,Casual,"{""crushing"",""fork"",""middlegame"",""short""}","A fork — one piece attacks two enemy pieces at once, forcing a material win.",true,lichess,6tdn0,34713,95,{}
lc_A6tKu,6R1/2p2Qpk/p1p1N2p/8/3q4/1P4PP/r4P1K/8 b - - 2 32,"{""a2f2"",""h2g1"",""f2f7"",""e6d4"",""h7g8""}",rook,5,intermediate,Rook 5 · Fork,fork,Black to move.,1366,Casual,"{""crushing"",""discoveredAttack"",""discoveredCheck"",""endgame"",""fork"",""long""}","A fork — one piece attacks two enemy pieces at once, forcing a material win.",true,lichess,A6tKu,34514,96,{}
lc_7POCO,rnbqkb1r/ppp2ppp/5n2/4N3/2p5/8/PPPPQPPP/RNB1K2R w KQkq - 0 7,"{""e5c6"",""d8e7"",""c6e7""}",rook,5,intermediate,Rook 5 · Discovered Attack,discoveredAttack,White to move.,1366,Casual,"{""advantage"",""discoveredAttack"",""discoveredCheck"",""opening"",""short""}",A discovered attack — moving one piece uncovers a deadly attack from another.,true,lichess,7POCO,34445,97,"{""Russian_Game"",""Russian_Game_Italian_Variation""}"
lc_8vnsB,r1br2k1/pp3ppp/3p4/2pN1n2/6B1/8/PPP2PPP/2KRR3 w - - 2 17,"{""g4f5"",""c8f5"",""d5e7"",""g8f8"",""e7f5""}",rook,5,intermediate,Rook 5 · Fork,fork,White to move.,1366,Casual,"{""advantage"",""fork"",""long"",""middlegame""}","A fork — one piece attacks two enemy pieces at once, forcing a material win.",true,lichess,8vnsB,34262,95,"{""Scotch_Game"",""Scotch_Game_Classical_Variation""}"
lc_shsUR,5qr1/3n1rk1/1p1p2p1/pPpPppP1/P1P1P3/2KBBP2/2Q4R/8 w - - 1 30,"{""h2h7"",""g7h7"",""c2h2"",""h7g7"",""h2h6""}",rook,5,intermediate,Rook 5 · Mate In3,mateIn3,White to move.,1366,Casual,"{""attraction"",""long"",""mate"",""mateIn3"",""middlegame"",""sacrifice""}",Checkmate in three — calculate the forcing line all the way to mate.,true,lichess,shsUR,33998,96,{}
lc_oS52N,r1b1k2r/pp1nq3/2p1Qp1n/4p1pp/P1B1P2N/2N5/1PP2PPP/R4RK1 w kq - 2 15,"{""e6e7"",""e8e7"",""h4g6""}",rook,5,intermediate,Rook 5 · Attraction,attraction,White to move.,1366,Casual,"{""attraction"",""crushing"",""middlegame"",""short""}",An attraction — force an enemy piece onto a square where it can be exploited.,true,lichess,oS52N,33853,95,"{""Philidor_Defense"",""Philidor_Defense_Other_variations""}"
lc_mooRQ,1r4k1/p2N1p1p/6p1/3P1r2/4K3/P7/1bP2PPP/3R1B1R b - - 3 28,"{""b8e8"",""e4d3"",""f5d5"",""d3c4"",""d5d1""}",rook,5,intermediate,Rook 5 · Fork,fork,Black to move.,1366,Casual,"{""crushing"",""deflection"",""fork"",""interference"",""long"",""middlegame"",""skewer""}","A fork — one piece attacks two enemy pieces at once, forcing a material win.",true,lichess,mooRQ,33632,95,{}
lc_1K8cy,1Q2rk2/pR3ppp/5r2/8/4p3/8/5qPP/2R4K w - - 2 28,"{""b8e8"",""f8e8"",""c1c8""}",rook,5,intermediate,Rook 5 · Mate In2,mateIn2,White to move.,1366,Casual,"{""attraction"",""endgame"",""mate"",""mateIn2"",""sacrifice"",""short""}",Checkmate in two — a forced sequence that delivers checkmate on move two.,true,lichess,1K8cy,33551,96,{}
lc_rpM2Q,1r4rk/2qn1p1p/5PpQ/2p5/2PpPR2/1P5P/6B1/5RK1 w - - 5 31,"{""h6h7"",""h8h7"",""f4h4""}",rook,5,intermediate,Rook 5 · Mate In2,mateIn2,White to move.,1366,Casual,"{""attraction"",""kingsideAttack"",""mate"",""mateIn2"",""middlegame"",""sacrifice"",""short""}",Checkmate in two — a forced sequence that delivers checkmate on move two.,true,lichess,rpM2Q,33433,95,{}
lc_RVp3M,rr4k1/B1R2ppp/3np3/1p4N1/1P3P2/P5P1/1b2P2P/5RK1 b - - 0 25,"{""a8a7"",""c7a7"",""b2d4"",""g1g2"",""d4a7""}",rook,5,intermediate,Rook 5 · Fork,fork,Black to move.,1366,Casual,"{""advantage"",""attraction"",""fork"",""long"",""middlegame"",""sacrifice""}","A fork — one piece attacks two enemy pieces at once, forcing a material win.",true,lichess,RVp3M,33395,96,{}
lc_VoHJv,8/8/2k5/8/Pp6/3r3P/1PB3R1/2r3NK b - - 5 43,"{""d3h3"",""g2h2"",""h3h2"",""h1h2"",""c1c2""}",rook,5,intermediate,Rook 5 · Pin,pin,Black to move.,1366,Casual,"{""attraction"",""crushing"",""endgame"",""exposedKing"",""long"",""pin""}",A pin — the attacked piece can't move without exposing a more valuable piece behind it.,true,lichess,VoHJv,33046,95,{}
lc_MKzPv,r1b4r/p1p2kpp/2nb1n2/1B1qp3/8/8/PPPPQPPP/RNB1K2R w KQ - 0 9,"{""b5c4"",""c6d4"",""c4d5""}",rook,5,intermediate,Rook 5 · Pin,pin,White to move.,1366,Casual,"{""advantage"",""middlegame"",""pin"",""short""}",A pin — the attacked piece can't move without exposing a more valuable piece behind it.,true,lichess,MKzPv,33011,95,"{""Italian_Game"",""Italian_Game_Two_Knights_Defense""}"
lc_LG0CP,1k1r3r/1p2qp2/p1np1n1p/3p1Bp1/3P4/PQN1P3/1P3PPP/R3K2R b KQ - 2 17,"{""c6d4"",""b3d1"",""d4f5""}",rook,5,intermediate,Rook 5 · Pin,pin,Black to move.,1367,Casual,"{""crushing"",""middlegame"",""pin"",""short""}",A pin — the attacked piece can't move without exposing a more valuable piece behind it.,true,lichess,LG0CP,44635,95,"{""Queens_Gambit_Declined"",""Queens_Gambit_Declined_Other_variations""}"
lc_MfCps,r6k/7P/5PP1/6K1/8/8/8/8 w - - 1 66,"{""g5h6"",""a8a7"",""g6g7"",""a7g7"",""f6g7""}",rook,5,intermediate,Rook 5 · Mate In3,mateIn3,White to move.,1367,Casual,"{""advancedPawn"",""endgame"",""exposedKing"",""long"",""mate"",""mateIn3"",""rookEndgame""}",Checkmate in three — calculate the forcing line all the way to mate.,true,lichess,MfCps,37422,96,{}
lc_rkJCk,8/p4qrk/1p1pQ2p/3P1p2/1P1b4/1B2P2P/P5P1/2R3K1 b - - 0 31,"{""f7e6"",""d5e6"",""d4e3"",""g1f1"",""e3c1""}",rook,5,intermediate,Rook 5 · Fork,fork,Black to move.,1367,Casual,"{""capturingDefender"",""crushing"",""endgame"",""fork"",""intermezzo"",""long""}","A fork — one piece attacks two enemy pieces at once, forcing a material win.",true,lichess,rkJCk,36710,95,{}
lc_y9lJk,3Q4/6p1/5n1p/4p3/5qPk/1R5P/8/6K1 b - - 4 43,"{""f4c1"",""g1f2"",""c1c2"",""f2e1"",""c2b3""}",rook,5,intermediate,Rook 5 · Fork,fork,Black to move.,1367,Casual,"{""crushing"",""endgame"",""exposedKing"",""fork"",""long""}","A fork — one piece attacks two enemy pieces at once, forcing a material win.",true,lichess,y9lJk,34250,97,{}
lc_vkwYW,8/2r1B3/p5P1/Pk6/1P6/5K2/8/8 w - - 1 74,"{""g6g7"",""c7c8"",""e7f8""}",rook,5,intermediate,Rook 5 · Advanced Pawn,advancedPawn,White to move.,1367,Casual,"{""advancedPawn"",""crushing"",""defensiveMove"",""endgame"",""short""}",An advanced pawn — push the passer or use its threats to win material.,true,lichess,vkwYW,33849,95,{}
lc_3FaPA,5rk1/3pqp2/2p1p1pQ/r7/p2PNP2/8/P5PP/R4RK1 b - f3 0 24,"{""a5h5"",""h6g5"",""h5g5""}",rook,5,intermediate,Rook 5 · Trapped Piece,trappedPiece,Black to move.,1367,Casual,"{""advantage"",""middlegame"",""short"",""trappedPiece""}",A trapped piece — the enemy piece has no safe squares and can be won.,true,lichess,3FaPA,33833,95,{}
lc_7E1XO,8/1pk5/1np1rpp1/Q1R5/2n2q2/8/P4PPP/1R4K1 w - - 4 34,"{""c5c4"",""f4c4"",""a5b6""}",rook,5,intermediate,Rook 5 · Pin,pin,White to move.,1367,Casual,"{""advantage"",""middlegame"",""pin"",""short""}",A pin — the attacked piece can't move without exposing a more valuable piece behind it.,true,lichess,7E1XO,33482,95,{}
lc_VAHCJ,3r3r/p1pk4/Q1p1p3/6b1/2NP4/P1P2RP1/1P2R1KP/1q6 b - - 8 25,"{""h8h2"",""g2h2"",""d8h8"",""h2g2"",""b1h1"",""g2f2"",""h8h2""}",rook,5,intermediate,Rook 5 · Attraction,attraction,Black to move.,1367,Casual,"{""attraction"",""mate"",""mateIn4"",""middlegame"",""pillsburysMate"",""sacrifice"",""veryLong""}",An attraction — force an enemy piece onto a square where it can be exploited.,true,lichess,VAHCJ,33156,95,{}
lc_gv8Jh,r1b2rk1/1p2q1pp/p3p3/3B4/3Q4/8/PPP2PPP/2KRR3 b - - 0 16,"{""e7g5"",""d4e3"",""g5e3"",""e1e3"",""e6d5""}",rook,5,intermediate,Rook 5 · Advantage,advantage,Black to move.,1367,Casual,"{""advantage"",""long"",""middlegame""}",Find the strongest continuation and seize the advantage.,true,lichess,gv8Jh,33114,95,"{""Sicilian_Defense"",""Sicilian_Defense_Open""}"
lc_gRRoo,5r1k/pp5p/2pq1r2/4Q2p/6P1/1B3R1P/PP3P2/5K2 w - - 1 33,"{""e5d6"",""f6d6"",""f3f8""}",rook,5,intermediate,Rook 5 · Endgame,endgame,White to move.,1367,Casual,"{""capturingDefender"",""crushing"",""endgame"",""short""}",An endgame technique — precise play with few pieces where every tempo counts.,true,lichess,gRRoo,33055,95,{}
lc_0HIyU,rn1q1rk1/pp2ppbp/3p2p1/3N4/4n1b1/2B2N2/PPP1BPPP/R2QK2R w KQ - 0 12,"{""c3g7"",""g8g7"",""d1d4"",""e4f6"",""d5f6"",""e7f6"",""d4g4""}",rook,5,intermediate,Rook 5 · Fork,fork,White to move.,1368,Casual,"{""advantage"",""attraction"",""capturingDefender"",""fork"",""opening"",""veryLong""}","A fork — one piece attacks two enemy pieces at once, forcing a material win.",true,lichess,0HIyU,40774,96,"{""London_System"",""London_System_Other_variations""}"
lc_EwOXK,2r3k1/4bppp/3p4/3Pp3/4P3/Pp6/2qQN1PP/K2R3R b - - 0 25,"{""b3b2"",""a1a2"",""b2b1q""}",rook,5,intermediate,Rook 5 · Mate In2,mateIn2,Black to move.,1368,Casual,"{""advancedPawn"",""discoveredCheck"",""doubleCheck"",""mate"",""mateIn2"",""middlegame"",""promotion"",""short""}",Checkmate in two — a forced sequence that delivers checkmate on move two.,true,lichess,EwOXK,37461,96,{}
lc_0KIHp,8/p4p2/r4nkp/8/P2Q1R2/6P1/q5PK/8 w - - 8 38,"{""d4d3"",""g6g7"",""d3a6""}",rook,5,intermediate,Rook 5 · Fork,fork,White to move.,1368,Casual,"{""crushing"",""endgame"",""fork"",""short""}","A fork — one piece attacks two enemy pieces at once, forcing a material win.",true,lichess,0KIHp,36984,96,{}
lc_bWeKn,Qn2kr2/p7/2p1p1p1/4p3/4P2q/2N5/PPP1NbPP/R4R1K b - - 0 17,"{""h4h2"",""h1h2"",""f8h8""}",rook,5,intermediate,Rook 5 · Mate In2,mateIn2,Black to move.,1368,Casual,"{""attraction"",""kingsideAttack"",""mate"",""mateIn2"",""middlegame"",""pillsburysMate"",""sacrifice"",""short""}",Checkmate in two — a forced sequence that delivers checkmate on move two.,true,lichess,bWeKn,36926,96,"{""Caro-Kann_Defense"",""Caro-Kann_Defense_Other_variations""}"
lc_e4CpQ,r7/p3kp1p/4p1p1/qp1pP3/8/8/P1Q2PPP/2R3K1 w - - 2 24,"{""c2c5"",""e7e8"",""c5c6"",""e8f8"",""c6a8""}",rook,5,intermediate,Rook 5 · Fork,fork,White to move.,1368,Casual,"{""crushing"",""endgame"",""fork"",""long""}","A fork — one piece attacks two enemy pieces at once, forcing a material win.",true,lichess,e4CpQ,35865,95,{}
lc_Njcqt,r2qk1nr/pp3ppp/2n5/1Bbp4/5B2/4PN2/PP3PPP/1R1QK2R b Kkq - 0 9,"{""d8a5"",""e1f1"",""a5b5""}",rook,5,intermediate,Rook 5 · Fork,fork,Black to move.,1368,Casual,"{""advantage"",""fork"",""opening"",""short""}","A fork — one piece attacks two enemy pieces at once, forcing a material win.",true,lichess,Njcqt,35653,95,"{""Queens_Pawn_Game"",""Queens_Pawn_Game_Accelerated_London_System""}"
lc_IUKsC,1r4k1/4bpp1/p2p2P1/4p2p/4P2P/1q2BP2/p2Q4/K2R1BR1 b - - 1 26,"{""b3b1"",""d1b1"",""a2b1q""}",rook,5,intermediate,Rook 5 · Mate In2,mateIn2,Black to move.,1368,Casual,"{""advancedPawn"",""mate"",""mateIn2"",""middlegame"",""promotion"",""short""}",Checkmate in two — a forced sequence that delivers checkmate on move two.,true,lichess,IUKsC,34738,95,{}
lc_hXSDy,r2q1rk1/2p1bppp/p1p2n2/4N3/4P1b1/2NP4/PPP3PP/R1B1QRK1 b - - 0 11,"{""d8d4"",""g1h1"",""d4e5""}",rook,5,intermediate,Rook 5 · Fork,fork,Black to move.,1368,Casual,"{""advantage"",""fork"",""opening"",""short""}","A fork — one piece attacks two enemy pieces at once, forcing a material win.",true,lichess,hXSDy,34414,96,"{""Vienna_Game"",""Vienna_Game_Vienna_Gambit""}"
lc_sPEut,1r6/p4pp1/1p1p1k2/2pBnP2/1P1pPKPR/P2P4/2P5/8 b - - 2 33,"{""g7g5"",""f5g6"",""e5g6"",""f4g3"",""g6h4""}",rook,5,intermediate,Rook 5 · Fork,fork,Black to move.,1368,Casual,"{""crushing"",""endgame"",""fork"",""long""}","A fork — one piece attacks two enemy pieces at once, forcing a material win.",true,lichess,sPEut,34221,96,{}
lc_98UCo,r3kb1r/pbp2ppp/5n2/4p1N1/8/1QP5/PP1P1PqP/RNB1K2R w KQkq - 0 10,"{""b3f7"",""e8d8"",""g5e6"",""d8c8"",""f7c7""}",rook,5,intermediate,Rook 5 · Mate In3,mateIn3,White to move.,1368,Casual,"{""attackingF2F7"",""long"",""mate"",""mateIn3"",""opening""}",Checkmate in three — calculate the forcing line all the way to mate.,true,lichess,98UCo,34207,95,"{""Italian_Game"",""Italian_Game_Two_Knights_Defense""}"
lc_oQSf1,r1b3r1/b3k2p/2p5/pp2P3/6nq/2N5/PPP4P/R2Q1R1K w - - 0 20,"{""d1d6"",""e7e8"",""d6c6"",""c8d7"",""c6a8"",""a7b8"",""a8b8""}",rook,5,intermediate,Rook 5 · Fork,fork,White to move.,1368,Casual,"{""crushing"",""exposedKing"",""fork"",""middlegame"",""veryLong""}","A fork — one piece attacks two enemy pieces at once, forcing a material win.",true,lichess,oQSf1,34143,95,"{""Kings_Pawn_Game"",""Kings_Pawn_Game_McConnell_Defense""}"
lc_CurXc,2bq1r2/5Q2/p2p3p/1p2p1p1/1P1bP2k/8/P1P2PPP/2B2RK1 w - - 2 27,"{""g2g3"",""h4g4"",""h2h3"",""g4h3"",""f7h5""}",rook,5,intermediate,Rook 5 · Mate In3,mateIn3,White to move.,1368,Casual,"{""attraction"",""long"",""mate"",""mateIn3"",""middlegame""}",Checkmate in three — calculate the forcing line all the way to mate.,true,lichess,CurXc,34139,95,{}
lc_4eb23,r2q1rk1/p1p3pp/1nQbp1b1/1N1p1p2/5P2/3PP1N1/PP4PP/R1B2RK1 b - - 0 14,"{""g6e8"",""c6c2"",""e8b5""}",rook,5,intermediate,Rook 5 · Skewer,skewer,Black to move.,1368,Casual,"{""advantage"",""middlegame"",""short"",""skewer""}","A skewer — the higher-value piece is forced to move, losing the piece behind it.",true,lichess,4eb23,33917,95,"{""Vant_Kruijs_Opening"",""Vant_Kruijs_Opening_Other_variations""}"
lc_sDbuG,6Q1/8/4pk1p/8/8/2q3b1/1p4P1/6NK w - - 0 42,"{""g8h8"",""f6f5"",""h8c3"",""b2b1q"",""c3g3""}",rook,5,intermediate,Rook 5 · Skewer,skewer,White to move.,1368,Casual,"{""advantage"",""endgame"",""long"",""skewer""}","A skewer — the higher-value piece is forced to move, losing the piece behind it.",true,lichess,sDbuG,33643,96,{}
lc_FtXtl,6k1/pp3ppp/2p1n3/2P5/4P3/PN1r1PP1/4K2P/1R6 b - - 2 25,"{""d3b3"",""b1b3"",""e6d4"",""e2e3"",""d4b3""}",rook,5,intermediate,Rook 5 · Fork,fork,Black to move.,1368,Casual,"{""attraction"",""crushing"",""endgame"",""fork"",""long"",""sacrifice""}","A fork — one piece attacks two enemy pieces at once, forcing a material win.",true,lichess,FtXtl,33142,97,{}
lc_M7xAj,2r3k1/pp3p2/7p/6b1/1P2Bp2/P3P2P/3K1PP1/2R5 b - - 1 27,"{""f4e3"",""f2e3"",""g5e3"",""d2e3"",""c8c1""}",rook,5,intermediate,Rook 5 · Deflection,deflection,Black to move.,1369,Casual,"{""advantage"",""deflection"",""endgame"",""long""}",A deflection — lure a defending piece away from the square it was guarding.,true,lichess,M7xAj,36045,95,{}
lc_rGImS,2kr3r/1p2qQ2/2pp3p/pRn1p1p1/2B5/P1P1PPBP/2P2P2/4K2R b K - 0 18,"{""e7f7"",""c4f7"",""c6b5""}",rook,5,intermediate,Rook 5 · Advantage,advantage,Black to move.,1369,Casual,"{""advantage"",""middlegame"",""short""}",Find the strongest continuation and seize the advantage.,true,lichess,rGImS,35995,95,"{""Polish_Opening"",""Polish_Opening_Other_variations""}"
lc_faEhI,3r2k1/1Q3pp1/7p/P7/2P1q3/4P1P1/5P1P/1R4K1 b - - 0 27,"{""d8d1"",""b1d1"",""e4b7""}",rook,5,intermediate,Rook 5 · Deflection,deflection,Black to move.,1369,Casual,"{""advantage"",""deflection"",""endgame"",""short""}",A deflection — lure a defending piece away from the square it was guarding.,true,lichess,faEhI,35526,95,{}
lc_I8TiD,r2qk1nr/ppp1bppp/2b5/4N3/4P3/8/PPPP2PP/RNBQ1RK1 b kq - 0 8,"{""d8d4"",""g1h1"",""d4e5""}",rook,5,intermediate,Rook 5 · Fork,fork,Black to move.,1369,Casual,"{""advantage"",""fork"",""opening"",""short""}","A fork — one piece attacks two enemy pieces at once, forcing a material win.",true,lichess,I8TiD,35018,96,"{""Kings_Gambit"",""Kings_Gambit_Other_variations""}"
lc_G71yg,4r1k1/pp2P2p/8/2R5/4P1P1/6K1/P1p5/3r1R2 w - - 3 36,"{""c5g5"",""g8h8"",""f1f8"",""e8f8"",""e7f8q""}",rook,5,intermediate,Rook 5 · Mate In3,mateIn3,White to move.,1369,Casual,"{""advancedPawn"",""endgame"",""long"",""mate"",""mateIn3"",""promotion"",""rookEndgame""}",Checkmate in three — calculate the forcing line all the way to mate.,true,lichess,G71yg,34395,95,{}
lc_rycOe,8/5p2/4p3/5p2/1p3Q2/6r1/PP3qk1/K2R4 w - - 0 41,"{""d1d2"",""f2d2"",""f4d2""}",rook,5,intermediate,Rook 5 · Pin,pin,White to move.,1369,Casual,"{""advantage"",""endgame"",""pin"",""short""}",A pin — the attacked piece can't move without exposing a more valuable piece behind it.,true,lichess,rycOe,34046,95,{}
lc_p3UC8,r4rk1/1p4p1/p6R/2p2pN1/P3p3/3P1QPP/b1q3P1/R4K2 w - - 0 31,"{""h6h8"",""g8h8"",""f3h5"",""h8g8"",""h5h7""}",rook,5,intermediate,Rook 5 · Mate In3,mateIn3,White to move.,1369,Casual,"{""attraction"",""kingsideAttack"",""long"",""mate"",""mateIn3"",""middlegame"",""sacrifice""}",Checkmate in three — calculate the forcing line all the way to mate.,true,lichess,p3UC8,33745,97,{}
lc_ZGz1o,5rk1/1p1b2p1/p3p2p/3nP3/3P4/2P5/PPQ3PP/5RK1 b - - 1 24,"{""f8f1"",""g1f1"",""d5e3"",""f1e1"",""e3c2""}",rook,5,intermediate,Rook 5 · Fork,fork,Black to move.,1369,Casual,"{""attraction"",""crushing"",""endgame"",""fork"",""long""}","A fork — one piece attacks two enemy pieces at once, forcing a material win.",true,lichess,ZGz1o,33682,96,{}
lc_6pEwb,3r4/1k2p1p1/p1p1R3/2pp2pP/8/2NP3P/PPP2KQq/R7 b - - 2 25,"{""d8f8"",""f2e1"",""h2g2""}",rook,5,intermediate,Rook 5 · Pin,pin,Black to move.,1369,Casual,"{""crushing"",""deflection"",""endgame"",""pin"",""short""}",A pin — the attacked piece can't move without exposing a more valuable piece behind it.,true,lichess,6pEwb,33467,96,{}
lc_iLa0Z,8/1p3p1p/2p1k3/1N6/8/8/PP1Q2rP/KR2r3 b - - 0 32,"{""e1b1"",""a1b1"",""g2d2""}",rook,5,intermediate,Rook 5 · Endgame,endgame,Black to move.,1369,Casual,"{""crushing"",""endgame"",""intermezzo"",""short""}",An endgame technique — precise play with few pieces where every tempo counts.,true,lichess,iLa0Z,33338,95,{}
lc_rLpPG,6k1/5p2/3p3p/1p1P4/1P1qP3/2p1QPP1/2B1KR1P/r7 b - - 3 32,"{""a1e1"",""e2e1"",""d4e3""}",rook,5,intermediate,Rook 5 · Deflection,deflection,Black to move.,1369,Casual,"{""attraction"",""crushing"",""deflection"",""endgame"",""short""}",A deflection — lure a defending piece away from the square it was guarding.,true,lichess,rLpPG,33213,95,{}
lc_0zNUA,r5k1/p1p3q1/1p2p1p1/3p1b2/8/3PQ1R1/PPP3K1/5R2 w - - 0 28,"{""f1f5"",""e6f5"",""e3e6"",""g8f8"",""g3g6"",""g7g6"",""e6g6""}",rook,5,intermediate,Rook 5 · Sacrifice,sacrifice,White to move.,1369,Casual,"{""advantage"",""endgame"",""exposedKing"",""sacrifice"",""veryLong""}",A sacrifice — give up material to gain a decisive tactical or positional advantage.,true,lichess,0zNUA,33168,94,{}
lc_a53aj,8/6pk/4Q2p/4b3/1qP5/6NP/5PP1/6K1 b - - 0 30,"{""b4e1"",""g3f1"",""e5h2"",""g1h2"",""e1e6""}",rook,5,intermediate,Rook 5 · Pin,pin,Black to move.,1369,Casual,"{""crushing"",""discoveredAttack"",""endgame"",""long"",""pin""}",A pin — the attacked piece can't move without exposing a more valuable piece behind it.,true,lichess,a53aj,32980,95,{}
lc_ZUEnm,4rqk1/pp1R2p1/2p3Pp/4Pb2/7P/PnN3Q1/1P6/5RK1 b - - 1 28,"{""f8c5"",""f1f2"",""f5d7""}",rook,5,intermediate,Rook 5 · Advantage,advantage,Black to move.,1370,Casual,"{""advantage"",""middlegame"",""short""}",Find the strongest continuation and seize the advantage.,true,lichess,ZUEnm,39046,95,{}
lc_KU8TI,2kr4/1pp2pb1/p2pr2p/3n2p1/q7/P2P3P/1PRN1PPB/3Q1K1R w - - 4 21,"{""c2c7"",""c8c7"",""d1a4""}",rook,5,intermediate,Rook 5 · Discovered Attack,discoveredAttack,White to move.,1370,Casual,"{""advantage"",""discoveredAttack"",""middlegame"",""queensideAttack"",""short""}",A discovered attack — moving one piece uncovers a deadly attack from another.,true,lichess,KU8TI,34645,96,{}
lc_niclm,2Q5/pp3kp1/5q1p/3bp3/8/3B4/P1P3PP/7K w - - 4 34,"{""c8d7"",""f7f8"",""d7d5""}",rook,5,intermediate,Rook 5 · Fork,fork,White to move.,1370,Casual,"{""advantage"",""endgame"",""fork"",""short""}","A fork — one piece attacks two enemy pieces at once, forcing a material win.",true,lichess,niclm,34573,96,{}
lc_x3b8V,8/1Q3pk1/6p1/1P1KN2p/5P2/6P1/4q2P/8 b - - 6 40,"{""e2g2"",""d5c5"",""g2b7""}",rook,5,intermediate,Rook 5 · Skewer,skewer,Black to move.,1370,Casual,"{""crushing"",""endgame"",""short"",""skewer""}","A skewer — the higher-value piece is forced to move, losing the piece behind it.",true,lichess,x3b8V,34384,95,{}
lc_ScTqr,r4rk1/p4pbp/1qp3p1/2Qp1b2/3P4/4PN2/P4PBP/RN3RK1 b - - 0 15,"{""b6c5"",""d4c5"",""g7a1""}",rook,5,intermediate,Rook 5 · Advantage,advantage,Black to move.,1370,Casual,"{""advantage"",""middlegame"",""short""}",Find the strongest continuation and seize the advantage.,true,lichess,ScTqr,34233,96,"{""Trompowsky_Attack"",""Trompowsky_Attack_Other_variations""}"
lc_D4oSo,1qb2rk1/p2p2pp/2pbp3/5p2/3Q1P2/3B4/PrPB2PP/R4R1K w - - 2 18,"{""d2c3"",""f8f7"",""c3b2""}",rook,5,intermediate,Rook 5 · Advantage,advantage,White to move.,1370,Casual,"{""advantage"",""middlegame"",""short""}",Find the strongest continuation and seize the advantage.,true,lichess,D4oSo,33779,96,"{""Sicilian_Defense"",""Sicilian_Defense_Taimanov_Variation""}"
lc_txF85,7r/8/p5p1/1p1kb3/1B4P1/7P/P5K1/4R3 w - - 6 35,"{""e1e5"",""d5e5"",""b4c3"",""e5d5"",""c3h8""}",rook,5,intermediate,Rook 5 · Skewer,skewer,White to move.,1370,Casual,"{""attraction"",""crushing"",""endgame"",""long"",""sacrifice"",""skewer""}","A skewer — the higher-value piece is forced to move, losing the piece behind it.",true,lichess,txF85,33457,96,{}
lc_Moowh,5rk1/5ppp/8/5n2/p1P5/Q7/4q1PP/3R1R1K b - - 6 27,"{""f5e3"",""a3e3"",""e2e3""}",rook,5,intermediate,Rook 5 · Fork,fork,Black to move.,1370,Casual,"{""advantage"",""endgame"",""fork"",""short""}","A fork — one piece attacks two enemy pieces at once, forcing a material win.",true,lichess,Moowh,33424,95,{}
lc_JuZq6,r1bqk2r/p4ppp/npp1p3/2P5/1P1bN3/P7/5PPP/R2QKBNR w KQkq - 0 11,"{""e4d6"",""e8f8"",""d1d4""}",rook,5,intermediate,Rook 5 · Interference,interference,White to move.,1370,Casual,"{""crushing"",""interference"",""intermezzo"",""opening"",""short""}",Interference — block the line between two enemy pieces to break their coordination.,true,lichess,JuZq6,33269,94,"{""Queens_Gambit_Declined"",""Queens_Gambit_Declined_Other_variations""}"
lc_WIP88,QQ6/5pk1/3p1ppp/2pP4/1qP2nP1/5N2/5P1P/5K2 b - - 0 39,"{""b4c4"",""f1g1"",""c4c1"",""f3e1"",""c1e1""}",rook,5,intermediate,Rook 5 · Mate In3,mateIn3,Black to move.,1370,Casual,"{""endgame"",""long"",""mate"",""mateIn3""}",Checkmate in three — calculate the forcing line all the way to mate.,true,lichess,WIP88,32932,96,{}
lc_N2zWs,2r3k1/2P2ppp/8/2R5/1p3P2/3b4/6PP/7K w - - 0 36,"{""c5d5"",""g8f8"",""d5d8"",""f8e7"",""d8c8""}",rook,5,intermediate,Rook 5 · Fork,fork,White to move.,1370,Casual,"{""advantage"",""endgame"",""fork"",""long""}","A fork — one piece attacks two enemy pieces at once, forcing a material win.",true,lichess,N2zWs,32905,96,{}
lc_WXg2P,6k1/1Q3pp1/2p4p/3p4/3q4/1P6/2r2PPP/5RK1 w - - 0 29,"{""b7c8"",""g8h7"",""c8f5"",""g7g6"",""f5c2""}",rook,5,intermediate,Rook 5 · Fork,fork,White to move.,1371,Casual,"{""crushing"",""endgame"",""fork"",""long"",""master""}","A fork — one piece attacks two enemy pieces at once, forcing a material win.",true,lichess,WXg2P,35334,95,{}
lc_BbaZ8,1nkr4/1ppN3p/4p1p1/4q3/8/Q7/PP1p1PPP/R1BR2K1 b - - 0 24,"{""e5e1"",""d1e1"",""d2e1q""}",rook,5,intermediate,Rook 5 · Mate In2,mateIn2,Black to move.,1371,Casual,"{""advancedPawn"",""kingsideAttack"",""mate"",""mateIn2"",""middlegame"",""promotion"",""short""}",Checkmate in two — a forced sequence that delivers checkmate on move two.,true,lichess,BbaZ8,34524,96,{}
lc_Gu1ks,r3bb1r/1p5p/p1pk1q2/3p4/1n3P2/1PN2Q2/P5PP/3R1RK1 w - - 0 23,"{""c3e4"",""d6c7"",""e4f6""}",rook,5,intermediate,Rook 5 · Pin,pin,White to move.,1371,Casual,"{""crushing"",""middlegame"",""pin"",""short""}",A pin — the attacked piece can't move without exposing a more valuable piece behind it.,true,lichess,Gu1ks,34417,95,{}
lc_IMep8,5rk1/pbp4p/1pn3p1/3q1nN1/8/1P6/PRPP2BP/3QR1K1 b - - 3 19,"{""d5d4"",""g1h1"",""d4b2""}",rook,5,intermediate,Rook 5 · Fork,fork,Black to move.,1371,Casual,"{""advantage"",""fork"",""middlegame"",""short""}","A fork — one piece attacks two enemy pieces at once, forcing a material win.",true,lichess,IMep8,33915,95,"{""Zukertort_Opening"",""Zukertort_Opening_Kingside_Fianchetto""}"
lc_1vgPy,8/8/p6p/1p4p1/1P2ppP1/1kP1P2P/3K1P2/8 w - - 4 39,"{""e3f4"",""g5f4"",""h3h4""}",rook,5,intermediate,Rook 5 · Pawn Endgame,pawnEndgame,White to move.,1371,Casual,"{""crushing"",""endgame"",""pawnEndgame"",""short""}",A pawn endgame — king opposition and the square of the pawn decide it.,true,lichess,1vgPy,33494,95,{}
lc_86z6v,6k1/2R2p1r/4p1p1/8/5PKP/4P3/8/8 b - f3 0 35,"{""f7f5"",""g4g5"",""h7c7""}",rook,5,intermediate,Rook 5 · Discovered Attack,discoveredAttack,Black to move.,1371,Casual,"{""crushing"",""discoveredAttack"",""endgame"",""rookEndgame"",""short""}",A discovered attack — moving one piece uncovers a deadly attack from another.,true,lichess,86z6v,33380,94,{}
lc_LX7HE,r1bq3r/5p2/pp1p2k1/2pP2P1/4P1n1/2N3P1/PP1QB1P1/R4RK1 b - - 0 27,"{""h8h1"",""g1h1"",""d8h8"",""h1g1"",""h8h2""}",rook,5,intermediate,Rook 5 · Mate In3,mateIn3,Black to move.,1371,Casual,"{""attraction"",""kingsideAttack"",""long"",""mate"",""mateIn3"",""middlegame"",""sacrifice""}",Checkmate in three — calculate the forcing line all the way to mate.,true,lichess,LX7HE,33142,95,{}
lc_bIIJN,4r1k1/3Q1ppp/1p6/p1p5/8/PP1P4/1q1B1PPP/2R3K1 b - - 1 24,"{""b2c1"",""d2c1"",""e8e1""}",rook,5,intermediate,Rook 5 · Mate In2,mateIn2,Black to move.,1371,Casual,"{""backRankMate"",""endgame"",""mate"",""mateIn2"",""sacrifice"",""short""}",Checkmate in two — a forced sequence that delivers checkmate on move two.,true,lichess,bIIJN,33032,95,{}
lc_nRZBF,rn2r1k1/p1p2ppp/1p6/3Pp2q/2P1RP2/B7/P1P2P1P/R2Q2K1 b - - 0 17,"{""h5g6"",""g1f1"",""g6e4""}",rook,5,intermediate,Rook 5 · Fork,fork,Black to move.,1371,Casual,"{""crushing"",""fork"",""middlegame"",""short""}","A fork — one piece attacks two enemy pieces at once, forcing a material win.",true,lichess,nRZBF,33017,95,"{""French_Defense"",""French_Defense_Winawer_Variation""}"
lc_JupYf,r6k/1p3R2/1p2p2p/7N/8/p7/6PP/7K w - - 0 38,"{""h5f6"",""a3a2"",""f7h7""}",rook,5,intermediate,Rook 5 · Mate In2,mateIn2,White to move.,1372,Casual,"{""arabianMate"",""endgame"",""mate"",""mateIn2"",""quietMove"",""short""}",Checkmate in two — a forced sequence that delivers checkmate on move two.,true,lichess,JupYf,43184,95,{}
lc_cnA1K,1rbk2nr/ppNp1pbp/3Pp1p1/4n3/2B5/5N2/PP3PPP/R1B1K2R w KQ - 5 13,"{""c1g5"",""g8f6"",""f3e5""}",rook,5,intermediate,Rook 5 · Interference,interference,White to move.,1372,Casual,"{""crushing"",""interference"",""opening"",""short""}",Interference — block the line between two enemy pieces to break their coordination.,true,lichess,cnA1K,37706,95,"{""Sicilian_Defense"",""Sicilian_Defense_Smith-Morra_Gambit""}"
lc_Ipsq8,Q7/p2pk3/4p3/1P6/8/5KP1/P4P2/4q3 b - - 4 34,"{""e1h1"",""f3e3"",""h1a8""}",rook,5,intermediate,Rook 5 · Skewer,skewer,Black to move.,1372,Casual,"{""crushing"",""endgame"",""queenEndgame"",""short"",""skewer""}","A skewer — the higher-value piece is forced to move, losing the piece behind it.",true,lichess,Ipsq8,37144,96,{}
lc_BpQXo,5q1k/ppR5/7p/3P2p1/1P4Q1/P6P/5rP1/7K b - - 3 29,"{""f2f1"",""h1h2"",""f8d6"",""g4g3"",""f1h1"",""h2h1"",""d6g3""}",rook,5,intermediate,Rook 5 · Fork,fork,Black to move.,1372,Casual,"{""advantage"",""deflection"",""endgame"",""fork"",""veryLong""}","A fork — one piece attacks two enemy pieces at once, forcing a material win.",true,lichess,BpQXo,36617,96,{}
lc_tTYc5,5rk1/pp2qp2/4pRp1/2p1P1Qp/2B3r1/P2P4/1P4P1/6K1 w - - 2 31,"{""f6g6"",""f7g6"",""g5e7""}",rook,5,intermediate,Rook 5 · Discovered Attack,discoveredAttack,White to move.,1372,Casual,"{""crushing"",""discoveredAttack"",""endgame"",""kingsideAttack"",""short""}",A discovered attack — moving one piece uncovers a deadly attack from another.,true,lichess,tTYc5,35843,96,{}
lc_IlGzQ,r4rk1/6pp/p1pqp3/1p6/3P4/2P3Pn/PP2QPKP/R1B1R3 b - - 1 21,"{""f8f2"",""e2f2"",""h3f2""}",rook,5,intermediate,Rook 5 · Fork,fork,Black to move.,1372,Casual,"{""advantage"",""fork"",""middlegame"",""short""}","A fork — one piece attacks two enemy pieces at once, forcing a material win.",true,lichess,IlGzQ,35422,95,{}
lc_VR985,5br1/ppp3kp/1r4p1/6B1/2qn1NP1/2Q5/PPP2P1P/3R2KR b - - 2 23,"{""c4c3"",""b2c3"",""d4f3"",""g1g2"",""f3g5""}",rook,5,intermediate,Rook 5 · Fork,fork,Black to move.,1372,Casual,"{""advantage"",""fork"",""long"",""middlegame""}","A fork — one piece attacks two enemy pieces at once, forcing a material win.",true,lichess,VR985,35124,95,{}
lc_q7FGi,r4rk1/1p2qp1p/2pp1Rp1/4p1Q1/1pP1P3/P2P2P1/4n1BP/5R1K w - - 0 26,"{""f6g6"",""h7g6"",""g5e7""}",rook,5,intermediate,Rook 5 · Discovered Attack,discoveredAttack,White to move.,1372,Casual,"{""advantage"",""discoveredAttack"",""kingsideAttack"",""middlegame"",""short""}",A discovered attack — moving one piece uncovers a deadly attack from another.,true,lichess,q7FGi,34207,95,{}
lc_VBtdk,4k3/p7/1bRP3r/1p6/2p5/2P2K2/PP6/8 w - - 3 42,"{""d6d7"",""e8d7"",""c6h6""}",rook,5,intermediate,Rook 5 · Discovered Attack,discoveredAttack,White to move.,1372,Casual,"{""advancedPawn"",""advantage"",""discoveredAttack"",""endgame"",""short""}",A discovered attack — moving one piece uncovers a deadly attack from another.,true,lichess,VBtdk,34101,95,{}
lc_gqHdM,4rrk1/p3Qpbp/1n4p1/8/4N3/1B5P/Pq3PP1/R4RK1 w - - 1 18,"{""b3f7"",""f8f7"",""e7e8""}",rook,5,intermediate,Rook 5 · Fork,fork,White to move.,1372,Casual,"{""crushing"",""deflection"",""fork"",""middlegame"",""short""}","A fork — one piece attacks two enemy pieces at once, forcing a material win.",true,lichess,gqHdM,33215,95,"{""Caro-Kann_Defense"",""Caro-Kann_Defense_Panov_Attack""}"
lc_x3s1P,3Rr3/1pq2pkp/5pp1/p3n3/8/P1P2B1P/1PQ2PP1/4R1K1 b - - 0 21,"{""e5f3"",""g2f3"",""e8e1"",""g1g2"",""c7d8""}",rook,5,intermediate,Rook 5 · Discovered Attack,discoveredAttack,Black to move.,1373,Casual,"{""crushing"",""discoveredAttack"",""kingsideAttack"",""long"",""middlegame""}",A discovered attack — moving one piece uncovers a deadly attack from another.,true,lichess,x3s1P,48814,96,{}
lc_KuOie,1k1r4/nPb2ppp/P3b3/2B5/3N4/5P2/2K3PP/7R w - - 5 34,"{""c5a7"",""b8a7"",""d4c6"",""a7a6"",""c6d8""}",rook,5,intermediate,Rook 5 · Fork,fork,White to move.,1373,Casual,"{""attraction"",""crushing"",""exposedKing"",""fork"",""long"",""middlegame""}","A fork — one piece attacks two enemy pieces at once, forcing a material win.",true,lichess,KuOie,37237,96,{}
lc_4XW1p,r5k1/1br3pp/4p3/PNbn4/8/4P1N1/6PP/2R1RBK1 b - - 1 35,"{""c5e3"",""e1e3"",""c7c1""}",rook,5,intermediate,Rook 5 · Fork,fork,Black to move.,1373,Casual,"{""advantage"",""deflection"",""discoveredAttack"",""fork"",""middlegame"",""short""}","A fork — one piece attacks two enemy pieces at once, forcing a material win.",true,lichess,4XW1p,36224,96,{}
lc_hV6cI,4Q3/2p1n1qp/1pp5/p6P/4P2k/2P2KN1/P7/8 w - - 9 55,"{""e8e7"",""g7e7"",""g3f5"",""h4h5"",""f5e7""}",rook,5,intermediate,Rook 5 · Fork,fork,White to move.,1373,Casual,"{""advantage"",""attraction"",""endgame"",""fork"",""long"",""master"",""sacrifice""}","A fork — one piece attacks two enemy pieces at once, forcing a material win.",true,lichess,hV6cI,36120,96,{}
lc_w9heD,2r1Nk2/p4p1p/3p2p1/1pb3q1/1P6/2Q4P/P1P2PP1/3R1RK1 b - - 0 25,"{""c5f2"",""f1f2"",""c8c3""}",rook,5,intermediate,Rook 5 · Discovered Attack,discoveredAttack,Black to move.,1373,Casual,"{""advantage"",""discoveredAttack"",""middlegame"",""short""}",A discovered attack — moving one piece uncovers a deadly attack from another.,true,lichess,w9heD,36025,96,{}
lc_BY0iA,r1b5/ppp4p/2n3p1/1N1Q2k1/8/7P/P1q2P2/1R2KB1R b K - 0 27,"{""c8f5"",""b5c7"",""c2b1""}",rook,5,intermediate,Rook 5 · Advantage,advantage,Black to move.,1373,Casual,"{""advantage"",""defensiveMove"",""middlegame"",""short""}",Find the strongest continuation and seize the advantage.,true,lichess,BY0iA,35351,95,{}
lc_Oq84I,8/pp3pk1/2p4p/3p1QP1/4nP2/1P6/P5PK/4r3 b - - 0 32,"{""e1h1"",""h2h1"",""e4g3"",""h1g1"",""g3f5""}",rook,5,intermediate,Rook 5 · Fork,fork,Black to move.,1373,Casual,"{""attraction"",""crushing"",""endgame"",""fork"",""long"",""sacrifice""}","A fork — one piece attacks two enemy pieces at once, forcing a material win.",true,lichess,Oq84I,35082,96,{}
lc_UWZI3,r1r3k1/3nbpp1/2q1p1p1/p2p2N1/3P1B2/2PQ3R/P4PPP/5RK1 w - - 3 23,"{""h3h8"",""g8h8"",""d3h3"",""h8g8"",""h3h7"",""g8f8"",""h7h8""}",rook,5,intermediate,Rook 5 · Attraction,attraction,White to move.,1373,Casual,"{""attraction"",""kingsideAttack"",""mate"",""mateIn4"",""middlegame"",""sacrifice"",""veryLong""}",An attraction — force an enemy piece onto a square where it can be exploited.,true,lichess,UWZI3,34652,95,{}
lc_m4Q6I,r1q1kb1r/ppp2p1p/4bp2/3P4/2BnP3/2Q5/PP3PPP/R1B1K1NR b KQkq - 2 11,"{""f8b4"",""c3b4"",""d4c2"",""e1f1"",""c2b4""}",rook,5,intermediate,Rook 5 · Fork,fork,Black to move.,1373,Casual,"{""advantage"",""attraction"",""fork"",""long"",""opening"",""pin"",""sacrifice""}","A fork — one piece attacks two enemy pieces at once, forcing a material win.",true,lichess,m4Q6I,33724,96,"{""Queens_Gambit_Declined"",""Queens_Gambit_Declined_Baltic_Defense""}"
lc_GlQWo,8/4R2R/5kp1/8/8/p5KP/1q6/8 w - - 0 56,"{""h7f7"",""f6g5"",""h3h4"",""g5h6"",""f7h7""}",rook,5,intermediate,Rook 5 · Mate In3,mateIn3,White to move.,1373,Casual,"{""endgame"",""long"",""mate"",""mateIn3"",""queenRookEndgame""}",Checkmate in three — calculate the forcing line all the way to mate.,true,lichess,GlQWo,33137,96,{}
lc_SbuYs,r3q1k1/1pp3p1/p2pp2B/4p2N/3bP1Q1/P2P3P/2P2rP1/1R3RK1 b - - 0 18,"{""f2f4"",""g1h2"",""f4g4""}",rook,5,intermediate,Rook 5 · Discovered Attack,discoveredAttack,Black to move.,1373,Casual,"{""advantage"",""collinearMove"",""discoveredAttack"",""discoveredCheck"",""kingsideAttack"",""middlegame"",""short""}",A discovered attack — moving one piece uncovers a deadly attack from another.,true,lichess,SbuYs,33120,96,"{""Bishops_Opening"",""Bishops_Opening_Berlin_Defense""}"
lc_1q4El,r5k1/p6p/6p1/2N5/2p5/4nN1P/PRP1rRP1/6K1 b - - 4 23,"{""e2f2"",""g1f2"",""e3d1"",""f2e2"",""d1b2""}",rook,5,intermediate,Rook 5 · Fork,fork,Black to move.,1374,Casual,"{""advantage"",""attraction"",""fork"",""long"",""middlegame""}","A fork — one piece attacks two enemy pieces at once, forcing a material win.",true,lichess,1q4El,49406,97,{}
lc_9UmlI,rnQ2b1r/p1p1kppp/2q5/4p3/8/8/PP1P1PPP/RNB1R1K1 b - - 4 12,"{""b8d7"",""c8a8"",""c6a8""}",rook,5,intermediate,Rook 5 · Trapped Piece,trappedPiece,Black to move.,1374,Casual,"{""advantage"",""middlegame"",""quietMove"",""short"",""trappedPiece""}",A trapped piece — the enemy piece has no safe squares and can be won.,true,lichess,9UmlI,36480,96,"{""Philidor_Defense"",""Philidor_Defense_Other_variations""}"
lc_j7Ix8,r2r2k1/pp2R1pp/2p5/8/6Q1/2q5/P4PPP/4R1K1 w - - 2 23,"{""g4e6"",""g8h8"",""e7e8"",""d8e8"",""e6e8"",""a8e8"",""e1e8""}",rook,5,intermediate,Rook 5 · Back Rank Mate,backRankMate,White to move.,1374,Casual,"{""backRankMate"",""endgame"",""mate"",""mateIn4"",""sacrifice"",""veryLong""}",A back-rank mate — the king is trapped behind its own pawns on the last rank.,true,lichess,j7Ix8,36434,95,{}
lc_0VwT4,4brk1/7p/p2Qp1p1/3p4/3q4/7R/PPP1B1PP/7K b - - 2 29,"{""d4d1"",""e2d1"",""f8f1""}",rook,5,intermediate,Rook 5 · Mate In2,mateIn2,Black to move.,1374,Casual,"{""backRankMate"",""endgame"",""mate"",""mateIn2"",""sacrifice"",""short""}",Checkmate in two — a forced sequence that delivers checkmate on move two.,true,lichess,0VwT4,36299,96,{}
lc_i26U2,4r1nr/pp1k1p1p/1q1N4/3pn3/8/2P5/PP1NQPPP/R1B1K2R b KQ - 0 14,"{""e5d3"",""e1f1"",""e8e2""}",rook,5,intermediate,Rook 5 · Pin,pin,Black to move.,1374,Casual,"{""crushing"",""discoveredAttack"",""middlegame"",""pin"",""short""}",A pin — the attacked piece can't move without exposing a more valuable piece behind it.,true,lichess,i26U2,35649,95,"{""Caro-Kann_Defense"",""Caro-Kann_Defense_Advance_Variation""}"
lc_lNJlB,r5k1/pp3pp1/q2rpn2/3p4/2nP4/1RP1BB2/P1P1QPPP/KR6 b - - 14 21,"{""a6a2"",""a1a2"",""d6a6"",""b3a3"",""a6a3""}",rook,5,intermediate,Rook 5 · Mate In3,mateIn3,Black to move.,1374,Casual,"{""attraction"",""long"",""mate"",""mateIn3"",""middlegame"",""sacrifice""}",Checkmate in three — calculate the forcing line all the way to mate.,true,lichess,lNJlB,35395,95,{}
lc_xIwlG,r1bqk1r1/pp3pbp/4p3/2p5/2Q5/2N2N2/PPnP1PPP/R1B2RK1 w q - 0 11,"{""c4a4"",""c8d7"",""a4c2""}",rook,5,intermediate,Rook 5 · Fork,fork,White to move.,1374,Casual,"{""advantage"",""fork"",""opening"",""short""}","A fork — one piece attacks two enemy pieces at once, forcing a material win.",true,lichess,xIwlG,35187,96,"{""Sicilian_Defense"",""Sicilian_Defense_Nimzowitsch_Variation""}"
lc_4uWeB,k2q3r/1R1n3r/p7/P2Pppb1/1QP3p1/6P1/4BKP1/1R6 w - - 1 32,"{""b7a7"",""a8a7"",""b4b7""}",rook,5,intermediate,Rook 5 · Mate In2,mateIn2,White to move.,1374,Casual,"{""attraction"",""mate"",""mateIn2"",""middlegame"",""queensideAttack"",""sacrifice"",""short""}",Checkmate in two — a forced sequence that delivers checkmate on move two.,true,lichess,4uWeB,34588,96,{}
lc_kxXAv,r4rk1/ppN2ppn/3p3p/4N2q/4P3/P2B3b/1PP2PP1/2RQ1R1K b - - 0 17,"{""h3g4"",""h1g1"",""g4d1""}",rook,5,intermediate,Rook 5 · Discovered Attack,discoveredAttack,Black to move.,1374,Casual,"{""crushing"",""discoveredAttack"",""discoveredCheck"",""middlegame"",""short""}",A discovered attack — moving one piece uncovers a deadly attack from another.,true,lichess,kxXAv,34574,95,"{""Philidor_Defense"",""Philidor_Defense_Other_variations""}"
lc_y5vaF,3r2k1/pp1r1qp1/1bp2pQp/5N2/1P1P4/P5PP/5P2/4R1K1 w - - 6 34,"{""f5h6"",""g8f8"",""h6f7""}",rook,5,intermediate,Rook 5 · Pin,pin,White to move.,1374,Casual,"{""advantage"",""kingsideAttack"",""middlegame"",""pin"",""short""}",A pin — the attacked piece can't move without exposing a more valuable piece behind it.,true,lichess,y5vaF,34571,95,{}
lc_FpEYI,2k3r1/1bqpnp1p/p3p3/1p4r1/4P3/1BP2P2/PP1N1QPP/2R3RK b - - 1 20,"{""c7h2"",""h1h2"",""g5h5"",""f2h4"",""h5h4""}",rook,5,intermediate,Rook 5 · Mate In3,mateIn3,Black to move.,1374,Casual,"{""attraction"",""kingsideAttack"",""long"",""mate"",""mateIn3"",""middlegame"",""sacrifice""}",Checkmate in three — calculate the forcing line all the way to mate.,true,lichess,FpEYI,34164,95,{}
lc_gNdEp,1r3rk1/p1p2p1p/3b1p2/2p2R2/2P4q/1P1P1QN1/P5PP/R5K1 b - - 1 20,"{""h4d4"",""g1h1"",""d4a1""}",rook,5,intermediate,Rook 5 · Fork,fork,Black to move.,1374,Casual,"{""crushing"",""fork"",""middlegame"",""short""}","A fork — one piece attacks two enemy pieces at once, forcing a material win.",true,lichess,gNdEp,33978,96,{}
lc_9ne7D,r1bk3r/pp1nq1Np/2pb1npP/3p1pN1/3p4/4P3/PPP2PP1/R1BQKB1R w KQ - 2 13,"{""g5e6"",""e7e6"",""g7e6""}",rook,5,intermediate,Rook 5 · Crushing,crushing,White to move.,1374,Casual,"{""crushing"",""master"",""opening"",""short""}",Find the strongest continuation and seize the advantage.,true,lichess,9ne7D,33291,95,"{""Queens_Pawn_Game"",""Queens_Pawn_Game_Chigorin_Variation""}"
lc_8kzRg,4k2r/3n1ppp/P1N1p3/p2pP3/1qp2P2/b1N5/1rPB1QPP/K2R3R b k - 4 24,"{""b2a2"",""c3a2"",""b4b2""}",rook,5,intermediate,Rook 5 · Mate In2,mateIn2,Black to move.,1374,Casual,"{""clearance"",""mate"",""mateIn2"",""middlegame"",""sacrifice"",""short""}",Checkmate in two — a forced sequence that delivers checkmate on move two.,true,lichess,8kzRg,33285,95,{}
lc_mbr55,4r1k1/1p3q1p/p3r1p1/3pPnQ1/2p2PB1/8/PP4PP/4RRK1 b - f3 0 23,"{""h7h6"",""g5f5"",""g6f5""}",rook,5,intermediate,Rook 5 · Trapped Piece,trappedPiece,Black to move.,1374,Casual,"{""crushing"",""middlegame"",""short"",""trappedPiece""}",A trapped piece — the enemy piece has no safe squares and can be won.,true,lichess,mbr55,33103,95,{}
lc_pOXPS,2kr3r/ppq1b1Qp/2p1p1p1/4P3/8/P7/1PP3PP/R1B2RK1 b - - 0 19,"{""e7c5"",""g1h1"",""c7g7""}",rook,5,intermediate,Rook 5 · Discovered Attack,discoveredAttack,Black to move.,1375,Casual,"{""crushing"",""discoveredAttack"",""middlegame"",""short""}",A discovered attack — moving one piece uncovers a deadly attack from another.,true,lichess,pOXPS,38938,96,"{""Queens_Pawn_Game"",""Queens_Pawn_Game_Other_variations""}"
lc_Lmkk7,2r2bk1/3b1ppp/3p4/3Pp1PP/4N3/Pp2BP2/2qQ4/K2R3R b - - 0 28,"{""b3b2"",""a1a2"",""b2b1q""}",rook,5,intermediate,Rook 5 · Mate In2,mateIn2,Black to move.,1375,Casual,"{""advancedPawn"",""discoveredCheck"",""doubleCheck"",""mate"",""mateIn2"",""middlegame"",""promotion"",""short""}",Checkmate in two — a forced sequence that delivers checkmate on move two.,true,lichess,Lmkk7,36696,95,{}
lc_kVAKM,4r1k1/pppnQpp1/5nbp/1N1p4/8/P1q2BBP/2P2PP1/5RK1 w - - 2 21,"{""e7e8"",""f6e8"",""b5c3""}",rook,5,intermediate,Rook 5 · Advantage,advantage,White to move.,1375,Casual,"{""advantage"",""middlegame"",""short""}",Find the strongest continuation and seize the advantage.,true,lichess,kVAKM,35340,95,{}
lc_vziwf,7k/1pp4p/p5p1/P3N3/3P1PBr/4P3/2q3R1/3R2K1 b - f3 0 33,"{""h4g4"",""g2g4"",""c2d1""}",rook,5,intermediate,Rook 5 · Pin,pin,Black to move.,1375,Casual,"{""advantage"",""capturingDefender"",""endgame"",""pin"",""short""}",A pin — the attacked piece can't move without exposing a more valuable piece behind it.,true,lichess,vziwf,34875,95,{}
lc_PIGrv,2r3k1/p5pp/4q3/8/2r2Q2/7P/P4PP1/R3R1K1 b - - 2 28,"{""e6e1"",""a1e1"",""c4f4""}",rook,5,intermediate,Rook 5 · Endgame,endgame,Black to move.,1375,Casual,"{""crushing"",""endgame"",""short""}",An endgame technique — precise play with few pieces where every tempo counts.,true,lichess,PIGrv,34386,95,{}
lc_NeRQh,6k1/p4r1p/1p1p4/5p2/2nP1Q2/2P4P/PP6/2KBr3 w - - 2 30,"{""f4g3"",""f7g7"",""g3e1""}",rook,5,intermediate,Rook 5 · Fork,fork,White to move.,1375,Casual,"{""crushing"",""endgame"",""fork"",""short""}","A fork — one piece attacks two enemy pieces at once, forcing a material win.",true,lichess,NeRQh,33878,96,{}
lc_bddFe,6k1/5p1p/4q1p1/8/3R3P/2r2PP1/5QK1/8 w - - 1 51,"{""d4d8"",""g8g7"",""f2d4"",""e6f6"",""d8g8"",""g7g8"",""d4f6""}",rook,5,intermediate,Rook 5 · Fork,fork,White to move.,1375,Casual,"{""advantage"",""deflection"",""endgame"",""fork"",""veryLong""}","A fork — one piece attacks two enemy pieces at once, forcing a material win.",true,lichess,bddFe,33825,96,{}
lc_vSZgC,r4r2/1pq1bp1k/4pBpp/p2p4/3P2R1/4QP1P/PPP2P2/1K1R4 w - - 5 21,"{""e3h6"",""h7h6"",""g4h4""}",rook,5,intermediate,Rook 5 · Mate In2,mateIn2,White to move.,1375,Casual,"{""attraction"",""mate"",""mateIn2"",""middlegame"",""pillsburysMate"",""sacrifice"",""short""}",Checkmate in two — a forced sequence that delivers checkmate on move two.,true,lichess,vSZgC,33637,96,{}
lc_ZWahB,r1r2n1k/1pp2P2/p2pN1Pp/8/8/8/PPP5/1K3R2 w - - 0 34,"{""g6g7"",""h8h7"",""g7g8q""}",rook,5,intermediate,Rook 5 · Mate In2,mateIn2,White to move.,1375,Casual,"{""advancedPawn"",""endgame"",""fork"",""mate"",""mateIn2"",""promotion"",""short""}",Checkmate in two — a forced sequence that delivers checkmate on move two.,true,lichess,ZWahB,33348,96,{}
lc_aDDVd,r2qkbnr/ppp2ppp/3p4/4N3/2BnPp2/2N5/PPPP2PP/R1Bb1RK1 w kq - 0 10,"{""c4f7"",""e8e7"",""c3d5""}",rook,5,intermediate,Rook 5 · Mate In2,mateIn2,White to move.,1375,Casual,"{""attackingF2F7"",""mate"",""mateIn2"",""opening"",""short""}",Checkmate in two — a forced sequence that delivers checkmate on move two.,true,lichess,aDDVd,33036,95,"{""Kings_Gambit"",""Kings_Gambit_Other_variations""}"
lc_axWxt,4r1k1/pp3ppn/4r2p/4N3/P2P4/2P1R1P1/1P4KP/R7 b - - 0 23,"{""f7f6"",""e5c4"",""e6e3"",""c4e3"",""e8e3""}",rook,5,intermediate,Rook 5 · Endgame,endgame,Black to move.,1375,Casual,"{""advantage"",""endgame"",""long""}",An endgame technique — precise play with few pieces where every tempo counts.,true,lichess,axWxt,32984,95,{}
lc_jnDlX,1r1q1rk1/1p1bbp2/p2p2np/2pP2pn/2P1P1N1/1PN4P/P2B2P1/R2Q1RK1 w - - 0 18,"{""g4h6"",""g8g7"",""d1h5""}",rook,5,intermediate,Rook 5 · Discovered Attack,discoveredAttack,White to move.,1376,Casual,"{""advantage"",""discoveredAttack"",""kingsideAttack"",""opening"",""short""}",A discovered attack — moving one piece uncovers a deadly attack from another.,true,lichess,jnDlX,37038,96,"{""Pirc_Defense"",""Pirc_Defense_Other_variations""}"
lc_H4ATP,2r5/4Pkpp/3R4/8/4P3/B7/2pK2P1/3b4 w - - 4 38,"{""d6d8"",""c2c1q"",""a3c1"",""f7e7"",""d8c8""}",rook,5,intermediate,Rook 5 · Endgame,endgame,White to move.,1376,Casual,"{""advantage"",""endgame"",""long""}",An endgame technique — precise play with few pieces where every tempo counts.,true,lichess,H4ATP,35843,95,{}
lc_g4KbG,8/1N4k1/6p1/3p4/2pPn3/2P2QP1/q4P1P/6K1 b - - 2 31,"{""a2b1"",""g1g2"",""b1b7""}",rook,5,intermediate,Rook 5 · Fork,fork,Black to move.,1376,Casual,"{""advantage"",""endgame"",""fork"",""short""}","A fork — one piece attacks two enemy pieces at once, forcing a material win.",true,lichess,g4KbG,35660,96,{}
lc_c6bWW,8/5pk1/4n1p1/1R2P2p/5P1P/3r1N2/5K2/8 b - - 2 48,"{""d3f3"",""f2f3"",""e6d4"",""f3e3"",""d4b5""}",rook,5,intermediate,Rook 5 · Fork,fork,Black to move.,1376,Casual,"{""attraction"",""crushing"",""endgame"",""exposedKing"",""fork"",""long"",""sacrifice""}","A fork — one piece attacks two enemy pieces at once, forcing a material win.",true,lichess,c6bWW,35256,96,{}
lc_96YLO,4k3/2QR3r/b3pp1p/1p4p1/8/1q4P1/5P1P/3R2K1 b - - 0 35,"{""b3d1"",""d7d1"",""h7c7""}",rook,5,intermediate,Rook 5 · Endgame,endgame,Black to move.,1376,Casual,"{""crushing"",""endgame"",""short""}",An endgame technique — precise play with few pieces where every tempo counts.,true,lichess,96YLO,35020,95,{}
lc_WpZw8,5r2/8/3p2p1/4b1k1/P4nb1/1P2Q3/2P3B1/5R1K b - a3 0 33,"{""f8h8"",""h1g1"",""e5d4"",""e3d4"",""f4e2"",""g1f2"",""e2d4""}",rook,5,intermediate,Rook 5 · Fork,fork,Black to move.,1376,Casual,"{""advantage"",""attraction"",""exposedKing"",""fork"",""master"",""middlegame"",""pin"",""sacrifice"",""veryLong""}","A fork — one piece attacks two enemy pieces at once, forcing a material win.",true,lichess,WpZw8,34934,95,{}
lc_Rj7lK,rnb2rk1/1pp1nppp/p3p3/2q5/2B5/PP3N2/2PB1PPP/R2Q1RK1 w - - 0 13,"{""d2b4"",""c5h5"",""b4e7""}",rook,5,intermediate,Rook 5 · Skewer,skewer,White to move.,1376,Casual,"{""advantage"",""opening"",""short"",""skewer""}","A skewer — the higher-value piece is forced to move, losing the piece behind it.",true,lichess,Rj7lK,34030,95,"{""French_Defense"",""French_Defense_Winawer_Variation""}"
lc_SVYCW,r2q1rk1/4ppbp/p1p2np1/8/1B2PP2/3Q3P/PPP3P1/3NRRK1 b - - 0 15,"{""d8b6"",""g1h2"",""b6b4""}",rook,5,intermediate,Rook 5 · Fork,fork,Black to move.,1376,Casual,"{""advantage"",""fork"",""middlegame"",""short""}","A fork — one piece attacks two enemy pieces at once, forcing a material win.",true,lichess,SVYCW,33823,95,"{""Sicilian_Defense"",""Sicilian_Defense_McDonnell_Attack""}"
lc_XKjXA,4r1k1/2p2p2/p1p4p/1p2Nq2/P2Pn1p1/1QP3PP/1P4P1/5RK1 b - - 3 23,"{""f5f1"",""g1f1"",""e4d2"",""f1f2"",""d2b3""}",rook,5,intermediate,Rook 5 · Fork,fork,Black to move.,1376,Casual,"{""attraction"",""crushing"",""endgame"",""fork"",""long"",""sacrifice""}","A fork — one piece attacks two enemy pieces at once, forcing a material win.",true,lichess,XKjXA,33401,95,{}
lc_DvVuv,6r1/p3qppk/bp5p/4pP2/3pP3/3P1KQR/PPr1B2P/6R1 w - - 3 29,"{""h3h6"",""h7h6"",""g3h3"",""e7h4"",""h3h4""}",rook,5,intermediate,Rook 5 · Mate In3,mateIn3,White to move.,1376,Casual,"{""attraction"",""long"",""mate"",""mateIn3"",""middlegame"",""sacrifice""}",Checkmate in three — calculate the forcing line all the way to mate.,true,lichess,DvVuv,33309,95,{}
lc_yVpIy,2R2bk1/p7/2Q2npp/2p1q3/1p5N/7P/PPr2PP1/6K1 w - - 2 30,"{""c8f8"",""g8f8"",""h4g6"",""f8f7"",""g6e5""}",rook,5,intermediate,Rook 5 · Fork,fork,White to move.,1376,Casual,"{""attraction"",""crushing"",""exposedKing"",""fork"",""long"",""middlegame""}","A fork — one piece attacks two enemy pieces at once, forcing a material win.",true,lichess,yVpIy,33064,95,{}
lc_oxlM8,8/8/r4p2/PP6/4P3/2K2k2/6p1/R7 b - - 0 45,"{""a6a5"",""a1a5"",""g2g1q""}",rook,5,intermediate,Rook 5 · Deflection,deflection,Black to move.,1376,Casual,"{""advancedPawn"",""crushing"",""deflection"",""endgame"",""promotion"",""rookEndgame"",""short""}",A deflection — lure a defending piece away from the square it was guarding.,true,lichess,oxlM8,33046,96,{}
lc_SieCW,r4rk1/p1p3pp/1p1bp2q/8/1P1P1n2/P4NP1/1BQ2PNP/2RR2K1 b - - 0 20,"{""f4h3"",""g1f1"",""f8f3""}",rook,5,intermediate,Rook 5 · Discovered Attack,discoveredAttack,Black to move.,1376,Casual,"{""crushing"",""discoveredAttack"",""kingsideAttack"",""middlegame"",""short""}",A discovered attack — moving one piece uncovers a deadly attack from another.,true,lichess,SieCW,32966,96,{}
lc_txbJ8,r4rk1/pbp3pp/1p3p2/4pQ2/2P1N3/3q4/PP4PP/R4RK1 w - - 0 17,"{""e4f6"",""g7f6"",""f5d3""}",rook,5,intermediate,Rook 5 · Discovered Attack,discoveredAttack,White to move.,1377,Casual,"{""crushing"",""discoveredAttack"",""middlegame"",""short""}",A discovered attack — moving one piece uncovers a deadly attack from another.,true,lichess,txbJ8,37506,96,"{""Queens_Pawn_Game"",""Queens_Pawn_Game_Chigorin_Variation""}"
lc_4H09v,8/1RP3pp/5n2/2r1k3/4p3/4N2P/6P1/6K1 w - - 1 39,"{""b7b5"",""c5b5"",""c7c8q""}",rook,5,intermediate,Rook 5 · Pin,pin,White to move.,1377,Casual,"{""advancedPawn"",""advantage"",""deflection"",""endgame"",""pin"",""promotion"",""short""}",A pin — the attacked piece can't move without exposing a more valuable piece behind it.,true,lichess,4H09v,37122,95,{}
lc_3u5Bm,2k5/2prrpp1/q1n4p/1N1n1Q2/P2P4/5PP1/5P2/R1R3K1 w - - 5 28,"{""c1c6"",""a6c6"",""b5a7"",""c8b7"",""a7c6""}",rook,6,intermediate,Rook 6 · Fork,fork,White to move.,1377,Casual,"{""attraction"",""crushing"",""fork"",""long"",""middlegame"",""sacrifice""}","A fork — one piece attacks two enemy pieces at once, forcing a material win.",true,lichess,3u5Bm,35379,96,{}
lc_3Yyur,6k1/p2r1ppp/1pN5/2pn4/8/8/PP3PPP/3R1K2 w - - 0 26,"{""d1d5"",""d7d5"",""c6e7"",""g8f8"",""e7d5""}",rook,6,intermediate,Rook 6 · Fork,fork,White to move.,1377,Casual,"{""advantage"",""attraction"",""endgame"",""fork"",""long"",""sacrifice""}","A fork — one piece attacks two enemy pieces at once, forcing a material win.",true,lichess,3Yyur,34326,95,{}
lc_if9Zj,1rr3k1/3Qbppp/p1n1p3/3pP3/3P2P1/q1N1PN2/1P5P/1K1R3R w - - 0 19,"{""d7c8"",""b8c8"",""b2a3""}",rook,6,intermediate,Rook 6 · Crushing,crushing,White to move.,1377,Casual,"{""crushing"",""middlegame"",""short""}",Find the strongest continuation and seize the advantage.,true,lichess,if9Zj,34158,95,"{""Caro-Kann_Defense"",""Caro-Kann_Defense_Advance_Variation""}"
lc_cu8i7,r3kb1r/pp1q2p1/2np3p/3N1p2/4p2B/8/PPP2PPP/R2QK2R w KQkq - 0 13,"{""d1h5"",""d7f7"",""d5c7"",""e8d7"",""h5f7""}",rook,6,intermediate,Rook 6 · Pin,pin,White to move.,1377,Casual,"{""crushing"",""deflection"",""exposedKing"",""long"",""middlegame"",""pin""}",A pin — the attacked piece can't move without exposing a more valuable piece behind it.,true,lichess,cu8i7,33426,97,"{""Sicilian_Defense"",""Sicilian_Defense_Canal_Attack""}"
lc_IRNYL,5rrk/5p1p/Q2Nqp2/1pP1p3/1P3n2/P6P/5PPK/R5R1 b - - 2 27,"{""g8g2"",""g1g2"",""e6h3"",""h2g1"",""h3g2""}",rook,6,intermediate,Rook 6 · Mate In3,mateIn3,Black to move.,1377,Casual,"{""attraction"",""long"",""mate"",""mateIn3"",""middlegame"",""sacrifice""}",Checkmate in three — calculate the forcing line all the way to mate.,true,lichess,IRNYL,33190,96,{}
lc_r84T4,r3r1k1/pp3ppn/2nq2b1/2p3b1/4P2N/P2P4/BPPNQ3/2K2R1R w - - 0 21,"{""h4g6"",""d6g6"",""a2f7"",""g6f7"",""f1f7""}",rook,6,intermediate,Rook 6 · Fork,fork,White to move.,1378,Casual,"{""crushing"",""fork"",""long"",""middlegame"",""pin""}","A fork — one piece attacks two enemy pieces at once, forcing a material win.",true,lichess,r84T4,39975,94,{}
lc_gV3NS,6k1/R2N4/6p1/4pp1p/1K6/2r1B1P1/2r2P1P/5b2 w - - 0 39,"{""d7f6"",""g8h8"",""a7h7""}",rook,6,intermediate,Rook 6 · Mate In2,mateIn2,White to move.,1378,Casual,"{""arabianMate"",""endgame"",""mate"",""mateIn2"",""short""}",Checkmate in two — a forced sequence that delivers checkmate on move two.,true,lichess,gV3NS,39173,95,{}
lc_1qEzn,3q1rk1/p3p2p/1p3ppb/8/3P3P/5QB1/PPr2PP1/R2R2K1 w - - 3 21,"{""f3b3"",""f8f7"",""b3c2""}",rook,6,intermediate,Rook 6 · Fork,fork,White to move.,1378,Casual,"{""crushing"",""fork"",""middlegame"",""short""}","A fork — one piece attacks two enemy pieces at once, forcing a material win.",true,lichess,1qEzn,36595,95,{}
lc_kqIEg,4r2k/pp4Rp/4qp2/3pr3/3Q4/8/PPP5/3K2R1 w - - 2 35,"{""g7h7"",""h8h7"",""d4h4"",""e5h5"",""h4h5""}",rook,6,intermediate,Rook 6 · Mate In3,mateIn3,White to move.,1378,Casual,"{""attraction"",""endgame"",""long"",""mate"",""mateIn3"",""sacrifice""}",Checkmate in three — calculate the forcing line all the way to mate.,true,lichess,kqIEg,35430,96,{}
lc_qvhWW,6k1/p1p3pp/3qp2r/3pN3/1PpPbP2/4P3/Q7/R4RK1 b - - 4 27,"{""h6h1"",""g1f2"",""h1h2"",""f2g3"",""h2a2""}",rook,6,intermediate,Rook 6 · Skewer,skewer,Black to move.,1378,Casual,"{""crushing"",""exposedKing"",""long"",""middlegame"",""skewer""}","A skewer — the higher-value piece is forced to move, losing the piece behind it.",true,lichess,qvhWW,34622,96,{}
lc_W0dCY,1r2nrk1/6p1/2p1p1p1/p2pq1B1/8/Q4P2/1PK5/3R3R w - - 0 30,"{""h1h8"",""g8h8"",""a3f8"",""h8h7"",""d1h1"",""e5h2"",""h1h2""}",rook,6,intermediate,Rook 6 · Deflection,deflection,White to move.,1378,Casual,"{""attraction"",""deflection"",""mate"",""mateIn4"",""middlegame"",""veryLong""}",A deflection — lure a defending piece away from the square it was guarding.,true,lichess,W0dCY,34169,96,{}
lc_h25Pt,2q3r1/3nppk1/p2p4/1p5Q/1Pr1PP1P/P1PR4/6P1/2R3K1 w - - 1 29,"{""d3g3"",""g7f8"",""h5h6"",""f8e8"",""g3g8""}",rook,6,intermediate,Rook 6 · Deflection,deflection,White to move.,1378,Casual,"{""crushing"",""deflection"",""long"",""middlegame""}",A deflection — lure a defending piece away from the square it was guarding.,true,lichess,h25Pt,34123,96,{}
lc_FkFr4,r3k2r/pp1nq3/2p2p2/6p1/3N4/1P2b1P1/P2NQ1PP/R3R2K b kq - 0 20,"{""h8h2"",""h1h2"",""e7h7"",""e2h5"",""h7h5""}",rook,6,intermediate,Rook 6 · Mate In3,mateIn3,Black to move.,1378,Casual,"{""attraction"",""kingsideAttack"",""long"",""mate"",""mateIn3"",""middlegame"",""sacrifice""}",Checkmate in three — calculate the forcing line all the way to mate.,true,lichess,FkFr4,33420,95,{}
lc_kAdcB,3Q4/6pk/7p/2p2R2/q3n3/2PK4/1P6/8 b - - 2 38,"{""a4d1"",""d3e4"",""d1d8""}",rook,6,intermediate,Rook 6 · Skewer,skewer,Black to move.,1378,Casual,"{""crushing"",""endgame"",""short"",""skewer""}","A skewer — the higher-value piece is forced to move, losing the piece behind it.",true,lichess,kAdcB,33414,95,{}
lc_WWZ68,8/6p1/3k2K1/6B1/8/4R1P1/6r1/2q5 w - - 0 49,"{""e3d3"",""d6e5"",""g5c1""}",rook,6,intermediate,Rook 6 · Discovered Attack,discoveredAttack,White to move.,1378,Casual,"{""crushing"",""discoveredAttack"",""endgame"",""short""}",A discovered attack — moving one piece uncovers a deadly attack from another.,true,lichess,WWZ68,33316,96,{}
lc_dMeb9,r3kn1r/2q3pp/2p2n2/pb6/Qp1P4/1B2P2P/PP3PP1/RNR3K1 w kq - 7 20,"{""a4b5"",""c6b5"",""c1c7""}",rook,6,intermediate,Rook 6 · Advantage,advantage,White to move.,1378,Casual,"{""advantage"",""opening"",""short""}",Find the strongest continuation and seize the advantage.,true,lichess,dMeb9,33274,96,"{""Indian_Defense"",""Indian_Defense_Other_variations""}"
lc_HUS0j,8/1p6/4p3/p1PpPP2/P2k2K1/8/8/8 b - - 0 46,"{""d4e5"",""f5e6"",""e5e6""}",rook,6,intermediate,Rook 6 · Pawn Endgame,pawnEndgame,Black to move.,1378,Casual,"{""crushing"",""endgame"",""pawnEndgame"",""short""}",A pawn endgame — king opposition and the square of the pawn decide it.,true,lichess,HUS0j,33160,96,{}
lc_TYp1h,8/8/1P5k/P2p4/3Pb3/4P3/r5p1/4K1R1 w - - 3 49,"{""b6b7"",""a2b2"",""a5a6"",""h6g5"",""a6a7"",""b2b7"",""a7a8q""}",rook,6,intermediate,Rook 6 · Promotion,promotion,White to move.,1378,Casual,"{""advancedPawn"",""crushing"",""endgame"",""promotion"",""veryLong""}",Pawn promotion — advance the pawn to its final rank and choose your new piece wisely.,true,lichess,TYp1h,32923,96,{}
lc_UcZ4M,r2qkb1r/pp1bpppp/2n5/1B1n4/3P4/5N2/PP3PPP/RNBQK2R b KQkq - 5 8,"{""d8a5"",""b1c3"",""d5c3"",""b2c3"",""a5b5""}",rook,6,intermediate,Rook 6 · Fork,fork,Black to move.,1379,Casual,"{""capturingDefender"",""crushing"",""fork"",""long"",""opening""}","A fork — one piece attacks two enemy pieces at once, forcing a material win.",true,lichess,UcZ4M,37150,96,"{""Caro-Kann_Defense"",""Caro-Kann_Defense_Panov_Attack""}"
lc_2d11L,r2qkb1r/pp4pp/2n1Bn2/4p3/8/5Q2/PPPP1PPP/RNB1K2R b KQkq - 0 11,"{""c6d4"",""f3h3"",""d4c2""}",rook,6,intermediate,Rook 6 · Fork,fork,Black to move.,1379,Casual,"{""advantage"",""fork"",""opening"",""short""}","A fork — one piece attacks two enemy pieces at once, forcing a material win.",true,lichess,2d11L,37094,96,"{""Italian_Game"",""Italian_Game_Two_Knights_Defense""}"
lc_YppoK,r1b2rk1/ppqnbppp/8/6B1/1P1Np3/P6P/B1PQ1PP1/R3K2R b KQ - 1 16,"{""e7g5"",""d2g5"",""c7c3"",""e1e2"",""c3d4""}",rook,6,intermediate,Rook 6 · Fork,fork,Black to move.,1379,Casual,"{""advantage"",""fork"",""long"",""middlegame""}","A fork — one piece attacks two enemy pieces at once, forcing a material win.",true,lichess,YppoK,36871,95,"{""Ruy_Lopez"",""Ruy_Lopez_Berlin_Defense""}"
lc_rYgrJ,Nn1k1b1r/pp2p1p1/2p3p1/5P2/7q/3B4/PPPP1PQn/R1B2RK1 b - - 0 18,"{""h2f3"",""g2f3"",""h4h2""}",rook,6,intermediate,Rook 6 · Mate In2,mateIn2,Black to move.,1379,Casual,"{""clearance"",""kingsideAttack"",""mate"",""mateIn2"",""opening"",""sacrifice"",""short""}",Checkmate in two — a forced sequence that delivers checkmate on move two.,true,lichess,rYgrJ,36266,96,"{""Caro-Kann_Defense"",""Caro-Kann_Defense_Two_Knights_Attack""}"
lc_TxOGD,r6r/p4Pp1/3Q1nk1/4p1q1/2P5/N3P3/PP1B3P/R4R1K b - - 2 24,"{""h8h2"",""h1h2"",""a8h8""}",rook,6,intermediate,Rook 6 · Mate In2,mateIn2,Black to move.,1379,Casual,"{""attraction"",""kingsideAttack"",""mate"",""mateIn2"",""middlegame"",""sacrifice"",""short""}",Checkmate in two — a forced sequence that delivers checkmate on move two.,true,lichess,TxOGD,36096,95,{}
lc_kmjxD,8/8/Pp1k1p2/1BrP2p1/3KPp1p/5P1P/6P1/8 w - - 2 47,"{""a6a7"",""c5c8"",""b5c6""}",rook,6,intermediate,Rook 6 · Advanced Pawn,advancedPawn,White to move.,1379,Casual,"{""advancedPawn"",""crushing"",""defensiveMove"",""endgame"",""short""}",An advanced pawn — push the passer or use its threats to win material.,true,lichess,kmjxD,35689,96,{}
lc_v5lCb,4r1k1/p4p2/2p3q1/3p3R/6Q1/6P1/P4PK1/8 w - - 0 34,"{""h5g5"",""g6g5"",""g4g5""}",rook,6,intermediate,Rook 6 · Pin,pin,White to move.,1379,Casual,"{""advantage"",""endgame"",""pin"",""short""}",A pin — the attacked piece can't move without exposing a more valuable piece behind it.,true,lichess,v5lCb,35654,96,{}
lc_I1Tao,1k5r/pp6/8/2N1P3/4q3/1Q2p3/PP1r2PP/1R4RK b - - 0 28,"{""h8h2"",""h1h2"",""e4h4""}",rook,6,intermediate,Rook 6 · Mate In2,mateIn2,Black to move.,1379,Casual,"{""attraction"",""mate"",""mateIn2"",""middlegame"",""sacrifice"",""short""}",Checkmate in two — a forced sequence that delivers checkmate on move two.,true,lichess,I1Tao,35123,96,{}
lc_mnJx9,3r2k1/6q1/2p2p2/2N5/4P1QP/P7/2P2P2/b6K w - - 1 30,"{""g4g7"",""g8g7"",""c5e6"",""g7f7"",""e6d8""}",rook,6,intermediate,Rook 6 · Fork,fork,White to move.,1379,Casual,"{""attraction"",""crushing"",""endgame"",""exposedKing"",""fork"",""long""}","A fork — one piece attacks two enemy pieces at once, forcing a material win.",true,lichess,mnJx9,35119,95,{}
lc_6WUe0,1k2r3/p1p4p/7q/5p2/N5np/P4QP1/1Pr2PK1/3R1R2 w - - 0 25,"{""f3b3"",""b8a8"",""b3c2""}",rook,6,intermediate,Rook 6 · Fork,fork,White to move.,1379,Casual,"{""crushing"",""fork"",""middlegame"",""short""}","A fork — one piece attacks two enemy pieces at once, forcing a material win.",true,lichess,6WUe0,34890,94,{}
lc_QFMPf,rnbr2k1/pp3p2/2ppp2p/6Np/8/3B4/PPP2P1P/R5RK w - - 0 19,"{""g5e6"",""g8h8"",""e6d8""}",rook,6,intermediate,Rook 6 · Discovered Attack,discoveredAttack,White to move.,1379,Casual,"{""crushing"",""discoveredAttack"",""discoveredCheck"",""kingsideAttack"",""middlegame"",""short""}",A discovered attack — moving one piece uncovers a deadly attack from another.,true,lichess,QFMPf,34566,96,"{""French_Defense"",""French_Defense_Normal_Variation""}"
lc_bsQC4,3r2r1/1p2b1p1/p6p/4k3/3p2R1/8/PP1B2PP/R6K w - - 2 23,"{""a1e1"",""e5d5"",""e1e7""}",rook,6,intermediate,Rook 6 · Skewer,skewer,White to move.,1379,Casual,"{""advantage"",""endgame"",""short"",""skewer""}","A skewer — the higher-value piece is forced to move, losing the piece behind it.",true,lichess,bsQC4,34565,96,{}
lc_h9sKh,6k1/1p3ppp/p4b2/2P1q3/1P1r2Q1/P5P1/5P1P/3R2K1 w - - 0 28,"{""g4c8"",""f6d8"",""c8d8"",""d4d8"",""d1d8"",""e5e8"",""d8e8""}",rook,6,intermediate,Rook 6 · Back Rank Mate,backRankMate,White to move.,1379,Casual,"{""backRankMate"",""endgame"",""mate"",""mateIn4"",""veryLong"",""xRayAttack""}",A back-rank mate — the king is trapped behind its own pawns on the last rank.,true,lichess,h9sKh,34468,95,{}
lc_SlPZv,r4rk1/1p3pp1/p6p/3p4/3n2n1/P1NB4/1PP2RPP/R5K1 w - - 1 20,"{""f2f4"",""d4c2"",""d3c2""}",rook,6,intermediate,Rook 6 · Fork,fork,White to move.,1379,Casual,"{""advantage"",""fork"",""middlegame"",""short""}","A fork — one piece attacks two enemy pieces at once, forcing a material win.",true,lichess,SlPZv,33878,94,"{""Caro-Kann_Defense"",""Caro-Kann_Defense_Exchange_Variation""}"
lc_llgRF,1r2n3/1p3kp1/2P4p/7b/PR6/1P5P/5PPK/8 w - - 1 34,"{""b4b7"",""b8b7"",""c6b7""}",rook,6,intermediate,Rook 6 · Advanced Pawn,advancedPawn,White to move.,1379,Casual,"{""advancedPawn"",""crushing"",""endgame"",""short""}",An advanced pawn — push the passer or use its threats to win material.,true,lichess,llgRF,33610,96,{}
lc_peCSd,2r3k1/5pp1/3R2b1/p5rp/Pp2PRn1/8/8/1N1Q3K b - - 2 38,"{""g6e4"",""f4e4"",""g4f2"",""h1h2"",""f2d1""}",rook,6,intermediate,Rook 6 · Fork,fork,Black to move.,1379,Casual,"{""advantage"",""exposedKing"",""fork"",""long"",""middlegame"",""sacrifice""}","A fork — one piece attacks two enemy pieces at once, forcing a material win.",true,lichess,peCSd,33468,96,{}
lc_r16PG,rnb1k2r/ppp2ppp/8/2b1P3/1q2nP2/P4N2/1P1N2PP/R1BQKB1R b KQkq - 0 10,"{""c5f2"",""e1e2"",""b4b5""}",rook,6,intermediate,Rook 6 · Crushing,crushing,Black to move.,1379,Casual,"{""crushing"",""opening"",""short""}",Find the strongest continuation and seize the advantage.,true,lichess,r16PG,32976,95,"{""Danish_Gambit"",""Danish_Gambit_Other_variations""}"
lc_gHNv7,5rk1/2p5/1p6/p1n2Nqp/3NPnpP/2P5/PP1Q2P1/R4BK1 b - - 0 29,"{""f4h3"",""g2h3"",""g5d2""}",rook,6,intermediate,Rook 6 · Discovered Attack,discoveredAttack,Black to move.,1380,Casual,"{""crushing"",""discoveredAttack"",""master"",""masterVsMaster"",""middlegame"",""short"",""superGM""}",A discovered attack — moving one piece uncovers a deadly attack from another.,true,lichess,gHNv7,40586,95,{}
lc_X1Oy5,2r3k1/3Nnpp1/Q1p1p2p/3p4/8/3b4/PP1q1PPP/R2R2K1 b - - 3 19,"{""d2d1"",""a1d1"",""d3a6""}",rook,6,intermediate,Rook 6 · Crushing,crushing,Black to move.,1380,Casual,"{""crushing"",""middlegame"",""short""}",Find the strongest continuation and seize the advantage.,true,lichess,X1Oy5,34759,95,"{""Caro-Kann_Defense"",""Caro-Kann_Defense_Other_variations""}"
lc_EtbXe,5rk1/p3Qppp/2Bp4/8/2bP4/P1P2KPP/3q4/4R3 w - - 0 28,"{""e7f8"",""g8f8"",""e1e8""}",rook,6,intermediate,Rook 6 · Mate In2,mateIn2,White to move.,1380,Casual,"{""attraction"",""endgame"",""mate"",""mateIn2"",""operaMate"",""sacrifice"",""short""}",Checkmate in two — a forced sequence that delivers checkmate on move two.,true,lichess,EtbXe,34279,95,{}
lc_15xNM,6k1/p1p2pp1/2p3rp/8/3PbB1P/1PP5/P4P1P/R4K2 b - - 4 27,"{""e4d3"",""f1e1"",""g6g1"",""e1d2"",""g1a1""}",rook,6,intermediate,Rook 6 · Skewer,skewer,Black to move.,1380,Casual,"{""advantage"",""endgame"",""long"",""skewer""}","A skewer — the higher-value piece is forced to move, losing the piece behind it.",true,lichess,15xNM,34228,96,{}
lc_aJ530,r2qkbnr/ppp1pppp/4b3/8/2Q1P3/2N5/PPn1KPPP/R1B2BNR w kq - 3 8,"{""c4a4"",""e6d7"",""a4c2""}",rook,6,intermediate,Rook 6 · Fork,fork,White to move.,1380,Casual,"{""advantage"",""fork"",""opening"",""short""}","A fork — one piece attacks two enemy pieces at once, forcing a material win.",true,lichess,aJ530,34222,95,"{""Queens_Gambit_Declined"",""Queens_Gambit_Declined_Baltic_Defense""}"
lc_ojwfj,4r3/1k6/8/2Q2p2/PP6/6P1/2n1qPP1/5RK1 b - a3 0 36,"{""e2f1"",""g1f1"",""e8e1""}",rook,6,intermediate,Rook 6 · Mate In2,mateIn2,Black to move.,1380,Casual,"{""attraction"",""endgame"",""mate"",""mateIn2"",""sacrifice"",""short""}",Checkmate in two — a forced sequence that delivers checkmate on move two.,true,lichess,ojwfj,34102,96,{}
lc_5Q6Pb,1kq2bnr/pp4pp/2p2pn1/4P3/5PQ1/2N1B3/PPP3PP/3R2K1 w - - 2 20,"{""e3a7"",""b8a7"",""g4c8""}",rook,6,intermediate,Rook 6 · Deflection,deflection,White to move.,1380,Casual,"{""crushing"",""deflection"",""middlegame"",""queensideAttack"",""short""}",A deflection — lure a defending piece away from the square it was guarding.,true,lichess,5Q6Pb,33993,96,"{""Four_Knights_Game"",""Four_Knights_Game_Halloween_Gambit""}"
lc_K1gZQ,4r3/p5pp/1p6/3B1k2/2P2P1b/4B1nP/PP4PK/4R3 b - - 0 25,"{""e8e3"",""e1e3"",""g3f1"",""h2g1"",""f1e3""}",rook,6,intermediate,Rook 6 · Fork,fork,Black to move.,1380,Casual,"{""advantage"",""attraction"",""endgame"",""fork"",""long"",""sacrifice""}","A fork — one piece attacks two enemy pieces at once, forcing a material win.",true,lichess,K1gZQ,33841,95,{}
lc_kw6NB,8/5pp1/2k1p3/2n1P1Pp/1pPr1P1P/1P6/2KB4/R7 b - - 4 38,"{""d4d2"",""c2d2"",""c5b3"",""d2c2"",""b3a1""}",rook,6,intermediate,Rook 6 · Fork,fork,Black to move.,1380,Casual,"{""attraction"",""crushing"",""deflection"",""endgame"",""fork"",""long""}","A fork — one piece attacks two enemy pieces at once, forcing a material win.",true,lichess,kw6NB,33724,96,{}
lc_UIaSv,4RQ2/6pk/8/2p1p3/1p5p/3q2bK/1P6/8 w - - 6 38,"{""f8h8"",""h7g6"",""e8e6"",""g6f5"",""h8h7"",""f5e6"",""h7d3""}",rook,6,intermediate,Rook 6 · Skewer,skewer,White to move.,1380,Casual,"{""advantage"",""endgame"",""skewer"",""veryLong""}","A skewer — the higher-value piece is forced to move, losing the piece behind it.",true,lichess,UIaSv,33448,95,{}
lc_xwlEV,2b1r1k1/3pR3/7p/2p4B/1p4P1/1P5P/r3qP2/4R1K1 w - - 0 29,"{""e7e8"",""e2e8"",""e1e8"",""g8g7"",""e8c8""}",rook,6,intermediate,Rook 6 · Fork,fork,White to move.,1380,Casual,"{""crushing"",""exposedKing"",""fork"",""long"",""middlegame"",""xRayAttack""}","A fork — one piece attacks two enemy pieces at once, forcing a material win.",true,lichess,xwlEV,33282,96,{}
lc_McWGo,7r/8/p1P5/5p2/3Rpk2/1P4Rr/P4K2/8 w - - 0 42,"{""g3h3"",""h8h3"",""c6c7"",""h3h8"",""d4d8""}",rook,6,intermediate,Rook 6 · Advanced Pawn,advancedPawn,White to move.,1381,Casual,"{""advancedPawn"",""crushing"",""endgame"",""long"",""master"",""masterVsMaster"",""rookEndgame"",""superGM""}",An advanced pawn — push the passer or use its threats to win material.,true,lichess,McWGo,40779,96,{}
lc_aa0RG,6k1/p4pn1/1p2p1pp/n7/4qPQ1/P5PN/P1r4P/B2R2K1 w - - 2 27,"{""d1d8"",""g8h7"",""h3g5"",""h6g5"",""g4h3"",""g7h5"",""d8h8""}",rook,6,intermediate,Rook 6 · Clearance,clearance,White to move.,1381,Casual,"{""clearance"",""kingsideAttack"",""mate"",""mateIn4"",""middlegame"",""operaMate"",""sacrifice"",""veryLong""}",A clearance — vacate a square or line so another piece can strike.,true,lichess,aa0RG,37020,96,{}
lc_8X0HQ,r2qkb1r/ppp2ppp/5n2/3P1b2/3n4/1QN5/PP3PPP/R1B1KBNR w KQkq - 0 8,"{""b3a4"",""d8d7"",""a4d4""}",rook,6,intermediate,Rook 6 · Fork,fork,White to move.,1381,Casual,"{""advantage"",""fork"",""opening"",""short""}","A fork — one piece attacks two enemy pieces at once, forcing a material win.",true,lichess,8X0HQ,36618,95,"{""French_Defense"",""French_Defense_Exchange_Variation""}"
lc_OxLN8,r5rk/1bq1bp1p/p3p3/3p1p2/5N2/2N3QP/PPP2PP1/R4RK1 w - - 2 22,"{""f4g6"",""h7g6"",""g3c7""}",rook,6,intermediate,Rook 6 · Discovered Attack,discoveredAttack,White to move.,1381,Casual,"{""crushing"",""discoveredAttack"",""middlegame"",""short""}",A discovered attack — moving one piece uncovers a deadly attack from another.,true,lichess,OxLN8,35460,95,{}
lc_E92zp,r1q1kb1r/p1p2ppp/1p2p3/3pP3/6n1/1Q2P3/PPP2PPP/RNB1K2R w KQkq - 1 12,"{""b3a4"",""c8d7"",""a4g4""}",rook,6,intermediate,Rook 6 · Fork,fork,White to move.,1381,Casual,"{""advantage"",""fork"",""middlegame"",""short""}","A fork — one piece attacks two enemy pieces at once, forcing a material win.",true,lichess,E92zp,34876,96,"{""Queens_Pawn_Game"",""Queens_Pawn_Game_Other_variations""}"
lc_FSw0c,r1b1r1k1/1p4p1/1bpq3p/p3pp2/8/P1PP1B1P/1P3PPN/R2Q1RK1 w - - 1 18,"{""d1b3"",""c8e6"",""b3b6""}",rook,6,intermediate,Rook 6 · Fork,fork,White to move.,1381,Casual,"{""advantage"",""fork"",""middlegame"",""short""}","A fork — one piece attacks two enemy pieces at once, forcing a material win.",true,lichess,FSw0c,34656,95,"{""Four_Knights_Game"",""Four_Knights_Game_Other_variations""}"
lc_i8I4p,r2qkb1r/pB1bpp1p/3pnnp1/1P6/Q1P5/2NPP1P1/5P1P/R1B1K1NR b KQkq - 0 12,"{""e6c5"",""a4c2"",""c5b7""}",rook,6,intermediate,Rook 6 · Fork,fork,Black to move.,1381,Casual,"{""advantage"",""fork"",""opening"",""short""}","A fork — one piece attacks two enemy pieces at once, forcing a material win.",true,lichess,i8I4p,33848,95,"{""English_Opening"",""English_Opening_Symmetrical_Variation""}"
lc_nGr2R,4R3/7k/3pNr1p/3Pb2P/6P1/5r2/R5K1/8 b - - 4 42,"{""f3g3"",""g2h2"",""g3a3"",""h2g1"",""a3a2""}",rook,6,intermediate,Rook 6 · Discovered Attack,discoveredAttack,Black to move.,1381,Casual,"{""crushing"",""discoveredAttack"",""discoveredCheck"",""endgame"",""exposedKing"",""long""}",A discovered attack — moving one piece uncovers a deadly attack from another.,true,lichess,nGr2R,33683,95,{}
lc_uiu8u,3r3k/6R1/p4p1B/1pq1p2P/3nb3/5P2/PPP3Q1/5K2 w - - 0 28,"{""g7h7"",""e4h7"",""g2g7""}",rook,6,intermediate,Rook 6 · Mate In2,mateIn2,White to move.,1381,Casual,"{""clearance"",""mate"",""mateIn2"",""middlegame"",""sacrifice"",""short""}",Checkmate in two — a forced sequence that delivers checkmate on move two.,true,lichess,uiu8u,33419,96,{}
lc_Moyly,2kr3r/pppq1ppp/3p4/3P4/3PR1Q1/6P1/PP3P2/R1B3K1 b - - 2 18,"{""f7f5"",""g4h4"",""f5e4""}",rook,6,intermediate,Rook 6 · Fork,fork,Black to move.,1381,Casual,"{""crushing"",""fork"",""middlegame"",""short""}","A fork — one piece attacks two enemy pieces at once, forcing a material win.",true,lichess,Moyly,33028,96,"{""Hungarian_Opening"",""Hungarian_Opening_Other_variations""}"
lc_dhQc7,r4rk1/2p2ppp/3p4/pp6/3pP3/3P4/bPPRBPPP/2K4R w - - 0 17,"{""b2b3"",""a5a4"",""c1b2"",""a4b3"",""c2b3""}",rook,6,intermediate,Rook 6 · Endgame,endgame,White to move.,1382,Casual,"{""advantage"",""endgame"",""long"",""quietMove""}",An endgame technique — precise play with few pieces where every tempo counts.,true,lichess,dhQc7,36712,96,"{""Three_Knights_Opening"",""Three_Knights_Opening_Other_variations""}"
lc_NkrRi,rnbqkbnr/pp1p2pp/2p5/5B2/3P4/8/PPP2PPP/RNBQK1NR b KQkq - 0 5,"{""d8a5"",""c2c3"",""a5f5""}",rook,6,intermediate,Rook 6 · Fork,fork,Black to move.,1382,Casual,"{""advantage"",""fork"",""opening"",""short""}","A fork — one piece attacks two enemy pieces at once, forcing a material win.",true,lichess,NkrRi,36260,96,"{""Caro-Kann_Defense"",""Caro-Kann_Defense_Other_variations""}"
lc_z2oIM,3r2k1/pppR1rpp/8/q2P4/8/8/P3Q1PP/6K1 w - - 0 23,"{""d7d8"",""f7f8"",""e2e6"",""g8h8"",""d8f8""}",rook,6,intermediate,Rook 6 · Mate In3,mateIn3,White to move.,1382,Casual,"{""backRankMate"",""deflection"",""endgame"",""hangingPiece"",""long"",""mate"",""mateIn3""}",Checkmate in three — calculate the forcing line all the way to mate.,true,lichess,z2oIM,36156,95,{}
lc_q2JIv,2k1B3/ppp5/q4pp1/8/6P1/bP1rP2P/P1P1QP2/1K1R4 b - - 0 23,"{""d3b3"",""a2b3"",""a6e2""}",rook,6,intermediate,Rook 6 · Discovered Attack,discoveredAttack,Black to move.,1382,Casual,"{""crushing"",""discoveredAttack"",""endgame"",""queensideAttack"",""short""}",A discovered attack — moving one piece uncovers a deadly attack from another.,true,lichess,q2JIv,36011,95,{}
lc_w5UGi,2k5/ppp5/8/6p1/3n2N1/6P1/PPP2P1r/2R1K3 b - - 1 27,"{""h2h1"",""e1d2"",""d4f3"",""d2e3"",""h1c1""}",rook,6,intermediate,Rook 6 · Deflection,deflection,Black to move.,1382,Casual,"{""advantage"",""deflection"",""endgame"",""long""}",A deflection — lure a defending piece away from the square it was guarding.,true,lichess,w5UGi,35918,95,{}
lc_g1CrO,8/6pp/1p3r2/3p4/3P2k1/P3PpPq/1P3P1P/5QRK b - - 6 32,"{""h3h2"",""h1h2"",""f6h6"",""f1h3"",""h6h3""}",rook,6,intermediate,Rook 6 · Mate In3,mateIn3,Black to move.,1382,Casual,"{""attraction"",""endgame"",""long"",""mate"",""mateIn3"",""sacrifice""}",Checkmate in three — calculate the forcing line all the way to mate.,true,lichess,g1CrO,35753,95,{}
lc_bHjV2,6nk/7p/p2p1b1P/1p1qpP2/8/PP4Q1/2P5/1K4R1 w - - 0 36,"{""g3g7"",""f6g7"",""h6g7""}",rook,6,intermediate,Rook 6 · Mate In2,mateIn2,White to move.,1382,Casual,"{""advancedPawn"",""endgame"",""mate"",""mateIn2"",""sacrifice"",""short""}",Checkmate in two — a forced sequence that delivers checkmate on move two.,true,lichess,bHjV2,35506,95,{}
lc_xXal0,5rk1/p3Q2p/1pB3p1/5b2/2Pq4/8/4p1PP/3rR1RK w - - 2 37,"{""c6d5"",""d4d5"",""c4d5"",""d1e1"",""g1e1""}",rook,6,intermediate,Rook 6 · Advantage,advantage,White to move.,1382,Casual,"{""advantage"",""long"",""middlegame""}",Find the strongest continuation and seize the advantage.,true,lichess,xXal0,35154,95,{}
lc_pzLFO,1rb2rk1/pp3ppq/2np3p/3Np3/2BnP3/3Q2R1/PP1N1PPP/R5K1 w - - 2 20,"{""d5f6"",""g8h8"",""f6h7""}",rook,6,intermediate,Rook 6 · Pin,pin,White to move.,1382,Casual,"{""crushing"",""kingsideAttack"",""middlegame"",""pin"",""short""}",A pin — the attacked piece can't move without exposing a more valuable piece behind it.,true,lichess,pzLFO,34986,97,"{""Sicilian_Defense"",""Sicilian_Defense_Smith-Morra_Gambit""}"
lc_ePqyC,rn1qk2r/pp3ppp/3b1n2/3N2B1/3P4/8/PP2NPPP/R2QK2R b KQkq - 0 10,"{""d8a5"",""d5c3"",""a5g5""}",rook,6,intermediate,Rook 6 · Fork,fork,Black to move.,1382,Casual,"{""advantage"",""fork"",""opening"",""short""}","A fork — one piece attacks two enemy pieces at once, forcing a material win.",true,lichess,ePqyC,34574,95,"{""Caro-Kann_Defense"",""Caro-Kann_Defense_Panov_Attack""}"
lc_eb4AA,8/kbp5/8/1P1P4/6P1/1P4rr/P5R1/3R1K2 b - - 1 42,"{""h3h1"",""f1f2"",""g3g2"",""f2g2"",""h1d1""}",rook,6,intermediate,Rook 6 · Pin,pin,Black to move.,1382,Casual,"{""crushing"",""endgame"",""exposedKing"",""long"",""pin""}",A pin — the attacked piece can't move without exposing a more valuable piece behind it.,true,lichess,eb4AA,34398,95,{}
lc_l6pJm,2r2k1r/2Np4/1p1PPb1P/p7/7q/4B3/PP1Q3P/5RK1 b - - 0 27,"{""h8g8"",""e3g5"",""g8g5"",""d2g5"",""h4g5""}",rook,6,intermediate,Rook 6 · Crushing,crushing,Black to move.,1382,Casual,"{""crushing"",""long"",""middlegame""}",Find the strongest continuation and seize the advantage.,true,lichess,l6pJm,34390,95,{}
lc_9tr05,6rk/ppq2p1p/1np5/7N/3pP1r1/1P1P4/P1PN3Q/R4R1K b - - 1 22,"{""c7h2"",""h1h2"",""g4h4""}",rook,6,intermediate,Rook 6 · Mate In2,mateIn2,Black to move.,1382,Casual,"{""attraction"",""kingsideAttack"",""mate"",""mateIn2"",""middlegame"",""short""}",Checkmate in two — a forced sequence that delivers checkmate on move two.,true,lichess,9tr05,34152,95,{}
lc_LOLUI,r2q1rk1/1ppn1pp1/4p2p/1n1pN3/1P1P1P2/2P4P/2QN1PP1/R4RK1 w - - 5 18,"{""a1a8"",""d8a8"",""e5d7""}",rook,6,intermediate,Rook 6 · Advantage,advantage,White to move.,1382,Casual,"{""advantage"",""middlegame"",""short""}",Find the strongest continuation and seize the advantage.,true,lichess,LOLUI,34113,95,"{""Queens_Pawn_Game"",""Queens_Pawn_Game_Accelerated_London_System""}"
lc_igRxG,8/8/2K5/4kp2/7p/4Pp2/6PP/8 w - - 0 55,"{""g2f3"",""f5f4"",""e3e4""}",rook,6,intermediate,Rook 6 · Pawn Endgame,pawnEndgame,White to move.,1382,Casual,"{""crushing"",""defensiveMove"",""endgame"",""pawnEndgame"",""short""}",A pawn endgame — king opposition and the square of the pawn decide it.,true,lichess,igRxG,34112,95,{}
lc_yhitj,r4rk1/3n3n/1pppp1pB/p3p3/P3P3/3P1N2/2P2K2/6RR w - - 4 23,"{""g1g6"",""g8f7"",""g6g7"",""f7e8"",""g7h7""}",rook,6,intermediate,Rook 6 · Fork,fork,White to move.,1382,Casual,"{""crushing"",""exposedKing"",""fork"",""long"",""middlegame""}","A fork — one piece attacks two enemy pieces at once, forcing a material win.",true,lichess,yhitj,33741,96,{}
lc_PSo5B,r3r1k1/1p4pp/pq1p1p2/5P2/P1PQ1P1P/1P6/6P1/1R1R2K1 b - - 0 28,"{""e8e1"",""g1f2"",""b6d4"",""d1d4"",""e1b1""}",rook,6,intermediate,Rook 6 · Endgame,endgame,Black to move.,1382,Casual,"{""crushing"",""endgame"",""intermezzo"",""long""}",An endgame technique — precise play with few pieces where every tempo counts.,true,lichess,PSo5B,33521,95,{}
lc_iZnMA,r7/5p1p/1N3p2/6k1/pp2P3/1P1BK1P1/7P/8 b - - 1 34,"{""a4a3"",""b6a8"",""a3a2""}",rook,6,intermediate,Rook 6 · Sacrifice,sacrifice,Black to move.,1382,Casual,"{""advancedPawn"",""crushing"",""endgame"",""sacrifice"",""short""}",A sacrifice — give up material to gain a decisive tactical or positional advantage.,true,lichess,iZnMA,33477,95,{}
lc_3233F,r2q2k1/pp1b2b1/4rp1p/2pp1Np1/5pP1/2PP2nP/PP3RB1/R1B1Q1K1 w - - 0 23,"{""g2d5"",""g8h8"",""d5e6""}",rook,6,intermediate,Rook 6 · Pin,pin,White to move.,1382,Casual,"{""advantage"",""middlegame"",""pin"",""short""}",A pin — the attacked piece can't move without exposing a more valuable piece behind it.,true,lichess,3233F,33056,94,{}
lc_rAzOv,1r2brk1/2q3p1/p3p1P1/3pP3/P1pP4/1nP1Q3/5PP1/R3K1NR w KQ - 3 25,"{""h1h8"",""g8h8"",""e3h3"",""h8g8"",""h3h7""}",rook,6,intermediate,Rook 6 · Mate In3,mateIn3,White to move.,1382,Casual,"{""attraction"",""kingsideAttack"",""long"",""mate"",""mateIn3"",""middlegame"",""sacrifice""}",Checkmate in three — calculate the forcing line all the way to mate.,true,lichess,rAzOv,32911,95,{}
lc_oxjga,2r1kbnr/3b2pp/8/B1nP1p2/4p3/P1N5/1P3PPP/R3KBNR b KQk - 0 14,"{""c5b3"",""a1b1"",""b3a5""}",rook,6,intermediate,Rook 6 · Fork,fork,Black to move.,1383,Casual,"{""advantage"",""fork"",""opening"",""short""}","A fork — one piece attacks two enemy pieces at once, forcing a material win.",true,lichess,oxjga,38090,96,"{""French_Defense"",""French_Defense_Diemer-Duhm_Gambit_Accepted""}"
lc_Q9Cbs,r4r1k/pp2N2p/3Q1p2/2pPp2q/4P3/1P3P2/P1P2P1P/R4RK1 b - - 0 24,"{""f8g8"",""e7g8"",""a8g8"",""g1h1"",""h5f3""}",rook,6,intermediate,Rook 6 · Mate In3,mateIn3,Black to move.,1383,Casual,"{""kingsideAttack"",""long"",""mate"",""mateIn3"",""middlegame"",""sacrifice""}",Checkmate in three — calculate the forcing line all the way to mate.,true,lichess,Q9Cbs,37208,96,{}
lc_m7Yrw,4rrk1/p4p2/5Rpp/4p3/2B3bP/1P6/P3R3/6K1 w - - 0 26,"{""f6g6"",""g8h7"",""g6g4""}",rook,6,intermediate,Rook 6 · Pin,pin,White to move.,1383,Casual,"{""advantage"",""endgame"",""pin"",""short""}",A pin — the attacked piece can't move without exposing a more valuable piece behind it.,true,lichess,m7Yrw,35945,95,{}
lc_0nC1t,r6k/ppp2p2/2np2rp/2bNp3/2B1P3/3P1NPp/PPP2P2/R4RK1 b - - 0 19,"{""g6g3"",""g1h1"",""g3f3""}",rook,6,intermediate,Rook 6 · Pin,pin,Black to move.,1383,Casual,"{""advantage"",""kingsideAttack"",""middlegame"",""pin"",""short""}",A pin — the attacked piece can't move without exposing a more valuable piece behind it.,true,lichess,0nC1t,35867,95,"{""Italian_Game"",""Italian_Game_Giuoco_Pianissimo""}"
lc_9K6pa,1r1r2k1/R4ppp/p3p3/4P3/B7/2p2R2/P1P2P1P/2K5 b - - 0 25,"{""b8b1"",""c1b1"",""d8d1""}",rook,6,intermediate,Rook 6 · Mate In2,mateIn2,Black to move.,1383,Casual,"{""attraction"",""endgame"",""mate"",""mateIn2"",""queensideAttack"",""sacrifice"",""short""}",Checkmate in two — a forced sequence that delivers checkmate on move two.,true,lichess,9K6pa,35797,95,{}
lc_IL0sO,3r4/p1p2pkp/6p1/1q6/2Q5/5P2/1P1NK1PP/n1B4R b - - 1 31,"{""d8d2"",""c1d2"",""b5c4""}",rook,6,intermediate,Rook 6 · Pin,pin,Black to move.,1383,Casual,"{""crushing"",""middlegame"",""pin"",""short""}",A pin — the attacked piece can't move without exposing a more valuable piece behind it.,true,lichess,IL0sO,35428,95,{}
lc_AC9MN,4rnk1/6p1/4p2p/pbNpP1q1/1p1P4/P6Q/1PB3PP/4R1K1 b - - 2 34,"{""g5d2"",""h3h4"",""d2c2""}",rook,6,intermediate,Rook 6 · Fork,fork,Black to move.,1383,Casual,"{""advantage"",""fork"",""middlegame"",""short""}","A fork — one piece attacks two enemy pieces at once, forcing a material win.",true,lichess,AC9MN,34779,96,{}
lc_VKAgS,kr5r/pp5q/2p5/2Pp1p2/QR1P2n1/P3PNP1/5PKp/1R6 w - - 2 30,"{""a4a7"",""a8a7"",""b4a4""}",rook,6,intermediate,Rook 6 · Mate In2,mateIn2,White to move.,1383,Casual,"{""attraction"",""mate"",""mateIn2"",""middlegame"",""queensideAttack"",""sacrifice"",""short""}",Checkmate in two — a forced sequence that delivers checkmate on move two.,true,lichess,VKAgS,34674,96,{}
lc_iCiAN,2Nq1rk1/pQ1n1pp1/2p1b2p/8/4NB2/P5PP/1P2Pb2/R2K1B1R b - - 0 18,"{""d7c5"",""d1c2"",""c5b7""}",rook,6,intermediate,Rook 6 · Discovered Attack,discoveredAttack,Black to move.,1383,Casual,"{""crushing"",""discoveredAttack"",""discoveredCheck"",""middlegame"",""short""}",A discovered attack — moving one piece uncovers a deadly attack from another.,true,lichess,iCiAN,34356,95,"{""Queens_Gambit_Declined"",""Queens_Gambit_Declined_Marshall_Defense""}"
lc_J7YPC,6k1/3Q1pp1/p6p/1p6/1P2b2P/1K1R4/1P6/2q5 w - - 2 40,"{""d7e8"",""g8h7"",""e8e4""}",rook,6,intermediate,Rook 6 · Fork,fork,White to move.,1383,Casual,"{""crushing"",""endgame"",""fork"",""short""}","A fork — one piece attacks two enemy pieces at once, forcing a material win.",true,lichess,J7YPC,34179,96,{}
lc_kcFm7,8/p7/7p/6p1/2kr2B1/P2pK1PP/1PbR4/8 w - - 1 37,"{""g4e6"",""c4c5"",""b2b4"",""d4b4"",""a3b4""}",rook,6,intermediate,Rook 6 · Endgame,endgame,White to move.,1383,Casual,"{""crushing"",""endgame"",""long""}",An endgame technique — precise play with few pieces where every tempo counts.,true,lichess,kcFm7,34016,94,{}
lc_ne5wZ,1r3rk1/p4pp1/4p1P1/q2p4/1n1P4/2pRQ3/P1P2P2/K3N2R w - - 2 22,"{""h1h8"",""g8h8"",""e3h3"",""h8g8"",""h3h7""}",rook,6,intermediate,Rook 6 · Mate In3,mateIn3,White to move.,1383,Casual,"{""attraction"",""kingsideAttack"",""long"",""mate"",""mateIn3"",""middlegame"",""sacrifice""}",Checkmate in three — calculate the forcing line all the way to mate.,true,lichess,ne5wZ,33935,95,{}
lc_OgYKb,r4rk1/1b1nqpp1/2p4p/3p4/Np1Pn3/3BP2P/1P1N1PP1/2RQ1RK1 b - - 1 17,"{""e4d2"",""d1d2"",""a8a4""}",rook,6,intermediate,Rook 6 · Advantage,advantage,Black to move.,1383,Casual,"{""advantage"",""middlegame"",""short""}",Find the strongest continuation and seize the advantage.,true,lichess,OgYKb,33913,95,"{""Semi-Slav_Defense"",""Semi-Slav_Defense_Other_variations""}"
lc_xwwKK,3rk1r1/p1Q2p1R/1pp1p3/6n1/q5p1/6P1/2P1RPK1/8 w - - 2 33,"{""e2e6"",""g5e6"",""c7f7""}",rook,6,intermediate,Rook 6 · Mate In2,mateIn2,White to move.,1383,Casual,"{""attackingF2F7"",""deflection"",""mate"",""mateIn2"",""middlegame"",""sacrifice"",""short""}",Checkmate in two — a forced sequence that delivers checkmate on move two.,true,lichess,xwwKK,33560,96,{}
lc_SHrFV,r1r5/p2b2k1/4p1p1/4P1B1/3P2q1/P7/1P1Q3P/R4R1K b - - 4 29,"{""d7c6"",""d4d5"",""c6d5"",""d2d5"",""e6d5""}",rook,6,intermediate,Rook 6 · Crushing,crushing,Black to move.,1383,Casual,"{""crushing"",""long"",""middlegame""}",Find the strongest continuation and seize the advantage.,true,lichess,SHrFV,33535,95,{}
lc_nd4qA,5k2/5p2/1Q5N/4q1P1/1b6/3P3P/6P1/6K1 b - - 0 30,"{""b4c5"",""b6c5"",""e5c5""}",rook,6,intermediate,Rook 6 · Fork,fork,Black to move.,1383,Casual,"{""crushing"",""endgame"",""fork"",""short""}","A fork — one piece attacks two enemy pieces at once, forcing a material win.",true,lichess,nd4qA,33445,96,{}
lc_bpRK8,1Q6/3Q4/P4kpp/8/3p1P1K/6P1/7P/7q b - - 0 56,"{""h1h2"",""d7h3"",""g6g5"",""f4g5"",""h6g5"",""h4g4"",""h2e2""}",rook,6,intermediate,Rook 6 · Queen Endgame,queenEndgame,Black to move.,1384,Casual,"{""endgame"",""mate"",""mateIn4"",""queenEndgame"",""veryLong""}",A queen endgame — checks and centralisation steer the result.,true,lichess,bpRK8,61216,96,{}
lc_biNoO,2r2rk1/p2q1p2/7p/3pPR1P/1p1P4/3QP3/P7/1B4K1 w - - 1 31,"{""f5g5"",""h6g5"",""d3h7""}",rook,6,intermediate,Rook 6 · Mate In2,mateIn2,White to move.,1384,Casual,"{""clearance"",""endgame"",""mate"",""mateIn2"",""sacrifice"",""short""}",Checkmate in two — a forced sequence that delivers checkmate on move two.,true,lichess,biNoO,35139,96,{}
lc_gQJdO,1k1r3r/ppp1qpbp/3p2p1/8/8/P1nQB2P/1PP2PP1/3RR1K1 w - - 0 17,"{""e3a7"",""b8a7"",""e1e7""}",rook,6,intermediate,Rook 6 · Discovered Attack,discoveredAttack,White to move.,1384,Casual,"{""crushing"",""discoveredAttack"",""middlegame"",""queensideAttack"",""short""}",A discovered attack — moving one piece uncovers a deadly attack from another.,true,lichess,gQJdO,35041,95,"{""Center_Game"",""Center_Game_Normal_Variation""}"
lc_gw0mH,8/2b2rkp/p4Np1/2p5/3p2P1/1P6/P6P/5R1K w - - 6 34,"{""f6e8"",""g7g8"",""f1f7"",""g8f7"",""e8c7"",""d4d3"",""c7d5""}",rook,6,intermediate,Rook 6 · Discovered Attack,discoveredAttack,White to move.,1384,Casual,"{""advantage"",""capturingDefender"",""defensiveMove"",""discoveredAttack"",""endgame"",""veryLong""}",A discovered attack — moving one piece uncovers a deadly attack from another.,true,lichess,gw0mH,34792,96,{}
lc_UMBDb,2r4k/p2PP1pp/1p6/4Nr2/3P2p1/1QP2pPq/P4P1P/R5RK b - - 0 30,"{""h3h2"",""h1h2"",""f5h5""}",rook,6,intermediate,Rook 6 · Mate In2,mateIn2,Black to move.,1384,Casual,"{""attraction"",""kingsideAttack"",""mate"",""mateIn2"",""middlegame"",""sacrifice"",""short""}",Checkmate in two — a forced sequence that delivers checkmate on move two.,true,lichess,UMBDb,34094,96,{}
lc_90ltf,r6k/p5p1/6r1/3p3p/4qPPn/1PP1B2P/P4Q1K/4R1R1 b - - 1 30,"{""h4f3"",""f2f3"",""e4f3"",""g1f1"",""f3e4""}",rook,6,intermediate,Rook 6 · Fork,fork,Black to move.,1384,Casual,"{""crushing"",""fork"",""long"",""middlegame""}","A fork — one piece attacks two enemy pieces at once, forcing a material win.",true,lichess,90ltf,34073,96,{}
lc_4qfeJ,2k3r1/1q6/Q5p1/5b2/1p1P4/1P6/1PPK3P/4R3 w - - 1 37,"{""a6c4"",""b7c7"",""c4g8""}",rook,6,intermediate,Rook 6 · Fork,fork,White to move.,1384,Casual,"{""crushing"",""endgame"",""fork"",""short""}","A fork — one piece attacks two enemy pieces at once, forcing a material win.",true,lichess,4qfeJ,33761,95,{}
lc_WGbkj,q6r/4kppp/4p3/2N5/8/3P1P2/1bP2P1P/3QK2R b K - 0 18,"{""a8a5"",""e1f1"",""a5c5""}",rook,6,intermediate,Rook 6 · Fork,fork,Black to move.,1384,Casual,"{""crushing"",""endgame"",""fork"",""short""}","A fork — one piece attacks two enemy pieces at once, forcing a material win.",true,lichess,WGbkj,33604,95,"{""Sicilian_Defense"",""Sicilian_Defense_Bowdler_Attack""}"
lc_FROFe,2rq1rk1/p3ppbp/1p1p1np1/1Q1N4/4P3/4B2P/PP3PP1/2R1R1K1 w - - 2 18,"{""c1c8"",""d8c8"",""d5e7"",""g8h8"",""e7c8""}",rook,6,intermediate,Rook 6 · Fork,fork,White to move.,1384,Casual,"{""attraction"",""crushing"",""fork"",""long"",""middlegame""}","A fork — one piece attacks two enemy pieces at once, forcing a material win.",true,lichess,FROFe,33424,95,"{""Sicilian_Defense"",""Sicilian_Defense_Smith-Morra_Gambit""}"
lc_gJcjh,r7/3r1ppp/p3k3/1bRp4/1B6/4P3/1P3PPP/R5K1 w - - 0 26,"{""c5b5"",""a6b5"",""a1a8""}",rook,6,intermediate,Rook 6 · Endgame,endgame,White to move.,1384,Casual,"{""advantage"",""endgame"",""short""}",An endgame technique — precise play with few pieces where every tempo counts.,true,lichess,gJcjh,33380,95,{}
lc_M4h0B,r5k1/1bq2pp1/3p1b1p/2pPp3/2P2P2/1P4QN/1B1P2PP/4R1K1 b - - 2 23,"{""e5f4"",""g3f4"",""f6b2""}",rook,6,intermediate,Rook 6 · Discovered Attack,discoveredAttack,Black to move.,1384,Casual,"{""advantage"",""discoveredAttack"",""middlegame"",""short""}",A discovered attack — moving one piece uncovers a deadly attack from another.,true,lichess,M4h0B,33243,95,{}
lc_05010,r1b1r1k1/pp3ppp/1bq5/8/3N1Q2/1PN2P2/P1P3PP/R1B2R1K b - - 0 16,"{""c6c3"",""c1d2"",""c3d4""}",rook,6,intermediate,Rook 6 · Hanging Piece,hangingPiece,Black to move.,1385,Casual,"{""advantage"",""hangingPiece"",""opening"",""short""}",A hanging piece — an undefended enemy piece is free to capture.,true,lichess,05010,38558,96,"{""Scandinavian_Defense"",""Scandinavian_Defense_Blackburne_Gambit""}"
lc_UhcrW,1kr5/pprRb1pp/5p2/1Q2p3/P3q3/2P3B1/1P4PP/2KR4 w - - 0 25,"{""d7c7"",""c8c7"",""b5e8"",""c7c8"",""e8e7""}",rook,6,intermediate,Rook 6 · Deflection,deflection,White to move.,1385,Casual,"{""advantage"",""clearance"",""deflection"",""long"",""middlegame"",""queensideAttack""}",A deflection — lure a defending piece away from the square it was guarding.,true,lichess,UhcrW,37444,96,{}
lc_ciSu9,r4rk1/pbpq1pbp/1p1p1n2/3Pp3/1P6/P3P2Q/1BB2PPP/R4RK1 w - - 0 20,"{""c2h7"",""f6h7"",""h3d7""}",rook,6,intermediate,Rook 6 · Deflection,deflection,White to move.,1385,Casual,"{""crushing"",""deflection"",""kingsideAttack"",""middlegame"",""short""}",A deflection — lure a defending piece away from the square it was guarding.,true,lichess,ciSu9,36511,95,"{""English_Opening"",""English_Opening_Great_Snake_Variation""}"
lc_xvRjt,8/6p1/P7/2r1p2p/8/1K1pkP2/R5PP/8 w - - 2 43,"{""a6a7"",""d3d2"",""a2d2"",""e3d2"",""a7a8q""}",rook,6,intermediate,Rook 6 · Promotion,promotion,White to move.,1385,Casual,"{""advancedPawn"",""advantage"",""endgame"",""long"",""promotion"",""rookEndgame""}",Pawn promotion — advance the pawn to its final rank and choose your new piece wisely.,true,lichess,xvRjt,35921,95,{}
lc_jzcvX,r1b2rk1/2p1bppp/p3p3/1p1nP3/3q4/P1NB4/1P3PPP/R1BQR1K1 w - - 1 14,"{""d3h7"",""g8h7"",""d1d4""}",rook,6,intermediate,Rook 6 · Discovered Attack,discoveredAttack,White to move.,1385,Casual,"{""crushing"",""discoveredAttack"",""kingsideAttack"",""opening"",""short""}",A discovered attack — moving one piece uncovers a deadly attack from another.,true,lichess,jzcvX,35410,95,"{""Queens_Gambit_Declined"",""Queens_Gambit_Declined_Marshall_Defense""}"
lc_TqXhf,r1bk3r/bpp3p1/p4p1p/4n2Q/8/PNPq3P/1P3PP1/R1B1R1K1 w - - 4 16,"{""e1d1"",""d3d1"",""h5d1""}",rook,6,intermediate,Rook 6 · Pin,pin,White to move.,1385,Casual,"{""advantage"",""opening"",""pin"",""short""}",A pin — the attacked piece can't move without exposing a more valuable piece behind it.,true,lichess,TqXhf,35253,94,"{""Italian_Game"",""Italian_Game_Anti-Fried_Liver_Defense""}"
lc_W9bzz,2rq2k1/pp3rpp/4p1n1/3p4/3Pn3/3QPN1P/PP3PPB/R4RK1 b - - 2 18,"{""f7f3"",""g2f3"",""d8g5"",""h2g3"",""e4g3""}",rook,6,intermediate,Rook 6 · Sacrifice,sacrifice,Black to move.,1385,Casual,"{""advantage"",""kingsideAttack"",""long"",""middlegame"",""sacrifice""}",A sacrifice — give up material to gain a decisive tactical or positional advantage.,true,lichess,W9bzz,34549,94,"{""Queens_Pawn_Game"",""Queens_Pawn_Game_Accelerated_London_System""}"
lc_5fZeN,6k1/p4r1p/1pQ1p1pP/2n5/8/2P2P1N/P1q2P2/KR5R b - - 0 33,"{""c2c3"",""b1b2"",""c5b3"",""a2b3"",""c3c6""}",rook,6,intermediate,Rook 6 · Discovered Attack,discoveredAttack,Black to move.,1385,Casual,"{""advantage"",""discoveredAttack"",""long"",""middlegame""}",A discovered attack — moving one piece uncovers a deadly attack from another.,true,lichess,5fZeN,34427,95,{}
lc_Vq13R,4R3/p2k1p2/1pb5/2p5/2P5/1P3P1p/P2q2PP/4R1K1 w - - 0 36,"{""e1e7"",""d7d6"",""e8d8"",""d6e7"",""d8d2""}",rook,6,intermediate,Rook 6 · Skewer,skewer,White to move.,1385,Casual,"{""crushing"",""endgame"",""exposedKing"",""long"",""skewer""}","A skewer — the higher-value piece is forced to move, losing the piece behind it.",true,lichess,Vq13R,33902,95,{}
lc_0zJZV,8/6pk/p2p4/1p1P3r/1P4p1/P1R3K1/3R1PN1/6r1 b - - 4 43,"{""h5h3"",""g3g4"",""h3c3""}",rook,6,intermediate,Rook 6 · Pin,pin,Black to move.,1385,Casual,"{""crushing"",""endgame"",""pin"",""short"",""skewer""}",A pin — the attacked piece can't move without exposing a more valuable piece behind it.,true,lichess,0zJZV,33782,95,{}
lc_lLc7b,5b2/1q5k/1n2b1pp/Bpp1Pp1n/3p1P2/1P1P1N1P/2P1Q1BK/1N6 w - - 0 33,"{""f3g5"",""h6g5"",""g2b7""}",rook,6,intermediate,Rook 6 · Discovered Attack,discoveredAttack,White to move.,1385,Casual,"{""crushing"",""discoveredAttack"",""middlegame"",""short""}",A discovered attack — moving one piece uncovers a deadly attack from another.,true,lichess,lLc7b,33627,95,{}
lc_oyE0y,8/4k3/3pPp2/2pP1P1p/1p1PP2P/pP2K3/P7/8 b - - 0 61,"{""c5c4"",""b3c4"",""b4b3""}",rook,6,intermediate,Rook 6 · Pawn Endgame,pawnEndgame,Black to move.,1385,Casual,"{""crushing"",""endgame"",""pawnEndgame"",""short""}",A pawn endgame — king opposition and the square of the pawn decide it.,true,lichess,oyE0y,33429,96,{}
lc_x1oma,5brk/ppqQ1p1p/8/2p2P2/B3P3/P1N3NP/1P4P1/5R1K b - - 0 30,"{""c7g3"",""f1g1"",""f8d6"",""d7d6"",""g3d6""}",rook,6,intermediate,Rook 6 · Crushing,crushing,Black to move.,1385,Casual,"{""crushing"",""long"",""middlegame"",""quietMove""}",Find the strongest continuation and seize the advantage.,true,lichess,x1oma,33203,96,{}
lc_aW8rp,5B2/R6p/2kP1p2/P7/8/2r4b/8/6K1 w - - 2 45,"{""a7c7"",""c6b5"",""c7c3""}",rook,6,intermediate,Rook 6 · Skewer,skewer,White to move.,1385,Casual,"{""crushing"",""endgame"",""short"",""skewer""}","A skewer — the higher-value piece is forced to move, losing the piece behind it.",true,lichess,aW8rp,32926,95,{}
lc_2eM9s,r1bqkb1r/1p2pppp/p4n2/4p3/2BQ4/8/PPP2PPP/RNB2RK1 w kq - 0 9,"{""c4f7"",""e8f7"",""d4d8""}",rook,6,intermediate,Rook 6 · Deflection,deflection,White to move.,1386,Casual,"{""attackingF2F7"",""crushing"",""deflection"",""opening"",""short""}",A deflection — lure a defending piece away from the square it was guarding.,true,lichess,2eM9s,38992,95,"{""Sicilian_Defense"",""Sicilian_Defense_Open""}"
lc_bULn0,1r2k2r/2pb1p1p/3qp1p1/p2p4/p2P1Q2/2PB1R2/2P2PPP/4R1K1 w k - 6 26,"{""f4f7"",""e8d8"",""f7f6"",""d6e7"",""f6h8""}",rook,6,intermediate,Rook 6 · Fork,fork,White to move.,1386,Casual,"{""attackingF2F7"",""crushing"",""fork"",""long"",""middlegame""}","A fork — one piece attacks two enemy pieces at once, forcing a material win.",true,lichess,bULn0,37785,95,{}
lc_Qi4Ud,r1b2rk1/pp5p/4p2p/1B1pq3/1b6/2N4P/PP3PP1/R2Q1RK1 w - - 0 16,"{""d1g4"",""e5g7"",""g4b4""}",rook,6,intermediate,Rook 6 · Fork,fork,White to move.,1386,Casual,"{""advantage"",""fork"",""middlegame"",""short""}","A fork — one piece attacks two enemy pieces at once, forcing a material win.",true,lichess,Qi4Ud,37595,95,"{""Sicilian_Defense"",""Sicilian_Defense_Old_Sicilian""}"
lc_asicy,rn1qkb1r/p1p2ppp/bp2pn2/8/2BP4/2B1PN2/PP3PPP/RN1QK2R b KQkq - 2 8,"{""a6c4"",""d1a4"",""b6b5""}",rook,6,intermediate,Rook 6 · Hanging Piece,hangingPiece,Black to move.,1386,Casual,"{""advantage"",""hangingPiece"",""opening"",""short""}",A hanging piece — an undefended enemy piece is free to capture.,true,lichess,asicy,35792,96,"{""Queens_Indian_Defense"",""Queens_Indian_Defense_Spassky_System""}"
lc_1UqIP,r1bqk2r/pp2nppp/8/8/1b1Q1B2/2N5/2P1NPPP/R3KB1R b KQkq - 0 13,"{""d8d4"",""e2d4"",""b4c3""}",rook,6,intermediate,Rook 6 · Capturing Defender,capturingDefender,Black to move.,1386,Casual,"{""capturingDefender"",""crushing"",""opening"",""short""}",Find the strongest continuation and seize the advantage.,true,lichess,1UqIP,34744,95,"{""Sicilian_Defense"",""Sicilian_Defense_Taimanov_Variation""}"
lc_5yGQ8,rn5r/1ppk1ppp/p7/2bq1P2/P5bP/2PB1N2/1P1PQ1P1/R1B1K2R b KQ - 0 13,"{""h8e8"",""e2e8"",""d7e8""}",rook,6,intermediate,Rook 6 · Pin,pin,Black to move.,1386,Casual,"{""crushing"",""middlegame"",""pin"",""short""}",A pin — the attacked piece can't move without exposing a more valuable piece behind it.,true,lichess,5yGQ8,34526,96,"{""Scandinavian_Defense"",""Scandinavian_Defense_Other_variations""}"
lc_QOqtw,2k2r2/1pp4p/p5b1/n1N1pN2/6P1/8/1K4P1/3R4 w - - 0 31,"{""f5e7"",""c8b8"",""c5d7"",""b8a7"",""d7f8""}",rook,6,intermediate,Rook 6 · Fork,fork,White to move.,1386,Casual,"{""advantage"",""endgame"",""fork"",""long""}","A fork — one piece attacks two enemy pieces at once, forcing a material win.",true,lichess,QOqtw,34037,96,{}
lc_mVP5O,r2r1k2/1pR2ppQ/4pq2/8/p2n4/5N2/PP3PPP/1B2K2R b K - 0 18,"{""d4f3"",""g2f3"",""f6e5"",""b1e4"",""e5c7""}",rook,6,intermediate,Rook 6 · Fork,fork,Black to move.,1386,Casual,"{""advantage"",""fork"",""long"",""middlegame""}","A fork — one piece attacks two enemy pieces at once, forcing a material win.",true,lichess,mVP5O,33998,95,"{""Queens_Gambit_Accepted"",""Queens_Gambit_Accepted_Old_Variation""}"
lc_4AqkE,7r/p2b1pk1/6p1/1pp5/3p1P2/3P3B/PPN3K1/7R b - - 2 40,"{""d7c6"",""g2g3"",""c6h1""}",rook,6,intermediate,Rook 6 · Skewer,skewer,Black to move.,1386,Casual,"{""crushing"",""endgame"",""short"",""skewer""}","A skewer — the higher-value piece is forced to move, losing the piece behind it.",true,lichess,4AqkE,33943,95,{}
lc_MjhMx,r1b2rk1/ppppbqpn/2n4p/4PN2/6Q1/8/PPP2PPP/RNB1R1K1 w - - 7 13,"{""f5h6"",""g8h8"",""h6f7""}",rook,6,intermediate,Rook 6 · Pin,pin,White to move.,1386,Casual,"{""crushing"",""kingsideAttack"",""opening"",""pin"",""short""}",A pin — the attacked piece can't move without exposing a more valuable piece behind it.,true,lichess,MjhMx,33684,94,"{""Scotch_Game"",""Scotch_Game_Scotch_Gambit""}"
lc_TF4Nx,r2qr1k1/ppp2ppp/3p1b2/3b4/8/1P4Q1/PBP2PPP/R3RBK1 w - - 2 17,"{""e1e8"",""d8e8"",""b2f6""}",rook,6,intermediate,Rook 6 · Pin,pin,White to move.,1386,Casual,"{""crushing"",""kingsideAttack"",""middlegame"",""pin"",""short""}",A pin — the attacked piece can't move without exposing a more valuable piece behind it.,true,lichess,TF4Nx,33679,95,"{""Ruy_Lopez"",""Ruy_Lopez_Berlin_Defense""}"
lc_HUHSW,1r1b1k2/R4ppp/4pn2/2p1nb2/B7/2NPB3/P1PK1P1N/8 w - - 5 21,"{""e3c5"",""f8g8"",""c5d6""}",rook,6,intermediate,Rook 6 · Advantage,advantage,White to move.,1386,Casual,"{""advantage"",""middlegame"",""short""}",Find the strongest continuation and seize the advantage.,true,lichess,HUHSW,33659,95,{}
lc_ZEkE3,5r2/r4kp1/p1pp1p1q/2p5/2P1PpR1/1P1P1P2/P3K1Q1/R7 w - - 5 36,"{""a1h1"",""h6h1"",""g2h1""}",rook,6,intermediate,Rook 6 · Trapped Piece,trappedPiece,White to move.,1386,Casual,"{""advantage"",""endgame"",""short"",""trappedPiece""}",A trapped piece — the enemy piece has no safe squares and can be won.,true,lichess,ZEkE3,33563,97,{}
lc_d6Sxy,r2q1k1r/ppp3pp/1n6/3PQ3/1b1nP3/2NBB3/PP3P1P/R3K2R b KQ - 0 14,"{""d4f3"",""e1e2"",""f3e5""}",rook,6,intermediate,Rook 6 · Fork,fork,Black to move.,1386,Casual,"{""crushing"",""fork"",""middlegame"",""short""}","A fork — one piece attacks two enemy pieces at once, forcing a material win.",true,lichess,d6Sxy,33327,95,"{""Queens_Gambit_Declined"",""Queens_Gambit_Declined_Marshall_Defense""}"
lc_NtUwv,1k3b1r/pp4p1/1p1p3p/n7/P1q1P1P1/3QB3/1P4PP/5RK1 w - - 2 21,"{""f1f8"",""h8f8"",""d3d6"",""b8c8"",""d6f8""}",rook,6,intermediate,Rook 6 · Fork,fork,White to move.,1386,Casual,"{""attraction"",""crushing"",""fork"",""long"",""middlegame""}","A fork — one piece attacks two enemy pieces at once, forcing a material win.",true,lichess,NtUwv,33323,95,{}
lc_qzlCt,2kq2r1/p7/7p/1N1P1p1r/2pQpP2/P3P3/BP3P1P/R5RK b - - 0 27,"{""h5h2"",""h1h2"",""d8h4""}",rook,6,intermediate,Rook 6 · Mate In2,mateIn2,Black to move.,1386,Casual,"{""attraction"",""kingsideAttack"",""mate"",""mateIn2"",""middlegame"",""sacrifice"",""short""}",Checkmate in two — a forced sequence that delivers checkmate on move two.,true,lichess,qzlCt,32903,96,{}
lc_AD948,rn1q1r1k/pb3ppB/1p2p3/3p2b1/3P4/4PPnR/PPQB2P1/RN2K3 w Q - 0 16,"{""h7g8"",""h8g8"",""c2h7""}",rook,6,intermediate,Rook 6 · Mate In2,mateIn2,White to move.,1387,Casual,"{""attraction"",""discoveredAttack"",""discoveredCheck"",""kingsideAttack"",""mate"",""mateIn2"",""middlegame"",""sacrifice"",""short""}",Checkmate in two — a forced sequence that delivers checkmate on move two.,true,lichess,AD948,37394,97,"{""Queens_Pawn_Game"",""Queens_Pawn_Game_Other_variations""}"
lc_n1t8K,2rq1r1k/p2b1ppB/2p5/1p1p2b1/3P4/2N1P3/PPQ2P2/2KR3R w - - 2 20,"{""h7g8"",""h8g8"",""c2h7""}",rook,6,intermediate,Rook 6 · Mate In2,mateIn2,White to move.,1387,Casual,"{""attraction"",""discoveredAttack"",""discoveredCheck"",""kingsideAttack"",""mate"",""mateIn2"",""middlegame"",""sacrifice"",""short""}",Checkmate in two — a forced sequence that delivers checkmate on move two.,true,lichess,n1t8K,35658,96,"{""Semi-Slav_Defense"",""Semi-Slav_Defense_Other_variations""}"
lc_HMH1s,r1bqk1nr/ppp2p1p/2N3p1/4b3/2P5/1P6/PB2PPPP/RN1QKB1R b KQkq - 0 8,"{""d8d1"",""e1d1"",""e5b2""}",rook,6,intermediate,Rook 6 · Crushing,crushing,Black to move.,1387,Casual,"{""crushing"",""opening"",""short""}",Find the strongest continuation and seize the advantage.,true,lichess,HMH1s,35032,96,"{""Queens_Gambit_Declined"",""Queens_Gambit_Declined_Albin_Countergambit""}"
lc_m6l7X,5rk1/pppq2pp/1n2p3/6N1/2PP2n1/8/PPQ1N1PP/5RK1 b - - 4 22,"{""f8f1"",""g1f1"",""g4e3"",""f1f2"",""e3c2""}",rook,6,intermediate,Rook 6 · Fork,fork,Black to move.,1387,Casual,"{""attraction"",""crushing"",""fork"",""long"",""middlegame""}","A fork — one piece attacks two enemy pieces at once, forcing a material win.",true,lichess,m6l7X,34506,95,{}
lc_iCc7O,r2r2k1/p4ppq/1pp4p/P1NbR3/2pP3Q/2P5/2P2PPP/4R1K1 w - - 0 26,"{""h4d8"",""a8d8"",""e5e8"",""d8e8"",""e1e8""}",rook,6,intermediate,Rook 6 · Mate In3,mateIn3,White to move.,1387,Casual,"{""backRankMate"",""long"",""mate"",""mateIn3"",""middlegame"",""sacrifice""}",Checkmate in three — calculate the forcing line all the way to mate.,true,lichess,iCc7O,34387,96,{}
lc_4Q2Mj,r4rk1/3n1ppp/1bb1pq2/1B1p4/3P4/4PN2/2PN1PPP/RQ3RK1 b - - 0 15,"{""a8a1"",""b1a1"",""c6b5""}",rook,6,intermediate,Rook 6 · Advantage,advantage,Black to move.,1387,Casual,"{""advantage"",""middlegame"",""short""}",Find the strongest continuation and seize the advantage.,true,lichess,4Q2Mj,34287,95,"{""Polish_Opening"",""Polish_Opening_Other_variations""}"
lc_p0dbx,2kr3r/1ppq2pp/p2b1p2/3N4/2Qn4/4P1P1/PP3PP1/3RK2R w K - 0 17,"{""d5b6"",""c8b8"",""b6d7""}",rook,6,intermediate,Rook 6 · Pin,pin,White to move.,1387,Casual,"{""crushing"",""middlegame"",""pin"",""queensideAttack"",""short""}",A pin — the attacked piece can't move without exposing a more valuable piece behind it.,true,lichess,p0dbx,33978,96,"{""Queens_Pawn_Game"",""Queens_Pawn_Game_Accelerated_London_System""}"
lc_iNZQI,3r1bk1/5p2/2qprP1p/3R2pP/1p6/1P3QB1/5PP1/3R2K1 w - - 0 29,"{""d5g5"",""h6g5"",""f3c6""}",rook,6,intermediate,Rook 6 · Discovered Attack,discoveredAttack,White to move.,1387,Casual,"{""crushing"",""discoveredAttack"",""middlegame"",""short""}",A discovered attack — moving one piece uncovers a deadly attack from another.,true,lichess,iNZQI,33972,96,{}
lc_nGvTl,r5nk/q3pr1p/p2p3P/1p1Np1Q1/4P3/3B1n2/PPP5/2KR2R1 w - - 0 23,"{""g5g7"",""f7g7"",""h6g7""}",rook,6,intermediate,Rook 6 · Mate In2,mateIn2,White to move.,1387,Casual,"{""advancedPawn"",""kingsideAttack"",""mate"",""mateIn2"",""middlegame"",""sacrifice"",""short""}",Checkmate in two — a forced sequence that delivers checkmate on move two.,true,lichess,nGvTl,33924,97,{}
lc_6o7mN,4Rr1k/ppp3p1/2nq3p/3p4/3P4/1QP2P1P/PP3P2/4R1K1 b - - 1 20,"{""d6g6"",""g1h2"",""f8e8"",""e1e8"",""g6e8""}",rook,6,intermediate,Rook 6 · Endgame,endgame,Black to move.,1387,Casual,"{""advantage"",""endgame"",""long""}",An endgame technique — precise play with few pieces where every tempo counts.,true,lichess,6o7mN,33808,95,{}
lc_wDV1n,r5kr/pp1PQppp/8/4n3/8/8/P2q2PP/5R1K w - - 0 24,"{""e7e8"",""a8e8"",""d7e8q""}",rook,6,intermediate,Rook 6 · Mate In2,mateIn2,White to move.,1387,Casual,"{""advancedPawn"",""endgame"",""mate"",""mateIn2"",""promotion"",""short""}",Checkmate in two — a forced sequence that delivers checkmate on move two.,true,lichess,wDV1n,33682,96,{}
lc_qJaCa,4r2k/2p4p/2Qbr1p1/P4p2/8/1P6/2B3PP/5RK1 b - - 0 36,"{""d6h2"",""g1h2"",""e6c6""}",rook,6,intermediate,Rook 6 · Discovered Attack,discoveredAttack,Black to move.,1387,Casual,"{""advantage"",""discoveredAttack"",""endgame"",""short""}",A discovered attack — moving one piece uncovers a deadly attack from another.,true,lichess,qJaCa,33550,95,{}
lc_F8SI6,5r2/pp3krR/2p2p2/3nP3/3P4/2P2P2/P2K4/7R w - - 4 35,"{""e5e6"",""f7e6"",""h7g7""}",rook,6,intermediate,Rook 6 · Deflection,deflection,White to move.,1387,Casual,"{""advantage"",""deflection"",""endgame"",""short""}",A deflection — lure a defending piece away from the square it was guarding.,true,lichess,F8SI6,33462,95,{}
lc_c95c2,5k1r/pp2ppbp/3pb1p1/qB6/1Q2NP2/P3BN1P/1Pr3P1/1K1R3R b - - 0 16,"{""c2b2"",""b4b2"",""g7b2"",""b1b2"",""a5b5""}",rook,6,intermediate,Rook 6 · Fork,fork,Black to move.,1387,Casual,"{""advantage"",""attraction"",""capturingDefender"",""fork"",""long"",""master"",""middlegame""}","A fork — one piece attacks two enemy pieces at once, forcing a material win.",true,lichess,c95c2,33305,95,"{""Modern_Defense"",""Modern_Defense_Standard_Defense""}"
lc_YlY5S,5rk1/1pqb1r2/p3p1p1/3p4/3P4/2PQ4/PP5P/R1B2RK1 w - - 0 23,"{""d3g6"",""f7g7"",""f1f8"",""g8f8"",""c1h6""}",rook,6,intermediate,Rook 6 · Pin,pin,White to move.,1387,Casual,"{""crushing"",""deflection"",""exposedKing"",""kingsideAttack"",""long"",""middlegame"",""pin""}",A pin — the attacked piece can't move without exposing a more valuable piece behind it.,true,lichess,YlY5S,33187,96,{}
lc_n7GkH,1rb2rk1/3pppbN/p5P1/1p2q3/5nP1/1P6/P1PN1P1Q/1K1R3R w - - 3 23,"{""h7f6"",""e5f6"",""h2h7""}",rook,6,intermediate,Rook 6 · Mate In2,mateIn2,White to move.,1387,Casual,"{""clearance"",""kingsideAttack"",""mate"",""mateIn2"",""middlegame"",""sacrifice"",""short""}",Checkmate in two — a forced sequence that delivers checkmate on move two.,true,lichess,n7GkH,33051,96,{}
lc_ey5WT,2rq1r1k/pp2n1b1/8/2p1pP2/4p1P1/2P2N2/PP4QP/R5RK w - - 0 23,"{""g2h3"",""h8g8"",""f3g5""}",rook,6,intermediate,Rook 6 · Crushing,crushing,White to move.,1387,Casual,"{""crushing"",""middlegame"",""short""}",Find the strongest continuation and seize the advantage.,true,lichess,ey5WT,33035,95,{}
lc_L6JD1,r2r1b2/1b5Q/p3kPp1/6P1/1p1BP3/1P4NP/P1q5/R4R1K b - - 0 30,"{""b7e4"",""g3e4"",""c2e4"",""h1g1"",""e4d4""}",rook,6,intermediate,Rook 6 · Fork,fork,Black to move.,1387,Casual,"{""crushing"",""exposedKing"",""fork"",""long"",""middlegame""}","A fork — one piece attacks two enemy pieces at once, forcing a material win.",true,lichess,L6JD1,32942,95,{}
lc_zmQIB,3q1rk1/r5pp/2np1b2/p1p1p3/PpP1P1B1/1P3N1P/5PP1/R2Q1RK1 w - - 5 24,"{""d1d5"",""g8h8"",""d5c6""}",rook,6,intermediate,Rook 6 · Fork,fork,White to move.,1388,Casual,"{""crushing"",""fork"",""middlegame"",""short""}","A fork — one piece attacks two enemy pieces at once, forcing a material win.",true,lichess,zmQIB,35058,95,{}
lc_sFXZU,r1bq1rk1/3nbpp1/p3p2p/1Bpp4/Q2P4/2P1PNB1/PP3PPP/R3K2R b KQ - 0 13,"{""d7b6"",""a4d1"",""a6b5""}",rook,6,intermediate,Rook 6 · Advantage,advantage,Black to move.,1388,Casual,"{""advantage"",""middlegame"",""short""}",Find the strongest continuation and seize the advantage.,true,lichess,sFXZU,34617,95,"{""Indian_Defense"",""Indian_Defense_Other_variations""}"
lc_fJZzN,8/6p1/5p2/1p1kbP1p/1p1p3P/1P1P1NP1/r1P1R1K1/8 w - - 5 38,"{""c2c4"",""b4c3"",""e2a2""}",rook,6,intermediate,Rook 6 · Discovered Attack,discoveredAttack,White to move.,1388,Casual,"{""crushing"",""discoveredAttack"",""endgame"",""short""}",A discovered attack — moving one piece uncovers a deadly attack from another.,true,lichess,fJZzN,34325,96,{}
lc_d6fU0,8/5p2/4b1p1/1Q1pk3/1P6/5P2/5KPq/8 w - - 0 44,"{""b5b8"",""e5d4"",""b8h2""}",rook,6,intermediate,Rook 6 · Skewer,skewer,White to move.,1388,Casual,"{""crushing"",""endgame"",""short"",""skewer""}","A skewer — the higher-value piece is forced to move, losing the piece behind it.",true,lichess,d6fU0,33945,96,{}
lc_Q4kiC,2r4r/1bp1q1kp/pb2pNn1/1p2P3/2p5/P6Q/1P2BPPP/2RR2K1 w - - 0 24,"{""d1d7"",""e7d7"",""f6d7""}",rook,7,intermediate,Rook 7 · Pin,pin,White to move.,1388,Casual,"{""advantage"",""middlegame"",""pin"",""short""}",A pin — the attacked piece can't move without exposing a more valuable piece behind it.,true,lichess,Q4kiC,33816,95,{}
lc_bgadE,r4rk1/1ppqb1p1/p2pN2p/8/4P3/1Q6/PP3PPP/3nR1K1 w - - 0 18,"{""e6c5"",""g8h8"",""c5d7""}",rook,7,intermediate,Rook 7 · Discovered Attack,discoveredAttack,White to move.,1388,Casual,"{""advantage"",""discoveredAttack"",""discoveredCheck"",""middlegame"",""short""}",A discovered attack — moving one piece uncovers a deadly attack from another.,true,lichess,bgadE,33344,95,"{""Scotch_Game"",""Scotch_Game_Scotch_Gambit""}"
lc_mq0SC,8/5Qpk/4p3/1p1r4/7P/Pr1P1K2/6P1/8 b - - 0 47,"{""d5f5"",""f7f5"",""e6f5""}",rook,7,intermediate,Rook 7 · Fork,fork,Black to move.,1388,Casual,"{""crushing"",""endgame"",""fork"",""master"",""pin"",""queenRookEndgame"",""short""}","A fork — one piece attacks two enemy pieces at once, forcing a material win.",true,lichess,mq0SC,33111,95,{}
lc_PTp00,4r2k/1p4bp/p2p2p1/4r3/2Pp4/3B1P2/PP1K2PP/R3R3 b - - 4 23,"{""g7h6"",""d2c2"",""e5e1""}",rook,7,intermediate,Rook 7 · Deflection,deflection,Black to move.,1388,Casual,"{""crushing"",""deflection"",""endgame"",""short""}",A deflection — lure a defending piece away from the square it was guarding.,true,lichess,PTp00,33027,95,{}
lc_ffSYs,2r5/4rkpp/2p1pp2/1bRp4/3P1P2/1P3N2/5PPP/2R3K1 w - - 1 24,"{""c5b5"",""c6b5"",""c1c8""}",rook,7,intermediate,Rook 7 · Discovered Attack,discoveredAttack,White to move.,1388,Casual,"{""advantage"",""discoveredAttack"",""endgame"",""short""}",A discovered attack — moving one piece uncovers a deadly attack from another.,true,lichess,ffSYs,32962,95,{}
lc_FRlPi,2k2rr1/2p3q1/ppP5/5p2/P7/N3P3/4Q1PP/n1R3K1 w - - 0 32,"{""e2a6"",""c8d8"",""c1d1"",""d8e7"",""d1d7"",""e7f6"",""d7g7""}",rook,7,intermediate,Rook 7 · Skewer,skewer,White to move.,1389,Casual,"{""crushing"",""middlegame"",""queensideAttack"",""skewer"",""veryLong""}","A skewer — the higher-value piece is forced to move, losing the piece behind it.",true,lichess,FRlPi,36628,97,{}
lc_pIhbh,3r2k1/4b1pp/2r5/p3P3/PpP2P2/1K6/1PRp1BPP/3R4 b - - 1 30,"{""d8d3"",""c2c3"",""b4c3""}",rook,7,intermediate,Rook 7 · Endgame,endgame,Black to move.,1389,Casual,"{""advantage"",""endgame"",""short""}",An endgame technique — precise play with few pieces where every tempo counts.,true,lichess,pIhbh,36377,96,{}
lc_OUy2z,rn2kb1r/pp2pppp/1qp2n2/8/2bP4/5NN1/PP3PPP/R1BQKB1R w KQkq - 0 11,"{""f1c4"",""b6b4"",""f3d2""}",rook,7,intermediate,Rook 7 · Hanging Piece,hangingPiece,White to move.,1389,Casual,"{""advantage"",""defensiveMove"",""hangingPiece"",""opening"",""short""}",A hanging piece — an undefended enemy piece is free to capture.,true,lichess,OUy2z,36099,94,"{""Reti_Opening"",""Reti_Opening_Other_variations""}"
lc_aw5nb,8/8/1p1p1p2/pPpP4/2P1P1P1/2k1K2p/P3B1p1/3R4 b - - 0 48,"{""h3h2"",""e3f2"",""h2h1q""}",rook,7,intermediate,Rook 7 · Promotion,promotion,Black to move.,1389,Casual,"{""advancedPawn"",""advantage"",""endgame"",""promotion"",""short""}",Pawn promotion — advance the pawn to its final rank and choose your new piece wisely.,true,lichess,aw5nb,35478,95,{}
lc_SAUAN,7r/pp2k3/3b1p1p/4rp2/2B5/5K2/P6P/3R2R1 w - - 2 32,"{""g1g7"",""e7f8"",""g7f7"",""f8e8"",""d1d6""}",rook,7,intermediate,Rook 7 · Endgame,endgame,White to move.,1389,Casual,"{""advantage"",""endgame"",""long""}",An endgame technique — precise play with few pieces where every tempo counts.,true,lichess,SAUAN,34703,96,{}
lc_mnskc,7r/2R2pp1/1p2pk1p/5r2/B2P3q/4P3/PP2QPK1/6R1 b - - 4 25,"{""f5g5"",""g2f1"",""h4h3"",""f1e1"",""g5g1""}",rook,7,intermediate,Rook 7 · Deflection,deflection,Black to move.,1389,Casual,"{""advantage"",""deflection"",""long"",""middlegame""}",A deflection — lure a defending piece away from the square it was guarding.,true,lichess,mnskc,34436,95,{}
lc_7czDe,8/8/5P2/2kbp3/7P/4K3/8/8 w - - 1 65,"{""h4h5"",""d5g8"",""h5h6"",""c5d6"",""f6f7"",""g8f7"",""h6h7""}",rook,7,intermediate,Rook 7 · Advanced Pawn,advancedPawn,White to move.,1389,Casual,"{""advancedPawn"",""bishopEndgame"",""crushing"",""endgame"",""quietMove"",""veryLong""}",An advanced pawn — push the passer or use its threats to win material.,true,lichess,7czDe,34181,95,{}
lc_nuekU,rn1q4/1p2b2k/2p1p1pP/p2pp1B1/P3N3/3P1r1P/1PPQ1P2/R3K2R w KQ - 0 16,"{""g5e7"",""d8e7"",""e4g5"",""h7h8"",""g5f3""}",rook,7,intermediate,Rook 7 · Fork,fork,White to move.,1389,Casual,"{""crushing"",""fork"",""long"",""middlegame""}","A fork — one piece attacks two enemy pieces at once, forcing a material win.",true,lichess,nuekU,33896,96,"{""Philidor_Defense"",""Philidor_Defense_Other_variations""}"
lc_CnLyh,1r1r3k/q5pp/3pQ3/4p3/2N1P3/1pP2Pb1/P3K3/5R1R w - - 0 31,"{""h1h7"",""h8h7"",""f1h1"",""g3h4"",""h1h4""}",rook,7,intermediate,Rook 7 · Mate In3,mateIn3,White to move.,1389,Casual,"{""attraction"",""long"",""mate"",""mateIn3"",""middlegame"",""sacrifice""}",Checkmate in three — calculate the forcing line all the way to mate.,true,lichess,CnLyh,33868,96,{}
lc_wAOlP,8/p7/2kb2p1/6P1/2pK4/2P5/PP5p/3R4 b - - 1 37,"{""d6c5"",""d4c4"",""c5g1""}",rook,7,intermediate,Rook 7 · Endgame,endgame,Black to move.,1389,Casual,"{""crushing"",""defensiveMove"",""endgame"",""short""}",An endgame technique — precise play with few pieces where every tempo counts.,true,lichess,wAOlP,33854,97,{}
lc_PMziR,8/2q2pk1/6p1/8/1pB3PK/1P3Q2/P6P/8 b - - 5 53,"{""c7h2"",""f3h3"",""g6g5"",""h4g5"",""h2h3""}",rook,7,intermediate,Rook 7 · Deflection,deflection,Black to move.,1389,Casual,"{""crushing"",""deflection"",""endgame"",""long""}",A deflection — lure a defending piece away from the square it was guarding.,true,lichess,PMziR,33799,96,{}
lc_xXZ1j,3r1rk1/pp2pp1p/2p3pb/8/3PN1b1/2PQ2N1/PPK4q/R4R2 w - - 0 20,"{""f1f2"",""h2h4"",""a1h1"",""h4h1"",""g3h1""}",rook,7,intermediate,Rook 7 · Clearance,clearance,White to move.,1389,Casual,"{""advantage"",""clearance"",""defensiveMove"",""long"",""middlegame"",""trappedPiece""}",A clearance — vacate a square or line so another piece can strike.,true,lichess,xXZ1j,33527,95,"{""Modern_Defense"",""Modern_Defense_Other_variations""}"
lc_5JaYL,r5rk/pq1n1p1p/1p2pPpQ/2p5/3P4/5R2/PPP3PP/R5K1 w - - 6 21,"{""h6h7"",""h8h7"",""f3h3""}",rook,7,intermediate,Rook 7 · Mate In2,mateIn2,White to move.,1389,Casual,"{""attraction"",""kingsideAttack"",""master"",""mate"",""mateIn2"",""middlegame"",""sacrifice"",""short""}",Checkmate in two — a forced sequence that delivers checkmate on move two.,true,lichess,5JaYL,33471,95,{}
lc_gPlBp,8/5k2/1RB2P2/p1p1p1p1/3pP2r/3b2K1/8/8 w - - 1 41,"{""c6d5"",""f7g6"",""f6f7""}",rook,7,intermediate,Rook 7 · Discovered Attack,discoveredAttack,White to move.,1390,Casual,"{""advancedPawn"",""crushing"",""discoveredAttack"",""discoveredCheck"",""endgame"",""short""}",A discovered attack — moving one piece uncovers a deadly attack from another.,true,lichess,gPlBp,35306,95,{}
lc_lTe6U,1r6/6kp/PB2p1p1/3b1p2/1Rp2b2/2P5/1PB3PP/6K1 b - - 2 36,"{""b8b6"",""b4b6"",""f4e3"",""g1f1"",""e3b6""}",rook,7,intermediate,Rook 7 · Fork,fork,Black to move.,1390,Casual,"{""attraction"",""crushing"",""endgame"",""fork"",""long"",""sacrifice""}","A fork — one piece attacks two enemy pieces at once, forcing a material win.",true,lichess,lTe6U,34758,96,{}
lc_VXFzL,r4rk1/2p3pp/2Q1p3/8/Pp1Pnn2/8/1P4PP/R1R1B1K1 b - - 0 23,"{""f4e2"",""g1h1"",""f8f1""}",rook,7,intermediate,Rook 7 · Mate In2,mateIn2,Black to move.,1390,Casual,"{""backRankMate"",""fork"",""mate"",""mateIn2"",""middlegame"",""short""}",Checkmate in two — a forced sequence that delivers checkmate on move two.,true,lichess,VXFzL,34325,95,{}
lc_COQPO,r6k/5Qp1/1p3pPp/4p3/4P3/2P3R1/3r1qPP/6RK b - - 1 30,"{""f2g1"",""h1g1"",""a8a1""}",rook,7,intermediate,Rook 7 · Mate In2,mateIn2,Black to move.,1390,Casual,"{""attraction"",""endgame"",""mate"",""mateIn2"",""sacrifice"",""short""}",Checkmate in two — a forced sequence that delivers checkmate on move two.,true,lichess,COQPO,34318,95,{}
lc_arW0C,8/R3n3/4k3/p3r3/P4KP1/8/8/8 w - - 3 57,"{""a7e7"",""e6e7"",""f4e5""}",rook,7,intermediate,Rook 7 · Deflection,deflection,White to move.,1390,Casual,"{""crushing"",""deflection"",""endgame"",""short""}",A deflection — lure a defending piece away from the square it was guarding.,true,lichess,arW0C,34121,95,{}
lc_uJ9QF,r4r1k/pp3ppB/3q1b2/3p3R/6b1/6P1/PPQN3P/R5K1 w - - 5 22,"{""h7g8"",""h8g8"",""c2h7""}",rook,7,intermediate,Rook 7 · Mate In2,mateIn2,White to move.,1390,Casual,"{""attraction"",""discoveredAttack"",""discoveredCheck"",""kingsideAttack"",""mate"",""mateIn2"",""middlegame"",""sacrifice"",""short""}",Checkmate in two — a forced sequence that delivers checkmate on move two.,true,lichess,uJ9QF,34118,95,{}
lc_Ku3pA,8/8/8/1P4p1/5p2/R3P2P/P3k3/6K1 b - - 0 36,"{""f4f3"",""a3b3"",""f3f2"",""g1h2"",""f2f1q""}",rook,7,intermediate,Rook 7 · Promotion,promotion,Black to move.,1390,Casual,"{""advancedPawn"",""crushing"",""endgame"",""long"",""promotion"",""rookEndgame""}",Pawn promotion — advance the pawn to its final rank and choose your new piece wisely.,true,lichess,Ku3pA,33951,95,{}
lc_qAo1s,6k1/3P1bpp/p3Qp2/1q3P2/p5P1/P1P2NKP/8/8 b - - 0 38,"{""b5b8"",""g3g2"",""f7e6""}",rook,7,intermediate,Rook 7 · Endgame,endgame,Black to move.,1390,Casual,"{""crushing"",""endgame"",""short""}",An endgame technique — precise play with few pieces where every tempo counts.,true,lichess,qAo1s,33843,96,{}
lc_t2NKd,4r3/1b1k2p1/1P5p/Q2n4/8/1r3PP1/5RKP/8 w - - 1 43,"{""a5a4"",""d7d8"",""a4b3""}",rook,7,intermediate,Rook 7 · Fork,fork,White to move.,1390,Casual,"{""crushing"",""endgame"",""fork"",""master"",""short""}","A fork — one piece attacks two enemy pieces at once, forcing a material win.",true,lichess,t2NKd,33500,96,{}
lc_Ulq4w,r2k1n1r/pbp2qb1/1p1N3p/6p1/2P5/1P3P2/P5PP/3RR2K w - - 0 23,"{""d6f7"",""d8c8"",""e1e8""}",rook,7,intermediate,Rook 7 · Mate In2,mateIn2,White to move.,1390,Casual,"{""discoveredCheck"",""doubleCheck"",""fork"",""mate"",""mateIn2"",""middlegame"",""short""}",Checkmate in two — a forced sequence that delivers checkmate on move two.,true,lichess,Ulq4w,33488,95,{}
lc_JezLQ,3r3k/1b2r1b1/pq1N2Bp/1p2p3/2p5/P7/1P1Q1PPP/3R1RK1 w - - 1 26,"{""d6f7"",""e7f7"",""d2d8"",""b6d8"",""d1d8""}",rook,7,intermediate,Rook 7 · Fork,fork,White to move.,1390,Casual,"{""advantage"",""discoveredAttack"",""exposedKing"",""fork"",""long"",""middlegame""}","A fork — one piece attacks two enemy pieces at once, forcing a material win.",true,lichess,JezLQ,32929,95,{}
lc_p9B4q,8/p5k1/8/7P/6q1/8/PP3P1K/4R3 w - - 0 31,"{""e1g1"",""g4g1"",""h2g1""}",rook,7,intermediate,Rook 7 · Pin,pin,White to move.,1390,Casual,"{""crushing"",""endgame"",""master"",""pin"",""queenRookEndgame"",""short""}",A pin — the attacked piece can't move without exposing a more valuable piece behind it.,true,lichess,p9B4q,32918,96,{}
lc_PEWkx,1rb2rk1/4ppbp/5np1/2p1q3/1n6/2NP3P/1P2B1PN/R1BQ1R1K w - - 0 17,"{""c1f4"",""e5e6"",""f4b8""}",rook,7,intermediate,Rook 7 · Skewer,skewer,White to move.,1391,Casual,"{""advantage"",""opening"",""short"",""skewer""}","A skewer — the higher-value piece is forced to move, losing the piece behind it.",true,lichess,PEWkx,48026,95,"{""Sicilian_Defense"",""Sicilian_Defense_Old_Sicilian""}"
lc_zdVqB,5rk1/5ppn/6rp/5q2/8/4Bn1P/PP3PP1/R2QRB1K b - - 6 25,"{""f5h3"",""g2h3"",""g6g1""}",rook,7,intermediate,Rook 7 · Mate In2,mateIn2,Black to move.,1391,Casual,"{""arabianMate"",""kingsideAttack"",""mate"",""mateIn2"",""middlegame"",""sacrifice"",""short""}",Checkmate in two — a forced sequence that delivers checkmate on move two.,true,lichess,zdVqB,36468,95,{}
lc_6CTpE,rn1q3r/pppk1ppp/3p4/2bN4/2PBQ3/1P6/P4PPP/R3KB1R b KQ - 0 13,"{""h8e8"",""d4c5"",""e8e4""}",rook,7,intermediate,Rook 7 · Pin,pin,Black to move.,1391,Casual,"{""advantage"",""opening"",""pin"",""short""}",A pin — the attacked piece can't move without exposing a more valuable piece behind it.,true,lichess,6CTpE,36302,95,"{""English_Opening"",""English_Opening_Kings_English_Variation""}"
lc_7WBGL,r5k1/ppq2pp1/7p/1Pp2Q2/6Br/1P6/1BPP1PPb/1R3R1K b - - 3 26,"{""h2g1"",""h1g1"",""c7h2""}",rook,7,intermediate,Rook 7 · Mate In2,mateIn2,Black to move.,1391,Casual,"{""attraction"",""discoveredAttack"",""discoveredCheck"",""kingsideAttack"",""mate"",""mateIn2"",""middlegame"",""sacrifice"",""short""}",Checkmate in two — a forced sequence that delivers checkmate on move two.,true,lichess,7WBGL,35748,95,{}
lc_aSO4U,N6k/pp4p1/3p2qp/3R4/8/6Pb/P4P1P/R2Q2K1 b - - 1 22,"{""g6e4"",""d1f1"",""h3f1"",""a1f1"",""e4d5""}",rook,7,intermediate,Rook 7 · Endgame,endgame,Black to move.,1391,Casual,"{""advantage"",""endgame"",""long""}",An endgame technique — precise play with few pieces where every tempo counts.,true,lichess,aSO4U,35162,95,{}
lc_Df7fl,r5k1/2p1q1p1/p2b1r1p/Q3p3/6pN/3PB1P1/PPP2P1P/R5K1 w - - 2 21,"{""a5d5"",""e7e6"",""d5a8""}",rook,7,intermediate,Rook 7 · Fork,fork,White to move.,1391,Casual,"{""crushing"",""fork"",""middlegame"",""short""}","A fork — one piece attacks two enemy pieces at once, forcing a material win.",true,lichess,Df7fl,35080,96,{}
lc_Ky269,2rq1rk1/1p1nbppp/p3p3/3p4/1P1Q4/P5NP/2P2PPN/R1B2RK1 b - - 1 14,"{""e7f6"",""d4d1"",""f6a1""}",rook,7,intermediate,Rook 7 · Skewer,skewer,Black to move.,1391,Casual,"{""advantage"",""opening"",""short"",""skewer""}","A skewer — the higher-value piece is forced to move, losing the piece behind it.",true,lichess,Ky269,34591,94,"{""Sicilian_Defense"",""Sicilian_Defense_Canal_Attack""}"
lc_Sjtsl,r2qr1k1/1p3ppp/p7/6b1/8/5P1b/PP1B1P1P/RB1QR1K1 w - - 3 20,"{""e1e8"",""d8e8"",""d2g5""}",rook,7,intermediate,Rook 7 · Advantage,advantage,White to move.,1391,Casual,"{""advantage"",""kingsideAttack"",""middlegame"",""short""}",Find the strongest continuation and seize the advantage.,true,lichess,Sjtsl,34566,95,"{""Sicilian_Defense"",""Sicilian_Defense_Taimanov_Variation""}"
lc_G2gwT,r2q1r2/ppp2kpp/2npbb2/3N4/4PQ2/5N2/PP3PPP/R1B2RK1 w - - 7 14,"{""f3g5"",""f7g8"",""g5e6""}",rook,7,intermediate,Rook 7 · Deflection,deflection,White to move.,1391,Casual,"{""crushing"",""deflection"",""middlegame"",""short""}",A deflection — lure a defending piece away from the square it was guarding.,true,lichess,G2gwT,34388,96,"{""Scotch_Game"",""Scotch_Game_Scotch_Gambit""}"
lc_ArceT,3r4/2p2pkp/p2pq3/2p1rp2/1PP1P2R/P3Q1P1/5PKP/5R2 w - - 0 26,"{""e3g5"",""e6g6"",""g5d8""}",rook,7,intermediate,Rook 7 · Fork,fork,White to move.,1391,Casual,"{""crushing"",""endgame"",""fork"",""short""}","A fork — one piece attacks two enemy pieces at once, forcing a material win.",true,lichess,ArceT,33979,95,{}
lc_AFffn,r1b1k2r/p5pp/4p3/4qp2/1bB1p3/4B3/PPQ1KPPP/3R3R w kq - 6 18,"{""c2a4"",""e8f7"",""a4b4""}",rook,7,intermediate,Rook 7 · Fork,fork,White to move.,1391,Casual,"{""advantage"",""fork"",""middlegame"",""short""}","A fork — one piece attacks two enemy pieces at once, forcing a material win.",true,lichess,AFffn,33886,96,"{""Horwitz_Defense"",""Horwitz_Defense_Other_variations""}"
lc_YyIcU,2r4k/Bb2b1pp/2q2p2/3Q2Pn/7P/1B3P2/1KP5/R2R4 b - - 0 29,"{""c6c3"",""b2b1"",""b7d5""}",rook,7,intermediate,Rook 7 · Discovered Attack,discoveredAttack,Black to move.,1391,Casual,"{""crushing"",""discoveredAttack"",""middlegame"",""short""}",A discovered attack — moving one piece uncovers a deadly attack from another.,true,lichess,YyIcU,33827,95,{}
lc_Ed0vi,3kr3/ppp5/3b4/1PP2Q1p/P7/8/3R1PPP/q5NK b - - 0 31,"{""a1g1"",""h1g1"",""e8e1""}",rook,7,intermediate,Rook 7 · Mate In2,mateIn2,Black to move.,1391,Casual,"{""attraction"",""endgame"",""mate"",""mateIn2"",""sacrifice"",""short""}",Checkmate in two — a forced sequence that delivers checkmate on move two.,true,lichess,Ed0vi,33046,96,{}
lc_INUeZ,5k2/p4pp1/1p5p/2p1Pq2/2P5/P2r1N1P/1PQ3P1/K2R4 b - - 5 30,"{""d3a3"",""a1b1"",""a3a1"",""b1a1"",""f5c2""}",rook,7,intermediate,Rook 7 · Deflection,deflection,Black to move.,1391,Casual,"{""advantage"",""deflection"",""endgame"",""long""}",A deflection — lure a defending piece away from the square it was guarding.,true,lichess,INUeZ,32972,95,{}
lc_Wp5Ez,r2q1rk1/p1pbb1pp/2p2n2/3pQ1B1/8/5N2/PPP2PPP/RN2R1K1 w - - 3 12,"{""e5e7"",""d8e7"",""e1e7""}",rook,7,intermediate,Rook 7 · Advantage,advantage,White to move.,1392,Casual,"{""advantage"",""opening"",""short""}",Find the strongest continuation and seize the advantage.,true,lichess,Wp5Ez,35769,95,"{""Center_Game"",""Center_Game_Kieseritzky_Variation""}"
lc_dCjBK,r1b2rk1/1p3pp1/p6p/2bpqN1Q/4pnB1/2P4P/PP3PP1/R1B1R1K1 w - - 2 24,"{""f5h6"",""g7h6"",""h5e5""}",rook,7,intermediate,Rook 7 · Discovered Attack,discoveredAttack,White to move.,1392,Casual,"{""crushing"",""discoveredAttack"",""kingsideAttack"",""middlegame"",""short""}",A discovered attack — moving one piece uncovers a deadly attack from another.,true,lichess,dCjBK,35411,95,{}
lc_ywBwi,r1b1k1nr/p3bppp/2p5/q1p5/8/P1pP4/1PPBQPPP/R3K1NR w KQkq - 0 11,"{""d2c3"",""a5a4"",""c3g7""}",rook,7,intermediate,Rook 7 · Advantage,advantage,White to move.,1392,Casual,"{""advantage"",""opening"",""short""}",Find the strongest continuation and seize the advantage.,true,lichess,ywBwi,35395,96,"{""Sicilian_Defense"",""Sicilian_Defense_Bowdler_Attack""}"
lc_H9ngU,r4rk1/1p3pp1/p1p2n1p/3nR3/3P4/2q2PN1/P1BQ2PP/2R3K1 w - - 0 24,"{""c2h7"",""g8h7"",""c1c3""}",rook,7,intermediate,Rook 7 · Discovered Attack,discoveredAttack,White to move.,1392,Casual,"{""advantage"",""discoveredAttack"",""middlegame"",""short""}",A discovered attack — moving one piece uncovers a deadly attack from another.,true,lichess,H9ngU,35075,95,{}
lc_FLdzA,1r4k1/5ppp/p3p3/6P1/4PP2/r1q5/PR3QBP/KR6 b - - 8 24,"{""a3a2"",""a1a2"",""c3a5""}",rook,7,intermediate,Rook 7 · Mate In2,mateIn2,Black to move.,1392,Casual,"{""attraction"",""mate"",""mateIn2"",""middlegame"",""pin"",""sacrifice"",""short""}",Checkmate in two — a forced sequence that delivers checkmate on move two.,true,lichess,FLdzA,35011,97,{}
lc_ZghOs,5k2/R4pp1/4b3/3P2p1/5bP1/1B1R1K1P/1r6/8 b - - 0 37,"{""b2b3"",""d3b3"",""e6d5"",""f3f2"",""d5b3""}",rook,7,intermediate,Rook 7 · Fork,fork,Black to move.,1392,Casual,"{""advantage"",""attraction"",""capturingDefender"",""deflection"",""endgame"",""fork"",""long""}","A fork — one piece attacks two enemy pieces at once, forcing a material win.",true,lichess,ZghOs,34803,95,{}
lc_ylhle,rn1qk2r/ppp1bpp1/5n1p/8/3PN1b1/6P1/PP3PBP/R1BQK1NR w KQkq - 1 9,"{""e4f6"",""e7f6"",""d1g4""}",rook,7,intermediate,Rook 7 · Advantage,advantage,White to move.,1392,Casual,"{""advantage"",""opening"",""short""}",Find the strongest continuation and seize the advantage.,true,lichess,ylhle,34762,95,"{""Queens_Gambit_Declined"",""Queens_Gambit_Declined_Exchange_Variation""}"
lc_kl5J8,r5rk/pp1Q1p1p/5p1N/8/8/5p2/PPP2qPP/R5RK b - - 1 26,"{""f3g2"",""g1g2"",""f2g2""}",rook,7,intermediate,Rook 7 · Mate In2,mateIn2,Black to move.,1392,Casual,"{""advancedPawn"",""kingsideAttack"",""mate"",""mateIn2"",""middlegame"",""short""}",Checkmate in two — a forced sequence that delivers checkmate on move two.,true,lichess,kl5J8,34275,96,{}
lc_rJkOK,5k2/7R/1p6/3brp2/8/P1PpB1KP/1P3P2/8 b - - 6 48,"{""e5e3"",""f2e3"",""d3d2""}",rook,7,intermediate,Rook 7 · Sacrifice,sacrifice,Black to move.,1392,Casual,"{""advancedPawn"",""crushing"",""endgame"",""sacrifice"",""short""}",A sacrifice — give up material to gain a decisive tactical or positional advantage.,true,lichess,rJkOK,34137,96,{}
lc_W1ffG,r1b3r1/ppp1kp2/8/2b4p/4P1p1/2NPp2P/PPP3PK/R3NB1R b - - 3 20,"{""g4g3"",""h2g1"",""e3e2"",""d3d4"",""c5d4""}",rook,7,intermediate,Rook 7 · Mate In3,mateIn3,Black to move.,1392,Casual,"{""advancedPawn"",""discoveredAttack"",""discoveredCheck"",""long"",""mate"",""mateIn3"",""middlegame""}",Checkmate in three — calculate the forcing line all the way to mate.,true,lichess,W1ffG,33936,97,{}
lc_uAe9x,r6r/4kp1p/p3p1p1/1p1b4/5Q1K/4P3/P5qP/2R4R w - - 2 32,"{""c1c7"",""e7e8"",""f4f7"",""e8d8"",""f7d7""}",rook,7,intermediate,Rook 7 · Mate In3,mateIn3,White to move.,1392,Casual,"{""attackingF2F7"",""long"",""mate"",""mateIn3"",""middlegame""}",Checkmate in three — calculate the forcing line all the way to mate.,true,lichess,uAe9x,33757,94,{}
lc_wnI8u,r2q3k/1p2n3/pp5p/5p2/1P1BB1Q1/P2PP1P1/2P4P/7K b - - 0 34,"{""d8d4"",""e3d4"",""f5g4""}",rook,7,intermediate,Rook 7 · Endgame,endgame,Black to move.,1392,Casual,"{""advantage"",""endgame"",""short""}",An endgame technique — precise play with few pieces where every tempo counts.,true,lichess,wnI8u,33735,95,{}
lc_XeE5J,8/3Q4/7p/4k1p1/4r3/8/1q4PK/8 w - - 63 71,"{""d7g7"",""e5d5"",""g7b2""}",rook,7,intermediate,Rook 7 · Skewer,skewer,White to move.,1392,Casual,"{""crushing"",""endgame"",""short"",""skewer""}","A skewer — the higher-value piece is forced to move, losing the piece behind it.",true,lichess,XeE5J,33302,96,{}
lc_pl8U7,r4rk1/1pp2pb1/p1n1b1q1/4p2Q/P1B1N3/2PP4/1P3PPP/R4RK1 w - - 7 18,"{""h5g6"",""f7g6"",""c4e6""}",rook,7,intermediate,Rook 7 · Advantage,advantage,White to move.,1392,Casual,"{""advantage"",""capturingDefender"",""kingsideAttack"",""middlegame"",""short""}",Find the strongest continuation and seize the advantage.,true,lichess,pl8U7,33152,95,"{""Italian_Game"",""Italian_Game_Giuoco_Piano""}"
lc_8jAFL,rnb1kb1r/ppp2ppp/5n2/3qp1B1/8/3P4/PPP1BPPP/RN1QK1NR b KQkq - 1 5,"{""d5g2"",""e2f3"",""g2g5""}",rook,7,intermediate,Rook 7 · Fork,fork,Black to move.,1393,Casual,"{""crushing"",""fork"",""opening"",""short""}","A fork — one piece attacks two enemy pieces at once, forcing a material win.",true,lichess,8jAFL,42756,95,"{""Kings_Pawn_Game"",""Kings_Pawn_Game_Other_variations""}"
lc_UnBWW,5rk1/pp1n1p1p/3p2P1/4p3/1P2P2q/1B3PRb/P6P/6bK w - - 0 26,"{""g6f7"",""g8h8"",""g3g8"",""f8g8"",""f7g8q""}",rook,7,intermediate,Rook 7 · Mate In3,mateIn3,White to move.,1393,Casual,"{""advancedPawn"",""discoveredCheck"",""doubleCheck"",""fork"",""long"",""mate"",""mateIn3"",""middlegame"",""promotion""}",Checkmate in three — calculate the forcing line all the way to mate.,true,lichess,UnBWW,39614,96,{}
lc_7RG65,r1b2rk1/pp3pbp/2nqp1p1/3Nn3/2P5/4BN2/PP2B1PP/R2Q1RK1 w - - 0 15,"{""d5f6"",""g7f6"",""d1d6""}",rook,7,intermediate,Rook 7 · Discovered Attack,discoveredAttack,White to move.,1393,Casual,"{""crushing"",""discoveredAttack"",""opening"",""short""}",A discovered attack — moving one piece uncovers a deadly attack from another.,true,lichess,7RG65,37143,96,"{""Pirc_Defense"",""Pirc_Defense_Austrian_Attack""}"
lc_WcUPE,r5k1/7p/4p1p1/1p3p2/4qP2/3QB2P/7K/3R4 b - - 1 34,"{""a8a2"",""d1d2"",""e4d3""}",rook,7,intermediate,Rook 7 · Pin,pin,Black to move.,1393,Casual,"{""crushing"",""endgame"",""pin"",""short""}",A pin — the attacked piece can't move without exposing a more valuable piece behind it.,true,lichess,WcUPE,35873,96,{}
lc_cnbmO,8/R5pk/4p2p/3p4/P2P1nP1/5PN1/1r4P1/6K1 b - - 2 31,"{""b2g2"",""g1f1"",""g2g3""}",rook,7,intermediate,Rook 7 · Fork,fork,Black to move.,1393,Casual,"{""crushing"",""endgame"",""fork"",""short""}","A fork — one piece attacks two enemy pieces at once, forcing a material win.",true,lichess,cnbmO,35347,95,{}
lc_0qPL6,5rk1/pp3pp1/8/4q1N1/6b1/4r3/PP3QP1/5K1R w - - 0 28,"{""h1h8"",""g8h8"",""f2h4"",""g4h5"",""h4h5"",""h8g8"",""h5h7""}",rook,7,intermediate,Rook 7 · Fork,fork,White to move.,1393,Casual,"{""attraction"",""fork"",""mate"",""mateIn4"",""middlegame"",""sacrifice"",""veryLong""}","A fork — one piece attacks two enemy pieces at once, forcing a material win.",true,lichess,0qPL6,35311,96,{}
lc_JePeI,5rk1/p4ppp/5P2/3Np3/4P1P1/5Q1P/P1r1q3/5R1K w - - 1 24,"{""d5e7"",""g8h8"",""f6g7"",""h8g7"",""f3f6""}",rook,7,intermediate,Rook 7 · Mate In3,mateIn3,White to move.,1393,Casual,"{""advancedPawn"",""attraction"",""endgame"",""long"",""mate"",""mateIn3""}",Checkmate in three — calculate the forcing line all the way to mate.,true,lichess,JePeI,34528,96,{}
lc_ICNvG,2rk4/3bq3/3Q4/3Ppp1B/1pp5/7P/1P3PP1/6K1 w - - 5 34,"{""d6b6"",""c8c7"",""d5d6"",""e7d6"",""b6d6""}",rook,7,intermediate,Rook 7 · Fork,fork,White to move.,1393,Casual,"{""crushing"",""endgame"",""fork"",""long"",""master""}","A fork — one piece attacks two enemy pieces at once, forcing a material win.",true,lichess,ICNvG,34495,96,{}
lc_Y9TsW,rn2kb1r/pp3ppp/4p3/2pq4/6b1/4PN2/PP1PBPPP/R1BQK2R w KQkq - 0 8,"{""d1a4"",""b8c6"",""a4g4""}",rook,7,intermediate,Rook 7 · Fork,fork,White to move.,1393,Casual,"{""advantage"",""fork"",""opening"",""short""}","A fork — one piece attacks two enemy pieces at once, forcing a material win.",true,lichess,Y9TsW,34190,95,"{""English_Opening"",""English_Opening_Anglo-Grunfeld_Defense""}"
lc_6eOZd,2r4k/p3p2p/5bp1/2B5/2R2P2/1P5P/r1P3P1/4R1K1 b - - 0 37,"{""c8c5"",""c4c5"",""f6d4"",""g1h2"",""d4c5""}",rook,7,intermediate,Rook 7 · Fork,fork,Black to move.,1393,Casual,"{""advantage"",""attraction"",""endgame"",""fork"",""long"",""sacrifice""}","A fork — one piece attacks two enemy pieces at once, forcing a material win.",true,lichess,6eOZd,33942,96,{}
lc_w4eHe,r6k/pp4bp/2q2rp1/2P5/3p4/1B3P2/PPKQ1P2/R6R w - - 5 22,"{""h1h7"",""h8h7"",""a1h1"",""g7h6"",""d2h6""}",rook,7,intermediate,Rook 7 · Mate In3,mateIn3,White to move.,1393,Casual,"{""attraction"",""kingsideAttack"",""long"",""mate"",""mateIn3"",""middlegame"",""sacrifice""}",Checkmate in three — calculate the forcing line all the way to mate.,true,lichess,w4eHe,33494,95,{}
lc_uk4Y9,1R6/3r1pk1/3p2p1/4p3/3r2Pn/5P1P/5Q1K/8 b - - 2 46,"{""d4d2"",""f2d2"",""h4f3"",""h2g2"",""f3d2""}",rook,7,intermediate,Rook 7 · Fork,fork,Black to move.,1393,Casual,"{""attraction"",""crushing"",""deflection"",""endgame"",""fork"",""long"",""pin"",""sacrifice""}","A fork — one piece attacks two enemy pieces at once, forcing a material win.",true,lichess,uk4Y9,33479,96,{}
lc_omhhe,6k1/6p1/R1b2r1p/3p4/2pP4/2p2B2/Pr3PPP/2R3K1 w - - 0 28,"{""a6c6"",""f6c6"",""f3d5"",""g8f8"",""d5c6""}",rook,7,intermediate,Rook 7 · Fork,fork,White to move.,1393,Casual,"{""advantage"",""attraction"",""capturingDefender"",""endgame"",""fork"",""long""}","A fork — one piece attacks two enemy pieces at once, forcing a material win.",true,lichess,omhhe,33466,96,{}
lc_5OwXn,8/8/p1R2p2/5P1p/kP1B1P2/2b3K1/2r4P/8 b - - 1 37,"{""c3e1"",""g3f3"",""c2c6""}",rook,7,intermediate,Rook 7 · Discovered Attack,discoveredAttack,Black to move.,1393,Casual,"{""crushing"",""discoveredAttack"",""endgame"",""short""}",A discovered attack — moving one piece uncovers a deadly attack from another.,true,lichess,5OwXn,33452,97,{}
lc_tPPp4,3rr1k1/1pp2qpp/p7/5p2/P1QnP3/1P2R1PP/2P2PB1/4R1K1 b - - 2 22,"{""f7c4"",""b3c4"",""d4c2""}",rook,7,intermediate,Rook 7 · Advantage,advantage,Black to move.,1393,Casual,"{""advantage"",""capturingDefender"",""middlegame"",""short""}",Find the strongest continuation and seize the advantage.,true,lichess,tPPp4,33166,96,{}
lc_BU7yB,R7/8/8/1k5K/1n4P1/7P/p7/8 b - g3 0 55,"{""b4a6"",""a8f8"",""a2a1q""}",rook,7,intermediate,Rook 7 · Promotion,promotion,Black to move.,1394,Casual,"{""advancedPawn"",""crushing"",""endgame"",""promotion"",""quietMove"",""short""}",Pawn promotion — advance the pawn to its final rank and choose your new piece wisely.,true,lichess,BU7yB,49331,97,{}
lc_hp7dB,6k1/pp4p1/4qp1p/n7/5Q2/PPB1P1P1/3r1PKP/5R2 b - - 5 26,"{""e6c6"",""g2g1"",""c6c3""}",rook,7,intermediate,Rook 7 · Fork,fork,Black to move.,1394,Casual,"{""crushing"",""endgame"",""fork"",""master"",""short""}","A fork — one piece attacks two enemy pieces at once, forcing a material win.",true,lichess,hp7dB,39050,96,{}
lc_ucpT5,r1bqr1k1/pp3pBp/5np1/4n3/8/P1p2P2/1PPQB1PP/R3K1NR w KQ - 0 14,"{""d2d8"",""e8d8"",""g7f6""}",rook,7,intermediate,Rook 7 · Advantage,advantage,White to move.,1394,Casual,"{""advantage"",""capturingDefender"",""opening"",""short""}",Find the strongest continuation and seize the advantage.,true,lichess,ucpT5,36946,96,"{""Indian_Defense"",""Indian_Defense_Other_variations""}"
lc_LRlhJ,rnk4r/pp6/2p1R3/5Q2/6n1/2P5/PP3PP1/RNBq1NK1 b - - 2 19,"{""h8h1"",""g1h1"",""d1f1""}",rook,7,intermediate,Rook 7 · Mate In2,mateIn2,Black to move.,1394,Casual,"{""attraction"",""deflection"",""kingsideAttack"",""mate"",""mateIn2"",""opening"",""sacrifice"",""short""}",Checkmate in two — a forced sequence that delivers checkmate on move two.,true,lichess,LRlhJ,36213,96,"{""Bishops_Opening"",""Bishops_Opening_Warsaw_Gambit""}"
lc_O6qUt,8/8/8/2r2p1R/2k3p1/4K1P1/5PP1/8 b - - 5 45,"{""f5f4"",""e3f4"",""c5h5""}",rook,7,intermediate,Rook 7 · Discovered Attack,discoveredAttack,Black to move.,1394,Casual,"{""crushing"",""discoveredAttack"",""endgame"",""rookEndgame"",""short""}",A discovered attack — moving one piece uncovers a deadly attack from another.,true,lichess,O6qUt,35782,96,{}
lc_hTLBK,6rk/2q2ppp/r3bR2/p2pP1B1/3p3R/1P4Q1/P1p3PP/6K1 w - - 0 27,"{""h4h7"",""h8h7"",""g3h4""}",rook,7,intermediate,Rook 7 · Mate In2,mateIn2,White to move.,1394,Casual,"{""attraction"",""kingsideAttack"",""mate"",""mateIn2"",""middlegame"",""sacrifice"",""short""}",Checkmate in two — a forced sequence that delivers checkmate on move two.,true,lichess,hTLBK,35756,95,{}
lc_jVXPQ,8/8/p3k2P/1p2pN2/6n1/8/PPr3P1/4R1K1 b - - 0 42,"{""e6f5"",""h6h7"",""c2c8""}",rook,7,intermediate,Rook 7 · Hanging Piece,hangingPiece,Black to move.,1394,Casual,"{""advantage"",""defensiveMove"",""endgame"",""hangingPiece"",""master"",""short""}",A hanging piece — an undefended enemy piece is free to capture.,true,lichess,jVXPQ,35583,96,{}
lc_X2hQO,r7/2k3pp/2P2p2/3Pp3/pK2P3/1p3P2/6PP/2R5 b - - 1 32,"{""b3b2"",""c1b1"",""a4a3""}",rook,7,intermediate,Rook 7 · Advanced Pawn,advancedPawn,Black to move.,1394,Casual,"{""advancedPawn"",""crushing"",""endgame"",""rookEndgame"",""short""}",An advanced pawn — push the passer or use its threats to win material.,true,lichess,X2hQO,35404,96,{}
lc_9UVOe,7k/1p3p1P/4b1pQ/pNq1p3/1n1pP3/1P3P2/r7/1K5R w - - 2 30,"{""h6g7"",""h8g7"",""h7h8q""}",rook,7,intermediate,Rook 7 · Mate In2,mateIn2,White to move.,1394,Casual,"{""advancedPawn"",""attraction"",""mate"",""mateIn2"",""middlegame"",""promotion"",""short""}",Checkmate in two — a forced sequence that delivers checkmate on move two.,true,lichess,9UVOe,35299,96,{}
lc_sJM6c,r1b1kbnr/ppppqppp/8/4n1B1/4P3/5N2/PPP2PPP/RN1QKB1R b KQkq - 1 5,"{""e5f3"",""d1f3"",""e7g5""}",rook,7,intermediate,Rook 7 · Advantage,advantage,Black to move.,1394,Casual,"{""advantage"",""opening"",""short""}",Find the strongest continuation and seize the advantage.,true,lichess,sJM6c,35096,95,"{""Englund_Gambit_Complex"",""Englund_Gambit_Complex_Englund_Gambit""}"
lc_heTA7,4r1k1/1p3pp1/pP4rp/2p5/Q1P1n3/5q1P/1P3PP1/3RR1K1 w - - 0 26,"{""a4e8"",""g8h7"",""e8e4"",""f3e4"",""e1e4""}",rook,7,intermediate,Rook 7 · Pin,pin,White to move.,1394,Casual,"{""crushing"",""hangingPiece"",""kingsideAttack"",""long"",""middlegame"",""pin""}",A pin — the attacked piece can't move without exposing a more valuable piece behind it.,true,lichess,heTA7,34599,95,{}
lc_chO3D,4rk2/p2R2pp/8/4q3/2Q5/PP4PP/7K/8 b - - 0 38,"{""e5b2"",""h2g1"",""e8e1"",""c4f1"",""e1f1""}",rook,7,intermediate,Rook 7 · Endgame,endgame,Black to move.,1394,Casual,"{""crushing"",""endgame"",""long""}",An endgame technique — precise play with few pieces where every tempo counts.,true,lichess,chO3D,34538,95,{}
lc_rMn5v,6k1/5pp1/8/R5P1/2pP4/5P2/Pr6/6K1 b - - 0 35,"{""c4c3"",""a5c5"",""c3c2"",""g1f1"",""b2b1""}",rook,7,intermediate,Rook 7 · Advanced Pawn,advancedPawn,Black to move.,1394,Casual,"{""advancedPawn"",""crushing"",""endgame"",""long"",""rookEndgame""}",An advanced pawn — push the passer or use its threats to win material.,true,lichess,rMn5v,34507,95,{}
lc_veKlb,7k/pQ4p1/Pp5p/1P4q1/8/7P/2r3P1/5R1K w - - 3 36,"{""f1f8"",""h8h7"",""b7e4"",""g5g6"",""f8h8"",""h7h8"",""e4g6""}",rook,7,intermediate,Rook 7 · Fork,fork,White to move.,1394,Casual,"{""crushing"",""deflection"",""endgame"",""fork"",""veryLong""}","A fork — one piece attacks two enemy pieces at once, forcing a material win.",true,lichess,veKlb,34070,96,{}
lc_31Qdg,6k1/p5p1/2N5/2P4p/1P2B1n1/6P1/r7/5K2 w - h6 0 33,"{""e4d5"",""g8f8"",""d5a2""}",rook,7,intermediate,Rook 7 · Fork,fork,White to move.,1394,Casual,"{""crushing"",""endgame"",""fork"",""short""}","A fork — one piece attacks two enemy pieces at once, forcing a material win.",true,lichess,31Qdg,33320,95,{}
lc_TVP7p,rn2Rnk1/p2p1pp1/b1pN3p/1p1r4/8/3B4/PPP2PPP/4R1K1 w - - 4 21,"{""e8f8"",""g8f8"",""e1e8""}",rook,7,intermediate,Rook 7 · Mate In2,mateIn2,White to move.,1394,Casual,"{""attraction"",""kingsideAttack"",""mate"",""mateIn2"",""middlegame"",""sacrifice"",""short""}",Checkmate in two — a forced sequence that delivers checkmate on move two.,true,lichess,TVP7p,32914,95,{}
lc_YHCPc,5r1k/p2n2pp/3b4/3P1r2/2P5/1B2Q3/PP4PP/4R1K1 b - - 0 30,"{""d6c5"",""e3c5"",""d7c5""}",rook,7,intermediate,Rook 7 · Pin,pin,Black to move.,1395,Casual,"{""advantage"",""middlegame"",""pin"",""short""}",A pin — the attacked piece can't move without exposing a more valuable piece behind it.,true,lichess,YHCPc,36000,96,{}
lc_AYjZF,7r/ppk1B1p1/2p4p/4P3/5q2/1B5Q/PPP1K1PP/8 b - - 2 24,"{""f4e5"",""h3e3"",""e5e3"",""e2e3"",""h8e8"",""e3f4"",""e8e7""}",rook,7,intermediate,Rook 7 · Fork,fork,Black to move.,1395,Casual,"{""crushing"",""endgame"",""exposedKing"",""fork"",""pin"",""veryLong""}","A fork — one piece attacks two enemy pieces at once, forcing a material win.",true,lichess,AYjZF,35183,95,{}
lc_bCGCV,3k1r2/6R1/pp1bP2p/2pB1p2/2Pn1P2/P3K2P/1P6/8 w - - 1 40,"{""g7d7"",""d8e8"",""d7d6""}",rook,7,intermediate,Rook 7 · Fork,fork,White to move.,1395,Casual,"{""crushing"",""endgame"",""fork"",""short""}","A fork — one piece attacks two enemy pieces at once, forcing a material win.",true,lichess,bCGCV,34839,95,{}
lc_hBHS8,r1bk1b1r/pppn4/3p2B1/5R1p/4P2q/2NP2p1/PPP3P1/R1B2QK1 w - - 0 17,"{""c1g5"",""h4g5"",""f5g5""}",rook,7,intermediate,Rook 7 · Fork,fork,White to move.,1395,Casual,"{""crushing"",""fork"",""opening"",""short""}","A fork — one piece attacks two enemy pieces at once, forcing a material win.",true,lichess,hBHS8,34403,95,"{""Kings_Gambit_Accepted"",""Kings_Gambit_Accepted_Fischer_Defense""}"
lc_zav1P,1nk3r1/ppp3qp/5P2/1P1p1p2/P2P1B2/8/2P2PrN/R2Q1R1K b - - 0 22,"{""g2h2"",""f4h2"",""g7g2""}",rook,7,intermediate,Rook 7 · Mate In2,mateIn2,Black to move.,1395,Casual,"{""clearance"",""kingsideAttack"",""mate"",""mateIn2"",""middlegame"",""sacrifice"",""short""}",Checkmate in two — a forced sequence that delivers checkmate on move two.,true,lichess,zav1P,34377,95,{}
lc_5dsrd,r4rk1/1p1bqp2/p1p1p1pp/2p5/4NP2/2P3Q1/PP4PP/3R1RK1 w - - 4 20,"{""d1d7"",""e7d7"",""e4f6"",""g8g7"",""f6d7""}",rook,7,intermediate,Rook 7 · Fork,fork,White to move.,1395,Casual,"{""attraction"",""crushing"",""fork"",""long"",""middlegame"",""sacrifice""}","A fork — one piece attacks two enemy pieces at once, forcing a material win.",true,lichess,5dsrd,34329,96,"{""Sicilian_Defense"",""Sicilian_Defense_Grand_Prix_Attack""}"
lc_kjk6A,4r1k1/p4ppp/5n2/1p6/1q2N3/1Pb2N2/2P1QPPP/3r1RK1 w - - 0 23,"{""e4f6"",""c3f6"",""e2e8"",""b4f8"",""e8f8"",""g8f8"",""f1d1""}",rook,7,intermediate,Rook 7 · Discovered Attack,discoveredAttack,White to move.,1395,Casual,"{""crushing"",""discoveredAttack"",""kingsideAttack"",""middlegame"",""veryLong""}",A discovered attack — moving one piece uncovers a deadly attack from another.,true,lichess,kjk6A,34101,95,{}
lc_GaoyS,2k1qr1r/pp1n2Q1/4p2p/2p1P3/3p1B2/3P2PP/PPP2P2/2KR3R b - - 0 22,"{""f8g8"",""g7h8"",""g8h8""}",rook,7,intermediate,Rook 7 · Trapped Piece,trappedPiece,Black to move.,1395,Casual,"{""advantage"",""middlegame"",""short"",""trappedPiece""}",A trapped piece — the enemy piece has no safe squares and can be won.,true,lichess,GaoyS,34085,95,{}
lc_xlgsC,r4r2/1b4k1/p1q3pp/2p1bp2/1pB1N2Q/3P4/1PP1R2P/5RK1 w - - 0 29,"{""h4e7"",""g7h8"",""e7e5""}",rook,7,intermediate,Rook 7 · Fork,fork,White to move.,1395,Casual,"{""crushing"",""fork"",""middlegame"",""short""}","A fork — one piece attacks two enemy pieces at once, forcing a material win.",true,lichess,xlgsC,33975,95,{}
lc_SsfYT,rnbqkb1r/pp2ppp1/5n1p/4p3/2B1P3/2N5/PP3PPP/R1BQK2R w KQkq - 0 8,"{""c4f7"",""e8f7"",""d1d8""}",rook,7,intermediate,Rook 7 · Deflection,deflection,White to move.,1395,Casual,"{""advantage"",""attackingF2F7"",""deflection"",""opening"",""short""}",A deflection — lure a defending piece away from the square it was guarding.,true,lichess,SsfYT,33754,94,"{""Zukertort_Opening"",""Zukertort_Opening_Sicilian_Invitation""}"
lc_ACgYa,Qn4k1/p1p3pp/1p3r2/8/2P1P3/1P3pPq/P4P1P/R5RK b - - 3 22,"{""h3h2"",""h1h2"",""f6h6""}",rook,7,intermediate,Rook 7 · Mate In2,mateIn2,Black to move.,1395,Casual,"{""attraction"",""endgame"",""kingsideAttack"",""mate"",""mateIn2"",""sacrifice"",""short""}",Checkmate in two — a forced sequence that delivers checkmate on move two.,true,lichess,ACgYa,33593,96,{}
lc_13A8M,r7/5p2/R1b1pp1p/2k5/8/3B1P2/2P2K1P/8 w - - 1 34,"{""a6c6"",""c5c6"",""d3e4""}",rook,7,intermediate,Rook 7 · Attraction,attraction,White to move.,1395,Casual,"{""advantage"",""attraction"",""endgame"",""master"",""sacrifice"",""short""}",An attraction — force an enemy piece onto a square where it can be exploited.,true,lichess,13A8M,33164,96,{}
lc_tdxXG,8/5pk1/4p1p1/2Q4p/p1N5/Rrq4P/5PPK/8 b - - 0 38,"{""b3a3"",""c5a3"",""c3c4""}",rook,7,intermediate,Rook 7 · Endgame,endgame,Black to move.,1396,Casual,"{""crushing"",""endgame"",""short""}",An endgame technique — precise play with few pieces where every tempo counts.,true,lichess,tdxXG,43807,95,{}
lc_ebsvv,4r1k1/3bQp1p/p5p1/2pP4/2p5/1P5P/P2qRPP1/6K1 w - - 6 27,"{""e7e8"",""d7e8"",""e2d2""}",rook,7,intermediate,Rook 7 · Endgame,endgame,White to move.,1396,Casual,"{""crushing"",""endgame"",""short""}",An endgame technique — precise play with few pieces where every tempo counts.,true,lichess,ebsvv,35562,95,{}
lc_vrpJG,r3k2r/pp1n1p1p/2p1b1p1/4q1B1/8/2P3Q1/P4PPP/R3KB1R w KQkq - 0 15,"{""g3e5"",""d7e5"",""g5f6"",""e8g8"",""f6e5""}",rook,7,intermediate,Rook 7 · Fork,fork,White to move.,1396,Casual,"{""advantage"",""fork"",""long"",""middlegame""}","A fork — one piece attacks two enemy pieces at once, forcing a material win.",true,lichess,vrpJG,35413,96,"{""French_Defense"",""French_Defense_Exchange_Variation""}"
lc_chBJ4,8/1p5p/4R1p1/1r2p3/p3P3/1k6/1Pr5/1K5R w - - 4 51,"{""h1h3"",""b3c4"",""b1c2""}",rook,7,intermediate,Rook 7 · Deflection,deflection,White to move.,1396,Casual,"{""advantage"",""deflection"",""endgame"",""rookEndgame"",""short""}",A deflection — lure a defending piece away from the square it was guarding.,true,lichess,chBJ4,35017,95,{}
lc_HQ115,3r4/2R3pk/8/p7/1b6/1P5P/3p1P2/3R1K2 b - - 1 37,"{""d8e8"",""f1g2"",""e8e1"",""d1d2"",""b4d2""}",rook,7,intermediate,Rook 7 · Endgame,endgame,Black to move.,1396,Casual,"{""advantage"",""endgame"",""long"",""quietMove""}",An endgame technique — precise play with few pieces where every tempo counts.,true,lichess,HQ115,34824,95,{}
lc_hqrgp,r3k2r/2p2pp1/p1p1b2p/2R5/q3P3/3P1P2/P2NQ1PP/R5K1 b kq - 0 16,"{""a4d4"",""e2f2"",""d4a1""}",rook,7,intermediate,Rook 7 · Fork,fork,Black to move.,1396,Casual,"{""crushing"",""fork"",""middlegame"",""short""}","A fork — one piece attacks two enemy pieces at once, forcing a material win.",true,lichess,hqrgp,34675,96,"{""Ruy_Lopez"",""Ruy_Lopez_Classical_Variation""}"
lc_BYK8Z,5rk1/pb4pp/1p6/1P1pq3/3p4/P2B4/3Q2PP/5RK1 w - - 5 24,"{""d3h7"",""g8h7"",""f1f8""}",rook,7,intermediate,Rook 7 · Deflection,deflection,White to move.,1396,Casual,"{""crushing"",""deflection"",""endgame"",""short""}",A deflection — lure a defending piece away from the square it was guarding.,true,lichess,BYK8Z,34629,96,{}
lc_ZZTp5,8/PK6/8/3k3p/2R3p1/6P1/r1p5/8 w - - 2 66,"{""c4c2"",""a2c2"",""a7a8q""}",rook,7,intermediate,Rook 7 · Deflection,deflection,White to move.,1396,Casual,"{""advancedPawn"",""advantage"",""deflection"",""endgame"",""promotion"",""rookEndgame"",""short""}",A deflection — lure a defending piece away from the square it was guarding.,true,lichess,ZZTp5,34591,95,{}
lc_stL0K,8/8/1p4p1/1P2p2p/P2k3P/8/4K3/8 w - - 2 52,"{""a4a5"",""d4c5"",""a5a6"",""c5b5"",""a6a7""}",rook,7,intermediate,Rook 7 · Advanced Pawn,advancedPawn,White to move.,1396,Casual,"{""advancedPawn"",""crushing"",""endgame"",""long"",""pawnEndgame""}",An advanced pawn — push the passer or use its threats to win material.,true,lichess,stL0K,34226,95,{}
lc_XAwfn,2r3k1/pbN1Rr2/1p1p2pp/3P4/7P/7P/PP3P2/4R1K1 b - - 4 28,"{""c8c7"",""e7c7"",""f7c7""}",rook,7,intermediate,Rook 7 · X Ray Attack,xRayAttack,Black to move.,1396,Casual,"{""advantage"",""endgame"",""master"",""short"",""xRayAttack""}",An x-ray — a piece attacks through an enemy piece to the target behind it.,true,lichess,XAwfn,34116,96,{}
lc_XoSc5,2k1Nb2/pp4q1/2np4/2p1p2p/4P2B/5N1b/PPPQ1PrP/3R1R1K b - - 0 18,"{""g2h2"",""f3h2"",""g7g2""}",rook,7,intermediate,Rook 7 · Mate In2,mateIn2,Black to move.,1396,Casual,"{""clearance"",""kingsideAttack"",""mate"",""mateIn2"",""middlegame"",""sacrifice"",""short""}",Checkmate in two — a forced sequence that delivers checkmate on move two.,true,lichess,XoSc5,33891,95,"{""Benoni_Defense"",""Benoni_Defense_French_Benoni""}"
lc_HpfLj,r3k2r/ppp1nppp/2nq4/8/1b6/2N1QN2/PP1BB1PP/R4RK1 b kq - 7 13,"{""b4c5"",""c3b5"",""c5e3""}",rook,7,intermediate,Rook 7 · Pin,pin,Black to move.,1396,Casual,"{""advantage"",""middlegame"",""pin"",""short""}",A pin — the attacked piece can't move without exposing a more valuable piece behind it.,true,lichess,HpfLj,33837,95,"{""Kings_Gambit_Declined"",""Kings_Gambit_Declined_Falkbeer_Countergambit""}"
lc_1IocB,r2q1rk1/ppp3pp/8/2b1pn2/8/P1NQ4/1PP2PPP/R1B1K2R w KQ - 0 15,"{""d3c4"",""g8h8"",""c4c5""}",rook,7,intermediate,Rook 7 · Fork,fork,White to move.,1396,Casual,"{""advantage"",""fork"",""middlegame"",""short""}","A fork — one piece attacks two enemy pieces at once, forcing a material win.",true,lichess,1IocB,33712,94,"{""Italian_Game"",""Italian_Game_Two_Knights_Defense""}"
lc_nDMpF,8/2r5/1Rb3k1/2pppN2/7P/6K1/1P6/8 w - - 2 48,"{""b6c6"",""c7c6"",""f5e7"",""g6f6"",""e7c6""}",rook,7,intermediate,Rook 7 · Fork,fork,White to move.,1396,Casual,"{""attraction"",""crushing"",""endgame"",""exposedKing"",""fork"",""long"",""sacrifice""}","A fork — one piece attacks two enemy pieces at once, forcing a material win.",true,lichess,nDMpF,33653,95,{}
lc_CeeTk,4r1k1/R4ppp/2b2r2/P7/8/5P2/4BK1P/7R b - - 0 25,"{""e8e2"",""f2e2"",""c6f3"",""e2e3"",""f3h1""}",rook,7,intermediate,Rook 7 · Fork,fork,Black to move.,1396,Casual,"{""attraction"",""crushing"",""endgame"",""fork"",""long""}","A fork — one piece attacks two enemy pieces at once, forcing a material win.",true,lichess,CeeTk,33042,96,{}
lc_KNuON,r4r2/2q1kPQ1/p3p2p/2bp4/8/1bP1R1P1/PP5P/5RK1 w - - 1 24,"{""g7f6"",""e7d7"",""f6e6"",""d7d8"",""e6e8"",""f8e8"",""f7e8q""}",rook,7,intermediate,Rook 7 · Promotion,promotion,White to move.,1397,Casual,"{""advancedPawn"",""mate"",""mateIn4"",""middlegame"",""promotion"",""veryLong""}",Pawn promotion — advance the pawn to its final rank and choose your new piece wisely.,true,lichess,KNuON,37004,96,{}
lc_T2AFg,r3kb1r/5p2/p1pqbp1p/4p2Q/2B1N3/8/PPP2PPP/R3K2R b KQkq - 3 13,"{""d6b4"",""e4d2"",""e6c4""}",rook,7,intermediate,Rook 7 · Fork,fork,Black to move.,1397,Casual,"{""crushing"",""fork"",""middlegame"",""short""}","A fork — one piece attacks two enemy pieces at once, forcing a material win.",true,lichess,T2AFg,36925,95,"{""Sicilian_Defense"",""Sicilian_Defense_Najdorf_Variation""}"
lc_osJO0,rnbqkb1r/1ppp1ppp/p4n2/1N6/3Q4/8/PPP1PPPP/R1B1KBNR w KQkq - 0 5,"{""d4e5"",""f8e7"",""b5c7""}",rook,7,intermediate,Rook 7 · Crushing,crushing,White to move.,1397,Casual,"{""crushing"",""opening"",""short""}",Find the strongest continuation and seize the advantage.,true,lichess,osJO0,36533,95,"{""Englund_Gambit"",""Englund_Gambit_Other_variations""}"
lc_I5Xv7,8/pp2kp2/2pp4/P3p3/1P1PP1Rr/2PN1P1q/4K2b/3B3R w - - 3 38,"{""d3f2"",""h4g4"",""f2h3""}",rook,7,intermediate,Rook 7 · Trapped Piece,trappedPiece,White to move.,1397,Casual,"{""advantage"",""middlegame"",""short"",""trappedPiece""}",A trapped piece — the enemy piece has no safe squares and can be won.,true,lichess,I5Xv7,36430,95,{}
lc_kSz0A,1r4r1/3b1p1k/4p2p/p2p1q2/2pP4/P1P2BQR/1P3PK1/1R6 w - - 6 30,"{""h3h6"",""h7h6"",""b1h1"",""f5h5"",""h1h5""}",rook,7,intermediate,Rook 7 · Mate In3,mateIn3,White to move.,1397,Casual,"{""attraction"",""long"",""mate"",""mateIn3"",""middlegame"",""operaMate"",""sacrifice""}",Checkmate in three — calculate the forcing line all the way to mate.,true,lichess,kSz0A,35798,95,{}
lc_Ot9hP,3q4/pp4bk/2p1n1pp/5p2/2P1p3/BP2P2P/P1Q1NPP1/4K3 b - - 1 32,"{""d8a5"",""c2d2"",""a5a3""}",rook,7,intermediate,Rook 7 · Fork,fork,Black to move.,1397,Casual,"{""crushing"",""endgame"",""fork"",""short""}","A fork — one piece attacks two enemy pieces at once, forcing a material win.",true,lichess,Ot9hP,35456,96,{}
lc_M4JHU,6k1/1p2q2n/p1bb3p/P2N4/3Pp2r/1Q2P1p1/1P1N2P1/4RRK1 b - - 0 35,"{""h4h1"",""g1h1"",""e7h4"",""h1g1"",""h4h2""}",rook,7,intermediate,Rook 7 · Mate In3,mateIn3,Black to move.,1397,Casual,"{""attraction"",""kingsideAttack"",""long"",""mate"",""mateIn3"",""middlegame"",""sacrifice""}",Checkmate in three — calculate the forcing line all the way to mate.,true,lichess,M4JHU,35137,96,{}
lc_e7tX0,r1b1k1nr/p2p1ppp/4p3/8/1b1q4/1Q3N2/P2BPPPP/RN2KB1R b KQkq - 1 9,"{""b4d2"",""f3d2"",""d4a1""}",rook,7,intermediate,Rook 7 · Advantage,advantage,Black to move.,1397,Casual,"{""advantage"",""opening"",""short""}",Find the strongest continuation and seize the advantage.,true,lichess,e7tX0,34782,96,"{""Polish_Opening"",""Polish_Opening_Birmingham_Gambit""}"
lc_3pQUO,4r1k1/5pp1/2p4p/pp6/4q1P1/PP1R3Q/2P2P2/6K1 w - - 2 29,"{""d3e3"",""e4e3"",""f2e3""}",rook,7,intermediate,Rook 7 · Endgame,endgame,White to move.,1397,Casual,"{""advantage"",""endgame"",""short""}",An endgame technique — precise play with few pieces where every tempo counts.,true,lichess,3pQUO,34372,95,{}
lc_49wG0,r2qk1nr/pp4pp/2n5/1Bb1pP2/3p1p2/5N2/PPP2PPP/R1BQK2R b KQkq - 1 10,"{""d8a5"",""c1d2"",""a5b5""}",rook,7,intermediate,Rook 7 · Fork,fork,Black to move.,1397,Casual,"{""crushing"",""fork"",""opening"",""short""}","A fork — one piece attacks two enemy pieces at once, forcing a material win.",true,lichess,49wG0,34314,95,"{""Queens_Pawn_Game"",""Queens_Pawn_Game_Krause_Variation""}"
lc_DUt93,7r/6k1/1ppp1r2/p3p3/P3P1P1/2P1R1p1/1P1R2P1/6K1 b - - 0 40,"{""h8h1"",""g1h1"",""f6f1""}",rook,7,intermediate,Rook 7 · Mate In2,mateIn2,Black to move.,1397,Casual,"{""attraction"",""endgame"",""mate"",""mateIn2"",""rookEndgame"",""sacrifice"",""short""}",Checkmate in two — a forced sequence that delivers checkmate on move two.,true,lichess,DUt93,33293,96,{}
lc_KCQc7,4r2k/q4Qp1/8/8/1b6/1N5P/P5P1/1K3R2 b - - 0 36,"{""e8e1"",""f1e1"",""a7f7""}",rook,7,intermediate,Rook 7 · Deflection,deflection,Black to move.,1397,Casual,"{""advantage"",""deflection"",""endgame"",""short""}",A deflection — lure a defending piece away from the square it was guarding.,true,lichess,KCQc7,33137,97,{}
lc_hkisG,rnbq1rk1/pp4p1/2p1p1B1/3pPpp1/2P1n3/2N1P3/PP3PPP/R2QK2R w KQ - 1 12,"{""d1h5"",""e4f6"",""e5f6""}",rook,7,intermediate,Rook 7 · Advantage,advantage,White to move.,1397,Casual,"{""advantage"",""middlegame"",""short""}",Find the strongest continuation and seize the advantage.,true,lichess,hkisG,33085,96,"{""Dutch_Defense"",""Dutch_Defense_Queens_Knight_Variation""}"
lc_GGBHG,r1b3k1/2P2ppp/p3p3/8/2QrN3/4q3/P1P3PN/1R2R2K b - - 3 22,"{""e3e1"",""b1e1"",""d4c4""}",rook,7,intermediate,Rook 7 · Crushing,crushing,Black to move.,1398,Casual,"{""crushing"",""middlegame"",""short""}",Find the strongest continuation and seize the advantage.,true,lichess,GGBHG,49088,95,{}
lc_X0hPb,2r1br2/pp4pk/1q2p1np/1P2P3/3N1PQ1/2PB4/6PP/2R2RK1 b - - 4 24,"{""c8c3"",""c1c3"",""b6d4"",""g1h1"",""d4c3""}",rook,7,intermediate,Rook 7 · Fork,fork,Black to move.,1398,Casual,"{""advantage"",""attraction"",""capturingDefender"",""fork"",""long"",""middlegame"",""pin""}","A fork — one piece attacks two enemy pieces at once, forcing a material win.",true,lichess,X0hPb,36639,95,{}
lc_guGgg,6k1/1r2P1n1/7R/3p4/3P2Bp/5P2/4b2P/4b2K w - - 2 45,"{""g4e6"",""g7e6"",""e7e8q""}",rook,7,intermediate,Rook 7 · Deflection,deflection,White to move.,1398,Casual,"{""advancedPawn"",""crushing"",""deflection"",""endgame"",""promotion"",""short""}",A deflection — lure a defending piece away from the square it was guarding.,true,lichess,guGgg,35070,95,{}
lc_P9FxK,Q7/8/2K3p1/7p/7P/3k2P1/5P2/1q6 b - - 2 44,"{""b1h1"",""c6d7"",""h1a8""}",rook,7,intermediate,Rook 7 · Skewer,skewer,Black to move.,1398,Casual,"{""crushing"",""endgame"",""queenEndgame"",""short"",""skewer""}","A skewer — the higher-value piece is forced to move, losing the piece behind it.",true,lichess,P9FxK,34815,96,{}
lc_cjHH5,1r4k1/p4ppp/Qb2r3/P7/1P6/8/5P1P/5RK1 b - - 0 31,"{""b6f2"",""g1f2"",""e6a6""}",rook,7,intermediate,Rook 7 · Discovered Attack,discoveredAttack,Black to move.,1398,Casual,"{""crushing"",""discoveredAttack"",""endgame"",""short""}",A discovered attack — moving one piece uncovers a deadly attack from another.,true,lichess,cjHH5,34813,95,{}
lc_bCE6p,r6r/pp3p1k/2b1pBpp/4P3/P4P2/2p2R1Q/2q3PP/R6K w - - 0 25,"{""h3h6"",""h7h6"",""f3h3""}",rook,7,intermediate,Rook 7 · Mate In2,mateIn2,White to move.,1398,Casual,"{""attraction"",""mate"",""mateIn2"",""middlegame"",""pillsburysMate"",""sacrifice"",""short""}",Checkmate in two — a forced sequence that delivers checkmate on move two.,true,lichess,bCE6p,34669,95,{}
lc_WLSOi,2kr4/pppr2pp/1bn2p2/3p4/1PP5/P4N1P/1B3PP1/R2R2K1 w - - 1 19,"{""c4c5"",""b6c5"",""b4c5""}",rook,7,intermediate,Rook 7 · Trapped Piece,trappedPiece,White to move.,1398,Casual,"{""advantage"",""middlegame"",""short"",""trappedPiece""}",A trapped piece — the enemy piece has no safe squares and can be won.,true,lichess,WLSOi,34651,94,"{""Scandinavian_Defense"",""Scandinavian_Defense_Mieses-Kotroc_Variation""}"
lc_1Bv9r,2r3rk/1p3p1p/2bp1PpQ/p7/nn2PR2/1Nq5/2P4P/4RK1B w - - 0 28,"{""h6h7"",""h8h7"",""f4h4""}",rook,7,intermediate,Rook 7 · Mate In2,mateIn2,White to move.,1398,Casual,"{""attraction"",""kingsideAttack"",""mate"",""mateIn2"",""middlegame"",""sacrifice"",""short""}",Checkmate in two — a forced sequence that delivers checkmate on move two.,true,lichess,1Bv9r,34573,96,{}
lc_NgsJi,4r1k1/5ppp/4pb2/2Pq4/1prPPP2/2p5/4Q1PP/B1RR2K1 b - - 0 30,"{""f6d4"",""g1h1"",""d5c5""}",rook,7,intermediate,Rook 7 · Crushing,crushing,Black to move.,1398,Casual,"{""crushing"",""middlegame"",""short""}",Find the strongest continuation and seize the advantage.,true,lichess,NgsJi,34063,95,{}
lc_JUKfd,3k2r1/p2b3R/1pp2p2/2bp4/8/2P3BP/P1P2PP1/4R1K1 b - - 0 22,"{""g8g3"",""h7h8"",""d8c7""}",rook,7,intermediate,Rook 7 · Pin,pin,Black to move.,1398,Casual,"{""advantage"",""defensiveMove"",""endgame"",""pin"",""short""}",A pin — the attacked piece can't move without exposing a more valuable piece behind it.,true,lichess,JUKfd,33829,95,{}
lc_h9EIO,5rk1/2R2ppp/4bq2/2Qp4/8/4P3/r4PPP/1R4K1 w - - 0 24,"{""c5f8"",""g8f8"",""b1b8"",""e6c8"",""b8c8"",""f6d8"",""c8d8""}",rook,7,intermediate,Rook 7 · Attraction,attraction,White to move.,1398,Casual,"{""attraction"",""mate"",""mateIn4"",""middlegame"",""sacrifice"",""veryLong""}",An attraction — force an enemy piece onto a square where it can be exploited.,true,lichess,h9EIO,33427,95,{}
lc_Lz8VT,4r1k1/5ppp/p1Q5/1p4q1/2p3b1/7P/PPB2PP1/4RK1R b - - 0 22,"{""e8e1"",""f1e1"",""g5c1"",""c2d1"",""c1d1""}",rook,7,intermediate,Rook 7 · Mate In3,mateIn3,Black to move.,1398,Casual,"{""attraction"",""fork"",""long"",""mate"",""mateIn3"",""middlegame""}",Checkmate in three — calculate the forcing line all the way to mate.,true,lichess,Lz8VT,33356,96,{}
lc_IcUOZ,8/7p/ppNrk1nP/6R1/1KP5/1P6/8/8 w - - 6 38,"{""g5g6"",""h7g6"",""h6h7""}",rook,7,intermediate,Rook 7 · Sacrifice,sacrifice,White to move.,1398,Casual,"{""advancedPawn"",""advantage"",""endgame"",""sacrifice"",""short""}",A sacrifice — give up material to gain a decisive tactical or positional advantage.,true,lichess,IcUOZ,33285,96,{}
lc_D0oeo,r2r3k/p5p1/4Q2p/1p3p2/2pB4/2P2qP1/PP5P/2K4R w - - 1 30,"{""e6h6"",""h8g8"",""h6g7""}",rook,7,intermediate,Rook 7 · Mate In2,mateIn2,White to move.,1398,Casual,"{""endgame"",""mate"",""mateIn2"",""pin"",""short""}",Checkmate in two — a forced sequence that delivers checkmate on move two.,true,lichess,D0oeo,33239,95,{}
lc_YzI4A,q4rk1/2p1bppp/2Pp1n2/4p3/4P3/1B5P/Pr3PP1/RNQ1R1K1 b - - 3 21,"{""b2b3"",""a2b3"",""a8a1""}",rook,7,intermediate,Rook 7 · Advantage,advantage,Black to move.,1398,Casual,"{""advantage"",""middlegame"",""short""}",Find the strongest continuation and seize the advantage.,true,lichess,YzI4A,33222,95,{}
lc_uE1Yk,5rk1/1b4pp/p2p3r/1p1Pp3/1P2PqP1/P3QP2/4R2P/R5NK b - - 0 28,"{""h6h2"",""e2h2"",""f4e3""}",rook,7,intermediate,Rook 7 · Deflection,deflection,Black to move.,1398,Casual,"{""crushing"",""deflection"",""kingsideAttack"",""middlegame"",""short""}",A deflection — lure a defending piece away from the square it was guarding.,true,lichess,uE1Yk,33099,94,{}
lc_0hfFv,8/7p/5ppk/2Q5/1P4P1/2p1PK1P/3q4/8 w - - 4 46,"{""c5f8"",""h6g5"",""h3h4"",""g5h4"",""f8h6""}",rook,7,intermediate,Rook 7 · Mate In3,mateIn3,White to move.,1398,Casual,"{""attraction"",""endgame"",""long"",""mate"",""mateIn3"",""queenEndgame""}",Checkmate in three — calculate the forcing line all the way to mate.,true,lichess,0hfFv,32984,95,{}
lc_gVfPj,Q7/pp1k4/2p5/4nP2/4P3/7P/P4qPK/8 w - - 1 33,"{""a8b7"",""d7d6"",""b7b8"",""d6e7"",""b8e5""}",rook,7,intermediate,Rook 7 · Skewer,skewer,White to move.,1399,Casual,"{""crushing"",""deflection"",""endgame"",""long"",""skewer""}","A skewer — the higher-value piece is forced to move, losing the piece behind it.",true,lichess,gVfPj,37959,96,{}
lc_DWtI4,6k1/p3bppp/3r4/2p5/4Q3/P1N1PqP1/1P3P1P/R1B3K1 b - - 0 22,"{""d6d1"",""c3d1"",""f3e4""}",rook,7,intermediate,Rook 7 · Deflection,deflection,Black to move.,1399,Casual,"{""advantage"",""deflection"",""kingsideAttack"",""middlegame"",""short""}",A deflection — lure a defending piece away from the square it was guarding.,true,lichess,DWtI4,36607,96,{}
lc_Ewi2Z,r4rk1/1p1b1pp1/p2p3p/2qP1P2/3NP1Pn/PB5P/3Q3K/2R1R3 b - - 1 26,"{""c5d4"",""d2d4"",""h4f3"",""h2g2"",""f3d4""}",rook,7,intermediate,Rook 7 · Fork,fork,Black to move.,1399,Casual,"{""advantage"",""attraction"",""fork"",""long"",""middlegame"",""sacrifice""}","A fork — one piece attacks two enemy pieces at once, forcing a material win.",true,lichess,Ewi2Z,35462,96,{}
lc_vEjvh,r2r2k1/4bppp/4p3/3pQ3/qP5P/P5P1/1B2PP2/2R2RK1 b - - 5 25,"{""e7f6"",""e5e3"",""f6b2""}",rook,7,intermediate,Rook 7 · Skewer,skewer,Black to move.,1399,Casual,"{""advantage"",""middlegame"",""short"",""skewer""}","A skewer — the higher-value piece is forced to move, losing the piece behind it.",true,lichess,vEjvh,34824,95,{}
lc_mydxW,r4rk1/2p2pp1/p1pp2qp/4p3/4P3/P1PPRN1b/2P2PP1/R2Q2K1 w - - 0 15,"{""f3h4"",""g6g4"",""e3h3"",""g4d1"",""a1d1""}",rook,7,intermediate,Rook 7 · Discovered Attack,discoveredAttack,White to move.,1399,Casual,"{""advantage"",""discoveredAttack"",""long"",""middlegame""}",A discovered attack — moving one piece uncovers a deadly attack from another.,true,lichess,mydxW,34335,96,"{""Three_Knights_Opening"",""Three_Knights_Opening_Other_variations""}"
lc_a65M3,r4rk1/2p2pp1/p1nq3p/1p1pP1b1/1P6/P1PBPQ1P/4NPP1/R3R1K1 b - - 0 17,"{""c6e5"",""f3g3"",""e5d3"",""g3d6"",""c7d6""}",rook,7,intermediate,Rook 7 · Fork,fork,Black to move.,1399,Casual,"{""advantage"",""fork"",""long"",""middlegame""}","A fork — one piece attacks two enemy pieces at once, forcing a material win.",true,lichess,a65M3,33998,95,"{""Queens_Pawn_Game"",""Queens_Pawn_Game_Accelerated_London_System""}"
lc_h4d7P,8/2pp3k/1p2p3/p3Pr1p/P1PP4/1N1QNpp1/1P2Rq1P/R6K b - - 0 34,"{""g3g2"",""e3g2"",""f3g2""}",rook,7,intermediate,Rook 7 · Mate In2,mateIn2,Black to move.,1399,Casual,"{""advancedPawn"",""kingsideAttack"",""mate"",""mateIn2"",""middlegame"",""short""}",Checkmate in two — a forced sequence that delivers checkmate on move two.,true,lichess,h4d7P,33947,95,{}
lc_atTVW,r1b1r1k1/pp3ppp/2p2b2/4n3/4Q3/2P1B2P/P1B3P1/qN2K1NR w K - 4 15,"{""e4h7"",""g8f8"",""e3c5"",""e8e7"",""h7h8""}",rook,7,intermediate,Rook 7 · Mate In3,mateIn3,White to move.,1399,Casual,"{""kingsideAttack"",""long"",""mate"",""mateIn3"",""opening"",""pin""}",Checkmate in three — calculate the forcing line all the way to mate.,true,lichess,atTVW,33080,96,"{""Pirc_Defense"",""Pirc_Defense_Other_variations""}"
lc_8L9uc,7r/pp1n1k1r/2p2pp1/4P3/3P4/2P3P1/PP1B1R2/5RK1 b - - 0 23,"{""h7h1"",""g1g2"",""h8h2"",""g2f3"",""h1f1"",""f2f1"",""h2d2""}",rook,7,intermediate,Rook 7 · Pin,pin,Black to move.,1400,Club,"{""advantage"",""deflection"",""endgame"",""exposedKing"",""pin"",""skewer"",""veryLong""}",A pin — the attacked piece can't move without exposing a more valuable piece behind it.,true,lichess,8L9uc,36297,96,{}
lc_jPIgD,2r2rk1/5p2/1qnpb2p/p1p3p1/1pP1P3/2bP1NNP/P2QB1P1/1R3R1K w - - 4 25,"{""d2c3"",""b4c3"",""b1b6""}",rook,7,intermediate,Rook 7 · Advantage,advantage,White to move.,1400,Club,"{""advantage"",""middlegame"",""short""}",Find the strongest continuation and seize the advantage.,true,lichess,jPIgD,35976,95,{}
lc_7KHMN,7r/1p1nkp2/2b1r3/Rpq5/4p3/2N1Q2P/1PP2PP1/3R2K1 w - - 2 32,"{""d1d7"",""e7d7"",""e3c5""}",rook,7,intermediate,Rook 7 · Crushing,crushing,White to move.,1400,Club,"{""crushing"",""middlegame"",""short""}",Find the strongest continuation and seize the advantage.,true,lichess,7KHMN,35897,95,{}
lc_TzLis,r3r1k1/2pN1p1p/1pP2bp1/pP1p1p2/P2P4/q3P2P/5PP1/R4RK1 w - - 0 24,"{""d7f6"",""g8h8"",""a1a3""}",rook,7,intermediate,Rook 7 · Fork,fork,White to move.,1400,Club,"{""crushing"",""fork"",""hangingPiece"",""intermezzo"",""middlegame"",""short""}","A fork — one piece attacks two enemy pieces at once, forcing a material win.",true,lichess,TzLis,35844,95,{}
lc_6YjWj,r2qr1k1/ppp2ppp/2n5/3p4/2PP3n/P1PB1PN1/7P/R1BQR1K1 b - - 2 14,"{""e8e1"",""d1e1"",""h4f3"",""g1f1"",""f3e1""}",rook,7,intermediate,Rook 7 · Fork,fork,Black to move.,1400,Club,"{""attraction"",""crushing"",""fork"",""long"",""opening""}","A fork — one piece attacks two enemy pieces at once, forcing a material win.",true,lichess,6YjWj,35584,96,"{""French_Defense"",""French_Defense_Exchange_Variation""}"
lc_vdOhv,7Q/pp3k2/1qp2p2/3p2p1/8/2P5/PP2rPPP/1R4K1 w - - 4 28,"{""h8h5"",""f7g7"",""h5e2""}",rook,7,intermediate,Rook 7 · Fork,fork,White to move.,1400,Club,"{""crushing"",""endgame"",""fork"",""short""}","A fork — one piece attacks two enemy pieces at once, forcing a material win.",true,lichess,vdOhv,34908,95,{}
lc_V6hAh,r4qrk/1pp2p1p/2b2PpQ/p2pP3/8/2N2R2/PP4PP/n1B3K1 w - - 6 22,"{""h6h7"",""h8h7"",""f3h3"",""f8h6"",""h3h6""}",rook,7,intermediate,Rook 7 · Mate In3,mateIn3,White to move.,1400,Club,"{""attraction"",""kingsideAttack"",""long"",""mate"",""mateIn3"",""middlegame"",""operaMate"",""sacrifice""}",Checkmate in three — calculate the forcing line all the way to mate.,true,lichess,V6hAh,34766,96,{}
lc_gQOgS,r1b2qrk/p2p1p1p/2n2PpQ/4P3/3p4/5R2/PPP3PP/R1B3K1 w - - 6 23,"{""h6h7"",""h8h7"",""f3h3"",""f8h6"",""h3h6""}",rook,7,intermediate,Rook 7 · Mate In3,mateIn3,White to move.,1400,Club,"{""attraction"",""kingsideAttack"",""long"",""mate"",""mateIn3"",""middlegame"",""operaMate"",""sacrifice""}",Checkmate in three — calculate the forcing line all the way to mate.,true,lichess,gQOgS,34376,96,{}
lc_XC4Sb,3q3r/1p1k2b1/p2p3p/4p2B/2Qn1pP1/1P6/PP4P1/2R3K1 w - - 1 28,"{""c4f7"",""d8e7"",""c1c7"",""d7c7"",""f7e7""}",rook,7,intermediate,Rook 7 · Fork,fork,White to move.,1400,Club,"{""attraction"",""clearance"",""crushing"",""deflection"",""fork"",""long"",""middlegame""}","A fork — one piece attacks two enemy pieces at once, forcing a material win.",true,lichess,XC4Sb,34375,95,{}
lc_hIm89,1r1r2k1/1pQ1Rppp/p2p2b1/2p3q1/P1P5/8/5PPP/4R1K1 w - - 0 27,"{""c7d8"",""b8d8"",""e7e8"",""d8e8"",""e1e8""}",rook,7,intermediate,Rook 7 · Mate In3,mateIn3,White to move.,1400,Club,"{""backRankMate"",""long"",""mate"",""mateIn3"",""middlegame"",""sacrifice""}",Checkmate in three — calculate the forcing line all the way to mate.,true,lichess,hIm89,34338,95,{}
lc_QnYam,8/8/2B2pk1/2p5/2P3p1/1P1n2P1/R4PK1/4r3 b - - 2 44,"{""d3b4"",""a2b2"",""b4c6""}",rook,7,intermediate,Rook 7 · Fork,fork,Black to move.,1400,Club,"{""advantage"",""endgame"",""fork"",""short""}","A fork — one piece attacks two enemy pieces at once, forcing a material win.",true,lichess,QnYam,34296,96,{}
lc_lLJfX,r4rk1/pb3ppp/1p2p3/4P1q1/2PPpR2/8/PP1QB1PP/3R2K1 b - - 0 17,"{""e4e3"",""f4g4"",""g5g4"",""e2g4"",""e3d2""}",rook,8,intermediate,Rook 8 · Advanced Pawn,advancedPawn,Black to move.,1400,Club,"{""advancedPawn"",""crushing"",""long"",""middlegame""}",An advanced pawn — push the passer or use its threats to win material.,true,lichess,lLJfX,34235,95,"{""Queens_Gambit_Declined"",""Queens_Gambit_Declined_Harrwitz_Attack""}"
lc_IJL37,k2r4/pRQ2p1p/6r1/2pq4/8/P7/2P3PP/6RK b - - 0 31,"{""d5g2"",""g1g2"",""d8d1"",""g2g1"",""d1g1""}",rook,8,intermediate,Rook 8 · Mate In3,mateIn3,Black to move.,1400,Club,"{""clearance"",""endgame"",""long"",""mate"",""mateIn3"",""sacrifice""}",Checkmate in three — calculate the forcing line all the way to mate.,true,lichess,IJL37,34067,94,{}
lc_QuOHP,r7/p1R2rk1/8/8/8/P4nP1/7P/3R3K w - - 3 37,"{""c7f7"",""g7f7"",""d1f1"",""f7g6"",""f1f3""}",rook,8,intermediate,Rook 8 · Pin,pin,White to move.,1400,Club,"{""crushing"",""endgame"",""long"",""pin""}",A pin — the attacked piece can't move without exposing a more valuable piece behind it.,true,lichess,QuOHP,33829,96,{}
lc_FVdvC,rn1q1rk1/pp3ppp/2p5/2bbP1B1/8/2N2N2/PPP1QPPP/R3K2R b KQ - 3 10,"{""d5f3"",""g5d8"",""f3e2"",""e1e2"",""f8d8""}",rook,8,intermediate,Rook 8 · Advantage,advantage,Black to move.,1400,Club,"{""advantage"",""long"",""middlegame""}",Find the strongest continuation and seize the advantage.,true,lichess,FVdvC,33808,96,"{""Bishops_Opening"",""Bishops_Opening_Ponziani_Gambit""}"
lc_KdSFX,r4rk1/p4ppp/1qp1p3/2b5/4p3/1BP3Q1/PP3PPP/R1B2K2 w - - 1 15,"{""c1h6"",""c5d4"",""c3d4""}",rook,8,intermediate,Rook 8 · Pin,pin,White to move.,1400,Club,"{""advantage"",""middlegame"",""pin"",""short""}",A pin — the attacked piece can't move without exposing a more valuable piece behind it.,true,lichess,KdSFX,33576,94,"{""Sicilian_Defense"",""Sicilian_Defense_Bowdler_Attack""}"
lc_UpaOO,2r3k1/5p1p/p5p1/4p3/Pp6/1P6/2q2P1P/2QR2K1 w - - 0 31,"{""d1d8"",""g8g7"",""d8c8""}",rook,8,intermediate,Rook 8 · Endgame,endgame,White to move.,1400,Club,"{""crushing"",""endgame"",""short""}",An endgame technique — precise play with few pieces where every tempo counts.,true,lichess,UpaOO,33478,95,{}
lc_53JZ4,3k1b1r/2qr2pp/8/1Qp5/4R3/P5P1/2P4P/3R2K1 w - - 1 34,"{""d1d7"",""c7d7"",""b5b8"",""d7c8"",""e4e8"",""d8e8"",""b8c8""}",rook,8,intermediate,Rook 8 · Fork,fork,White to move.,1400,Club,"{""attraction"",""crushing"",""deflection"",""exposedKing"",""fork"",""middlegame"",""veryLong""}","A fork — one piece attacks two enemy pieces at once, forcing a material win.",true,lichess,53JZ4,33424,96,{}
lc_BzJuE,8/1n4qk/2pp2pp/1p6/4P3/P2PB1bP/B2Q2P1/6K1 b - - 1 29,"{""g7a1"",""d2c1"",""a1a2""}",rook,8,intermediate,Rook 8 · Deflection,deflection,Black to move.,1400,Club,"{""crushing"",""deflection"",""endgame"",""short""}",A deflection — lure a defending piece away from the square it was guarding.,true,lichess,BzJuE,33116,95,{}
lc_Vq9Lk,r4rk1/bppb2np/p1n5/3pp3/1PP5/P2B1N2/3PNPPP/R1B2RK1 b - c3 0 16,"{""e5e4"",""d3e4"",""d5e4""}",rook,8,intermediate,Rook 8 · Fork,fork,Black to move.,1400,Club,"{""advantage"",""fork"",""middlegame"",""short""}","A fork — one piece attacks two enemy pieces at once, forcing a material win.",true,lichess,Vq9Lk,33053,95,"{""Nimzowitsch_Defense"",""Nimzowitsch_Defense_Colorado_Countergambit_Accepted""}"
lc_amMdj,8/8/3pB1p1/4p1k1/1R1p1rP1/1P6/2P1K3/8 b - - 3 52,"{""d4d3"",""e2d3"",""f4b4""}",rook,8,intermediate,Rook 8 · Discovered Attack,discoveredAttack,Black to move.,1400,Club,"{""advantage"",""discoveredAttack"",""endgame"",""short""}",A discovered attack — moving one piece uncovers a deadly attack from another.,true,lichess,amMdj,32989,96,{}
lc_i8tPz,1kr5/1p1b4/p7/3NRp2/3P1P2/P4P2/1PP5/2KQ3q b - - 6 34,"{""c8c2"",""c1c2"",""d7a4"",""b2b3"",""a4b3"",""c2b3"",""h1d1""}",rook,8,intermediate,Rook 8 · Pin,pin,Black to move.,1401,Club,"{""attraction"",""crushing"",""deflection"",""endgame"",""master"",""pin"",""sacrifice"",""veryLong""}",A pin — the attacked piece can't move without exposing a more valuable piece behind it.,true,lichess,i8tPz,46505,96,{}
lc_knhsK,r1b2rk1/pp1n1pp1/2p1p2p/q1Pp4/3P3B/P1n1P3/2QN1PPP/R3KB1R w KQ - 0 13,"{""d2b3"",""a5a4"",""c2c3""}",rook,8,intermediate,Rook 8 · Advantage,advantage,White to move.,1401,Club,"{""advantage"",""opening"",""short""}",Find the strongest continuation and seize the advantage.,true,lichess,knhsK,38097,95,"{""Queens_Gambit_Declined"",""Queens_Gambit_Declined_Modern_Variation""}"
lc_mO1Fw,7k/7P/6P1/4rP1K/4P3/p7/8/8 w - - 1 56,"{""h5h6"",""e5e7"",""f5f6"",""e7h7"",""g6h7"",""a3a2"",""f6f7"",""a2a1q"",""f7f8q""}",rook,8,intermediate,Rook 8 · Promotion,promotion,White to move.,1401,Club,"{""advancedPawn"",""endgame"",""mate"",""mateIn5"",""promotion"",""rookEndgame"",""veryLong""}",Pawn promotion — advance the pawn to its final rank and choose your new piece wisely.,true,lichess,mO1Fw,36683,96,{}
lc_PxhVt,7r/3n1ppp/4p1k1/1R6/1b1Q1P2/3p3q/P1P4P/6K1 w - - 0 26,"{""b5g5"",""g6h6"",""d4g7""}",rook,8,intermediate,Rook 8 · Mate In2,mateIn2,White to move.,1401,Club,"{""endgame"",""mate"",""mateIn2"",""short"",""triangleMate""}",Checkmate in two — a forced sequence that delivers checkmate on move two.,true,lichess,PxhVt,36324,95,{}
lc_KwWNg,4r1k1/1bQ2ppp/8/p7/2B1qP2/8/PPP3PP/6RK b - - 0 24,"{""e4g2"",""g1g2"",""e8e1"",""c4f1"",""e1f1""}",rook,8,intermediate,Rook 8 · Mate In3,mateIn3,Black to move.,1401,Club,"{""clearance"",""endgame"",""long"",""mate"",""mateIn3"",""pin"",""sacrifice""}",Checkmate in three — calculate the forcing line all the way to mate.,true,lichess,KwWNg,36269,96,{}
lc_C9l78,8/6bk/1q5p/8/ppRn1P2/6R1/PB3PKP/8 w - - 2 36,"{""g3g7"",""h7g7"",""b2d4"",""b6d4"",""c4d4""}",rook,8,intermediate,Rook 8 · Fork,fork,White to move.,1401,Club,"{""attraction"",""crushing"",""endgame"",""fork"",""long""}","A fork — one piece attacks two enemy pieces at once, forcing a material win.",true,lichess,C9l78,35367,96,{}
lc_GV3LE,r1b1kb1r/1p3ppp/1Bn5/q2pp3/N3n3/2N2P2/PPP3PP/R2QKB1R b KQkq - 1 11,"{""e4c3"",""b2c3"",""a5a4""}",rook,8,intermediate,Rook 8 · Capturing Defender,capturingDefender,Black to move.,1401,Club,"{""capturingDefender"",""crushing"",""opening"",""short""}",Find the strongest continuation and seize the advantage.,true,lichess,GV3LE,35168,95,"{""Sicilian_Defense"",""Sicilian_Defense_Lowenthal_Variation""}"
lc_qTaTC,rn2k2r/pp3ppp/2pp1q1n/2b1p1B1/2B1P1b1/2NP1NP1/PPP2PKP/R2Q1R2 b kq - 4 11,"{""g4f3"",""d1f3"",""f6g5""}",rook,8,intermediate,Rook 8 · Fork,fork,Black to move.,1401,Club,"{""advantage"",""fork"",""middlegame"",""short""}","A fork — one piece attacks two enemy pieces at once, forcing a material win.",true,lichess,qTaTC,35089,96,"{""Bishops_Opening"",""Bishops_Opening_Other_variations""}"
lc_3BZl3,3r1k2/1pq3bQ/p2pB3/8/5P2/3p3P/PPP3R1/3R2K1 b - - 0 28,"{""g7d4"",""g1f1"",""c7h7""}",rook,8,intermediate,Rook 8 · Discovered Attack,discoveredAttack,Black to move.,1401,Club,"{""crushing"",""discoveredAttack"",""middlegame"",""short""}",A discovered attack — moving one piece uncovers a deadly attack from another.,true,lichess,3BZl3,34645,96,{}
lc_QE3A2,1r1r4/k4ppp/p3p3/8/1R6/2P2P2/3q2PP/Q3R2K w - - 7 33,"{""a1a6"",""a7a6"",""e1a1"",""d2a2"",""a1a2""}",rook,8,intermediate,Rook 8 · Mate In3,mateIn3,White to move.,1401,Club,"{""attraction"",""endgame"",""long"",""mate"",""mateIn3"",""sacrifice""}",Checkmate in three — calculate the forcing line all the way to mate.,true,lichess,QE3A2,34288,95,{}
lc_R5HnS,2rr2k1/pR5p/5pp1/1Qb1p3/8/q6P/5PPN/4R1K1 w - - 3 26,"{""b5c4"",""g8h8"",""c4f7""}",rook,8,intermediate,Rook 8 · Crushing,crushing,White to move.,1401,Club,"{""crushing"",""middlegame"",""short""}",Find the strongest continuation and seize the advantage.,true,lichess,R5HnS,34257,95,{}
lc_SUYzy,8/8/RrBkp1pp/1P6/2n2P2/6P1/7P/6K1 b - f3 0 33,"{""b6a6"",""b5a6"",""d6c6""}",rook,8,intermediate,Rook 8 · Endgame,endgame,Black to move.,1401,Club,"{""advantage"",""endgame"",""short""}",An endgame technique — precise play with few pieces where every tempo counts.,true,lichess,SUYzy,33996,95,{}
lc_3pBtD,r2q1r1k/6pp/p1ppQ3/1p6/3bPP2/2NP4/PPP3K1/R6R w - - 2 21,"{""h1h7"",""h8h7"",""a1h1"",""d8h4"",""h1h4""}",rook,8,intermediate,Rook 8 · Mate In3,mateIn3,White to move.,1401,Club,"{""attraction"",""kingsideAttack"",""long"",""mate"",""mateIn3"",""middlegame"",""sacrifice""}",Checkmate in three — calculate the forcing line all the way to mate.,true,lichess,3pBtD,33993,96,{}
lc_KOeXP,8/RPK5/7k/5pp1/7p/8/1r6/8 w - f6 0 43,"{""a7a6"",""h6h5"",""a6b6""}",rook,8,intermediate,Rook 8 · Rook Endgame,rookEndgame,White to move.,1401,Club,"{""crushing"",""endgame"",""rookEndgame"",""short""}",A rook endgame — master the Lucena and Philidor ideas to convert.,true,lichess,KOeXP,33971,96,{}
lc_JSkVV,5r1k/pn4p1/1p6/8/PPPP2q1/4BrNP/4QPK1/R4R2 b - - 0 29,"{""f3g3"",""f2g3"",""g4e2""}",rook,8,intermediate,Rook 8 · Discovered Attack,discoveredAttack,Black to move.,1401,Club,"{""advantage"",""discoveredAttack"",""middlegame"",""short""}",A discovered attack — moving one piece uncovers a deadly attack from another.,true,lichess,JSkVV,33838,95,{}
lc_1lFXm,6k1/r4pp1/3p1q1p/1BpP1P2/1p2P1P1/1PPQ4/1K5P/7R b - - 1 31,"{""b4c3"",""d3c3"",""a7a2"",""b2a2"",""f6c3""}",rook,8,intermediate,Rook 8 · Deflection,deflection,Black to move.,1401,Club,"{""advantage"",""deflection"",""endgame"",""long""}",A deflection — lure a defending piece away from the square it was guarding.,true,lichess,1lFXm,33724,95,{}
lc_pXZUH,6rk/1Q4pp/1p6/p2R1n2/3B4/6PP/PPq2PK1/8 b - - 4 30,"{""c2e4"",""g2h2"",""f5d4""}",rook,8,intermediate,Rook 8 · Endgame,endgame,Black to move.,1401,Club,"{""advantage"",""endgame"",""short""}",An endgame technique — precise play with few pieces where every tempo counts.,true,lichess,pXZUH,33363,96,{}
lc_NbY2B,2r5/5bp1/5k2/3PpP2/1B2P2K/PP4R1/8/8 b - - 6 52,"{""c8h8"",""h4g4"",""f7h5"",""g4h3"",""h5f3""}",rook,8,intermediate,Rook 8 · Mate In3,mateIn3,Black to move.,1401,Club,"{""discoveredAttack"",""discoveredCheck"",""endgame"",""long"",""mate"",""mateIn3"",""pillsburysMate""}",Checkmate in three — calculate the forcing line all the way to mate.,true,lichess,NbY2B,33126,96,{}
lc_csc71,r2qk2r/pp2bpp1/2n2n1p/1B1pN3/7B/3P3P/PPP2PP1/R2QK2R b KQkq - 0 12,"{""d8a5"",""c2c3"",""a5b5""}",rook,8,intermediate,Rook 8 · Fork,fork,Black to move.,1401,Club,"{""advantage"",""fork"",""opening"",""short""}","A fork — one piece attacks two enemy pieces at once, forcing a material win.",true,lichess,csc71,32981,95,"{""Russian_Game"",""Russian_Game_Italian_Variation""}"
lc_y3kVV,4r1k1/6pp/p4p2/1pp5/2Pq4/1P1Q2NP/1P3PP1/3R2K1 b - - 0 27,"{""e8e1"",""g1h2"",""e1d1""}",rook,8,intermediate,Rook 8 · Endgame,endgame,Black to move.,1401,Club,"{""advantage"",""endgame"",""short""}",An endgame technique — precise play with few pieces where every tempo counts.,true,lichess,y3kVV,32927,95,{}
lc_FYQUw,r1b2rk1/pp3ppp/2nq4/4b3/3pN3/1B1P4/PPP1NPPP/R2Q1RK1 b - - 2 13,"{""e5h2"",""g1h1"",""d6h6""}",rook,8,intermediate,Rook 8 · Crushing,crushing,Black to move.,1402,Club,"{""crushing"",""defensiveMove"",""master"",""opening"",""short""}",Find the strongest continuation and seize the advantage.,true,lichess,FYQUw,40622,95,"{""Sicilian_Defense"",""Sicilian_Defense_Bowdler_Attack""}"
lc_o3wuu,7k/ppp3p1/2np3p/4p1rq/4Pr2/1BP2P2/PP2Q1PP/R5RK b - - 4 23,"{""h5h2"",""h1h2"",""f4h4""}",rook,8,intermediate,Rook 8 · Mate In2,mateIn2,Black to move.,1402,Club,"{""attraction"",""kingsideAttack"",""mate"",""mateIn2"",""middlegame"",""sacrifice"",""short""}",Checkmate in two — a forced sequence that delivers checkmate on move two.,true,lichess,o3wuu,36709,96,{}
lc_TVyTO,5r2/R4pkp/4p1p1/3qP3/3n4/7P/P2QNPP1/6K1 b - - 0 25,"{""d4f3"",""g2f3"",""d5d2""}",rook,8,intermediate,Rook 8 · Discovered Attack,discoveredAttack,Black to move.,1402,Club,"{""crushing"",""discoveredAttack"",""endgame"",""short""}",A discovered attack — moving one piece uncovers a deadly attack from another.,true,lichess,TVyTO,35374,96,{}
lc_Kwqk4,r1b1r1k1/1p2q1pp/pbn5/4p3/4N3/2PP1N1P/PP3PP1/R2Q1RK1 w - - 1 15,"{""d1b3"",""c8e6"",""b3b6""}",rook,8,intermediate,Rook 8 · Fork,fork,White to move.,1402,Club,"{""advantage"",""fork"",""opening"",""short""}","A fork — one piece attacks two enemy pieces at once, forcing a material win.",true,lichess,Kwqk4,34935,95,"{""Scandinavian_Defense"",""Scandinavian_Defense_Modern_Variation""}"
lc_LrRsC,r3r1k1/1p4p1/p5pp/2q2b2/3Q1P2/P1N4P/1PP3P1/R2R2K1 b - - 0 22,"{""e8e1"",""g1f2"",""c5d4"",""d1d4"",""e1a1""}",rook,8,intermediate,Rook 8 · Crushing,crushing,Black to move.,1402,Club,"{""crushing"",""intermezzo"",""long"",""middlegame""}",Find the strongest continuation and seize the advantage.,true,lichess,LrRsC,34916,95,{}
lc_Wn1ru,r1b2r2/ppp2kp1/3p3p/3P1q2/2B1R3/5Q2/PP3P1P/R6K w - - 0 19,"{""e4f4"",""f7g8"",""f4f5""}",rook,8,intermediate,Rook 8 · Pin,pin,White to move.,1402,Club,"{""advantage"",""middlegame"",""pin"",""short""}",A pin — the attacked piece can't move without exposing a more valuable piece behind it.,true,lichess,Wn1ru,34845,95,"{""Italian_Game"",""Italian_Game_Classical_Variation""}"
lc_QOUH3,4rk1r/pp4np/3qB1p1/8/4Q1P1/8/PP3P1P/4R1K1 w - - 1 25,"{""e4f3"",""g7f5"",""g4f5""}",rook,8,intermediate,Rook 8 · Advantage,advantage,White to move.,1402,Club,"{""advantage"",""middlegame"",""short""}",Find the strongest continuation and seize the advantage.,true,lichess,QOUH3,34597,95,{}
lc_fVKXL,8/1P3pk1/2Q5/4p3/2P2pqp/6P1/5PKP/8 b - - 0 38,"{""h4h3"",""g2f1"",""g4d1""}",rook,8,intermediate,Rook 8 · Mate In2,mateIn2,Black to move.,1402,Club,"{""endgame"",""mate"",""mateIn2"",""queenEndgame"",""short""}",Checkmate in two — a forced sequence that delivers checkmate on move two.,true,lichess,fVKXL,34187,96,{}
lc_bcdTf,6k1/2p2p1p/3r1p2/1p2nP2/p2p2P1/P6P/3NrP2/1B1R1RK1 b - - 2 25,"{""e2d2"",""d1d2"",""e5f3"",""g1g2"",""f3d2""}",rook,8,intermediate,Rook 8 · Fork,fork,Black to move.,1402,Club,"{""attraction"",""crushing"",""fork"",""long"",""middlegame"",""sacrifice""}","A fork — one piece attacks two enemy pieces at once, forcing a material win.",true,lichess,bcdTf,34004,96,{}
lc_HNYUM,8/3k4/P2P2p1/6b1/1B4p1/4p1P1/1R2K3/6r1 b - - 0 54,"{""g1g2"",""e2d3"",""g2b2"",""a6a7"",""b2a2""}",rook,8,intermediate,Rook 8 · Skewer,skewer,Black to move.,1402,Club,"{""crushing"",""endgame"",""long"",""master"",""skewer""}","A skewer — the higher-value piece is forced to move, losing the piece behind it.",true,lichess,HNYUM,33176,95,{}
lc_Nfvuo,r3r1k1/pb3ppp/1p6/n1pq2N1/8/1P1QP3/P1P3PP/R4RK1 w - - 0 18,"{""d3h7"",""g8f8"",""f1f7""}",rook,8,intermediate,Rook 8 · Crushing,crushing,White to move.,1402,Club,"{""crushing"",""kingsideAttack"",""middlegame"",""short""}",Find the strongest continuation and seize the advantage.,true,lichess,Nfvuo,33139,96,"{""Italian_Game"",""Italian_Game_Giuoco_Pianissimo""}"
lc_OeG4n,3r2k1/4b1p1/5pPp/2p1pP1P/2Nr4/P1K5/1P1R4/7R b - - 5 38,"{""d4c4"",""c3c4"",""d8d2""}",rook,8,intermediate,Rook 8 · Discovered Attack,discoveredAttack,Black to move.,1402,Club,"{""advantage"",""deflection"",""discoveredAttack"",""endgame"",""short""}",A discovered attack — moving one piece uncovers a deadly attack from another.,true,lichess,OeG4n,33008,96,{}
lc_GXrCt,1k5r/p1r2p2/4p2p/2b1N1p1/8/P3P3/1P4PP/R1R3K1 w - - 0 22,"{""c1c5"",""c7c5"",""e5d7"",""b8c7"",""d7c5""}",rook,8,intermediate,Rook 8 · Fork,fork,White to move.,1402,Club,"{""attraction"",""crushing"",""endgame"",""fork"",""long"",""sacrifice""}","A fork — one piece attacks two enemy pieces at once, forcing a material win.",true,lichess,GXrCt,32957,95,{}
lc_mHmwr,r1b2rk1/ppqnBpbp/3p2p1/2pP4/4P3/2PB1Q1P/PP3PP1/RN2R1K1 b - - 0 12,"{""d7e5"",""f3g3"",""c7e7""}",rook,8,intermediate,Rook 8 · Discovered Attack,discoveredAttack,Black to move.,1403,Club,"{""advantage"",""discoveredAttack"",""master"",""masterVsMaster"",""opening"",""short""}",A discovered attack — moving one piece uncovers a deadly attack from another.,true,lichess,mHmwr,40470,96,"{""Sicilian_Defense"",""Sicilian_Defense_Alapin_Variation""}"
lc_vk0cN,3r1rk1/p3bppp/1pnp1n2/3Np3/2P1q3/3QBN1P/PP3PP1/2R2RK1 w - - 0 15,"{""d5f6"",""e7f6"",""d3e4""}",rook,8,intermediate,Rook 8 · Crushing,crushing,White to move.,1403,Club,"{""crushing"",""intermezzo"",""kingsideAttack"",""middlegame"",""short""}",Find the strongest continuation and seize the advantage.,true,lichess,vk0cN,37965,95,"{""Sicilian_Defense"",""Sicilian_Defense_Canal_Attack""}"
lc_UXwVb,r2q1rk1/ppp1bp2/1n4pn/4p3/2B1Q3/2PP3P/PP3P1P/RN2K2R w KQ - 2 15,"{""e4g6"",""g8h8"",""g6h6""}",rook,8,intermediate,Rook 8 · Pin,pin,White to move.,1403,Club,"{""crushing"",""kingsideAttack"",""opening"",""pin"",""short""}",A pin — the attacked piece can't move without exposing a more valuable piece behind it.,true,lichess,UXwVb,37374,96,"{""Italian_Game"",""Italian_Game_Two_Knights_Defense""}"
lc_biH1s,4r2k/p4R1p/bp6/8/3P2pN/P1P5/6PP/6K1 b - - 0 30,"{""e8e1"",""g1f2"",""e1f1"",""f2g3"",""f1f7""}",rook,8,intermediate,Rook 8 · Skewer,skewer,Black to move.,1403,Club,"{""crushing"",""endgame"",""long"",""skewer""}","A skewer — the higher-value piece is forced to move, losing the piece behind it.",true,lichess,biH1s,36301,95,{}
lc_XR1YP,8/3k2p1/4p2p/1pP2p2/1Pbb1P1P/6P1/2R5/4K3 w - - 2 43,"{""c2d2"",""e6e5"",""f4e5"",""d7e6"",""d2d4""}",rook,8,intermediate,Rook 8 · Pin,pin,White to move.,1403,Club,"{""capturingDefender"",""crushing"",""endgame"",""long"",""pin""}",A pin — the attacked piece can't move without exposing a more valuable piece behind it.,true,lichess,XR1YP,35041,95,{}
lc_Y9vvu,8/2q5/5nkp/1p3Np1/1P6/3Q2P1/5PPK/8 b - - 11 55,"{""f6g4"",""h2g1"",""c7c1"",""d3f1"",""c1f1"",""g1f1"",""g6f5""}",rook,8,intermediate,Rook 8 · Endgame,endgame,Black to move.,1403,Club,"{""crushing"",""endgame"",""veryLong""}",An endgame technique — precise play with few pieces where every tempo counts.,true,lichess,Y9vvu,34521,96,{}
lc_z1OSA,2rq1rk1/pp2ppbp/3p2p1/3N4/4P1Q1/8/PPP2PPP/1R1R2K1 w - - 4 15,"{""g4c8"",""d8c8"",""d5e7"",""g8h8"",""e7c8""}",rook,8,intermediate,Rook 8 · Fork,fork,White to move.,1403,Club,"{""attraction"",""crushing"",""fork"",""long"",""middlegame"",""sacrifice""}","A fork — one piece attacks two enemy pieces at once, forcing a material win.",true,lichess,z1OSA,34493,95,"{""Sicilian_Defense"",""Sicilian_Defense_Dragon_Variation""}"
lc_4rwKw,2Q3nk/4P1pp/2N5/p1pp2q1/P7/8/2r3PP/5RK1 w - - 0 27,"{""c8g8"",""h8g8"",""e7e8q""}",rook,8,intermediate,Rook 8 · Mate In2,mateIn2,White to move.,1403,Club,"{""advancedPawn"",""attraction"",""endgame"",""mate"",""mateIn2"",""promotion"",""short""}",Checkmate in two — a forced sequence that delivers checkmate on move two.,true,lichess,4rwKw,34179,95,{}
lc_EYCVM,r1bqkb1r/ppp1pppp/8/8/1nB5/5N2/PPn2PPP/RNBQ1RK1 w kq - 0 8,"{""c4f7"",""e8f7"",""d1d8""}",rook,8,intermediate,Rook 8 · Deflection,deflection,White to move.,1403,Club,"{""attackingF2F7"",""crushing"",""deflection"",""opening"",""short""}",A deflection — lure a defending piece away from the square it was guarding.,true,lichess,EYCVM,33979,95,"{""Scandinavian_Defense"",""Scandinavian_Defense_Marshall_Variation""}"
lc_WG0t0,8/1pb1R3/p1k2Bp1/5pPp/8/P1P3r1/1PK5/8 w - - 6 41,"{""e7c7"",""c6c7"",""f6e5"",""c7c6"",""e5g3""}",rook,8,intermediate,Rook 8 · Fork,fork,White to move.,1403,Club,"{""advantage"",""attraction"",""endgame"",""exposedKing"",""fork"",""long"",""sacrifice""}","A fork — one piece attacks two enemy pieces at once, forcing a material win.",true,lichess,WG0t0,33591,96,{}
lc_KzQDh,5r1k/pp5r/2p5/3q4/3PR2R/7Q/PPP2P2/7K b - - 6 32,"{""d5e4"",""h4e4"",""h7h3""}",rook,8,intermediate,Rook 8 · Endgame,endgame,Black to move.,1403,Club,"{""advantage"",""endgame"",""short""}",An endgame technique — precise play with few pieces where every tempo counts.,true,lichess,KzQDh,33535,95,{}
lc_2gluY,8/3P1p1k/6pp/4P1b1/2PB4/1p1Q4/q5PP/7K b - - 1 35,"{""b3b2"",""d4b2"",""a2b2""}",rook,8,intermediate,Rook 8 · Advanced Pawn,advancedPawn,Black to move.,1403,Club,"{""advancedPawn"",""advantage"",""endgame"",""short""}",An advanced pawn — push the passer or use its threats to win material.,true,lichess,2gluY,33479,95,{}
lc_oSqf4,3r1r1k/1pp3pB/p1q5/3bp3/3P4/P1P1P2Q/5PPP/5RK1 w - - 0 25,"{""h7g6"",""h8g8"",""h3h7""}",rook,8,intermediate,Rook 8 · Mate In2,mateIn2,White to move.,1403,Club,"{""discoveredAttack"",""discoveredCheck"",""kingsideAttack"",""mate"",""mateIn2"",""middlegame"",""short""}",Checkmate in two — a forced sequence that delivers checkmate on move two.,true,lichess,oSqf4,33105,95,{}
lc_O9U0z,r4rk1/4bppp/p1pp4/3bP3/8/2qB1Q1P/P1P3PB/R4R1K w - - 1 20,"{""d3h7"",""g8h7"",""f3c3""}",rook,8,intermediate,Rook 8 · Discovered Attack,discoveredAttack,White to move.,1403,Club,"{""crushing"",""discoveredAttack"",""middlegame"",""short""}",A discovered attack — moving one piece uncovers a deadly attack from another.,true,lichess,O9U0z,33025,95,"{""Sicilian_Defense"",""Sicilian_Defense_Najdorf_Variation""}"
lc_Wq27z,2RQ4/1p2r1k1/3b3p/p2q1ppB/3P1p2/P6P/1P3PP1/5K2 b - - 4 30,"{""d5b5"",""h5e2"",""b5e2""}",rook,8,intermediate,Rook 8 · Endgame,endgame,Black to move.,1403,Club,"{""crushing"",""endgame"",""short""}",An endgame technique — precise play with few pieces where every tempo counts.,true,lichess,Wq27z,32917,95,{}
lc_1yKkr,1r3k2/6p1/8/3N1b1P/P7/K1P1q3/8/R2Q4 b - - 2 34,"{""e3c5"",""d5b4"",""c5c3"",""d1b3"",""c3a1""}",rook,8,intermediate,Rook 8 · Deflection,deflection,Black to move.,1404,Club,"{""crushing"",""deflection"",""endgame"",""long""}",A deflection — lure a defending piece away from the square it was guarding.,true,lichess,1yKkr,36286,95,{}
lc_XyIFV,6k1/pQ3rpp/8/8/7r/1P6/P1P1K1Pq/3R4 w - - 0 28,"{""d1d8"",""f7f8"",""b7d5"",""g8h8"",""d8f8""}",rook,8,intermediate,Rook 8 · Mate In3,mateIn3,White to move.,1404,Club,"{""backRankMate"",""deflection"",""endgame"",""long"",""mate"",""mateIn3""}",Checkmate in three — calculate the forcing line all the way to mate.,true,lichess,XyIFV,35906,95,{}
lc_VyDhK,r4r2/5pk1/p3p2p/1p1qN1p1/2pP4/P1P3P1/2Q3PP/5RK1 w - - 3 27,"{""f1f7"",""f8f7"",""c2g6"",""g7h8"",""e5f7""}",rook,8,intermediate,Rook 8 · Mate In3,mateIn3,White to move.,1404,Club,"{""attraction"",""cornerMate"",""endgame"",""long"",""mate"",""mateIn3"",""sacrifice""}",Checkmate in three — calculate the forcing line all the way to mate.,true,lichess,VyDhK,35432,95,{}
lc_PLfwm,5R2/2P3pk/p3p2p/8/4q3/6P1/P4P1P/1R4K1 b - - 0 31,"{""e4b1"",""g1g2"",""b1b7""}",rook,8,intermediate,Rook 8 · Hanging Piece,hangingPiece,Black to move.,1404,Club,"{""advantage"",""endgame"",""hangingPiece"",""queenRookEndgame"",""short""}",A hanging piece — an undefended enemy piece is free to capture.,true,lichess,PLfwm,35140,96,{}
lc_BgB46,2kr3r/ppp2ppp/8/3nbN2/8/1P2B3/P4PPP/3R1RK1 w - - 1 19,"{""d1d5"",""d8d5"",""f5e7"",""c8b8"",""e7d5""}",rook,8,intermediate,Rook 8 · Fork,fork,White to move.,1404,Club,"{""advantage"",""attraction"",""fork"",""long"",""middlegame"",""sacrifice""}","A fork — one piece attacks two enemy pieces at once, forcing a material win.",true,lichess,BgB46,34163,96,"{""Scandinavian_Defense"",""Scandinavian_Defense_Icelandic-Palme_Gambit""}"
lc_f1rQQ,3rr1k1/pbq2p1p/1p4p1/5n2/1P2N3/5PP1/1R4BP/3QR1K1 w - - 1 25,"{""e4f6"",""g8f8"",""e1e8"",""d8e8"",""f6e8""}",rook,8,intermediate,Rook 8 · Fork,fork,White to move.,1404,Club,"{""advantage"",""discoveredAttack"",""fork"",""long"",""middlegame""}","A fork — one piece attacks two enemy pieces at once, forcing a material win.",true,lichess,f1rQQ,33981,95,{}
lc_ESjQs,2rr2k1/6p1/4p2p/pp2P3/3nRPB1/7P/P1p3PK/2R5 w - - 0 31,"{""e4d4"",""d8d4"",""g4e6"",""g8f8"",""e6c8""}",rook,8,intermediate,Rook 8 · Endgame,endgame,White to move.,1404,Club,"{""advantage"",""capturingDefender"",""endgame"",""long""}",An endgame technique — precise play with few pieces where every tempo counts.,true,lichess,ESjQs,33271,96,{}
lc_I3Wen,7k/3p1rp1/7p/8/Pp6/7P/1PPQq1P1/3R3K b - - 3 32,"{""f7f1"",""d1f1"",""e2d2""}",rook,8,intermediate,Rook 8 · Deflection,deflection,Black to move.,1404,Club,"{""crushing"",""deflection"",""endgame"",""short""}",A deflection — lure a defending piece away from the square it was guarding.,true,lichess,I3Wen,33100,95,{}
lc_pTV8S,r1b2k2/p1p2p2/1p1q1b2/3P2rQ/6p1/1P4N1/P4PPP/3RR1K1 w - - 5 25,"{""h5h6"",""f6g7"",""h6g5""}",rook,8,intermediate,Rook 8 · Deflection,deflection,White to move.,1405,Club,"{""crushing"",""deflection"",""middlegame"",""short""}",A deflection — lure a defending piece away from the square it was guarding.,true,lichess,pTV8S,43862,96,{}
lc_BQuaf,r6r/5pk1/1q1b2p1/p1p1pPQ1/3pP3/1P1P3R/P5PP/R5K1 w - - 2 22,"{""f5f6"",""g7g8"",""h3h8"",""g8h8"",""g5h6"",""h8g8"",""h6g7""}",rook,8,intermediate,Rook 8 · Attraction,attraction,White to move.,1405,Club,"{""attraction"",""mate"",""mateIn4"",""middlegame"",""veryLong""}",An attraction — force an enemy piece onto a square where it can be exploited.,true,lichess,BQuaf,36707,95,{}
lc_6yD4L,4k1r1/1pp1n3/p3Qp2/3p1P2/3Ppq2/2P3Pr/PP3P2/R3R1K1 w - - 0 24,"{""e6g8"",""e7g8"",""g3f4""}",rook,8,intermediate,Rook 8 · Advantage,advantage,White to move.,1405,Club,"{""advantage"",""middlegame"",""short""}",Find the strongest continuation and seize the advantage.,true,lichess,6yD4L,36250,96,{}
lc_MLsw2,5r2/p6k/4p1pp/8/7Q/8/Pq1r2PP/R4R1K w - - 0 29,"{""h4e7"",""b2g7"",""e7f8"",""g7f8"",""f1f8""}",rook,8,intermediate,Rook 8 · Fork,fork,White to move.,1405,Club,"{""crushing"",""endgame"",""fork"",""long""}","A fork — one piece attacks two enemy pieces at once, forcing a material win.",true,lichess,MLsw2,36039,97,{}
lc_i8kjw,r2qrNk1/npp2ppp/p2p4/8/3P1BP1/P2B3P/1P1n1P2/R2QR1K1 b - - 0 19,"{""e8e1"",""d1e1"",""d2f3"",""g1g2"",""f3e1""}",rook,8,intermediate,Rook 8 · Fork,fork,Black to move.,1405,Club,"{""attraction"",""crushing"",""fork"",""long"",""middlegame""}","A fork — one piece attacks two enemy pieces at once, forcing a material win.",true,lichess,i8kjw,35614,96,"{""Ruy_Lopez"",""Ruy_Lopez_Morphy_Defense""}"
lc_hIMvt,6k1/3q3p/3p2p1/p2P1P2/P1P1r3/3Q1K1P/2R5/8 b - - 0 41,"{""d7f5"",""f3g2"",""e4g4"",""h3g4"",""f5d3""}",rook,8,intermediate,Rook 8 · Discovered Attack,discoveredAttack,Black to move.,1405,Club,"{""crushing"",""discoveredAttack"",""endgame"",""exposedKing"",""long""}",A discovered attack — moving one piece uncovers a deadly attack from another.,true,lichess,hIMvt,35523,96,{}
lc_1dZ4R,2r2rk1/1q3pp1/R1nbpn1p/3p4/1P1P4/1PPQBN1P/3N1PP1/2R3K1 b - - 0 20,"{""c6b4"",""c3b4"",""c8c1""}",rook,8,intermediate,Rook 8 · Discovered Attack,discoveredAttack,Black to move.,1405,Club,"{""advantage"",""discoveredAttack"",""middlegame"",""short""}",A discovered attack — moving one piece uncovers a deadly attack from another.,true,lichess,1dZ4R,35497,96,{}
lc_cBbKE,2k1r3/ppp3R1/2p5/7p/1PP3b1/2NP4/P3N1r1/3KR3 b - b3 0 27,"{""g4e2"",""c3e2"",""g2g7""}",rook,8,intermediate,Rook 8 · Discovered Attack,discoveredAttack,Black to move.,1405,Club,"{""crushing"",""discoveredAttack"",""middlegame"",""short""}",A discovered attack — moving one piece uncovers a deadly attack from another.,true,lichess,cBbKE,35374,96,{}
lc_oDyg6,8/4Qpk1/p5pp/8/P1pN3P/2Pb1PPK/1P1q4/8 b - - 2 41,"{""d3f1"",""h3g4"",""h6h5""}",rook,8,intermediate,Rook 8 · Mate In2,mateIn2,Black to move.,1405,Club,"{""endgame"",""master"",""masterVsMaster"",""mate"",""mateIn2"",""short"",""superGM""}",Checkmate in two — a forced sequence that delivers checkmate on move two.,true,lichess,oDyg6,34639,96,{}
lc_KhCNr,r4kr1/1p3p1p/4p1p1/1Bqp2P1/P1PQnP2/5R2/7P/4R1K1 w - - 1 29,"{""e1e4"",""c5d4"",""e4d4""}",rook,8,intermediate,Rook 8 · Advantage,advantage,White to move.,1405,Club,"{""advantage"",""middlegame"",""short""}",Find the strongest continuation and seize the advantage.,true,lichess,KhCNr,34637,95,{}
lc_GyFTf,1b2r1k1/5pp1/5q1p/1N1pP3/2p3b1/2P5/5PPP/QB2R1K1 w - - 1 24,"{""b1h7"",""g8h7"",""e5f6""}",rook,8,intermediate,Rook 8 · Crushing,crushing,White to move.,1405,Club,"{""crushing"",""kingsideAttack"",""middlegame"",""short""}",Find the strongest continuation and seize the advantage.,true,lichess,GyFTf,34189,95,{}
lc_kdmWf,8/6P1/7R/3k2r1/3pp3/P7/4K3/8 w - - 1 51,"{""h6h5"",""g5h5"",""g7g8q""}",rook,8,intermediate,Rook 8 · Pin,pin,White to move.,1405,Club,"{""advancedPawn"",""crushing"",""deflection"",""endgame"",""pin"",""promotion"",""rookEndgame"",""short""}",A pin — the attacked piece can't move without exposing a more valuable piece behind it.,true,lichess,kdmWf,33981,95,{}
lc_fqsM0,1rn2r2/2pk1P1p/6p1/1P1B4/2PPR3/3K4/6PP/8 w - - 5 45,"{""d5c6"",""d7d8"",""e4e8"",""f8e8"",""f7e8q""}",rook,8,intermediate,Rook 8 · Mate In3,mateIn3,White to move.,1405,Club,"{""advancedPawn"",""endgame"",""long"",""mate"",""mateIn3"",""promotion""}",Checkmate in three — calculate the forcing line all the way to mate.,true,lichess,fqsM0,33722,96,{}
lc_4Ien4,r4rk1/4qpp1/R3pn1p/4b3/2Q5/2N1B1P1/1P2PPKP/5R2 b - - 0 19,"{""e7b7"",""c4c6"",""b7a6"",""c6a6"",""a8a6""}",rook,8,intermediate,Rook 8 · Crushing,crushing,Black to move.,1405,Club,"{""crushing"",""long"",""middlegame""}",Find the strongest continuation and seize the advantage.,true,lichess,4Ien4,33564,96,"{""Reti_Opening"",""Reti_Opening_Reti_Accepted""}"
lc_c4h9d,8/6k1/5bpp/pp6/2p1pPKP/P1P1Q3/1P1q4/4R1N1 b - - 0 39,"{""d2g2"",""e3g3"",""h6h5""}",rook,8,intermediate,Rook 8 · Mate In2,mateIn2,Black to move.,1406,Club,"{""endgame"",""mate"",""mateIn2"",""short""}",Checkmate in two — a forced sequence that delivers checkmate on move two.,true,lichess,c4h9d,51862,94,{}
lc_thHOa,1k1r1bnr/p3q1pp/1p1p1p2/2pQN3/4PB2/2P5/PP3PPP/RN2K2R b KQ - 0 14,"{""d6e5"",""f4e5"",""f6e5""}",rook,8,intermediate,Rook 8 · Advantage,advantage,Black to move.,1406,Club,"{""advantage"",""opening"",""short""}",Find the strongest continuation and seize the advantage.,true,lichess,thHOa,36294,96,"{""French_Defense"",""French_Defense_Franco-Sicilian_Defense""}"
lc_nekFg,2k3rr/ppp4q/3b1p2/2p1p1pn/4P1N1/1P1P1PP1/PBPN1QK1/R4R2 b - - 2 19,"{""h5f4"",""g3f4"",""h7h3"",""g2g1"",""h3h1""}",rook,8,intermediate,Rook 8 · Mate In3,mateIn3,Black to move.,1406,Club,"{""clearance"",""long"",""mate"",""mateIn3"",""middlegame"",""sacrifice""}",Checkmate in three — calculate the forcing line all the way to mate.,true,lichess,nekFg,35296,96,"{""Ruy_Lopez"",""Ruy_Lopez_Berlin_Defense""}"
lc_kRuoy,r5rk/5p1p/p2p1PpQ/2p5/2Ppq3/1P1b1R2/P5PP/R5K1 w - - 6 25,"{""h6h7"",""h8h7"",""f3h3"",""e4h4"",""h3h4""}",rook,8,intermediate,Rook 8 · Mate In3,mateIn3,White to move.,1406,Club,"{""attraction"",""kingsideAttack"",""long"",""mate"",""mateIn3"",""middlegame"",""sacrifice""}",Checkmate in three — calculate the forcing line all the way to mate.,true,lichess,kRuoy,34926,96,{}
lc_ijZhk,8/4Qppp/3P4/2p1P1P1/p1p2PkP/Pr6/KPq5/1R5R b - - 4 38,"{""b3a3"",""a2a3"",""c2b3""}",rook,8,intermediate,Rook 8 · Mate In2,mateIn2,Black to move.,1406,Club,"{""attraction"",""endgame"",""mate"",""mateIn2"",""pin"",""sacrifice"",""short""}",Checkmate in two — a forced sequence that delivers checkmate on move two.,true,lichess,ijZhk,34308,96,{}
lc_hBUZm,8/3R4/4pkpp/3nN3/5PP1/b7/6K1/8 b - - 0 54,"{""d5f4"",""g2f3"",""f6e5""}",rook,8,intermediate,Rook 8 · Endgame,endgame,Black to move.,1406,Club,"{""crushing"",""endgame"",""short""}",An endgame technique — precise play with few pieces where every tempo counts.,true,lichess,hBUZm,34188,96,{}
lc_VVO99,3qr1k1/1b3ppp/5B2/1P3Q2/8/1N3P2/P3r1PP/2RR3K b - - 0 28,"{""d8d1"",""c1d1"",""e2e1"",""d1e1"",""e8e1""}",rook,8,intermediate,Rook 8 · Mate In3,mateIn3,Black to move.,1406,Club,"{""backRankMate"",""long"",""master"",""mate"",""mateIn3"",""middlegame"",""sacrifice""}",Checkmate in three — calculate the forcing line all the way to mate.,true,lichess,VVO99,34014,95,{}
lc_jQGaj,8/8/kq2Q1p1/5p2/8/6PK/7P/8 w - - 4 41,"{""e6b6"",""a6b6"",""h3h4"",""b6c6"",""h4g5""}",rook,8,intermediate,Rook 8 · Queen Endgame,queenEndgame,White to move.,1406,Club,"{""crushing"",""endgame"",""long"",""queenEndgame""}",A queen endgame — checks and centralisation steer the result.,true,lichess,jQGaj,33289,96,{}
lc_O71NA,2k3r1/pp1r3p/2p1P2b/6q1/6Q1/1KP3B1/1P5P/8 w - - 0 26,"{""e6d7"",""c8d8"",""g3h4""}",rook,8,intermediate,Rook 8 · Pin,pin,White to move.,1406,Club,"{""advancedPawn"",""advantage"",""endgame"",""pin"",""short""}",A pin — the attacked piece can't move without exposing a more valuable piece behind it.,true,lichess,O71NA,32965,95,{}
lc_dhO97,r4rk1/pp3ppp/6n1/2pB1b1q/3p1PN1/P2P1Q1P/1PPB2K1/R3R3 b - - 9 22,"{""g6h4"",""g2h2"",""h4f3""}",rook,8,intermediate,Rook 8 · Fork,fork,Black to move.,1406,Club,"{""crushing"",""fork"",""middlegame"",""short""}","A fork — one piece attacks two enemy pieces at once, forcing a material win.",true,lichess,dhO97,32928,96,{}
lc_50sN3,8/2p5/2P2K2/1p5p/2k4P/2P2P2/5P2/8 b - - 0 33,"{""c4c3"",""f3f4"",""b5b4"",""f4f5"",""b4b3"",""f6g7"",""b3b2"",""f5f6"",""b2b1q"",""f6f7"",""b1g1"",""g7h8"",""g1f2""}",rook,8,intermediate,Rook 8 · Promotion,promotion,Black to move.,1407,Club,"{""advancedPawn"",""crushing"",""endgame"",""pawnEndgame"",""promotion"",""quietMove"",""veryLong""}",Pawn promotion — advance the pawn to its final rank and choose your new piece wisely.,true,lichess,50sN3,38744,97,{}
lc_4MZG4,2kr4/pp3pp1/4p1b1/6q1/3r2n1/1BN5/PP2QPK1/2R4R w - - 4 21,"{""c3e4"",""g5c1"",""h1c1""}",rook,8,intermediate,Rook 8 · Discovered Attack,discoveredAttack,White to move.,1407,Club,"{""crushing"",""discoveredAttack"",""discoveredCheck"",""middlegame"",""short""}",A discovered attack — moving one piece uncovers a deadly attack from another.,true,lichess,4MZG4,37113,95,{}
lc_WiZci,4rkr1/3R1n2/p3p3/1p2Pp2/5P1Q/P7/1P4BP/2q2n1K w - - 0 34,"{""d7f7"",""f8f7"",""h4f6""}",rook,8,intermediate,Rook 8 · Mate In2,mateIn2,White to move.,1407,Club,"{""attraction"",""mate"",""mateIn2"",""middlegame"",""sacrifice"",""short"",""swallowstailMate""}",Checkmate in two — a forced sequence that delivers checkmate on move two.,true,lichess,WiZci,35785,95,{}
lc_VOgbY,6k1/1p4pp/p3p2r/3p4/2pP4/2P1PQq1/PP4B1/5RK1 b - - 3 26,"{""g3h2"",""g1f2"",""h6f6"",""f3f6"",""g7f6""}",rook,8,intermediate,Rook 8 · Pin,pin,Black to move.,1407,Club,"{""advantage"",""endgame"",""long"",""pin""}",A pin — the attacked piece can't move without exposing a more valuable piece behind it.,true,lichess,VOgbY,35781,96,{}
lc_LOyZV,3k1N1r/1p3ppp/8/2p5/3n4/3qQ3/P1p1NPPP/R4K1R b - - 3 18,"{""d3d1"",""a1d1"",""c2d1q""}",rook,8,intermediate,Rook 8 · Mate In2,mateIn2,Black to move.,1407,Club,"{""advancedPawn"",""mate"",""mateIn2"",""middlegame"",""promotion"",""short""}",Checkmate in two — a forced sequence that delivers checkmate on move two.,true,lichess,LOyZV,35696,96,"{""Sicilian_Defense"",""Sicilian_Defense_Bowdler_Attack""}"
lc_I0KtM,r5k1/1b4p1/4p1p1/pP3p2/3P1P2/4PP1q/PB2Q1RP/6K1 b - - 2 30,"{""b7f3"",""g2g3"",""h3g3"",""h2g3"",""f3e2""}",rook,8,intermediate,Rook 8 · Fork,fork,Black to move.,1407,Club,"{""advantage"",""endgame"",""fork"",""long""}","A fork — one piece attacks two enemy pieces at once, forcing a material win.",true,lichess,I0KtM,35687,95,{}
lc_H6zcd,r2qkb1r/pppb1ppp/2n1pn2/8/2BP4/1QN1PN2/PP3PPP/R1B1K2R b KQkq - 4 7,"{""c6a5"",""b3c2"",""a5c4""}",rook,8,intermediate,Rook 8 · Advantage,advantage,Black to move.,1407,Club,"{""advantage"",""opening"",""short""}",Find the strongest continuation and seize the advantage.,true,lichess,H6zcd,35625,96,"{""Queens_Gambit_Accepted"",""Queens_Gambit_Accepted_Old_Variation""}"
lc_F6A86,rn1k3r/ppp1bppp/3p2q1/3NP3/2B2pn1/3P1N1P/PPP2R1P/R1BQ2K1 b - - 0 11,"{""g4e3"",""g1h1"",""e3d1""}",rook,8,intermediate,Rook 8 · Discovered Attack,discoveredAttack,Black to move.,1407,Club,"{""crushing"",""discoveredAttack"",""discoveredCheck"",""opening"",""short""}",A discovered attack — moving one piece uncovers a deadly attack from another.,true,lichess,F6A86,35575,96,"{""Kings_Gambit_Accepted"",""Kings_Gambit_Accepted_Kings_Knights_Gambit""}"
lc_B2klt,1r2q1k1/1p3ppp/p2Q1b2/2p2P2/P4P2/2P4P/1P4P1/2BR2K1 b - - 0 22,"{""b8d8"",""d6d8"",""f6d8""}",rook,8,intermediate,Rook 8 · Endgame,endgame,Black to move.,1407,Club,"{""advantage"",""endgame"",""short""}",An endgame technique — precise play with few pieces where every tempo counts.,true,lichess,B2klt,35556,95,{}
lc_v1EXO,r2qk2r/pp1n1ppb/2pBpn2/7p/2BP3P/2P3N1/PP3PP1/R2QK2R b KQkq - 2 13,"{""d7b6"",""d6c5"",""b6c4""}",rook,8,intermediate,Rook 8 · Advantage,advantage,Black to move.,1407,Club,"{""advantage"",""opening"",""short""}",Find the strongest continuation and seize the advantage.,true,lichess,v1EXO,35524,96,"{""Caro-Kann_Defense"",""Caro-Kann_Defense_Classical_Variation""}"
lc_Zsk2S,r1bqkb1r/pppp1ppp/2n5/4N3/2n5/2N5/PPPPQPPP/R1B1K2R w KQkq - 0 7,"{""e5c6"",""f8e7"",""c6d8""}",rook,8,intermediate,Rook 8 · Pin,pin,White to move.,1407,Club,"{""crushing"",""discoveredAttack"",""discoveredCheck"",""opening"",""pin"",""short""}",A pin — the attacked piece can't move without exposing a more valuable piece behind it.,true,lichess,Zsk2S,35342,96,"{""Four_Knights_Game"",""Four_Knights_Game_Italian_Variation""}"
lc_KZkt6,3qr1k1/ppp4p/2p3p1/4R3/1B2N3/1P1P2P1/P1P1r3/2KR4 w - - 6 26,"{""e5e8"",""d8e8"",""e4f6"",""g8g7"",""f6e8""}",rook,8,intermediate,Rook 8 · Fork,fork,White to move.,1407,Club,"{""advantage"",""attraction"",""fork"",""long"",""middlegame""}","A fork — one piece attacks two enemy pieces at once, forcing a material win.",true,lichess,KZkt6,35061,95,{}
lc_1OD0W,r1q2rk1/1b2b1pp/p3Npn1/1p1pP2n/1P3P2/P2B4/2P1N1PP/R1BQ1RK1 b - - 0 17,"{""c8e6"",""e2d4"",""e6b6""}",rook,8,intermediate,Rook 8 · Pin,pin,Black to move.,1407,Club,"{""advantage"",""hangingPiece"",""middlegame"",""pin"",""short""}",A pin — the attacked piece can't move without exposing a more valuable piece behind it.,true,lichess,1OD0W,34874,95,"{""Sicilian_Defense"",""Sicilian_Defense_Taimanov_Variation""}"
lc_2BYZS,2r3k1/3p1rbR/p5Q1/3bP3/p2P1p2/2P2P1K/3q4/1B6 w - - 2 32,"{""h7h8"",""g8h8"",""g6h7""}",rook,8,intermediate,Rook 8 · Mate In2,mateIn2,White to move.,1407,Club,"{""attraction"",""mate"",""mateIn2"",""middlegame"",""pin"",""sacrifice"",""short""}",Checkmate in two — a forced sequence that delivers checkmate on move two.,true,lichess,2BYZS,34750,96,{}
lc_nKQEL,7r/pp2qpk1/2p1r1p1/3p2Rn/3Pp2P/1BP1P3/PP1K1P2/3Q2R1 w - - 2 30,"{""g5h5"",""h8h5"",""d1h5""}",rook,8,intermediate,Rook 8 · Pin,pin,White to move.,1407,Club,"{""advantage"",""middlegame"",""pin"",""short""}",A pin — the attacked piece can't move without exposing a more valuable piece behind it.,true,lichess,nKQEL,34100,96,{}
lc_kWFJc,r1b2rk1/pp1p1pp1/1qn1p2p/8/2P1P3/1PNQbN2/PK4PP/3R1B1R w - - 4 14,"{""c3a4"",""b6c7"",""d3e3""}",rook,8,intermediate,Rook 8 · Advantage,advantage,White to move.,1407,Club,"{""advantage"",""middlegame"",""short""}",Find the strongest continuation and seize the advantage.,true,lichess,kWFJc,33737,95,"{""Benoni_Defense"",""Benoni_Defense_Benoni_Gambit_Accepted""}"
lc_ry2nT,5Q2/p5rp/1p5k/6p1/3q1pPP/P7/1P3p1K/5B2 w - - 0 42,"{""h4g5"",""h6g5"",""f8f5"",""g5h6"",""f5h5""}",rook,8,intermediate,Rook 8 · Mate In3,mateIn3,White to move.,1407,Club,"{""attraction"",""endgame"",""long"",""mate"",""mateIn3"",""pin""}",Checkmate in three — calculate the forcing line all the way to mate.,true,lichess,ry2nT,33713,96,{}
lc_Q3jlK,7k/r5q1/8/2QPpP1P/pp2P3/1P1P4/P7/2KR4 b - - 0 31,"{""a7c7"",""c5c7"",""g7c7""}",rook,8,intermediate,Rook 8 · Pin,pin,Black to move.,1407,Club,"{""advantage"",""endgame"",""pin"",""short""}",A pin — the attacked piece can't move without exposing a more valuable piece behind it.,true,lichess,Q3jlK,33561,95,{}
lc_dl7hy,8/1R2P3/P4pk1/1P1K3p/6p1/3r4/2r5/8 w - - 1 64,"{""d5e4"",""c2d2"",""e7e8q""}",rook,8,intermediate,Rook 8 · Promotion,promotion,White to move.,1407,Club,"{""advancedPawn"",""crushing"",""endgame"",""promotion"",""rookEndgame"",""short""}",Pawn promotion — advance the pawn to its final rank and choose your new piece wisely.,true,lichess,dl7hy,33301,96,{}
lc_Oghpq,r4rk1/p4ppp/2p5/b4b2/5B2/5N2/PP3PPP/R3R1K1 w - - 2 16,"{""e1e5"",""a5b6"",""e5f5""}",rook,8,intermediate,Rook 8 · Fork,fork,White to move.,1407,Club,"{""advantage"",""fork"",""middlegame"",""short""}","A fork — one piece attacks two enemy pieces at once, forcing a material win.",true,lichess,Oghpq,33083,95,"{""English_Opening"",""English_Opening_Symmetrical_Variation""}"
lc_cEOoq,r3r1k1/1pp1b1p1/p1qp1p1p/8/2P5/6R1/PB1Q1P1P/3R2K1 w - - 0 22,"{""d2h6"",""e7f8"",""b2f6""}",rook,8,intermediate,Rook 8 · Pin,pin,White to move.,1407,Club,"{""advantage"",""middlegame"",""pin"",""short""}",A pin — the attacked piece can't move without exposing a more valuable piece behind it.,true,lichess,cEOoq,33082,95,{}
lc_cQ4Ys,r1bqkbnr/ppp1ppp1/8/4p1p1/8/1B6/PPP2PPP/RNBQK2R w KQkq - 0 9,"{""b3f7"",""e8f7"",""d1d8""}",rook,8,intermediate,Rook 8 · Deflection,deflection,White to move.,1408,Club,"{""attackingF2F7"",""crushing"",""deflection"",""opening"",""short""}",A deflection — lure a defending piece away from the square it was guarding.,true,lichess,cQ4Ys,40804,95,"{""Alekhine_Defense"",""Alekhine_Defense_Brooklyn_Variation""}"
lc_ByhgO,k1r3r1/1b4Np/p1qR2p1/4Q3/8/1P2P3/6PP/6RK b - - 2 28,"{""c6g2"",""g1g2"",""c8c1"",""d6d1"",""c1d1""}",rook,8,intermediate,Rook 8 · Mate In3,mateIn3,Black to move.,1408,Club,"{""clearance"",""long"",""mate"",""mateIn3"",""middlegame"",""pin"",""sacrifice""}",Checkmate in three — calculate the forcing line all the way to mate.,true,lichess,ByhgO,37075,96,{}
lc_ZxHf6,rnbqkb1r/ppp2ppp/8/8/5n2/2N5/PP1PBPPP/R1BQK1NR w KQkq - 2 7,"{""d1a4"",""b8c6"",""a4f4""}",rook,8,intermediate,Rook 8 · Fork,fork,White to move.,1408,Club,"{""advantage"",""fork"",""opening"",""short""}","A fork — one piece attacks two enemy pieces at once, forcing a material win.",true,lichess,ZxHf6,37072,95,"{""Scandinavian_Defense"",""Scandinavian_Defense_Icelandic-Palme_Gambit""}"
lc_9M08O,4r2k/p7/4q3/6Q1/3b4/6P1/P4P2/5RK1 w - - 0 32,"{""g5h4"",""h8g8"",""h4d4""}",rook,8,intermediate,Rook 8 · Fork,fork,White to move.,1408,Club,"{""crushing"",""endgame"",""fork"",""short""}","A fork — one piece attacks two enemy pieces at once, forcing a material win.",true,lichess,9M08O,36791,96,{}
lc_UB9yx,5k2/pp3p2/3r3p/3p4/1PrN1p2/q6P/5PP1/3R1QK1 w - - 2 31,"{""d4b5"",""a3b4"",""b5d6""}",rook,8,intermediate,Rook 8 · Fork,fork,White to move.,1408,Club,"{""advantage"",""endgame"",""fork"",""short""}","A fork — one piece attacks two enemy pieces at once, forcing a material win.",true,lichess,UB9yx,36584,96,{}
lc_9gkvX,r4rk1/4bpp1/qn5p/1p2P3/pn1BN1b1/3Q1N2/P1B3PP/2R2R1K w - - 5 27,"{""e4f6"",""e7f6"",""d3h7""}",rook,8,intermediate,Rook 8 · Mate In2,mateIn2,White to move.,1408,Club,"{""clearance"",""kingsideAttack"",""mate"",""mateIn2"",""middlegame"",""sacrifice"",""short""}",Checkmate in two — a forced sequence that delivers checkmate on move two.,true,lichess,9gkvX,35955,96,{}
lc_4wsAu,r4r2/p1b2pk1/2nq1n2/1pp1p1BP/3pP1b1/2PP2P1/PP1N1PB1/R2Q1RK1 w - - 1 17,"{""g5f6"",""g7f6"",""d1g4""}",rook,8,intermediate,Rook 8 · Advantage,advantage,White to move.,1408,Club,"{""advantage"",""middlegame"",""short""}",Find the strongest continuation and seize the advantage.,true,lichess,4wsAu,34466,96,"{""Hungarian_Opening"",""Hungarian_Opening_Other_variations""}"
lc_tNUcD,r2r4/5pkp/p5n1/1p1bq3/P1p1P3/4B3/2Q3PP/3R1RK1 w - - 0 31,"{""e3d4"",""e5d4"",""d1d4""}",rook,8,intermediate,Rook 8 · Pin,pin,White to move.,1408,Club,"{""advantage"",""middlegame"",""pin"",""short""}",A pin — the attacked piece can't move without exposing a more valuable piece behind it.,true,lichess,tNUcD,33654,95,{}
lc_lTb5d,3r2k1/1p2q1pp/p2p1p2/8/4P1R1/P5QP/1Pr3P1/R5K1 w - - 0 25,"{""g3b3"",""g8h8"",""b3c2""}",rook,8,intermediate,Rook 8 · Fork,fork,White to move.,1408,Club,"{""crushing"",""endgame"",""fork"",""short""}","A fork — one piece attacks two enemy pieces at once, forcing a material win.",true,lichess,lTb5d,33621,95,{}
lc_XmVf7,5k2/3P4/5bp1/p1p5/2n3B1/P7/4RPKP/3r4 w - - 1 40,"{""e2e8"",""f8g7"",""g4d1""}",rook,8,intermediate,Rook 8 · Discovered Attack,discoveredAttack,White to move.,1408,Club,"{""crushing"",""discoveredAttack"",""endgame"",""short""}",A discovered attack — moving one piece uncovers a deadly attack from another.,true,lichess,XmVf7,33396,95,{}
lc_DnkU2,r4k2/p1p3bQ/bp3qn1/3pn3/4P3/2PPB3/PP1NK3/5RNR b - - 2 19,"{""a6d3"",""e2e1"",""d3f1""}",rook,8,intermediate,Rook 8 · Skewer,skewer,Black to move.,1408,Club,"{""advantage"",""middlegame"",""short"",""skewer""}","A skewer — the higher-value piece is forced to move, losing the piece behind it.",true,lichess,DnkU2,33184,95,"{""Owen_Defense"",""Owen_Defense_Other_variations""}"
lc_nE4wk,r5r1/2q1k1pp/1p1p1p2/1P2p3/4Pn2/5N1P/P4PP1/2RQ1RK1 b - - 2 20,"{""c7c1"",""d1c1"",""f4e2"",""g1h2"",""e2c1""}",rook,8,intermediate,Rook 8 · Fork,fork,Black to move.,1408,Club,"{""attraction"",""crushing"",""fork"",""long"",""middlegame"",""sacrifice""}","A fork — one piece attacks two enemy pieces at once, forcing a material win.",true,lichess,nE4wk,33176,95,{}
lc_nmIwh,1r3rk1/2p2pbp/1p1n2p1/p2P1q2/4n3/2PQBN2/PP1N1PPP/R2R1K2 b - - 1 21,"{""e4g3"",""f1g1"",""f5d3""}",rook,8,intermediate,Rook 8 · Discovered Attack,discoveredAttack,Black to move.,1408,Club,"{""crushing"",""discoveredAttack"",""middlegame"",""short""}",A discovered attack — moving one piece uncovers a deadly attack from another.,true,lichess,nmIwh,33104,94,{}
lc_UgULV,r4r1k/1pp4B/p1nb1q1Q/3p4/1P1P1p2/P3Pb2/5PPB/R4RK1 w - - 1 21,"{""h7g6"",""h8g8"",""h6h7""}",rook,8,intermediate,Rook 8 · Mate In2,mateIn2,White to move.,1408,Club,"{""discoveredAttack"",""discoveredCheck"",""kingsideAttack"",""mate"",""mateIn2"",""middlegame"",""short""}",Checkmate in two — a forced sequence that delivers checkmate on move two.,true,lichess,UgULV,33012,95,{}
lc_0pT9G,rn1qkbnr/1b2pppp/p7/1P6/2B5/2p1PN2/1P3PPP/R1BQK2R w KQkq - 0 9,"{""c4f7"",""e8f7"",""d1d8""}",rook,8,intermediate,Rook 8 · Deflection,deflection,White to move.,1409,Club,"{""attackingF2F7"",""crushing"",""deflection"",""opening"",""short""}",A deflection — lure a defending piece away from the square it was guarding.,true,lichess,0pT9G,40268,96,"{""Queens_Gambit_Accepted"",""Queens_Gambit_Accepted_Alekhine_Defense""}"
lc_a59np,6k1/6q1/2n3p1/p4pP1/2p5/2N1rr2/P2Q4/1K1R2R1 w - - 0 35,"{""d2d5"",""g7f7"",""d5c6""}",rook,8,intermediate,Rook 8 · Fork,fork,White to move.,1409,Club,"{""crushing"",""fork"",""middlegame"",""short""}","A fork — one piece attacks two enemy pieces at once, forcing a material win.",true,lichess,a59np,37217,96,{}
lc_M1YQ8,5rk1/5npp/8/q7/1p1R2P1/1Qp2P2/1PP4P/1K1R4 b - - 3 30,"{""f8a8"",""d4d8"",""a8d8""}",rook,8,intermediate,Rook 8 · Endgame,endgame,Black to move.,1409,Club,"{""advantage"",""endgame"",""quietMove"",""short""}",An endgame technique — precise play with few pieces where every tempo counts.,true,lichess,M1YQ8,36683,95,{}
lc_eehvu,r1bqkb1r/pp3ppp/2n1p3/2p5/4n3/2P5/PPBPN1PP/RNBQK2R w KQkq - 0 8,"{""c2e4"",""d8h4"",""e2g3""}",rook,8,intermediate,Rook 8 · Hanging Piece,hangingPiece,White to move.,1409,Club,"{""advantage"",""defensiveMove"",""hangingPiece"",""opening"",""short""}",A hanging piece — an undefended enemy piece is free to capture.,true,lichess,eehvu,35115,95,"{""Sicilian_Defense"",""Sicilian_Defense_Alapin_Variation""}"
lc_wkoBB,8/pp3pkp/2p3p1/8/P1P2r2/1P6/2rRK1BP/1R6 b - - 3 31,"{""c2d2"",""e2d2"",""f4f2"",""d2c3"",""f2g2""}",rook,8,intermediate,Rook 8 · Fork,fork,Black to move.,1409,Club,"{""attraction"",""crushing"",""endgame"",""exposedKing"",""fork"",""long""}","A fork — one piece attacks two enemy pieces at once, forcing a material win.",true,lichess,wkoBB,34502,96,{}
lc_6aNRv,2rqr1k1/1ppb1pp1/p7/3NP1p1/3n4/P2BR3/1PQ2PPP/3R2K1 w - - 0 19,"{""d3h7"",""g8h8"",""d1d4""}",rook,8,intermediate,Rook 8 · Discovered Attack,discoveredAttack,White to move.,1409,Club,"{""crushing"",""discoveredAttack"",""middlegame"",""short""}",A discovered attack — moving one piece uncovers a deadly attack from another.,true,lichess,6aNRv,34116,94,"{""English_Opening"",""English_Opening_Anglo-Indian_Defense""}"
lc_vQBLK,8/R1P5/6kp/3K2p1/5p2/7P/2r5/8 w - - 0 58,"{""a7a6"",""g6f5"",""a6c6""}",rook,8,intermediate,Rook 8 · Rook Endgame,rookEndgame,White to move.,1409,Club,"{""crushing"",""endgame"",""rookEndgame"",""short""}",A rook endgame — master the Lucena and Philidor ideas to convert.,true,lichess,vQBLK,33638,95,{}
lc_UoGK3,r4rk1/1pp2ppb/3p1q1p/p2P3P/2P3P1/1PNn1P2/P2Q2B1/4RRK1 w - - 0 21,"{""c3e4"",""f6h4"",""d2d3""}",rook,8,intermediate,Rook 8 · Interference,interference,White to move.,1409,Club,"{""advantage"",""interference"",""intermezzo"",""master"",""middlegame"",""short""}",Interference — block the line between two enemy pieces to break their coordination.,true,lichess,UoGK3,33631,95,{}
lc_HKRCz,r4rk1/pb1R1ppp/1p6/1N6/8/P3P3/1P3PPP/4R1K1 b - - 2 22,"{""b7c6"",""d7a7"",""c6b5"",""a7a8"",""f8a8""}",rook,8,intermediate,Rook 8 · Fork,fork,Black to move.,1409,Club,"{""advantage"",""endgame"",""fork"",""long""}","A fork — one piece attacks two enemy pieces at once, forcing a material win.",true,lichess,HKRCz,33386,95,{}
lc_zIICf,r2q1Bk1/pp1n1ppp/1np5/8/2BP4/P2KPQ1P/5PP1/1R5R b - - 0 20,"{""d7e5"",""d3e2"",""e5f3""}",rook,8,intermediate,Rook 8 · Pin,pin,Black to move.,1409,Club,"{""crushing"",""middlegame"",""pin"",""short""}",A pin — the attacked piece can't move without exposing a more valuable piece behind it.,true,lichess,zIICf,32986,97,{}
lc_heiPM,rnbqkb1r/ppp1pp1p/1n4p1/4P3/2B5/5N2/PPP2PPP/RNBQK2R w KQkq - 2 7,"{""c4f7"",""e8f7"",""d1d8""}",rook,8,intermediate,Rook 8 · Deflection,deflection,White to move.,1410,Club,"{""attackingF2F7"",""crushing"",""deflection"",""opening"",""short""}",A deflection — lure a defending piece away from the square it was guarding.,true,lichess,heiPM,39095,96,"{""Alekhine_Defense"",""Alekhine_Defense_Modern_Variation""}"
lc_UeDZQ,r5k1/pp2p1bp/2b1p1p1/4n3/2B3q1/2N1B3/PPP1Q1PP/5RK1 w - - 6 18,"{""e2g4"",""e5g4"",""c4e6"",""g8h8"",""e6g4""}",rook,8,intermediate,Rook 8 · Fork,fork,White to move.,1410,Club,"{""advantage"",""capturingDefender"",""fork"",""long"",""middlegame""}","A fork — one piece attacks two enemy pieces at once, forcing a material win.",true,lichess,UeDZQ,37687,95,"{""Sicilian_Defense"",""Sicilian_Defense_Dragon_Variation""}"
lc_5BllZ,1k6/ppqn1Q2/2p5/8/2PP4/1P4bP/PB4P1/7K w - - 1 32,"{""f7g8"",""c7c8"",""g8g3""}",rook,8,intermediate,Rook 8 · Deflection,deflection,White to move.,1410,Club,"{""crushing"",""deflection"",""endgame"",""short""}",A deflection — lure a defending piece away from the square it was guarding.,true,lichess,5BllZ,36809,96,{}
lc_DS0WM,r2qkbnr/pb1ppppp/1p6/2p5/1nP5/P1N1PNP1/1P1P1P1P/R1BQKB1R b KQkq - 0 6,"{""b7f3"",""d1f3"",""b4c2"",""e1d1"",""c2a1""}",rook,8,intermediate,Rook 8 · Fork,fork,Black to move.,1410,Club,"{""advantage"",""fork"",""long"",""opening""}","A fork — one piece attacks two enemy pieces at once, forcing a material win.",true,lichess,DS0WM,36476,96,"{""English_Opening"",""English_Opening_Symmetrical_Variation""}"
lc_RzD2i,5r2/p1p2k2/2R5/4p3/4P1r1/1P3p2/P1P3n1/2BK1R2 b - - 0 38,"{""f8d8"",""c1d2"",""g2e3"",""d1c1"",""e3f1""}",rook,8,intermediate,Rook 8 · Pin,pin,Black to move.,1410,Club,"{""crushing"",""endgame"",""long"",""pin""}",A pin — the attacked piece can't move without exposing a more valuable piece behind it.,true,lichess,RzD2i,36162,95,{}
lc_XqH4t,2r5/4kp2/1Q1p1R1p/4p3/P3P3/2q5/2P3PP/R6K b - - 0 25,"{""c3a1"",""b6g1"",""a1g1"",""h1g1"",""e7f6""}",rook,8,intermediate,Rook 8 · Hanging Piece,hangingPiece,Black to move.,1410,Club,"{""crushing"",""endgame"",""hangingPiece"",""long""}",A hanging piece — an undefended enemy piece is free to capture.,true,lichess,XqH4t,34287,95,{}
lc_dHx7t,6k1/5p1p/4p1p1/P7/1P1q4/2r4P/1Q4P1/R6K b - - 0 32,"{""c3h3"",""g2h3"",""d4b2""}",rook,8,intermediate,Rook 8 · Discovered Attack,discoveredAttack,Black to move.,1410,Club,"{""crushing"",""discoveredAttack"",""endgame"",""short""}",A discovered attack — moving one piece uncovers a deadly attack from another.,true,lichess,dHx7t,34059,96,{}
lc_KB1aj,5r2/2pkn3/2p4p/3Pq1p1/8/2N5/PPP1Q1P1/3RK3 b - - 4 22,"{""e5g3"",""e1d2"",""f8f2""}",rook,8,intermediate,Rook 8 · Pin,pin,Black to move.,1410,Club,"{""advantage"",""endgame"",""pin"",""short""}",A pin — the attacked piece can't move without exposing a more valuable piece behind it.,true,lichess,KB1aj,33626,95,{}
lc_x8yAO,7k/pR4p1/3p3p/8/3bPRP1/3P1K1P/8/6r1 b - - 4 24,"{""g1f1"",""f3g3"",""d4e5"",""g3g2"",""f1f4""}",rook,8,intermediate,Rook 8 · Pin,pin,Black to move.,1410,Club,"{""advantage"",""endgame"",""long"",""pin""}",A pin — the attacked piece can't move without exposing a more valuable piece behind it.,true,lichess,x8yAO,33347,95,{}
lc_Jx0nb,3q2k1/3P1ppp/6P1/2K2Q1P/3p1P2/1P6/2P5/r7 w - - 1 43,"{""f5f7"",""g8h8"",""f7e8"",""d8e8"",""d7e8q""}",rook,8,intermediate,Rook 8 · Mate In3,mateIn3,White to move.,1410,Club,"{""advancedPawn"",""endgame"",""long"",""mate"",""mateIn3"",""promotion""}",Checkmate in three — calculate the forcing line all the way to mate.,true,lichess,Jx0nb,33325,96,{}
lc_QQhpw,8/p5p1/1pkqP2p/2p1Q3/8/P7/KPP5/8 w - - 5 44,"{""e5e4"",""d6d5"",""e4d5"",""c6d5"",""e6e7""}",rook,8,intermediate,Rook 8 · Advanced Pawn,advancedPawn,White to move.,1410,Club,"{""advancedPawn"",""crushing"",""endgame"",""long"",""queenEndgame""}",An advanced pawn — push the passer or use its threats to win material.,true,lichess,QQhpw,33047,95,{}
lc_WQvXp,r3kb1r/ppp2pp1/3p4/4p2p/4P1n1/P1NPBPq1/1PP3QN/R4RK1 b kq - 2 16,"{""g3g2"",""g1g2"",""g4e3""}",rook,8,intermediate,Rook 8 · Attraction,attraction,Black to move.,1410,Club,"{""advantage"",""attraction"",""kingsideAttack"",""middlegame"",""short""}",An attraction — force an enemy piece onto a square where it can be exploited.,true,lichess,WQvXp,32968,95,"{""Three_Knights_Opening"",""Three_Knights_Opening_Other_variations""}"
lc_A5y0b,r2q1rk1/p5bp/1p1p2p1/1bnn4/2P2p2/5N2/PPB3PP/R1BQR1K1 w - - 0 20,"{""d1d5"",""g8h8"",""c4b5""}",rook,8,intermediate,Rook 8 · Hanging Piece,hangingPiece,White to move.,1411,Club,"{""advantage"",""hangingPiece"",""intermezzo"",""middlegame"",""short""}",A hanging piece — an undefended enemy piece is free to capture.,true,lichess,A5y0b,38651,96,"{""Queens_Pawn_Game"",""Queens_Pawn_Game_Other_variations""}"
lc_Llpip,r1b1kb1r/pp1p1ppp/5n2/q2Pn3/1P6/P1N5/5PPP/R1BQKBNR b KQkq b3 0 9,"{""f8b4"",""a3b4"",""a5a1""}",rook,8,intermediate,Rook 8 · Pin,pin,Black to move.,1411,Club,"{""advantage"",""opening"",""pin"",""short""}",A pin — the attacked piece can't move without exposing a more valuable piece behind it.,true,lichess,Llpip,37405,96,"{""Sicilian_Defense"",""Sicilian_Defense_Alapin_Variation""}"
lc_AmTRT,r1r4k/2q2Qp1/3p2Pp/3Pp3/pp6/5P2/PPP5/1KR4R w - - 1 28,"{""h1h6"",""g7h6"",""g6g7"",""h8h7"",""g7g8q""}",rook,8,intermediate,Rook 8 · Mate In3,mateIn3,White to move.,1411,Club,"{""advancedPawn"",""discoveredCheck"",""doubleCheck"",""endgame"",""kingsideAttack"",""long"",""mate"",""mateIn3"",""promotion"",""sacrifice""}",Checkmate in three — calculate the forcing line all the way to mate.,true,lichess,AmTRT,37100,96,{}
lc_Ms6Ar,r2qkbnr/pp3ppp/2n1p3/1Bp1P1N1/3Pp3/8/PPP2PPP/R1BQK2R b KQkq - 1 8,"{""d8a5"",""d1d2"",""a5b5""}",rook,8,intermediate,Rook 8 · Fork,fork,Black to move.,1411,Club,"{""advantage"",""fork"",""opening"",""short""}","A fork — one piece attacks two enemy pieces at once, forcing a material win.",true,lichess,Ms6Ar,36001,96,"{""Scandinavian_Defense"",""Scandinavian_Defense_Other_variations""}"
lc_y7bu8,2r2rk1/3b1ppp/pqn1pb2/1p1p4/1P1P4/PQ2PN2/4BPPP/2RN1RK1 b - - 3 15,"{""c6d4"",""e3d4"",""c8c1""}",rook,8,intermediate,Rook 8 · Discovered Attack,discoveredAttack,Black to move.,1411,Club,"{""advantage"",""discoveredAttack"",""middlegame"",""short""}",A discovered attack — moving one piece uncovers a deadly attack from another.,true,lichess,y7bu8,35845,96,"{""Semi-Slav_Defense"",""Semi-Slav_Defense_Other_variations""}"
lc_I9cGb,5r2/3Qn2k/p6p/1p1p4/2p1q3/P1P1P3/1P3r2/2K3RR w - - 10 33,"{""h1h6"",""h7h6"",""d7h3"",""e4h4"",""h3h4""}",rook,8,intermediate,Rook 8 · Mate In3,mateIn3,White to move.,1411,Club,"{""attraction"",""long"",""mate"",""mateIn3"",""middlegame"",""sacrifice""}",Checkmate in three — calculate the forcing line all the way to mate.,true,lichess,I9cGb,35831,95,{}
lc_YXQEJ,5r1k/pp2q1pp/8/3Q4/3P4/4P1P1/PP5P/5RK1 b - - 2 24,"{""e7e3"",""g1g2"",""e3e2"",""g2h3"",""e2f1""}",rook,8,intermediate,Rook 8 · Deflection,deflection,Black to move.,1411,Club,"{""crushing"",""deflection"",""endgame"",""long""}",A deflection — lure a defending piece away from the square it was guarding.,true,lichess,YXQEJ,35643,95,{}
lc_BIppU,2r3rk/3n1p1p/p2p1PpQ/3Pp1P1/1Pp5/5R2/Pq2B1KP/8 w - - 2 29,"{""h6h7"",""h8h7"",""f3h3""}",rook,8,intermediate,Rook 8 · Mate In2,mateIn2,White to move.,1411,Club,"{""attraction"",""kingsideAttack"",""mate"",""mateIn2"",""middlegame"",""sacrifice"",""short""}",Checkmate in two — a forced sequence that delivers checkmate on move two.,true,lichess,BIppU,35607,96,{}
lc_KeitE,1kr2r2/1p4Q1/p2p4/3P4/5q2/P7/1PP2P2/1K5R w - - 2 35,"{""h1h7"",""f8f7"",""g7f7"",""f4f7"",""h7f7""}",rook,8,intermediate,Rook 8 · Endgame,endgame,White to move.,1411,Club,"{""advantage"",""endgame"",""long"",""quietMove""}",An endgame technique — precise play with few pieces where every tempo counts.,true,lichess,KeitE,34074,95,{}
lc_ashYv,6rk/p4p1p/5PpQ/2p1P1P1/2P1RR2/1r1q3P/3p4/3K4 w - - 0 33,"{""h6h7"",""h8h7"",""f4h4""}",rook,8,intermediate,Rook 8 · Mate In2,mateIn2,White to move.,1411,Club,"{""attraction"",""endgame"",""mate"",""mateIn2"",""sacrifice"",""short""}",Checkmate in two — a forced sequence that delivers checkmate on move two.,true,lichess,ashYv,33425,96,{}
lc_rzkbg,4r1k1/5ppp/p3q3/1pQ5/8/P2P3P/1P3PP1/2KR4 b - - 0 23,"{""e8c8"",""c5c8"",""e6c8""}",rook,8,intermediate,Rook 8 · Pin,pin,Black to move.,1411,Club,"{""advantage"",""endgame"",""pin"",""short""}",A pin — the attacked piece can't move without exposing a more valuable piece behind it.,true,lichess,rzkbg,33124,95,{}
lc_EX0fM,1r3q2/1p1n2kp/p3Qnp1/8/1PP5/2N2B2/P4PPP/4R1K1 b - - 2 24,"{""b8e8"",""e6e8"",""f6e8""}",rook,8,intermediate,Rook 8 · Advantage,advantage,Black to move.,1411,Club,"{""advantage"",""middlegame"",""short""}",Find the strongest continuation and seize the advantage.,true,lichess,EX0fM,33013,95,{}
lc_A1HHb,r1b1k2r/p1p2pP1/3p4/6p1/8/2N5/PPP2PqP/R2QK2R b KQkq - 0 13,"{""g2h1"",""e1d2"",""h1d1"",""a1d1"",""h8g8""}",rook,8,intermediate,Rook 8 · Hanging Piece,hangingPiece,Black to move.,1412,Club,"{""crushing"",""hangingPiece"",""long"",""middlegame""}",A hanging piece — an undefended enemy piece is free to capture.,true,lichess,A1HHb,37447,96,"{""Scotch_Game"",""Scotch_Game_Other_variations""}"
lc_nXvtL,r4rk1/4bp1p/p3p1p1/1p6/1q6/8/PPPQ3R/1K4R1 w - - 2 25,"{""d2h6"",""e7h4"",""h2h4"",""b4h4"",""h6h4""}",rook,8,intermediate,Rook 8 · Advantage,advantage,White to move.,1412,Club,"{""advantage"",""long"",""middlegame""}",Find the strongest continuation and seize the advantage.,true,lichess,nXvtL,37375,97,{}
lc_C9uPd,8/6p1/8/5k2/5P1p/4PK2/8/8 w - - 6 55,"{""e3e4"",""f5f6"",""f3g4""}",rook,8,intermediate,Rook 8 · Pawn Endgame,pawnEndgame,White to move.,1412,Club,"{""crushing"",""endgame"",""pawnEndgame"",""short""}",A pawn endgame — king opposition and the square of the pawn decide it.,true,lichess,C9uPd,37050,95,{}
lc_6KQc6,r6r/1Qpkn1pq/p2p1p1p/8/4P3/3PB1R1/PPP3PP/5RK1 b - - 0 20,"{""h8b8"",""b7a8"",""b8a8""}",rook,8,intermediate,Rook 8 · Trapped Piece,trappedPiece,Black to move.,1412,Club,"{""advantage"",""middlegame"",""short"",""trappedPiece""}",A trapped piece — the enemy piece has no safe squares and can be won.,true,lichess,6KQc6,36522,95,{}
lc_QM5J3,1r5r/p1Np1k2/3P2p1/4pp2/2P1b1P1/BP4K1/P3R3/R7 b - - 4 26,"{""f5f4"",""g3f2"",""h8h2"",""f2e1"",""h2h1"",""e1d2"",""h1a1"",""e2e4"",""a1a2""}",rook,8,intermediate,Rook 8 · Skewer,skewer,Black to move.,1412,Club,"{""crushing"",""middlegame"",""skewer"",""veryLong""}","A skewer — the higher-value piece is forced to move, losing the piece behind it.",true,lichess,QM5J3,36064,96,{}
lc_akPys,8/2R3rk/6pp/8/1q6/5N1P/2Q3P1/6K1 b - - 4 40,"{""b4b6"",""c7c5"",""g7c7""}",rook,8,intermediate,Rook 8 · Endgame,endgame,Black to move.,1412,Club,"{""advantage"",""endgame"",""short""}",An endgame technique — precise play with few pieces where every tempo counts.,true,lichess,akPys,34948,95,{}
lc_1euaw,3r2k1/2q1b1pp/ppn3P1/2p1p1N1/4B1bP/2PPB3/P6P/R4RK1 w - - 0 23,"{""g6h7"",""g8h8"",""g5f7""}",rook,8,intermediate,Rook 8 · Mate In2,mateIn2,White to move.,1412,Club,"{""advancedPawn"",""kingsideAttack"",""mate"",""mateIn2"",""middlegame"",""short""}",Checkmate in two — a forced sequence that delivers checkmate on move two.,true,lichess,1euaw,34804,95,{}
lc_NxHoB,r3r1k1/pb3p1p/6p1/1pB1q3/2p3P1/P1P4P/5Q2/R4RK1 w - - 0 26,"{""f2f7"",""g8h8"",""c5d4"",""e5d4"",""c3d4""}",rook,8,intermediate,Rook 8 · Fork,fork,White to move.,1412,Club,"{""crushing"",""fork"",""long"",""master"",""masterVsMaster"",""middlegame"",""pin""}","A fork — one piece attacks two enemy pieces at once, forcing a material win.",true,lichess,NxHoB,34791,96,{}
lc_ofvdm,r6r/pp3kp1/4Rn2/3q4/2QP1B2/1P5P/P4P2/6K1 w - - 3 27,"{""e6f6"",""g7f6"",""c4d5""}",rook,8,intermediate,Rook 8 · Crushing,crushing,White to move.,1412,Club,"{""crushing"",""middlegame"",""short""}",Find the strongest continuation and seize the advantage.,true,lichess,ofvdm,34616,95,{}
lc_R4Dix,3r3k/1q4p1/3r3p/p4Q1P/1p6/1P4P1/1BP2P2/3R2K1 w - - 0 31,"{""d1d6"",""d8d6"",""f5f8"",""h8h7"",""f8d6""}",rook,8,intermediate,Rook 8 · Fork,fork,White to move.,1412,Club,"{""attraction"",""crushing"",""endgame"",""fork"",""long""}","A fork — one piece attacks two enemy pieces at once, forcing a material win.",true,lichess,R4Dix,34329,97,{}
lc_kCGoa,8/ppp3k1/8/4N1p1/3P1r1p/2P5/PP4K1/5R2 b - - 3 30,"{""h4h3"",""g2h3"",""f4f1""}",rook,8,intermediate,Rook 8 · Deflection,deflection,Black to move.,1412,Club,"{""advantage"",""deflection"",""endgame"",""short""}",A deflection — lure a defending piece away from the square it was guarding.,true,lichess,kCGoa,34315,95,{}
lc_Du3q8,2r2rk1/4Bp2/1q1pN1pP/p7/1p6/8/PPP5/1Kn4R w - - 0 28,"{""h6h7"",""g8h8"",""e7f6""}",rook,8,intermediate,Rook 8 · Mate In2,mateIn2,White to move.,1412,Club,"{""advancedPawn"",""master"",""masterVsMaster"",""mate"",""mateIn2"",""middlegame"",""short""}",Checkmate in two — a forced sequence that delivers checkmate on move two.,true,lichess,Du3q8,34152,96,{}
lc_GVUEj,2kr1b1r/1bpp4/p5pp/1pNPPp2/5P1P/1B2B1n1/PP3KP1/R2R4 b - - 4 22,"{""f8c5"",""e3c5"",""g3e4"",""f2e3"",""e4c5""}",rook,8,intermediate,Rook 8 · Fork,fork,Black to move.,1412,Club,"{""advantage"",""fork"",""long"",""middlegame""}","A fork — one piece attacks two enemy pieces at once, forcing a material win.",true,lichess,GVUEj,33896,96,{}
lc_nHPgi,7r/p1p5/1p3RKP/3pk3/8/8/PPP5/8 b - - 1 40,"{""h8h6"",""g6h6"",""e5f6""}",rook,8,intermediate,Rook 8 · Deflection,deflection,Black to move.,1412,Club,"{""crushing"",""deflection"",""endgame"",""rookEndgame"",""short""}",A deflection — lure a defending piece away from the square it was guarding.,true,lichess,nHPgi,33873,96,{}
lc_zs53P,r1b4r/1p1p4/p2Npk2/2p5/2Pn2R1/1P1P2P1/P2NPP2/4K3 w - - 1 22,"{""d2e4"",""f6e7"",""g4g7"",""e7d8"",""d6f7"",""d8c7"",""f7h8""}",rook,8,intermediate,Rook 8 · Fork,fork,White to move.,1412,Club,"{""advantage"",""fork"",""middlegame"",""veryLong""}","A fork — one piece attacks two enemy pieces at once, forcing a material win.",true,lichess,zs53P,33761,96,{}
lc_YXlFh,2kr3r/2p1n1bp/p1p2p2/8/2qN4/2N1BQ2/PP3PPP/R5K1 w - - 6 20,"{""f3g4"",""f6f5"",""g4g7""}",rook,8,intermediate,Rook 8 · Fork,fork,White to move.,1413,Club,"{""advantage"",""fork"",""middlegame"",""short""}","A fork — one piece attacks two enemy pieces at once, forcing a material win.",true,lichess,YXlFh,36934,96,"{""Ruy_Lopez"",""Ruy_Lopez_Morphy_Defense""}"
lc_23iDN,3q2rk/p2r1p1p/1p2pPpQ/2p5/5P2/2P2R2/PP4PP/R5K1 w - - 6 23,"{""h6h7"",""h8h7"",""f3h3""}",rook,9,intermediate,Rook 9 · Mate In2,mateIn2,White to move.,1413,Club,"{""attraction"",""endgame"",""kingsideAttack"",""mate"",""mateIn2"",""sacrifice"",""short""}",Checkmate in two — a forced sequence that delivers checkmate on move two.,true,lichess,23iDN,36386,96,{}
lc_91brO,2krr3/pp4pp/1bq5/5p2/3P4/1Q2B1P1/PP4NP/R5K1 w - - 3 21,"{""a1c1"",""c6c1"",""e3c1""}",rook,9,intermediate,Rook 9 · Pin,pin,White to move.,1413,Club,"{""advantage"",""middlegame"",""pin"",""short""}",A pin — the attacked piece can't move without exposing a more valuable piece behind it.,true,lichess,91brO,35948,95,{}
lc_wHveE,1rq2k2/2p1rp2/p3p3/1n1pP2p/2pP1P1P/4P3/P1Q2K2/6RR w - - 0 27,"{""c2h7"",""f8e8"",""g1g8"",""e8d7"",""g8c8""}",rook,9,intermediate,Rook 9 · Skewer,skewer,White to move.,1413,Club,"{""advantage"",""long"",""middlegame"",""skewer""}","A skewer — the higher-value piece is forced to move, losing the piece behind it.",true,lichess,wHveE,35349,96,{}
lc_d6CbF,r5rk/2p2p1q/p2b4/3b4/3pR3/3P1Q1P/PP1N1PP1/R4K2 w - - 2 27,"{""f3f6"",""g8g7"",""e4h4""}",rook,9,intermediate,Rook 9 · Pin,pin,White to move.,1413,Club,"{""advantage"",""middlegame"",""pin"",""short""}",A pin — the attacked piece can't move without exposing a more valuable piece behind it.,true,lichess,d6CbF,35042,95,{}
lc_bdZ3z,8/5R2/P7/1K6/1P6/r7/4kp1P/8 b - - 0 47,"{""a3f3"",""f7f3"",""e2f3"",""a6a7"",""f2f1q""}",rook,9,intermediate,Rook 9 · Promotion,promotion,Black to move.,1413,Club,"{""advancedPawn"",""crushing"",""endgame"",""long"",""promotion"",""rookEndgame""}",Pawn promotion — advance the pawn to its final rank and choose your new piece wisely.,true,lichess,bdZ3z,34996,96,{}
lc_oqkzp,r4rk1/6pp/2p2p2/p2q4/P1p5/RbQ4P/1P3PP1/4RBK1 w - - 0 26,"{""a3b3"",""c4b3"",""f1c4"",""g8h8"",""c4d5""}",rook,9,intermediate,Rook 9 · Pin,pin,White to move.,1413,Club,"{""advantage"",""long"",""middlegame"",""pin"",""sacrifice""}",A pin — the attacked piece can't move without exposing a more valuable piece behind it.,true,lichess,oqkzp,34768,95,{}
lc_mTpBr,2bk3r/1pqp1ppp/5n2/8/8/3BP3/PRP2PPP/3QK2R b K - 2 17,"{""c7c3"",""d1d2"",""c3b2""}",rook,9,intermediate,Rook 9 · Fork,fork,Black to move.,1413,Club,"{""advantage"",""fork"",""master"",""middlegame"",""short""}","A fork — one piece attacks two enemy pieces at once, forcing a material win.",true,lichess,mTpBr,33941,95,"{""Englund_Gambit_Complex"",""Englund_Gambit_Complex_Englund_Gambit""}"
lc_5iYMS,4k3/p2q2pQ/8/3P4/7K/6P1/P6P/8 b - - 2 39,"{""g7g5"",""h4g5"",""d7h7""}",rook,9,intermediate,Rook 9 · Discovered Attack,discoveredAttack,Black to move.,1413,Club,"{""crushing"",""discoveredAttack"",""endgame"",""master"",""queenEndgame"",""short""}",A discovered attack — moving one piece uncovers a deadly attack from another.,true,lichess,5iYMS,33876,96,{}
lc_h8BBN,6r1/5Qp1/p1k1p3/3pP1P1/3n1P1P/7K/1qB5/2R5 w - - 1 38,"{""c2a4"",""c6b6"",""f7c7""}",rook,9,intermediate,Rook 9 · Mate In2,mateIn2,White to move.,1413,Club,"{""discoveredCheck"",""doubleCheck"",""endgame"",""mate"",""mateIn2"",""short""}",Checkmate in two — a forced sequence that delivers checkmate on move two.,true,lichess,h8BBN,33472,96,{}
lc_DEeL8,r2qkb1r/pp3ppp/4pn2/1N2B3/8/8/PPP2PPP/R2QK2R b KQkq - 0 12,"{""d8a5"",""d1d2"",""a5b5""}",rook,9,intermediate,Rook 9 · Fork,fork,Black to move.,1413,Club,"{""advantage"",""fork"",""middlegame"",""short""}","A fork — one piece attacks two enemy pieces at once, forcing a material win.",true,lichess,DEeL8,33387,95,"{""Scandinavian_Defense"",""Scandinavian_Defense_Mieses-Kotroc_Variation""}"
lc_4GEwr,r5k1/2p1R2p/b1p2Q1p/p2p4/3b4/1q5P/5PP1/6K1 w - - 0 32,"{""f6f7"",""g8h8"",""f7h7""}",rook,9,intermediate,Rook 9 · Mate In2,mateIn2,White to move.,1413,Club,"{""endgame"",""mate"",""mateIn2"",""short""}",Checkmate in two — a forced sequence that delivers checkmate on move two.,true,lichess,4GEwr,33338,95,{}
lc_ngw24,2r3k1/2q1bppp/p7/1p2p2P/6P1/3RBP1R/1Pb2Q2/2K5 w - - 0 23,"{""d3c3"",""c7c3"",""b2c3""}",rook,9,intermediate,Rook 9 · Advantage,advantage,White to move.,1413,Club,"{""advantage"",""middlegame"",""short""}",Find the strongest continuation and seize the advantage.,true,lichess,ngw24,33229,94,{}
lc_P6ZZ1,6k1/5p1p/5Rp1/8/1P6/4Q3/3r3P/2q2B1K b - - 0 36,"{""d2h2"",""h1h2"",""c1e3""}",rook,9,intermediate,Rook 9 · Discovered Attack,discoveredAttack,Black to move.,1413,Club,"{""crushing"",""discoveredAttack"",""endgame"",""short""}",A discovered attack — moving one piece uncovers a deadly attack from another.,true,lichess,P6ZZ1,32930,95,{}
lc_T2jk4,4q3/pR3pkp/8/5Q2/2p5/2P3PP/PP3PK1/4r3 b - - 0 27,"{""e8c6"",""f5f3"",""e1g1"",""g2g1"",""c6f3""}",rook,9,intermediate,Rook 9 · Fork,fork,Black to move.,1414,Club,"{""advantage"",""deflection"",""endgame"",""fork"",""long""}","A fork — one piece attacks two enemy pieces at once, forcing a material win.",true,lichess,T2jk4,40373,94,{}
lc_UtCtB,r1bq1rk1/ppp3pp/2n2p2/2b5/3p3B/2P2N2/PP2QPPP/RN3RK1 w - - 0 12,"{""e2c4"",""f8f7"",""c4c5""}",rook,9,intermediate,Rook 9 · Fork,fork,White to move.,1414,Club,"{""advantage"",""fork"",""opening"",""short""}","A fork — one piece attacks two enemy pieces at once, forcing a material win.",true,lichess,UtCtB,37573,95,"{""Russian_Game"",""Russian_Game_Other_variations""}"
lc_3m2Cv,8/RQ4Bk/6r1/1p1p1p2/3P3q/4Pn1P/5PP1/7K b - - 2 34,"{""h4h3"",""g2h3"",""g6g1""}",rook,9,intermediate,Rook 9 · Mate In2,mateIn2,Black to move.,1414,Club,"{""arabianMate"",""endgame"",""mate"",""mateIn2"",""sacrifice"",""short""}",Checkmate in two — a forced sequence that delivers checkmate on move two.,true,lichess,3m2Cv,37291,95,{}
lc_Eqh5V,r1bqkb1r/3npppp/p7/1N1n2B1/Q7/8/PP3PPP/R3KBNR w KQkq - 0 12,"{""b5d6"",""e7d6"",""g5d8""}",rook,9,intermediate,Rook 9 · Crushing,crushing,White to move.,1414,Club,"{""crushing"",""opening"",""short""}",Find the strongest continuation and seize the advantage.,true,lichess,Eqh5V,36726,96,"{""Sicilian_Defense"",""Sicilian_Defense_Alapin_Variation""}"
lc_CWCTD,r1bqkbnr/pp3ppp/2n5/1Bpp4/3P4/5N2/PPP2PPP/R1BQK1NR b KQkq - 3 6,"{""d8a5"",""c2c3"",""a5b5""}",rook,9,intermediate,Rook 9 · Fork,fork,Black to move.,1414,Club,"{""advantage"",""fork"",""opening"",""short""}","A fork — one piece attacks two enemy pieces at once, forcing a material win.",true,lichess,CWCTD,35666,95,"{""French_Defense"",""French_Defense_Tarrasch_Variation""}"
lc_BOfwA,r6r/pp3kpp/4b3/3pR3/1P1R4/P5P1/5P2/4KB2 w - - 1 22,"{""d4f4"",""f7e7"",""f1h3"",""a8e8"",""e5e6""}",rook,9,intermediate,Rook 9 · Pin,pin,White to move.,1414,Club,"{""advantage"",""endgame"",""long"",""pin""}",A pin — the attacked piece can't move without exposing a more valuable piece behind it.,true,lichess,BOfwA,35421,96,{}
lc_eevrg,6k1/6pp/R3p3/4Pp2/8/2ppP2P/5PP1/5K2 b - - 0 29,"{""c3c2"",""a6a1"",""d3d2"",""f1e2"",""c2c1q""}",rook,9,intermediate,Rook 9 · Fork,fork,Black to move.,1414,Club,"{""advancedPawn"",""crushing"",""endgame"",""fork"",""long"",""promotion"",""rookEndgame""}","A fork — one piece attacks two enemy pieces at once, forcing a material win.",true,lichess,eevrg,35228,95,{}
lc_8WSTr,2r2rk1/6b1/p3pqQ1/8/8/7R/1PP3PP/1R5K w - - 5 33,"{""g6h7"",""g8f7"",""h3f3"",""f6f3"",""g2f3""}",rook,9,intermediate,Rook 9 · Pin,pin,White to move.,1414,Club,"{""advantage"",""long"",""middlegame"",""pin""}",A pin — the attacked piece can't move without exposing a more valuable piece behind it.,true,lichess,8WSTr,35061,95,{}
lc_u9fYq,r5qk/ppp4p/3p4/3P4/1PP4Q/7b/P1B2Pr1/R4R1K b - - 2 23,"{""g2h2"",""h1h2"",""g8g2""}",rook,9,intermediate,Rook 9 · Mate In2,mateIn2,Black to move.,1414,Club,"{""attraction"",""kingsideAttack"",""mate"",""mateIn2"",""middlegame"",""sacrifice"",""short""}",Checkmate in two — a forced sequence that delivers checkmate on move two.,true,lichess,u9fYq,34663,95,{}
lc_CjPgE,8/8/4R2p/1rp1Pp1k/R2p1r2/6B1/2K4P/8 b - - 2 46,"{""d4d3"",""c2d3"",""f4a4""}",rook,9,intermediate,Rook 9 · Discovered Attack,discoveredAttack,Black to move.,1414,Club,"{""crushing"",""discoveredAttack"",""endgame"",""master"",""short""}",A discovered attack — moving one piece uncovers a deadly attack from another.,true,lichess,CjPgE,34215,95,{}
lc_ul6RN,r1b1kb1r/pp1nn1p1/2p1p3/3pP2p/3P1Ppq/3B3P/PPP3K1/RNBQ2NR w kq - 2 11,"{""h3g4"",""h4g4"",""d1g4"",""h5g4"",""h1h8""}",rook,9,intermediate,Rook 9 · Crushing,crushing,White to move.,1414,Club,"{""crushing"",""long"",""opening""}",Find the strongest continuation and seize the advantage.,true,lichess,ul6RN,34164,95,"{""Caro-Kann_Defense"",""Caro-Kann_Defense_Maroczy_Variation""}"
lc_AItRZ,6rk/2p3rp/p2p1P1Q/1pb5/5NP1/2P4P/5q2/4R2K w - - 0 36,"{""f6g7"",""g8g7"",""e1e8"",""g7g8"",""h6f6""}",rook,9,intermediate,Rook 9 · Mate In3,mateIn3,White to move.,1414,Club,"{""advancedPawn"",""long"",""mate"",""mateIn3"",""middlegame""}",Checkmate in three — calculate the forcing line all the way to mate.,true,lichess,AItRZ,34033,97,{}
lc_SE65g,8/kp3RQ1/p7/8/8/7P/Pr1q2P1/7K b - - 1 33,"{""b2b1"",""h1h2"",""d2d6"",""g7g3"",""b1h1"",""h2h1"",""d6g3""}",rook,9,intermediate,Rook 9 · Deflection,deflection,Black to move.,1414,Club,"{""advantage"",""deflection"",""endgame"",""veryLong""}",A deflection — lure a defending piece away from the square it was guarding.,true,lichess,SE65g,33776,95,{}
lc_WtU2x,5r2/pp1b3p/3Pk3/2p1P1q1/2P3p1/P1PB4/6QP/3R2K1 b - - 0 30,"{""g5e3"",""g1h1"",""d7c6""}",rook,9,intermediate,Rook 9 · Pin,pin,Black to move.,1414,Club,"{""crushing"",""endgame"",""pin"",""short""}",A pin — the attacked piece can't move without exposing a more valuable piece behind it.,true,lichess,WtU2x,33550,96,{}
lc_QwMtQ,1k5r/2p2p2/1bQ1b3/2N5/1P6/4qBPp/P4p1P/3R3K b - - 0 27,"{""e3e1"",""d1e1"",""f2e1q""}",rook,9,intermediate,Rook 9 · Mate In2,mateIn2,Black to move.,1414,Club,"{""advancedPawn"",""mate"",""mateIn2"",""middlegame"",""promotion"",""short""}",Checkmate in two — a forced sequence that delivers checkmate on move two.,true,lichess,QwMtQ,33176,95,{}
lc_tgI2c,rnbqk1nr/pppp1ppp/8/2b5/4P3/3B4/PB3PPP/RN1QK1NR w KQkq - 1 6,"{""b2g7"",""d8g5"",""g7h8"",""g5g2"",""d1f3"",""g2f3"",""g1f3""}",rook,9,intermediate,Rook 9 · Trapped Piece,trappedPiece,White to move.,1415,Club,"{""advantage"",""opening"",""trappedPiece"",""veryLong""}",A trapped piece — the enemy piece has no safe squares and can be won.,true,lichess,tgI2c,40069,96,"{""Danish_Gambit"",""Danish_Gambit_Other_variations""}"
lc_MkLoD,3r1r1k/1q1bNppp/p7/1p2p3/8/7R/PPP2PPP/R2Q2K1 w - - 4 20,"{""h3h7"",""h8h7"",""d1h5""}",rook,9,intermediate,Rook 9 · Mate In2,mateIn2,White to move.,1415,Club,"{""anastasiaMate"",""attraction"",""kingsideAttack"",""mate"",""mateIn2"",""middlegame"",""sacrifice"",""short""}",Checkmate in two — a forced sequence that delivers checkmate on move two.,true,lichess,MkLoD,39084,96,"{""Sicilian_Defense"",""Sicilian_Defense_Moscow_Variation""}"
lc_48hJp,8/r6p/1n1pRrp1/3P1pk1/pPP5/3B4/6PP/R5K1 w - - 6 32,"{""h2h4"",""g5h4"",""e6f6""}",rook,9,intermediate,Rook 9 · Deflection,deflection,White to move.,1415,Club,"{""crushing"",""deflection"",""endgame"",""short""}",A deflection — lure a defending piece away from the square it was guarding.,true,lichess,48hJp,35692,96,{}
lc_BAvxc,r3r2k/2p3p1/p2p2Qp/1p1P4/3P1p2/5nqP/PPP1p1PN/R3R2K w - - 0 29,"{""g6g3"",""f4g3"",""h2f3""}",rook,9,intermediate,Rook 9 · Advantage,advantage,White to move.,1415,Club,"{""advantage"",""capturingDefender"",""intermezzo"",""middlegame"",""short""}",Find the strongest continuation and seize the advantage.,true,lichess,BAvxc,35641,96,{}
lc_F1Qai,r5k1/6qr/p5Q1/1p1pN1p1/3P4/1PP5/P4PP1/6K1 w - - 4 45,"{""g6e6"",""g8h8"",""e5g6"",""g7g6"",""e6g6""}",rook,9,intermediate,Rook 9 · Endgame,endgame,White to move.,1415,Club,"{""advantage"",""endgame"",""exposedKing"",""long""}",An endgame technique — precise play with few pieces where every tempo counts.,true,lichess,F1Qai,35039,95,{}
lc_uuFuJ,r1b1r1k1/pp1nq1pp/2p5/5p2/3p4/3P1BP1/PPP1QP1P/2K1R1NR b - - 3 14,"{""e7g5"",""c1b1"",""e8e2""}",rook,9,intermediate,Rook 9 · Discovered Attack,discoveredAttack,Black to move.,1415,Club,"{""crushing"",""discoveredAttack"",""middlegame"",""short""}",A discovered attack — moving one piece uncovers a deadly attack from another.,true,lichess,uuFuJ,34771,96,"{""French_Defense"",""French_Defense_Reti-Spielmann_Attack""}"
lc_qx54s,r7/p1p1p2k/4pr1b/P2pq1PQ/1P6/2P1P3/3P4/R1BK4 w - - 1 26,"{""g5g6"",""f6g6"",""h5e5""}",rook,9,intermediate,Rook 9 · Discovered Attack,discoveredAttack,White to move.,1415,Club,"{""crushing"",""discoveredAttack"",""middlegame"",""short""}",A discovered attack — moving one piece uncovers a deadly attack from another.,true,lichess,qx54s,34463,95,{}
lc_5mpry,3r4/2r1kp2/R5p1/1B1pP2p/1P2n3/P6P/6PK/3R4 b - - 4 39,"{""e4c3"",""d1f1"",""c3b5""}",rook,9,intermediate,Rook 9 · Fork,fork,Black to move.,1415,Club,"{""advantage"",""endgame"",""fork"",""short""}","A fork — one piece attacks two enemy pieces at once, forcing a material win.",true,lichess,5mpry,34273,96,{}
lc_oAgCq,2k5/2r3R1/1p3p2/4p3/7P/5P2/8/4K3 w - - 1 53,"{""g7c7"",""c8c7"",""h4h5""}",rook,9,intermediate,Rook 9 · Rook Endgame,rookEndgame,White to move.,1415,Club,"{""crushing"",""defensiveMove"",""endgame"",""rookEndgame"",""short""}",A rook endgame — master the Lucena and Philidor ideas to convert.,true,lichess,oAgCq,33918,96,{}
lc_xE0b7,5bnr/p3kppp/2Q1p3/5q2/8/PrN5/3P1PPP/4RK1R w - - 2 17,"{""c3d5"",""f5d5"",""c6d5""}",rook,9,intermediate,Rook 9 · Pin,pin,White to move.,1415,Club,"{""crushing"",""middlegame"",""pin"",""short""}",A pin — the attacked piece can't move without exposing a more valuable piece behind it.,true,lichess,xE0b7,33788,95,"{""French_Defense"",""French_Defense_Knight_Variation""}"
lc_FdV4y,1r5k/6p1/5p1p/p3p3/4P3/p1PQ3P/5PP1/6K1 b - - 0 41,"{""a3a2"",""g1h2"",""a2a1q""}",rook,9,intermediate,Rook 9 · Promotion,promotion,Black to move.,1415,Club,"{""advancedPawn"",""crushing"",""endgame"",""promotion"",""queenRookEndgame"",""short""}",Pawn promotion — advance the pawn to its final rank and choose your new piece wisely.,true,lichess,FdV4y,33753,95,{}
lc_d4Gu7,2r3k1/1b3p1p/6p1/pq1BQ3/8/2Pp4/1n4PP/4RK2 w - - 0 35,"{""d5f7"",""g8f7"",""e5b5""}",rook,9,intermediate,Rook 9 · Discovered Attack,discoveredAttack,White to move.,1415,Club,"{""crushing"",""discoveredAttack"",""middlegame"",""short""}",A discovered attack — moving one piece uncovers a deadly attack from another.,true,lichess,d4Gu7,33159,96,{}
lc_TKHZo,r2q1rk1/pp1bbppp/2n2n2/1Bpp4/8/2NP1N2/PPP1QPPP/R1B1R1K1 w - - 6 11,"{""b5c6"",""d7c6"",""e2e7"",""d8e7"",""e1e7""}",rook,9,intermediate,Rook 9 · Advantage,advantage,White to move.,1415,Club,"{""advantage"",""long"",""opening""}",Find the strongest continuation and seize the advantage.,true,lichess,TKHZo,32953,95,"{""Sicilian_Defense"",""Sicilian_Defense_Old_Sicilian""}"
lc_ivm77,4r1k1/pR5p/2p3p1/8/3pNB2/3P2P1/1Pr2PKP/4q3 w - - 6 29,"{""e4f6"",""g8h8"",""b7h7""}",rook,9,intermediate,Rook 9 · Mate In2,mateIn2,White to move.,1416,Club,"{""arabianMate"",""endgame"",""fork"",""mate"",""mateIn2"",""short""}",Checkmate in two — a forced sequence that delivers checkmate on move two.,true,lichess,ivm77,39353,95,{}
lc_pk9dy,r1bqk1nr/pp3ppp/2nb4/1B2p3/3pP3/3P1NN1/PP3PPP/R1BQK2R b KQkq - 0 9,"{""d8a5"",""f3d2"",""a5b5""}",rook,9,intermediate,Rook 9 · Fork,fork,Black to move.,1416,Club,"{""advantage"",""fork"",""opening"",""short""}","A fork — one piece attacks two enemy pieces at once, forcing a material win.",true,lichess,pk9dy,38204,96,"{""French_Defense"",""French_Defense_Two_Knights_Variation""}"
lc_ckxFf,r1b2rk1/ppp2pp1/4p3/3pn1qp/8/2P1P3/PPBN1PPP/R2Q1RK1 w - h6 0 13,"{""f2f4"",""g5h6"",""f4e5""}",rook,9,intermediate,Rook 9 · Fork,fork,White to move.,1416,Club,"{""advantage"",""fork"",""middlegame"",""short""}","A fork — one piece attacks two enemy pieces at once, forcing a material win.",true,lichess,ckxFf,37730,97,"{""Queens_Pawn_Game"",""Queens_Pawn_Game_Accelerated_London_System""}"
lc_1tW66,8/p4qk1/2pN4/3p2pp/3P2n1/2Q3P1/PP1N1rP1/2R3K1 b - - 0 30,"{""f2g2"",""g1g2"",""f7f2"",""g2h3"",""f2h2""}",rook,9,intermediate,Rook 9 · Mate In3,mateIn3,Black to move.,1416,Club,"{""attraction"",""long"",""mate"",""mateIn3"",""middlegame"",""sacrifice""}",Checkmate in three — calculate the forcing line all the way to mate.,true,lichess,1tW66,37608,96,{}
lc_zcbwp,r1bqkbnr/pp3ppp/2n5/1BP1p3/3pP3/5N2/PPP2PPP/RNBQK2R b KQkq - 1 6,"{""d8a5"",""c2c3"",""a5b5""}",rook,9,intermediate,Rook 9 · Fork,fork,Black to move.,1416,Club,"{""advantage"",""fork"",""opening"",""short""}","A fork — one piece attacks two enemy pieces at once, forcing a material win.",true,lichess,zcbwp,35988,95,"{""Queens_Pawn_Game"",""Queens_Pawn_Game_Other_variations""}"
lc_njX2U,3r2k1/1p4p1/1P3r2/R2Np3/6P1/3n1P2/6K1/1R6 b - - 0 33,"{""d8d5"",""a5d5"",""d3f4"",""g2g3"",""f4d5""}",rook,9,intermediate,Rook 9 · Fork,fork,Black to move.,1416,Club,"{""advantage"",""attraction"",""endgame"",""fork"",""long"",""sacrifice""}","A fork — one piece attacks two enemy pieces at once, forcing a material win.",true,lichess,njX2U,35516,96,{}
lc_YoqQh,r5rk/p4p1p/1p2pPpQ/3pP3/2q5/4R3/6PP/5R1K w - - 2 28,"{""h6h7"",""h8h7"",""e3h3"",""c4h4"",""h3h4""}",rook,9,intermediate,Rook 9 · Mate In3,mateIn3,White to move.,1416,Club,"{""attraction"",""endgame"",""long"",""mate"",""mateIn3"",""sacrifice""}",Checkmate in three — calculate the forcing line all the way to mate.,true,lichess,YoqQh,35412,95,{}
lc_gTrfJ,2r5/1q3p1k/1p2b1pp/p2pN3/Pb1P1B1P/1P1Q4/2R2PP1/6K1 b - - 0 27,"{""e6f5"",""c2c8"",""f5d3""}",rook,9,intermediate,Rook 9 · Advantage,advantage,Black to move.,1416,Club,"{""advantage"",""middlegame"",""short""}",Find the strongest continuation and seize the advantage.,true,lichess,gTrfJ,35335,96,{}
lc_mQC1w,r6r/ppp2kpp/3p1n2/8/3q1Pb1/3B4/PPP3PP/R1BQ1R1K w - - 4 16,"{""d3g6"",""h7g6"",""d1d4""}",rook,9,intermediate,Rook 9 · Discovered Attack,discoveredAttack,White to move.,1416,Club,"{""crushing"",""discoveredAttack"",""middlegame"",""short""}",A discovered attack — moving one piece uncovers a deadly attack from another.,true,lichess,mQC1w,35115,95,"{""Russian_Game"",""Russian_Game_Other_variations""}"
lc_4Q4Wg,2rk4/pp1n2pp/3p4/4p3/Q7/2bP4/PPK4P/R1B2q1b w - - 0 22,"{""c1g5"",""d7f6"",""a1f1""}",rook,9,intermediate,Rook 9 · Discovered Attack,discoveredAttack,White to move.,1416,Club,"{""advantage"",""discoveredAttack"",""middlegame"",""short""}",A discovered attack — moving one piece uncovers a deadly attack from another.,true,lichess,4Q4Wg,34933,95,{}
lc_PkcNU,6k1/8/4p3/1P1pPpp1/2qB2P1/2PQ1P2/r4NP1/5K2 b - - 4 35,"{""a2f2"",""f1f2"",""c4d3""}",rook,9,intermediate,Rook 9 · Endgame,endgame,Black to move.,1416,Club,"{""crushing"",""endgame"",""short""}",An endgame technique — precise play with few pieces where every tempo counts.,true,lichess,PkcNU,34173,96,{}
lc_G9jR3,7k/pp4p1/2p4p/6q1/8/P6P/1P1rQ1P1/5R1K w - - 8 36,"{""f1f8"",""h8h7"",""e2e4"",""g5g6"",""f8h8"",""h7h8"",""e4g6""}",rook,9,intermediate,Rook 9 · Deflection,deflection,White to move.,1416,Club,"{""crushing"",""deflection"",""endgame"",""veryLong""}",A deflection — lure a defending piece away from the square it was guarding.,true,lichess,G9jR3,33853,96,{}
lc_1omKq,r4k1r/ppp1q1pp/4B3/3pNb2/3b4/5Q2/P4PPP/5RK1 w - - 0 17,"{""f3f5"",""e7f6"",""e5d7"",""f8e7"",""d7f6""}",rook,9,intermediate,Rook 9 · Fork,fork,White to move.,1416,Club,"{""crushing"",""fork"",""hangingPiece"",""long"",""middlegame""}","A fork — one piece attacks two enemy pieces at once, forcing a material win.",true,lichess,1omKq,33027,97,"{""Italian_Game"",""Italian_Game_Classical_Variation""}"
lc_arRA5,2r1r1k1/5pp1/7p/3N4/1p6/3R2P1/5PP1/2R1b1K1 w - - 5 31,"{""c1c8"",""e8c8"",""d5e7"",""g8h7"",""e7c8""}",rook,9,intermediate,Rook 9 · Fork,fork,White to move.,1417,Club,"{""attraction"",""crushing"",""endgame"",""fork"",""long""}","A fork — one piece attacks two enemy pieces at once, forcing a material win.",true,lichess,arRA5,47983,95,{}
lc_FHEbK,4r1k1/pR5p/6p1/2p5/4N3/3PBPP1/q6P/2K1b3 w - - 0 30,"{""e4f6"",""g8h8"",""b7h7""}",rook,9,intermediate,Rook 9 · Mate In2,mateIn2,White to move.,1417,Club,"{""arabianMate"",""endgame"",""fork"",""mate"",""mateIn2"",""short""}",Checkmate in two — a forced sequence that delivers checkmate on move two.,true,lichess,FHEbK,37820,95,{}
lc_Y1kYL,r5k1/pp1q1pp1/7r/1bppp3/7Q/2P3RP/1R3PP1/6K1 w - - 0 26,"{""h4h6"",""f7f5"",""b2b5""}",rook,9,intermediate,Rook 9 · Pin,pin,White to move.,1417,Club,"{""advantage"",""middlegame"",""pin"",""short""}",A pin — the attacked piece can't move without exposing a more valuable piece behind it.,true,lichess,Y1kYL,35680,95,{}
lc_Dsyod,1r4k1/5ppp/8/3PN3/1q3PP1/p1n4P/P1Q5/K1R5 b - - 2 36,"{""b4b2"",""c2b2"",""a3b2""}",rook,9,intermediate,Rook 9 · Mate In2,mateIn2,Black to move.,1417,Club,"{""advancedPawn"",""endgame"",""master"",""mate"",""mateIn2"",""short""}",Checkmate in two — a forced sequence that delivers checkmate on move two.,true,lichess,Dsyod,35601,96,{}
lc_wq9xh,r2r2k1/1p3ppp/p2Qp3/3b4/8/8/PP1R1qPP/K2RN3 w - - 2 24,"{""d6d8"",""a8d8"",""d2f2""}",rook,9,intermediate,Rook 9 · Advantage,advantage,White to move.,1417,Club,"{""advantage"",""middlegame"",""short""}",Find the strongest continuation and seize the advantage.,true,lichess,wq9xh,35509,95,{}
lc_VDBHm,2rb1r1k/7p/2n5/p2R1p2/1pP1B3/1P6/P1N3KP/5R2 b - - 5 29,"{""f8g8"",""g2f3"",""f5e4""}",rook,9,intermediate,Rook 9 · Advantage,advantage,Black to move.,1417,Club,"{""advantage"",""middlegame"",""short""}",Find the strongest continuation and seize the advantage.,true,lichess,VDBHm,35397,96,{}
lc_FndGP,7k/6p1/7p/1q6/N1nNP3/7P/2Q3P1/2K5 b - - 9 44,"{""b5g5"",""c1d1"",""c4e3"",""d1d2"",""e3c2""}",rook,9,intermediate,Rook 9 · Fork,fork,Black to move.,1417,Club,"{""crushing"",""discoveredAttack"",""discoveredCheck"",""endgame"",""exposedKing"",""fork"",""long""}","A fork — one piece attacks two enemy pieces at once, forcing a material win.",true,lichess,FndGP,35380,95,{}
lc_fXV5A,6rk/p4Rp1/1p5p/4q3/8/B5Q1/PPP4K/8 b - - 10 34,"{""e5h5"",""h2g1"",""h5f7""}",rook,9,intermediate,Rook 9 · Fork,fork,Black to move.,1417,Club,"{""crushing"",""endgame"",""fork"",""short""}","A fork — one piece attacks two enemy pieces at once, forcing a material win.",true,lichess,fXV5A,35280,96,{}
lc_OOBOe,r3k2b/1bpq1p2/1p4p1/1Q1pP1P1/3P4/2N2N2/P2BK1P1/R7 b q - 2 22,"{""b7a6"",""b5a6"",""a8a6""}",rook,9,intermediate,Rook 9 · Pin,pin,Black to move.,1417,Club,"{""advantage"",""middlegame"",""pin"",""short""}",A pin — the attacked piece can't move without exposing a more valuable piece behind it.,true,lichess,OOBOe,35139,96,{}
lc_R7ihJ,4r2k/p2q1Q2/2p3Pp/5pp1/1P6/P7/3r2P1/5R1K w - - 4 39,"{""g6g7"",""h8h7"",""g7g8q""}",rook,9,intermediate,Rook 9 · Mate In2,mateIn2,White to move.,1417,Club,"{""advancedPawn"",""discoveredCheck"",""doubleCheck"",""endgame"",""mate"",""mateIn2"",""promotion"",""short""}",Checkmate in two — a forced sequence that delivers checkmate on move two.,true,lichess,R7ihJ,35022,95,{}
lc_1IMtz,2r3k1/pppQ1ppp/2pn4/8/8/3P1N2/PqP2PPP/4R1K1 w - - 3 19,"{""d7c8"",""d6c8"",""e1e8""}",rook,9,intermediate,Rook 9 · Mate In2,mateIn2,White to move.,1417,Club,"{""backRankMate"",""endgame"",""mate"",""mateIn2"",""sacrifice"",""short""}",Checkmate in two — a forced sequence that delivers checkmate on move two.,true,lichess,1IMtz,34693,95,"{""Ruy_Lopez"",""Ruy_Lopez_Berlin_Defense""}"
lc_ldbUv,1k6/1p3Rp1/p5rp/4P2Q/P7/4q1PK/2Pr3P/1R6 b - - 2 31,"{""d2h2"",""h3h2"",""e3g3"",""h2h1"",""g3g2""}",rook,9,intermediate,Rook 9 · Mate In3,mateIn3,Black to move.,1417,Club,"{""attraction"",""endgame"",""long"",""mate"",""mateIn3"",""sacrifice""}",Checkmate in three — calculate the forcing line all the way to mate.,true,lichess,ldbUv,34474,96,{}
lc_h6wfg,5nk1/2q3pp/bp2p3/3pP3/PQ1P1N2/5NP1/7P/6K1 w - - 1 29,"{""b4f8"",""g8f8"",""f4e6"",""f8e7"",""e6c7""}",rook,9,intermediate,Rook 9 · Fork,fork,White to move.,1417,Club,"{""attraction"",""crushing"",""endgame"",""fork"",""long"",""sacrifice""}","A fork — one piece attacks two enemy pieces at once, forcing a material win.",true,lichess,h6wfg,34434,95,{}
lc_pdJ9i,8/4kp2/p1q5/5R2/2P2RKP/8/P1P2P2/8 b - - 4 52,"{""c6g2"",""g4h5"",""g2g6""}",rook,9,intermediate,Rook 9 · Mate In2,mateIn2,Black to move.,1417,Club,"{""endgame"",""mate"",""mateIn2"",""queenRookEndgame"",""short""}",Checkmate in two — a forced sequence that delivers checkmate on move two.,true,lichess,pdJ9i,33863,96,{}
lc_Qxskr,5k2/3p1p1p/4b3/p3r1pP/1p1N2r1/2PR4/1P6/1K4R1 w - - 0 46,"{""d4e6"",""d7e6"",""g1g4""}",rook,9,intermediate,Rook 9 · Endgame,endgame,White to move.,1417,Club,"{""advantage"",""endgame"",""intermezzo"",""short""}",An endgame technique — precise play with few pieces where every tempo counts.,true,lichess,Qxskr,33540,95,{}
lc_w9RIf,1r3rk1/pp1b1pp1/4pq1p/8/4N1Pn/3B2KQ/PPP2P1P/2R2R2 b - - 10 22,"{""f6f3"",""g3h4"",""g7g5"",""e4g5"",""h6g5"",""h4g5"",""f3h3""}",rook,9,intermediate,Rook 9 · Sacrifice,sacrifice,Black to move.,1417,Club,"{""crushing"",""middlegame"",""sacrifice"",""veryLong""}",A sacrifice — give up material to gain a decisive tactical or positional advantage.,true,lichess,w9RIf,33384,95,{}
lc_IfQNx,6k1/p6p/6pb/2R2p2/4r3/1P5N/P5PP/6K1 b - - 0 28,"{""h6e3"",""g1f1"",""e3c5""}",rook,9,intermediate,Rook 9 · Fork,fork,Black to move.,1417,Club,"{""crushing"",""endgame"",""fork"",""short""}","A fork — one piece attacks two enemy pieces at once, forcing a material win.",true,lichess,IfQNx,33204,95,{}
lc_7rJSN,1k6/2p2q2/Q7/1p2P3/1K1P4/2P5/PP6/8 b - - 5 41,"{""f7c4"",""b4a3"",""b5b4"",""a3a4"",""c4a6""}",rook,9,intermediate,Rook 9 · Discovered Attack,discoveredAttack,Black to move.,1417,Club,"{""crushing"",""discoveredAttack"",""endgame"",""long"",""queenEndgame""}",A discovered attack — moving one piece uncovers a deadly attack from another.,true,lichess,7rJSN,33099,96,{}
lc_4kByT,r1bq1rk1/p3p2p/6p1/1pppb3/4PB2/1B3QP1/PPP4P/R3R1K1 w - - 0 17,"{""b3d5"",""e7e6"",""d5a8""}",rook,9,intermediate,Rook 9 · Fork,fork,White to move.,1417,Club,"{""advantage"",""fork"",""middlegame"",""short""}","A fork — one piece attacks two enemy pieces at once, forcing a material win.",true,lichess,4kByT,33040,96,"{""Dutch_Defense"",""Dutch_Defense_Raphael_Variation""}"
lc_96NEs,5r2/p7/1p2R1pk/2pP3p/2P5/3BK3/8/r7 w - - 8 51,"{""e6g6"",""h6h7"",""g6g1""}",rook,9,intermediate,Rook 9 · Discovered Attack,discoveredAttack,White to move.,1417,Club,"{""advantage"",""discoveredAttack"",""discoveredCheck"",""endgame"",""short""}",A discovered attack — moving one piece uncovers a deadly attack from another.,true,lichess,96NEs,32966,96,{}
lc_F9fSN,3rkr2/2p3Q1/1p1bpP2/p3q3/8/8/PP3P1P/RB4K1 w - - 1 26,"{""b1g6"",""f8f7"",""g7f7""}",rook,9,intermediate,Rook 9 · Mate In2,mateIn2,White to move.,1418,Club,"{""attackingF2F7"",""mate"",""mateIn2"",""middlegame"",""short""}",Checkmate in two — a forced sequence that delivers checkmate on move two.,true,lichess,F9fSN,37794,97,{}
lc_Rocfv,r4r2/p1k4p/1p6/3Q4/6P1/2P5/P1P4P/4K3 b - g3 0 25,"{""a8e8"",""e1d2"",""e8d8""}",rook,9,intermediate,Rook 9 · Pin,pin,Black to move.,1418,Club,"{""crushing"",""endgame"",""pin"",""queenRookEndgame"",""short""}",A pin — the attacked piece can't move without exposing a more valuable piece behind it.,true,lichess,Rocfv,36874,96,{}
lc_68hpd,2q1Q3/p4Q2/1kp5/1p1p2p1/5n2/2P1RP1r/PP3P2/R5K1 b - - 2 30,"{""h3h1"",""g1h1"",""c8h3"",""h1g1"",""h3g2""}",rook,9,intermediate,Rook 9 · Mate In3,mateIn3,Black to move.,1418,Club,"{""attraction"",""long"",""mate"",""mateIn3"",""middlegame"",""sacrifice""}",Checkmate in three — calculate the forcing line all the way to mate.,true,lichess,68hpd,36814,95,{}
lc_OJrUh,5rk1/ppR3bp/3q2b1/3p2P1/1P1PpN2/4B1Q1/P7/6K1 w - - 4 32,"{""c7g7"",""g8g7"",""f4h5"",""g6h5"",""g3d6""}",rook,9,intermediate,Rook 9 · Discovered Attack,discoveredAttack,White to move.,1418,Club,"{""attraction"",""crushing"",""discoveredAttack"",""long"",""middlegame"",""sacrifice""}",A discovered attack — moving one piece uncovers a deadly attack from another.,true,lichess,OJrUh,36359,95,{}
lc_4ScoW,B3kbnr/p2bpp1p/6p1/q7/5Q2/2N5/PPnK1PPP/R1B3NR b k - 0 12,"{""f8h6"",""f4h6"",""g8h6""}",rook,9,intermediate,Rook 9 · Pin,pin,Black to move.,1418,Club,"{""advantage"",""opening"",""pin"",""short""}",A pin — the attacked piece can't move without exposing a more valuable piece behind it.,true,lichess,4ScoW,35898,96,"{""Scandinavian_Defense"",""Scandinavian_Defense_Main_Line""}"
lc_XZM71,r5k1/5ppp/1q6/p3p1P1/P6P/KN3P2/1PQ5/3r1B1R b - - 0 30,"{""b6b4"",""a3a2"",""b4a4""}",rook,9,intermediate,Rook 9 · Mate In2,mateIn2,Black to move.,1418,Club,"{""deflection"",""mate"",""mateIn2"",""middlegame"",""short""}",Checkmate in two — a forced sequence that delivers checkmate on move two.,true,lichess,XZM71,35617,96,{}
lc_4705K,rnb2rk1/pppp1p1p/3b1p2/8/2BP1p2/5N2/PPP3qP/R1BQKR2 w Q - 2 12,"{""f1g1"",""f8e8"",""c4e2""}",rook,9,intermediate,Rook 9 · Pin,pin,White to move.,1418,Club,"{""advantage"",""defensiveMove"",""opening"",""pin"",""short""}",A pin — the attacked piece can't move without exposing a more valuable piece behind it.,true,lichess,4705K,35558,95,"{""Kings_Gambit_Accepted"",""Kings_Gambit_Accepted_Kings_Knights_Gambit""}"
lc_KTbn9,3b2rk/3n1p1p/4qPpQ/4p1P1/4P1R1/2pp3P/6NK/5R2 w - - 0 41,"{""h6h7"",""h8h7"",""g4h4""}",rook,9,intermediate,Rook 9 · Mate In2,mateIn2,White to move.,1418,Club,"{""attraction"",""kingsideAttack"",""mate"",""mateIn2"",""middlegame"",""sacrifice"",""short""}",Checkmate in two — a forced sequence that delivers checkmate on move two.,true,lichess,KTbn9,34823,96,{}
lc_3WUkQ,6k1/3q2b1/8/Q7/2P2PP1/PP3K2/6P1/8 b - - 0 43,"{""d7d3"",""f3f2"",""g7d4"",""f2e1"",""d4c3"",""a5c3"",""d3c3""}",rook,9,intermediate,Rook 9 · Fork,fork,Black to move.,1418,Club,"{""crushing"",""endgame"",""fork"",""veryLong""}","A fork — one piece attacks two enemy pieces at once, forcing a material win.",true,lichess,3WUkQ,34372,98,{}
lc_mvtLx,3r3r/4R1pp/1p1P4/pb3k2/8/P5P1/1P3P1P/3R2K1 w - - 2 31,"{""d1d5"",""f5f6"",""d5b5""}",rook,9,intermediate,Rook 9 · Fork,fork,White to move.,1418,Club,"{""advantage"",""endgame"",""fork"",""short""}","A fork — one piece attacks two enemy pieces at once, forcing a material win.",true,lichess,mvtLx,34298,96,{}
lc_rtJd4,8/8/5P2/p3Pk2/P1pB4/1rP5/2K5/8 w - - 5 49,"{""f6f7"",""b3b8"",""d4c5""}",rook,9,intermediate,Rook 9 · Advanced Pawn,advancedPawn,White to move.,1418,Club,"{""advancedPawn"",""crushing"",""defensiveMove"",""endgame"",""short""}",An advanced pawn — push the passer or use its threats to win material.,true,lichess,rtJd4,33725,95,{}
lc_nwkNs,6k1/p1p1qR2/6p1/3B4/8/1P4P1/P1P4P/6K1 b - - 0 28,"{""e7c5"",""f7f2"",""c5d5""}",rook,9,intermediate,Rook 9 · Fork,fork,Black to move.,1418,Club,"{""advantage"",""endgame"",""fork"",""short""}","A fork — one piece attacks two enemy pieces at once, forcing a material win.",true,lichess,nwkNs,33468,96,{}
lc_nGWQQ,r5k1/p2n1pp1/1p5p/1QqN4/5B2/5R2/P1P2K1P/4r3 w - - 2 28,"{""b5c5"",""d7c5"",""f2e1""}",rook,9,intermediate,Rook 9 · Advantage,advantage,White to move.,1418,Club,"{""advantage"",""middlegame"",""short""}",Find the strongest continuation and seize the advantage.,true,lichess,nGWQQ,33425,95,{}
lc_T7vPu,5rk1/2p2pbp/1p2p1p1/3q4/1n6/3P1N2/1BP2PPP/2Q2RK1 w - - 0 17,"{""b2g7"",""g8g7"",""c1b2"",""e6e5"",""b2b4""}",rook,9,intermediate,Rook 9 · Fork,fork,White to move.,1418,Club,"{""advantage"",""attraction"",""fork"",""long"",""middlegame""}","A fork — one piece attacks two enemy pieces at once, forcing a material win.",true,lichess,T7vPu,33239,96,"{""Owen_Defense"",""Owen_Defense_Other_variations""}"
lc_0U4gN,3rr1k1/3bRp2/p2p1pp1/1p1P4/8/3B3P/P1P2KP1/4R3 w - - 6 26,"{""e7d7"",""d8d7"",""e1e8""}",rook,9,intermediate,Rook 9 · Discovered Attack,discoveredAttack,White to move.,1419,Club,"{""capturingDefender"",""crushing"",""deflection"",""discoveredAttack"",""endgame"",""short""}",A discovered attack — moving one piece uncovers a deadly attack from another.,true,lichess,0U4gN,39687,96,{}
lc_KVYhq,r1r3k1/p3bppp/2p1nnq1/5R2/3PP3/1QN3P1/PP1BN1KP/2R5 b - - 4 20,"{""f6e4"",""c3e4"",""g6f5""}",rook,9,intermediate,Rook 9 · Advantage,advantage,Black to move.,1419,Club,"{""advantage"",""capturingDefender"",""middlegame"",""short""}",Find the strongest continuation and seize the advantage.,true,lichess,KVYhq,37075,95,{}
lc_sMrcP,r1bqk2r/ppp2ppp/5n2/3Pn3/1b6/2N5/PP2BPPP/R1BQK1NR w KQkq - 3 9,"{""d1a4"",""c7c6"",""a4b4""}",rook,9,intermediate,Rook 9 · Fork,fork,White to move.,1419,Club,"{""advantage"",""fork"",""opening"",""short""}","A fork — one piece attacks two enemy pieces at once, forcing a material win.",true,lichess,sMrcP,36034,95,"{""French_Defense"",""French_Defense_Exchange_Variation""}"
lc_YZ2vo,4rk2/pp4pp/2n2p2/5P2/P1R1PKP1/1r3N2/3R3P/8 b - g3 0 26,"{""b3f3"",""f4f3"",""c6e5"",""f3f4"",""e5c4""}",rook,9,intermediate,Rook 9 · Fork,fork,Black to move.,1419,Club,"{""advantage"",""attraction"",""endgame"",""fork"",""long"",""sacrifice""}","A fork — one piece attacks two enemy pieces at once, forcing a material win.",true,lichess,YZ2vo,35983,96,{}
lc_X1v4P,3r1rk1/5Rpp/8/1p1Q4/p7/2P5/PP2q1PP/5R1K b - - 0 27,"{""e2f1"",""f7f1"",""d8d5""}",rook,9,intermediate,Rook 9 · Endgame,endgame,Black to move.,1419,Club,"{""crushing"",""endgame"",""short""}",An endgame technique — precise play with few pieces where every tempo counts.,true,lichess,X1v4P,35738,96,{}
lc_IvyCD,6rk/pp4p1/6Qp/2p2q2/8/2N5/PPP2r2/1K4RR b - - 1 26,"{""f2f1"",""g1f1"",""f5g6""}",rook,9,intermediate,Rook 9 · Deflection,deflection,Black to move.,1419,Club,"{""advantage"",""deflection"",""middlegame"",""short""}",A deflection — lure a defending piece away from the square it was guarding.,true,lichess,IvyCD,35615,96,{}
lc_uR4vI,r4r1k/4Npbp/3p1B2/1pp2Q2/8/3P3P/qpP3P1/1R5K w - - 2 27,"{""f6g7"",""h8g7"",""f5g5"",""g7h8"",""g5f6""}",rook,9,intermediate,Rook 9 · Mate In3,mateIn3,White to move.,1419,Club,"{""attraction"",""kingsideAttack"",""long"",""mate"",""mateIn3"",""middlegame""}",Checkmate in three — calculate the forcing line all the way to mate.,true,lichess,uR4vI,35587,97,{}
lc_bOc6q,r4b1r/1pp1k2b/p1n4p/4q1pP/4p1P1/P3P3/1PPBQP2/R3KB1R w KQ - 0 18,"{""d2c3"",""e5e6"",""c3h8""}",rook,9,intermediate,Rook 9 · Skewer,skewer,White to move.,1419,Club,"{""advantage"",""middlegame"",""short"",""skewer""}","A skewer — the higher-value piece is forced to move, losing the piece behind it.",true,lichess,bOc6q,35506,94,"{""Zukertort_Opening"",""Zukertort_Opening_Other_variations""}"
lc_k7W3b,r1bq1bnr/2pnp1p1/8/p5kp/Pp1P4/4PQ2/1P3PPP/RNB2RK1 w - - 0 11,"{""e3e4"",""g5g6"",""f3f5""}",rook,9,intermediate,Rook 9 · Mate In2,mateIn2,White to move.,1419,Club,"{""discoveredAttack"",""discoveredCheck"",""mate"",""mateIn2"",""opening"",""short""}",Checkmate in two — a forced sequence that delivers checkmate on move two.,true,lichess,k7W3b,35415,95,"{""Queens_Gambit_Accepted"",""Queens_Gambit_Accepted_Old_Variation""}"
lc_PpPTS,8/1p2kp2/pP2pn2/P2n2Q1/3r4/5R2/8/6K1 b - - 1 39,"{""d4g4"",""f3g3"",""g4g5""}",rook,9,intermediate,Rook 9 · Fork,fork,Black to move.,1419,Club,"{""crushing"",""endgame"",""fork"",""short""}","A fork — one piece attacks two enemy pieces at once, forcing a material win.",true,lichess,PpPTS,35115,97,{}
lc_efrbE,7k/6pp/2p5/4Rr1q/5P2/P1P3PP/1P4K1/5R2 w - - 1 35,"{""g3g4"",""f5e5"",""g4h5""}",rook,9,intermediate,Rook 9 · Fork,fork,White to move.,1419,Club,"{""crushing"",""endgame"",""fork"",""queenRookEndgame"",""short""}","A fork — one piece attacks two enemy pieces at once, forcing a material win.",true,lichess,efrbE,34967,96,{}
lc_mlKn5,1k1r3r/pp2bpp1/3p3p/3P4/4Q3/4BNP1/PPP1q2P/1K1R4 w - - 3 20,"{""e3a7"",""b8a7"",""e4e2""}",rook,9,intermediate,Rook 9 · Discovered Attack,discoveredAttack,White to move.,1419,Club,"{""crushing"",""discoveredAttack"",""middlegame"",""short""}",A discovered attack — moving one piece uncovers a deadly attack from another.,true,lichess,mlKn5,34786,95,"{""Sicilian_Defense"",""Sicilian_Defense_Chekhover_Variation""}"
lc_53uLt,4Qnk1/pp4r1/2p5/3pB3/2n3P1/2P5/P1q2P2/K6R w - - 0 34,"{""h1h8"",""g8h8"",""e8f8"",""h8h7"",""f8g7""}",rook,9,intermediate,Rook 9 · Mate In3,mateIn3,White to move.,1419,Club,"{""attraction"",""deflection"",""exposedKing"",""long"",""mate"",""mateIn3"",""middlegame"",""pin"",""sacrifice""}",Checkmate in three — calculate the forcing line all the way to mate.,true,lichess,53uLt,34783,95,{}
lc_cdWQD,8/6pk/R4p1p/8/1q5P/1P2N1P1/5PK1/8 b - h3 0 38,"{""b4b7"",""g2g1"",""b7a6""}",rook,9,intermediate,Rook 9 · Fork,fork,Black to move.,1419,Club,"{""crushing"",""endgame"",""fork"",""short""}","A fork — one piece attacks two enemy pieces at once, forcing a material win.",true,lichess,cdWQD,34590,95,{}
lc_MpRZh,6rk/1p1r1p1p/p3pPpQ/8/3P4/4R3/PPq3PP/3R2K1 w - - 5 25,"{""h6h7"",""h8h7"",""e3h3""}",rook,9,intermediate,Rook 9 · Mate In2,mateIn2,White to move.,1419,Club,"{""attraction"",""endgame"",""kingsideAttack"",""mate"",""mateIn2"",""sacrifice"",""short""}",Checkmate in two — a forced sequence that delivers checkmate on move two.,true,lichess,MpRZh,34582,96,{}
lc_gi1pI,4kbR1/2q5/p7/8/3N4/4Bb2/PPP5/2K5 w - - 0 31,"{""g8f8"",""e8f8"",""d4e6"",""f8e7"",""e6c7""}",rook,9,intermediate,Rook 9 · Fork,fork,White to move.,1419,Club,"{""attraction"",""crushing"",""endgame"",""exposedKing"",""fork"",""long"",""sacrifice""}","A fork — one piece attacks two enemy pieces at once, forcing a material win.",true,lichess,gi1pI,34447,95,{}
lc_rnztq,1rr3k1/p2R1ppp/2q3b1/2p5/3p4/P2P1Q2/2P2PPP/5RK1 w - - 0 27,"{""d7d8"",""c8d8"",""f3c6""}",rook,9,intermediate,Rook 9 · Deflection,deflection,White to move.,1419,Club,"{""advantage"",""deflection"",""middlegame"",""short""}",A deflection — lure a defending piece away from the square it was guarding.,true,lichess,rnztq,34175,96,{}
lc_73qZt,2r3rk/1bq2ppp/p2ppb2/8/Np4R1/1B4RQ/PPP2PPP/6K1 w - - 3 24,"{""h3h7"",""h8h7"",""g3h3"",""f6h4"",""h3h4""}",rook,9,intermediate,Rook 9 · Mate In3,mateIn3,White to move.,1419,Club,"{""attraction"",""kingsideAttack"",""long"",""mate"",""mateIn3"",""middlegame"",""sacrifice""}",Checkmate in three — calculate the forcing line all the way to mate.,true,lichess,73qZt,33694,96,{}
lc_KRKdR,4rrk1/pp3p2/2p3pp/2np4/3Nn1q1/2PB4/PPQ2PPP/4RRK1 w - - 2 20,"{""f2f3"",""g4h4"",""f3e4"",""c5d3"",""c2d3""}",rook,9,intermediate,Rook 9 · Fork,fork,White to move.,1419,Club,"{""advantage"",""fork"",""long"",""middlegame""}","A fork — one piece attacks two enemy pieces at once, forcing a material win.",true,lichess,KRKdR,33655,96,"{""Kings_Pawn_Game"",""Kings_Pawn_Game_Leonardis_Variation""}"
lc_L1OvQ,8/ppQ2N1p/b4kpP/8/8/1BPrq3/PP4P1/1K1R4 b - - 7 33,"{""d3d1"",""b3d1"",""a6d3"",""b1a1"",""e3c1""}",rook,9,intermediate,Rook 9 · Mate In3,mateIn3,Black to move.,1419,Club,"{""clearance"",""long"",""mate"",""mateIn3"",""middlegame"",""queensideAttack""}",Checkmate in three — calculate the forcing line all the way to mate.,true,lichess,L1OvQ,33525,97,{}
lc_aR6sl,6k1/pp2p2p/3p2p1/4n3/2P2q2/1P6/P4QPP/4R1K1 b - - 1 24,"{""f4f2"",""g1f2"",""e5d3"",""f2e2"",""d3e1""}",rook,9,intermediate,Rook 9 · Fork,fork,Black to move.,1419,Club,"{""advantage"",""attraction"",""endgame"",""fork"",""long"",""master""}","A fork — one piece attacks two enemy pieces at once, forcing a material win.",true,lichess,aR6sl,33373,96,{}
lc_PrQL4,1r6/2qnkppp/4p3/1Q6/8/2N3P1/4PP1P/3R2K1 w - - 5 26,"{""d1d7"",""c7d7"",""b5b8""}",rook,9,intermediate,Rook 9 · Fork,fork,White to move.,1419,Club,"{""advantage"",""deflection"",""endgame"",""fork"",""master"",""short""}","A fork — one piece attacks two enemy pieces at once, forcing a material win.",true,lichess,PrQL4,33372,95,{}
lc_drFff,6k1/pp3ppp/8/8/4qP2/P3r3/1K3Q1P/4R2R b - - 3 28,"{""e4d4"",""b2b1"",""e3b3"",""b1a2"",""d4f2""}",rook,9,intermediate,Rook 9 · Discovered Attack,discoveredAttack,Black to move.,1419,Club,"{""advantage"",""discoveredAttack"",""endgame"",""long""}",A discovered attack — moving one piece uncovers a deadly attack from another.,true,lichess,drFff,33086,94,{}
lc_YfZMV,r1b1r2k/1p1pNppp/1pp5/8/4P3/3P2P1/PP1K1PP1/R6R w - - 4 18,"{""h1h7"",""h8h7"",""a1h1""}",rook,9,intermediate,Rook 9 · Mate In2,mateIn2,White to move.,1420,Club,"{""anastasiaMate"",""attraction"",""endgame"",""kingsideAttack"",""mate"",""mateIn2"",""sacrifice"",""short""}",Checkmate in two — a forced sequence that delivers checkmate on move two.,true,lichess,YfZMV,42148,94,"{""Scotch_Game"",""Scotch_Game_Classical_Variation""}"
lc_xVo5K,r1bqkbnr/1p1p1ppp/2n1p3/1p1N4/4P3/4B3/PPP2PPP/R2QKB1R w KQkq - 0 9,"{""e3b6"",""d8h4"",""d5c7""}",rook,9,intermediate,Rook 9 · Advantage,advantage,White to move.,1420,Club,"{""advantage"",""opening"",""short""}",Find the strongest continuation and seize the advantage.,true,lichess,xVo5K,37571,95,"{""Sicilian_Defense"",""Sicilian_Defense_Godiva_Variation""}"
lc_cM8BS,5r1k/pp5n/2p5/5p2/1q1rPR1Q/8/PP3P1P/6RK w - - 2 30,"{""h4h7"",""h8h7"",""f4h4""}",rook,9,intermediate,Rook 9 · Mate In2,mateIn2,White to move.,1420,Club,"{""attraction"",""mate"",""mateIn2"",""middlegame"",""sacrifice"",""short""}",Checkmate in two — a forced sequence that delivers checkmate on move two.,true,lichess,cM8BS,35209,96,{}
lc_L9LxN,7r/4b1k1/1q2p3/3PPp2/pPp5/B1P1NpP1/5Q2/6K1 w - - 0 44,"{""e3f5"",""e6f5"",""f2b6""}",rook,9,intermediate,Rook 9 · Discovered Attack,discoveredAttack,White to move.,1420,Club,"{""crushing"",""discoveredAttack"",""endgame"",""short""}",A discovered attack — moving one piece uncovers a deadly attack from another.,true,lichess,L9LxN,35168,96,{}
lc_6Hlyl,8/p1p1kp1p/6p1/8/2P5/1PbrB3/PR2KPPP/8 b - - 0 30,"{""d3e3"",""e2e3"",""c3b2""}",rook,9,intermediate,Rook 9 · Endgame,endgame,Black to move.,1420,Club,"{""advantage"",""endgame"",""intermezzo"",""short""}",An endgame technique — precise play with few pieces where every tempo counts.,true,lichess,6Hlyl,34648,95,{}
lc_7ODyk,6q1/1pp5/2P1k3/1P1p4/1B1Pp3/4P2p/5Pr1/R2Q1R1K b - - 1 41,"{""g2h2"",""h1h2"",""g8g2""}",rook,9,intermediate,Rook 9 · Mate In2,mateIn2,Black to move.,1420,Club,"{""attraction"",""endgame"",""mate"",""mateIn2"",""sacrifice"",""short""}",Checkmate in two — a forced sequence that delivers checkmate on move two.,true,lichess,7ODyk,34304,95,{}
lc_lwTIG,r3r3/6qk/1p2b2p/p2p4/3N1Rp1/3P2QP/7K/5R2 w - - 0 30,"{""d4e6"",""e8e6"",""f4f7"",""a8a7"",""f7g7""}",rook,9,intermediate,Rook 9 · Pin,pin,White to move.,1420,Club,"{""advantage"",""long"",""middlegame"",""pin""}",A pin — the attacked piece can't move without exposing a more valuable piece behind it.,true,lichess,lwTIG,34109,95,{}
lc_9FbP1,1kbr4/p1p1b1pp/1p3p2/8/P1NBP3/1P3PPq/2P2Q1P/4R1K1 b - a3 0 27,"{""d8d4"",""f2d4"",""e7c5"",""d4c5"",""b6c5""}",rook,9,intermediate,Rook 9 · Pin,pin,Black to move.,1420,Club,"{""advantage"",""long"",""middlegame"",""pin"",""sacrifice""}",A pin — the attacked piece can't move without exposing a more valuable piece behind it.,true,lichess,9FbP1,34017,97,{}
lc_epiKP,7k/3N2p1/p2pB1q1/P1pPn3/2P4p/6P1/7P/5R1K w - - 2 46,"{""f1f8"",""h8h7"",""e6f5"",""g6f5"",""f8f5""}",rook,9,intermediate,Rook 9 · Pin,pin,White to move.,1420,Club,"{""crushing"",""endgame"",""long"",""pin""}",A pin — the attacked piece can't move without exposing a more valuable piece behind it.,true,lichess,epiKP,33573,95,{}
lc_cYmqQ,1k6/2pBb2r/p1q3p1/1p3p2/8/2P2PPp/PP2Q2P/3R2K1 b - - 5 28,"{""e7c5"",""g1f1"",""h7d7""}",rook,9,intermediate,Rook 9 · Discovered Attack,discoveredAttack,Black to move.,1420,Club,"{""crushing"",""discoveredAttack"",""endgame"",""short""}",A discovered attack — moving one piece uncovers a deadly attack from another.,true,lichess,cYmqQ,33563,94,{}
lc_2DP7y,2rqk2r/1b1n1pbp/p3p1p1/3p2Q1/3B4/2NB4/PPP2PPP/2KRR3 w k - 10 20,"{""g5d8"",""e8d8"",""d4g7""}",rook,9,intermediate,Rook 9 · Advantage,advantage,White to move.,1420,Club,"{""advantage"",""middlegame"",""short""}",Find the strongest continuation and seize the advantage.,true,lichess,2DP7y,33321,96,"{""Sicilian_Defense"",""Sicilian_Defense_Kan_Variation""}"
lc_oOg6n,r1bq1rk1/ppp2pb1/3p4/4n1pQ/2P1P3/2NB2B1/PP3PPP/2KR3R b - - 1 13,"{""c8g4"",""g3e5"",""g4h5""}",rook,9,intermediate,Rook 9 · Fork,fork,Black to move.,1421,Club,"{""crushing"",""fork"",""middlegame"",""short"",""trappedPiece""}","A fork — one piece attacks two enemy pieces at once, forcing a material win.",true,lichess,oOg6n,40517,95,"{""Kings_Indian_Defense"",""Kings_Indian_Defense_Accelerated_Averbakh_Variation""}"
lc_hJhqz,r1b2rk1/p3bpp1/2p4p/n3pN2/8/2Nq4/PPPP1PPP/R1B1K2R w KQ - 0 15,"{""f5e7"",""g8h7"",""c2d3""}",rook,9,intermediate,Rook 9 · Hanging Piece,hangingPiece,White to move.,1421,Club,"{""advantage"",""hangingPiece"",""intermezzo"",""middlegame"",""short""}",A hanging piece — an undefended enemy piece is free to capture.,true,lichess,hJhqz,36786,94,"{""Italian_Game"",""Italian_Game_Two_Knights_Defense""}"
lc_BGyg2,6rk/1pp5/3p1r2/p2P3q/4N3/P7/1P4Q1/4R1K1 w - - 0 31,"{""g2g8"",""h8g8"",""e4f6"",""g8f7"",""f6h5""}",rook,9,intermediate,Rook 9 · Fork,fork,White to move.,1421,Club,"{""attraction"",""crushing"",""endgame"",""exposedKing"",""fork"",""intermezzo"",""long""}","A fork — one piece attacks two enemy pieces at once, forcing a material win.",true,lichess,BGyg2,35223,96,{}
lc_BBhTx,rn3rk1/ppp2ppp/8/2b2b2/2P1Q3/1PN5/PBKP2PP/R4qNR w - - 4 12,"{""a1f1"",""f5e4"",""c3e4""}",rook,9,intermediate,Rook 9 · Advantage,advantage,White to move.,1421,Club,"{""advantage"",""middlegame"",""short""}",Find the strongest continuation and seize the advantage.,true,lichess,BBhTx,35195,95,"{""Scandinavian_Defense"",""Scandinavian_Defense_Icelandic-Palme_Gambit""}"
lc_9JpLi,r4r1k/5p1p/p1pnb3/4q3/2p1PR1Q/2P3R1/P1P3PP/6K1 w - - 6 22,"{""h4h7"",""h8h7"",""f4h4"",""e5h5"",""h4h5""}",rook,9,intermediate,Rook 9 · Mate In3,mateIn3,White to move.,1421,Club,"{""attraction"",""kingsideAttack"",""long"",""mate"",""mateIn3"",""middlegame"",""sacrifice""}",Checkmate in three — calculate the forcing line all the way to mate.,true,lichess,9JpLi,35128,96,{}
lc_FaHHP,3r1r2/4qpk1/3p1Rpp/ppp3Q1/4P3/1P1P3P/1PP3P1/5RK1 w - - 0 27,"{""f6g6"",""f7g6"",""g5e7""}",rook,9,intermediate,Rook 9 · Discovered Attack,discoveredAttack,White to move.,1421,Club,"{""crushing"",""discoveredAttack"",""endgame"",""short""}",A discovered attack — moving one piece uncovers a deadly attack from another.,true,lichess,FaHHP,35014,96,{}
lc_XVbzg,4k2r/2q2ppp/2p1pn2/2bpN3/Qn6/4P3/5PPP/BN3RK1 w k - 2 16,"{""a4a8"",""c7d8"",""a8d8"",""e8d8"",""e5f7"",""d8e8"",""f7h8""}",rook,9,intermediate,Rook 9 · Fork,fork,White to move.,1421,Club,"{""advantage"",""attraction"",""fork"",""middlegame"",""veryLong""}","A fork — one piece attacks two enemy pieces at once, forcing a material win.",true,lichess,XVbzg,34799,96,"{""Indian_Defense"",""Indian_Defense_Normal_Variation""}"
lc_AMCj1,1r4k1/2pq1rpp/1p3n2/3P2Q1/p6P/2B1PB2/3P4/4K1R1 w - - 8 35,"{""c3f6"",""f7f6"",""g5f6""}",rook,9,intermediate,Rook 9 · Pin,pin,White to move.,1421,Club,"{""advantage"",""middlegame"",""pin"",""short""}",A pin — the attacked piece can't move without exposing a more valuable piece behind it.,true,lichess,AMCj1,34791,96,{}
lc_Aupp1,1rb1qr1k/6pp/p2p1p2/1ppBpP1Q/4P3/2PP2P1/PP3KP1/R4R2 w - - 2 20,"{""h5h7"",""h8h7"",""f1h1"",""e8h5"",""h1h5""}",rook,9,intermediate,Rook 9 · Mate In3,mateIn3,White to move.,1421,Club,"{""attraction"",""kingsideAttack"",""long"",""mate"",""mateIn3"",""middlegame"",""pillsburysMate"",""sacrifice""}",Checkmate in three — calculate the forcing line all the way to mate.,true,lichess,Aupp1,34004,96,"{""Sicilian_Defense"",""Sicilian_Defense_Closed""}"
lc_BQ04J,rn3rk1/1bqp2pp/p3p3/1p2N3/3Pn3/1P2Q3/N1P1B1PP/R3KR2 w Q - 2 19,"{""f1f8"",""g8f8"",""e3f4"",""e4f6"",""e5g6"",""h7g6"",""f4c7""}",rook,9,intermediate,Rook 9 · Discovered Attack,discoveredAttack,White to move.,1421,Club,"{""attraction"",""crushing"",""discoveredAttack"",""kingsideAttack"",""middlegame"",""veryLong""}",A discovered attack — moving one piece uncovers a deadly attack from another.,true,lichess,BQ04J,33934,95,"{""Sicilian_Defense"",""Sicilian_Defense_Bowdler_Attack""}"
lc_FZSUx,2r3k1/5p2/R1b2b2/3p1Bpp/3P4/1r2PN1P/5PP1/2R2K2 b - - 5 37,"{""c6b5"",""f1e1"",""c8c1""}",rook,9,intermediate,Rook 9 · Fork,fork,Black to move.,1421,Club,"{""crushing"",""discoveredAttack"",""fork"",""middlegame"",""short""}","A fork — one piece attacks two enemy pieces at once, forcing a material win.",true,lichess,FZSUx,33729,96,{}
lc_hFRpr,5rk1/pR3p2/4bQpp/4P3/6qP/8/PP4P1/5R1K b - - 0 34,"{""e6d5"",""f6f2"",""d5b7""}",rook,9,intermediate,Rook 9 · Endgame,endgame,Black to move.,1421,Club,"{""advantage"",""endgame"",""short""}",An endgame technique — precise play with few pieces where every tempo counts.,true,lichess,hFRpr,33512,96,{}
lc_LYuqr,r6r/3k4/1ppqb1p1/2p2p2/R7/P1NP3P/1PPQ2P1/5RK1 b - - 0 26,"{""a8a4"",""c3a4"",""d6d4"",""g1h1"",""d4a4""}",rook,9,intermediate,Rook 9 · Fork,fork,Black to move.,1421,Club,"{""advantage"",""fork"",""long"",""master"",""masterVsMaster"",""middlegame""}","A fork — one piece attacks two enemy pieces at once, forcing a material win.",true,lichess,LYuqr,33468,95,{}
lc_2wDIB,8/1p3pk1/pN4p1/5n1p/3B3b/1P1K1P1P/P5P1/8 b - - 3 35,"{""f5d4"",""d3d4"",""h4f2"",""d4d5"",""f2b6""}",rook,9,intermediate,Rook 9 · Skewer,skewer,Black to move.,1421,Club,"{""attraction"",""crushing"",""endgame"",""exposedKing"",""long"",""skewer""}","A skewer — the higher-value piece is forced to move, losing the piece behind it.",true,lichess,2wDIB,33122,95,{}
lc_5CF9X,4r3/p4pkp/1p4p1/2b1p3/2Q1P3/2PP4/PP2q3/K4R2 w - - 0 31,"{""c4f7"",""g7h6"",""f1h1"",""h6g5"",""f7e8""}",rook,9,intermediate,Rook 9 · Fork,fork,White to move.,1421,Club,"{""crushing"",""endgame"",""fork"",""long""}","A fork — one piece attacks two enemy pieces at once, forcing a material win.",true,lichess,5CF9X,33078,96,{}
lc_qNRfJ,5r2/2r4k/5p1p/pp1pqP1Q/3pP3/P2P2RP/1P4PK/8 w - - 0 31,"{""h5g6"",""h7h8"",""g6h6"",""c7h7"",""h6f8""}",rook,9,intermediate,Rook 9 · Mate In3,mateIn3,White to move.,1421,Club,"{""deflection"",""endgame"",""fork"",""long"",""mate"",""mateIn3""}",Checkmate in three — calculate the forcing line all the way to mate.,true,lichess,qNRfJ,33044,95,{}
lc_XUCEl,2r5/1p5k/4p1pP/5p2/3p4/pPqN4/1b1Q1PP1/1K1R3R b - - 8 44,"{""a3a2"",""b1a2"",""c8a8"",""a2b1"",""a8a1""}",rook,9,intermediate,Rook 9 · Mate In3,mateIn3,Black to move.,1421,Club,"{""advancedPawn"",""attraction"",""exposedKing"",""long"",""mate"",""mateIn3"",""middlegame"",""operaMate"",""queensideAttack""}",Checkmate in three — calculate the forcing line all the way to mate.,true,lichess,XUCEl,32899,96,{}
lc_DVVus,r1bqkb1r/1p3ppp/p3pn2/4N3/2Bn4/3P4/PPP2PPP/RNBQK2R b KQkq - 0 8,"{""d8a5"",""c2c3"",""a5e5""}",rook,9,intermediate,Rook 9 · Fork,fork,Black to move.,1422,Club,"{""advantage"",""fork"",""opening"",""short""}","A fork — one piece attacks two enemy pieces at once, forcing a material win.",true,lichess,DVVus,37012,95,"{""Scandinavian_Defense"",""Scandinavian_Defense_Modern_Variation""}"
lc_Ltxun,2kr1bnr/ppp2ppp/4b3/4P3/2Pn4/3B1N2/PP1N1PPP/R1B1K2R b KQ - 5 9,"{""d4f3"",""d2f3"",""d8d3""}",rook,9,intermediate,Rook 9 · Discovered Attack,discoveredAttack,Black to move.,1422,Club,"{""advantage"",""discoveredAttack"",""opening"",""short""}",A discovered attack — moving one piece uncovers a deadly attack from another.,true,lichess,Ltxun,37002,95,"{""Queens_Pawn_Game"",""Queens_Pawn_Game_Other_variations""}"
lc_Cgu4z,r1b1kb1r/1pqnnp2/p1p1p3/3pP1Qp/3P2pP/1PNB1PB1/P1P3PN/3RR1K1 b kq - 0 19,"{""f8h6"",""g5h5"",""h6e3"",""e1e3"",""h8h5""}",rook,9,intermediate,Rook 9 · Discovered Attack,discoveredAttack,Black to move.,1422,Club,"{""advantage"",""discoveredAttack"",""long"",""middlegame""}",A discovered attack — moving one piece uncovers a deadly attack from another.,true,lichess,Cgu4z,36974,95,"{""Pirc_Defense"",""Pirc_Defense_Other_variations""}"
lc_RXuPA,2r1br1k/pp4p1/1q1bN3/3p4/3P2n1/P3B3/1PB1NPPP/RQ3RK1 b - - 0 20,"{""d6h2"",""g1h1"",""b6e6""}",rook,9,intermediate,Rook 9 · Discovered Attack,discoveredAttack,Black to move.,1422,Club,"{""advantage"",""discoveredAttack"",""middlegame"",""short""}",A discovered attack — moving one piece uncovers a deadly attack from another.,true,lichess,RXuPA,36212,95,{}
lc_CCMyo,r5k1/1pp2ppp/p2q4/1r6/3b4/1Q4PP/PP4P1/3R1R1K w - - 2 22,"{""b3f7"",""g8h8"",""d1d4""}",rook,9,intermediate,Rook 9 · Advantage,advantage,White to move.,1422,Club,"{""advantage"",""kingsideAttack"",""middlegame"",""short""}",Find the strongest continuation and seize the advantage.,true,lichess,CCMyo,35022,95,{}
lc_yBy2W,r4rk1/pp1bq1pp/4p3/4Q3/2B5/P7/1B3PPP/3R2K1 w - - 1 21,"{""d1d7"",""e7d7"",""c4e6"",""g8h8"",""e6d7""}",rook,9,intermediate,Rook 9 · Fork,fork,White to move.,1422,Club,"{""attraction"",""crushing"",""fork"",""long"",""middlegame""}","A fork — one piece attacks two enemy pieces at once, forcing a material win.",true,lichess,yBy2W,34952,97,{}
lc_wAKIk,2kr4/7Q/4p3/p1qb4/8/1P3P2/P5RK/8 w - - 5 42,"{""g2c2"",""c5c2"",""h7c2""}",rook,9,intermediate,Rook 9 · Pin,pin,White to move.,1422,Club,"{""advantage"",""endgame"",""pin"",""short""}",A pin — the attacked piece can't move without exposing a more valuable piece behind it.,true,lichess,wAKIk,34666,95,{}
lc_PxtGZ,1r6/5k1p/2n1r1p1/5b2/1BB5/1KP4P/P4PP1/R6R b - - 8 27,"{""c6a5"",""b3a3"",""a5c4""}",rook,9,intermediate,Rook 9 · Pin,pin,Black to move.,1422,Club,"{""crushing"",""deflection"",""middlegame"",""pin"",""short""}",A pin — the attacked piece can't move without exposing a more valuable piece behind it.,true,lichess,PxtGZ,34571,95,{}
lc_pnTrM,4r3/2k3b1/2p2pP1/3pp1p1/4n1P1/P1PNR1Br/1PK5/4R3 w - - 5 35,"{""g3e5"",""f6e5"",""e3h3""}",rook,9,intermediate,Rook 9 · Discovered Attack,discoveredAttack,White to move.,1422,Club,"{""crushing"",""discoveredAttack"",""middlegame"",""short""}",A discovered attack — moving one piece uncovers a deadly attack from another.,true,lichess,pnTrM,34475,95,{}
lc_r107u,1r4k1/1q3p1p/4p1p1/3p4/1r1Q3P/8/5PP1/1RR3K1 w - - 0 31,"{""b1b4"",""b7b4"",""c1c8"",""b8c8"",""d4b4""}",rook,9,intermediate,Rook 9 · Deflection,deflection,White to move.,1422,Club,"{""advantage"",""deflection"",""endgame"",""long""}",A deflection — lure a defending piece away from the square it was guarding.,true,lichess,r107u,34366,96,{}
lc_04bHj,r2q1rk1/ppp1bppp/4p3/n2pP3/2nP1B2/P1N4P/BPbNQPP1/R3K2R w KQ - 0 14,"{""d2c4"",""d5c4"",""e2c2""}",rook,9,intermediate,Rook 9 · Discovered Attack,discoveredAttack,White to move.,1422,Club,"{""advantage"",""discoveredAttack"",""middlegame"",""short""}",A discovered attack — moving one piece uncovers a deadly attack from another.,true,lichess,04bHj,34000,95,"{""Alekhine_Defense"",""Alekhine_Defense_Balogh_Variation""}"
lc_5S982,8/2k5/ppb1p3/4P3/1PKP4/8/N7/8 b - - 0 41,"{""c6d5"",""c4c3"",""d5a2""}",rook,9,intermediate,Rook 9 · Skewer,skewer,Black to move.,1422,Club,"{""crushing"",""endgame"",""short"",""skewer""}","A skewer — the higher-value piece is forced to move, losing the piece behind it.",true,lichess,5S982,33993,95,{}
lc_VLd8J,2kr1b1r/pp3ppp/2p1p2n/Q7/3Pp2N/7P/PPnKBP2/R6R b - - 1 16,"{""f8b4"",""d2c2"",""b4a5""}",rook,9,intermediate,Rook 9 · Fork,fork,Black to move.,1422,Club,"{""crushing"",""fork"",""master"",""middlegame"",""short""}","A fork — one piece attacks two enemy pieces at once, forcing a material win.",true,lichess,VLd8J,33661,96,"{""Caro-Kann_Defense"",""Caro-Kann_Defense_Advance_Variation""}"
lc_KLTur,2n2rk1/p5bp/1pPp2p1/4p2n/1P2P3/B1QB3q/P4r2/2KR2R1 w - - 0 26,"{""d3c4"",""g8h8"",""c3h3""}",rook,9,intermediate,Rook 9 · Discovered Attack,discoveredAttack,White to move.,1422,Club,"{""crushing"",""discoveredAttack"",""middlegame"",""short""}",A discovered attack — moving one piece uncovers a deadly attack from another.,true,lichess,KLTur,33526,94,{}
lc_yTUBh,7k/5ppp/p4b2/1p3P2/4q3/P1P3Q1/1P1r2PP/3R3K w - - 0 29,"{""g3b8"",""f6d8"",""b8d8"",""d2d8"",""d1d8"",""e4e8"",""d8e8""}",rook,9,intermediate,Rook 9 · Back Rank Mate,backRankMate,White to move.,1422,Club,"{""backRankMate"",""endgame"",""mate"",""mateIn4"",""veryLong"",""xRayAttack""}",A back-rank mate — the king is trapped behind its own pawns on the last rank.,true,lichess,yTUBh,33414,95,{}
lc_vMg8y,6r1/p2Pk2p/2B3p1/3R1p2/8/1p2P3/2r3PP/5K2 w - - 2 36,"{""d5e5"",""e7d6"",""e5e8"",""g8e8"",""d7e8q""}",rook,9,intermediate,Rook 9 · Promotion,promotion,White to move.,1422,Club,"{""advancedPawn"",""advantage"",""endgame"",""long"",""promotion""}",Pawn promotion — advance the pawn to its final rank and choose your new piece wisely.,true,lichess,vMg8y,33367,95,{}
lc_0oGSF,r3r1k1/pp3pp1/2nqb2p/3Np3/2B2n2/P4N2/1PPQ1PPP/3RR1K1 w - - 8 18,"{""d5f6"",""g7f6"",""d2d6""}",rook,9,intermediate,Rook 9 · Discovered Attack,discoveredAttack,White to move.,1422,Club,"{""advantage"",""discoveredAttack"",""middlegame"",""short""}",A discovered attack — moving one piece uncovers a deadly attack from another.,true,lichess,0oGSF,33261,94,"{""Trompowsky_Attack"",""Trompowsky_Attack_Classical_Defense""}"
lc_2DKPh,2k3r1/p3Qp1p/1pr2B2/q1P2b2/8/2P5/P4PPP/3RK1NR b K - 5 25,"{""c6e6"",""g1e2"",""e6e7""}",rook,9,intermediate,Rook 9 · Fork,fork,Black to move.,1422,Club,"{""advantage"",""fork"",""middlegame"",""short""}","A fork — one piece attacks two enemy pieces at once, forcing a material win.",true,lichess,2DKPh,33156,95,{}
lc_SeoHs,r4rk1/4Rp1p/6p1/p7/1pRB2nq/6Q1/P4PP1/1B4K1 b - - 1 26,"{""h4e7"",""g3g4"",""e7e1"",""g1h2"",""e1b1""}",rook,9,intermediate,Rook 9 · Fork,fork,Black to move.,1423,Club,"{""advantage"",""fork"",""long"",""middlegame""}","A fork — one piece attacks two enemy pieces at once, forcing a material win.",true,lichess,SeoHs,36559,95,{}
lc_EqAEe,3q1rk1/pb2np1p/1p2p1p1/3p4/1Qr5/2N2B2/PPP2PPP/3RR1K1 w - - 7 17,"{""b4c4"",""d5c4"",""d1d8"",""f8d8"",""f3b7""}",rook,9,intermediate,Rook 9 · Advantage,advantage,White to move.,1423,Club,"{""advantage"",""long"",""middlegame""}",Find the strongest continuation and seize the advantage.,true,lichess,EqAEe,35978,95,"{""Sicilian_Defense"",""Sicilian_Defense_Closed""}"
lc_BGz8p,5k2/7R/3p4/6p1/r7/6PK/2r4P/3R4 b - - 1 39,"{""g5g4"",""h3h4"",""c2h2"",""h4g5"",""h2h7""}",rook,9,intermediate,Rook 9 · Skewer,skewer,Black to move.,1423,Club,"{""crushing"",""deflection"",""endgame"",""long"",""rookEndgame"",""skewer""}","A skewer — the higher-value piece is forced to move, losing the piece behind it.",true,lichess,BGz8p,35465,96,{}
lc_VXVLB,2kr4/pp1nb1p1/2p1p1p1/2Pp1p2/PP1P2N1/4PPqr/3B2P1/R2Q1RK1 w - f6 0 20,"{""d2e1"",""g3c7"",""g2h3""}",rook,9,intermediate,Rook 9 · Advantage,advantage,White to move.,1423,Club,"{""advantage"",""middlegame"",""short""}",Find the strongest continuation and seize the advantage.,true,lichess,VXVLB,35424,95,"{""Slav_Defense"",""Slav_Defense_Other_variations""}"
lc_75z9m,6rk/2p1PQpp/1p6/8/2P5/5P1P/3q2PK/2q5 w - - 0 42,"{""f7g8"",""h8g8"",""e7e8q""}",rook,9,intermediate,Rook 9 · Mate In2,mateIn2,White to move.,1423,Club,"{""advancedPawn"",""attraction"",""endgame"",""mate"",""mateIn2"",""promotion"",""short""}",Checkmate in two — a forced sequence that delivers checkmate on move two.,true,lichess,75z9m,35289,96,{}
lc_kWsUd,r3kb1r/pppq2pp/2np4/4p3/3n4/2N2N2/PPP2PPP/R1BQR1K1 w kq - 0 10,"{""f3d4"",""c6d4"",""d1d4""}",rook,9,intermediate,Rook 9 · Pin,pin,White to move.,1423,Club,"{""advantage"",""opening"",""pin"",""short""}",A pin — the attacked piece can't move without exposing a more valuable piece behind it.,true,lichess,kWsUd,35129,95,"{""Three_Knights_Opening"",""Three_Knights_Opening_Winawer_Defense""}"
lc_esnmq,rn2k2r/pp2bppp/4b3/q2pPB1Q/8/2P5/PP3PPP/RNB1R1K1 b kq - 0 12,"{""g7g6"",""f5g6"",""f7g6""}",rook,9,intermediate,Rook 9 · Fork,fork,Black to move.,1423,Club,"{""advantage"",""fork"",""opening"",""short""}","A fork — one piece attacks two enemy pieces at once, forcing a material win.",true,lichess,esnmq,34999,95,"{""French_Defense"",""French_Defense_Advance_Variation""}"
lc_JwRfX,3rr1k1/5p1p/2p3p1/3b4/3Q4/3B3P/P1P2RP1/7K b - - 2 28,"{""d5g2"",""h1g2"",""d8d4""}",rook,9,intermediate,Rook 9 · Discovered Attack,discoveredAttack,Black to move.,1423,Club,"{""crushing"",""discoveredAttack"",""endgame"",""short""}",A discovered attack — moving one piece uncovers a deadly attack from another.,true,lichess,JwRfX,34955,97,{}
lc_RR0y1,8/6p1/4k3/7p/2RP3r/2P5/8/3K4 w - - 1 57,"{""d4d5"",""e6d5"",""c4h4""}",rook,9,intermediate,Rook 9 · Discovered Attack,discoveredAttack,White to move.,1423,Club,"{""crushing"",""discoveredAttack"",""endgame"",""master"",""masterVsMaster"",""rookEndgame"",""short""}",A discovered attack — moving one piece uncovers a deadly attack from another.,true,lichess,RR0y1,34872,95,{}
lc_ZIDv6,r4rk1/p1p2ppp/2pb1n2/7q/5B2/2N3Q1/PPP3PP/R4R1K w - - 4 17,"{""f4d6"",""c7d6"",""f1f6""}",rook,9,intermediate,Rook 9 · Pin,pin,White to move.,1423,Club,"{""advantage"",""discoveredAttack"",""middlegame"",""pin"",""short""}",A pin — the attacked piece can't move without exposing a more valuable piece behind it.,true,lichess,ZIDv6,34564,96,"{""Ruy_Lopez"",""Ruy_Lopez_Steinitz_Defense""}"
lc_Efg7X,rnbq1r1k/pp4bp/3p1pp1/6B1/2B1P1P1/2Q5/PPP2PP1/R3K2R w KQ - 3 14,"{""h1h7"",""h8h7"",""c3h3"",""g7h6"",""h3h6""}",rook,9,intermediate,Rook 9 · Mate In3,mateIn3,White to move.,1423,Club,"{""attraction"",""kingsideAttack"",""long"",""mate"",""mateIn3"",""middlegame"",""sacrifice""}",Checkmate in three — calculate the forcing line all the way to mate.,true,lichess,Efg7X,34506,95,"{""Sicilian_Defense"",""Sicilian_Defense_Dragon_Variation""}"
lc_FUfc9,1r4k1/p1q2ppp/5n2/4rQ2/2R1PN2/P4PP1/1P5P/1R4K1 b - - 0 23,"{""c7b6"",""g1g2"",""e5f5""}",rook,9,intermediate,Rook 9 · Advantage,advantage,Black to move.,1423,Club,"{""advantage"",""middlegame"",""short""}",Find the strongest continuation and seize the advantage.,true,lichess,FUfc9,33792,96,{}
lc_f6aNz,r1b1r1k1/pp3pbp/1q1p2p1/3P1nB1/2B1NP2/8/PP4PP/R2QR2K w - - 7 17,"{""e4f6"",""g7f6"",""e1e8""}",rook,9,intermediate,Rook 9 · Fork,fork,White to move.,1423,Club,"{""crushing"",""discoveredAttack"",""fork"",""middlegame"",""short""}","A fork — one piece attacks two enemy pieces at once, forcing a material win.",true,lichess,f6aNz,33654,95,"{""Sicilian_Defense"",""Sicilian_Defense_Modern_Variations""}"
lc_AdjvW,8/5p2/k5pp/1R6/3N1K1P/r1p5/8/8 b - h3 0 50,"{""a3a4"",""b5d5"",""c3c2""}",rook,9,intermediate,Rook 9 · Pin,pin,Black to move.,1423,Club,"{""advancedPawn"",""crushing"",""endgame"",""pin"",""short""}",A pin — the attacked piece can't move without exposing a more valuable piece behind it.,true,lichess,AdjvW,33359,96,{}
lc_9zRGN,4r3/pr1bB1pk/2p4p/4Qp1P/2P5/2PP1P2/P1K2n2/6R1 b - - 2 30,"{""b7b2"",""c2b2"",""f2d3"",""b2a3"",""d3e5""}",rook,9,intermediate,Rook 9 · Fork,fork,Black to move.,1423,Club,"{""attraction"",""crushing"",""deflection"",""fork"",""long"",""middlegame"",""sacrifice""}","A fork — one piece attacks two enemy pieces at once, forcing a material win.",true,lichess,9zRGN,33346,95,{}
lc_Do4WU,r1bqkb1r/p1pnpppp/5n2/1p2N3/2pP4/4P3/PP3PPP/RNBQKB1R w KQkq - 4 6,"{""e5c6"",""c8b7"",""c6d8""}",rook,9,intermediate,Rook 9 · Trapped Piece,trappedPiece,White to move.,1423,Club,"{""crushing"",""opening"",""short"",""trappedPiece""}",A trapped piece — the enemy piece has no safe squares and can be won.,true,lichess,Do4WU,33242,95,"{""Queens_Gambit_Accepted"",""Queens_Gambit_Accepted_Old_Variation""}"
lc_ANsUx,3r2k1/1p1r3p/pR1pR1p1/P2P1p2/2pb1P1B/8/6PP/5K2 w - - 0 33,"{""h4d8"",""d4b6"",""d8b6""}",rook,9,intermediate,Rook 9 · Endgame,endgame,White to move.,1423,Club,"{""advantage"",""endgame"",""short""}",An endgame technique — precise play with few pieces where every tempo counts.,true,lichess,ANsUx,32990,95,{}
lc_hksyn,r1b1r1k1/ppp2ppp/5n2/3p4/3P1nq1/1P3N2/P1PN1PPP/R2QRBK1 b - - 12 14,"{""f4h3"",""g1h1"",""h3f2""}",rook,9,intermediate,Rook 9 · Pin,pin,Black to move.,1424,Club,"{""crushing"",""deflection"",""kingsideAttack"",""opening"",""pin"",""short""}",A pin — the attacked piece can't move without exposing a more valuable piece behind it.,true,lichess,hksyn,43809,95,"{""French_Defense"",""French_Defense_Knight_Variation""}"
lc_S5zgu,2kr4/2p2ppp/p3pn2/1pr5/2P5/1P3B2/P1R2PPP/3R2K1 w - b6 0 21,"{""f3b7"",""c8b7"",""d1d8""}",rook,9,intermediate,Rook 9 · Deflection,deflection,White to move.,1424,Club,"{""advantage"",""deflection"",""endgame"",""queensideAttack"",""short""}",A deflection — lure a defending piece away from the square it was guarding.,true,lichess,S5zgu,39584,94,{}
lc_iXPra,r1b2rk1/pp2bppp/1qn1p3/3pP3/3PnP2/2N2N2/PP2B1PP/1RBQ1R1K b - - 2 12,"{""e4c3"",""b2c3"",""b6b1""}",rook,9,intermediate,Rook 9 · Capturing Defender,capturingDefender,Black to move.,1424,Club,"{""capturingDefender"",""crushing"",""opening"",""short""}",Find the strongest continuation and seize the advantage.,true,lichess,iXPra,37874,96,"{""Sicilian_Defense"",""Sicilian_Defense_McDonnell_Attack""}"
lc_hQ87z,2r4k/7P/5PP1/6K1/8/8/8/8 w - - 1 65,"{""g5h6"",""c8c7"",""g6g7"",""c7g7"",""f6g7""}",rook,9,intermediate,Rook 9 · Mate In3,mateIn3,White to move.,1424,Club,"{""advancedPawn"",""endgame"",""exposedKing"",""long"",""mate"",""mateIn3"",""rookEndgame""}",Checkmate in three — calculate the forcing line all the way to mate.,true,lichess,hQ87z,37350,96,{}
lc_tzNMd,6rk/ppp2Qpp/8/2b5/4p3/4q3/PP2n1PP/3R1R1K w - - 8 26,"{""f7g8"",""h8g8"",""d1d8"",""c5f8"",""d8f8""}",rook,9,intermediate,Rook 9 · Mate In3,mateIn3,White to move.,1424,Club,"{""attraction"",""long"",""mate"",""mateIn3"",""middlegame"",""sacrifice""}",Checkmate in three — calculate the forcing line all the way to mate.,true,lichess,tzNMd,36920,96,{}
lc_QvYUT,6k1/p1p2p1p/1p1p1qpP/nP2r3/P7/2Q5/R3BP1R/3K4 b - - 1 24,"{""e5d5"",""d1c2"",""d5c5""}",rook,9,intermediate,Rook 9 · Pin,pin,Black to move.,1424,Club,"{""crushing"",""middlegame"",""pin"",""short""}",A pin — the attacked piece can't move without exposing a more valuable piece behind it.,true,lichess,QvYUT,35894,95,{}
lc_xhaZU,8/8/1p2nkPK/3p1p2/p7/P2N4/1P6/8 w - - 3 48,"{""d3f4"",""e6f4"",""g6g7"",""f6f7"",""h6h7""}",rook,9,intermediate,Rook 9 · Sacrifice,sacrifice,White to move.,1424,Club,"{""advancedPawn"",""crushing"",""defensiveMove"",""endgame"",""knightEndgame"",""long"",""master"",""sacrifice""}",A sacrifice — give up material to gain a decisive tactical or positional advantage.,true,lichess,xhaZU,35669,95,{}
lc_Uv36P,2krr3/1pb3pp/p1p2p2/8/N4PP1/2R1B2P/PP5K/2R5 b - - 3 25,"{""e8e3"",""c3e3"",""c7f4"",""h2g2"",""f4e3""}",rook,9,intermediate,Rook 9 · Fork,fork,Black to move.,1424,Club,"{""advantage"",""attraction"",""capturingDefender"",""fork"",""long"",""middlegame"",""pin""}","A fork — one piece attacks two enemy pieces at once, forcing a material win.",true,lichess,Uv36P,35461,96,{}
lc_vD6as,8/1R2n1kp/Q5p1/8/6P1/2PK4/PP4qP/8 b - - 5 35,"{""g2f1"",""d3c2"",""f1a6""}",rook,9,intermediate,Rook 9 · Skewer,skewer,Black to move.,1424,Club,"{""advantage"",""endgame"",""short"",""skewer""}","A skewer — the higher-value piece is forced to move, losing the piece behind it.",true,lichess,vD6as,34250,96,{}
lc_VoTHv,4rr2/2p1qpkp/1p1pb1p1/pP6/P3nnP1/4NN1P/2P2PB1/R2QR1K1 w - - 0 20,"{""d1d4"",""e7f6"",""d4e4""}",rook,9,intermediate,Rook 9 · Fork,fork,White to move.,1424,Club,"{""advantage"",""fork"",""middlegame"",""short""}","A fork — one piece attacks two enemy pieces at once, forcing a material win.",true,lichess,VoTHv,34205,95,"{""Kings_Indian_Attack"",""Kings_Indian_Attack_Smyslov_Variation""}"
lc_PYRfG,8/p4k2/3P3p/2Pq2P1/8/3PB1K1/P7/R7 b - - 0 40,"{""d5e5"",""g3f3"",""e5a1""}",rook,9,intermediate,Rook 9 · Fork,fork,Black to move.,1424,Club,"{""advantage"",""endgame"",""fork"",""short""}","A fork — one piece attacks two enemy pieces at once, forcing a material win.",true,lichess,PYRfG,33736,96,{}
lc_D6TeD,6k1/r4pp1/3Q3p/3Pp3/p3q3/7P/6P1/R6K w - - 0 35,"{""d6b8"",""g8h7"",""b8a7""}",rook,10,intermediate,Rook 10 · Fork,fork,White to move.,1424,Club,"{""advantage"",""endgame"",""fork"",""short""}","A fork — one piece attacks two enemy pieces at once, forcing a material win.",true,lichess,D6TeD,33546,95,{}
lc_m54D4,r3qrk1/1pp1b1p1/2np3p/1p2p3/2P1Pp2/PQ1P1N1P/4NPP1/R3K2R w KQ - 0 20,"{""c4b5"",""e8f7"",""b3f7"",""g8f7"",""b5c6""}",rook,10,intermediate,Rook 10 · Discovered Attack,discoveredAttack,White to move.,1424,Club,"{""advantage"",""discoveredAttack"",""discoveredCheck"",""long"",""middlegame""}",A discovered attack — moving one piece uncovers a deadly attack from another.,true,lichess,m54D4,33516,95,"{""Italian_Game"",""Italian_Game_Giuoco_Pianissimo""}"
lc_ZKhZG,5brk/5R2/7p/p3p3/1pppq1B1/P5PP/1PP2P2/5RK1 w - - 1 35,"{""g4f5"",""e4f5"",""f7f5""}",rook,10,intermediate,Rook 10 · Endgame,endgame,White to move.,1424,Club,"{""advantage"",""endgame"",""short""}",An endgame technique — precise play with few pieces where every tempo counts.,true,lichess,ZKhZG,33444,95,{}
lc_9jn2Z,5rk1/p5p1/b2Rq2p/8/1Q6/2P1p1B1/P2n1PPP/4R1K1 b - - 3 28,"{""e3f2"",""g3f2"",""e6e1"",""f2e1"",""f8f1""}",rook,10,intermediate,Rook 10 · Mate In3,mateIn3,Black to move.,1424,Club,"{""advancedPawn"",""discoveredAttack"",""fork"",""long"",""mate"",""mateIn3"",""middlegame"",""operaMate"",""sacrifice""}",Checkmate in three — calculate the forcing line all the way to mate.,true,lichess,9jn2Z,33313,96,{}
lc_InD0q,6k1/ppp4p/3p2PQ/3P3p/2K1P3/1P3r2/P3q3/6R1 w - - 4 31,"{""c4b4"",""e2e4"",""b4a3"",""h7g6"",""g1g6"",""e4g6"",""h6g6""}",rook,10,intermediate,Rook 10 · Endgame,endgame,White to move.,1424,Club,"{""advantage"",""endgame"",""veryLong""}",An endgame technique — precise play with few pieces where every tempo counts.,true,lichess,InD0q,33278,96,{}
lc_K82i0,4r1k1/pp3p1p/6p1/3p4/PP2q3/3p1R1P/3Q2P1/R5K1 b - - 1 33,"{""e4d4"",""g1h2"",""d4a1""}",rook,10,intermediate,Rook 10 · Fork,fork,Black to move.,1424,Club,"{""advantage"",""endgame"",""fork"",""short""}","A fork — one piece attacks two enemy pieces at once, forcing a material win.",true,lichess,K82i0,33196,96,{}
lc_VyJoM,r1b2rk1/pp4p1/2p4p/4p3/3PN1P1/3BP3/PP1QKPq1/2R3R1 b - - 1 30,"{""c8g4"",""e2e1"",""g2g1""}",rook,10,intermediate,Rook 10 · Interference,interference,Black to move.,1424,Club,"{""crushing"",""interference"",""middlegame"",""short""}",Interference — block the line between two enemy pieces to break their coordination.,true,lichess,VyJoM,33189,96,{}
lc_nKCXY,r1k1rq2/1p1b3R/2n1pp1Q/pB1p4/Pb1P3B/5PN1/1P3KP1/2R5 b - - 5 33,"{""f8h6"",""h7h6"",""b4d2"",""c1h1"",""d2h6""}",rook,10,intermediate,Rook 10 · Fork,fork,Black to move.,1424,Club,"{""advantage"",""attraction"",""fork"",""long"",""middlegame""}","A fork — one piece attacks two enemy pieces at once, forcing a material win.",true,lichess,nKCXY,32917,94,{}
lc_OkMxb,4kr2/1p6/3P2p1/7p/2P5/5R2/6K1/8 w - - 3 42,"{""d6d7"",""e8d7"",""f3f8""}",rook,10,intermediate,Rook 10 · Deflection,deflection,White to move.,1425,Club,"{""advancedPawn"",""crushing"",""deflection"",""endgame"",""rookEndgame"",""short""}",A deflection — lure a defending piece away from the square it was guarding.,true,lichess,OkMxb,36894,96,{}
lc_vr97U,2k1r3/ppp3p1/3b2q1/1P2p3/8/P1N3P1/2P3Q1/R3R1K1 b - - 0 23,"{""d6c5"",""g1h2"",""e8h8"",""g2h3"",""h8h3""}",rook,10,intermediate,Rook 10 · Crushing,crushing,Black to move.,1425,Club,"{""crushing"",""exposedKing"",""long"",""middlegame""}",Find the strongest continuation and seize the advantage.,true,lichess,vr97U,36540,95,{}
lc_KgfNJ,6k1/2q3p1/2r1rpNp/8/2R2PQ1/7P/6P1/7K w - - 0 43,"{""g4e6"",""c6e6"",""c4c7""}",rook,10,intermediate,Rook 10 · Endgame,endgame,White to move.,1425,Club,"{""crushing"",""endgame"",""short""}",An endgame technique — precise play with few pieces where every tempo counts.,true,lichess,KgfNJ,35834,95,{}
lc_nRFls,8/5N2/2p1n3/3p2p1/2kP1PP1/4K3/8/8 b - - 0 58,"{""g5f4"",""e3f3"",""c4d4""}",rook,10,intermediate,Rook 10 · Knight Endgame,knightEndgame,Black to move.,1425,Club,"{""crushing"",""endgame"",""knightEndgame"",""short""}",A knight endgame — calculate carefully; knights are slow to switch wings.,true,lichess,nRFls,35807,96,{}
lc_eBJGj,6k1/p5p1/b3p2p/Rrn2p2/8/P3R2P/5PP1/6K1 w - - 13 40,"{""a5b5"",""a6b5"",""e3e5"",""a7a6"",""e5c5""}",rook,10,intermediate,Rook 10 · Endgame,endgame,White to move.,1425,Club,"{""advantage"",""endgame"",""long""}",An endgame technique — precise play with few pieces where every tempo counts.,true,lichess,eBJGj,35438,96,{}
lc_4z3t2,4k3/pp3p2/3q3p/1P2N3/4Qp2/8/1PPK1P2/7r w - - 1 34,"{""e5d3"",""d6e6"",""e4h1""}",rook,10,intermediate,Rook 10 · Discovered Attack,discoveredAttack,White to move.,1425,Club,"{""crushing"",""discoveredAttack"",""discoveredCheck"",""endgame"",""short""}",A discovered attack — moving one piece uncovers a deadly attack from another.,true,lichess,4z3t2,35378,97,{}
lc_qShuz,6k1/5qp1/1p2Q2p/p7/8/P6P/1P2R1PK/3r4 w - - 1 35,"{""e6c8"",""f7f8"",""e2e8"",""f8e8"",""c8e8""}",rook,10,intermediate,Rook 10 · Pin,pin,White to move.,1425,Club,"{""clearance"",""crushing"",""endgame"",""long"",""master"",""masterVsMaster"",""pin""}",A pin — the attacked piece can't move without exposing a more valuable piece behind it.,true,lichess,qShuz,34909,95,{}
lc_TNSxH,6k1/1p2r1p1/2p1b1rp/p4P2/2p2P2/PP3Q1P/2BB4/3N3K b - - 0 37,"{""e6d5"",""f3d5"",""c6d5"",""f5g6"",""e7e2""}",rook,10,intermediate,Rook 10 · Pin,pin,Black to move.,1425,Club,"{""advantage"",""long"",""middlegame"",""pin""}",A pin — the attacked piece can't move without exposing a more valuable piece behind it.,true,lichess,TNSxH,34614,96,{}
lc_HMSxo,r3kb1r/pppb1ppp/4p3/8/Q2P2q1/3PBN2/PP3PPP/R3K2R w KQkq - 3 12,"{""a4d7"",""e8d7"",""f3e5"",""d7e8"",""e5g4""}",rook,10,intermediate,Rook 10 · Fork,fork,White to move.,1425,Club,"{""advantage"",""attraction"",""fork"",""long"",""middlegame"",""sacrifice""}","A fork — one piece attacks two enemy pieces at once, forcing a material win.",true,lichess,HMSxo,34468,95,"{""French_Defense"",""French_Defense_Classical_Variation""}"
lc_EfA3W,r5rk/2q1nbpp/p2p1p2/1p2pP2/4P2Q/1NPn2R1/P1P3PP/R3B2K w - - 0 22,"{""h4h7"",""h8h7"",""g3h3"",""f7h5"",""h3h5""}",rook,10,intermediate,Rook 10 · Mate In3,mateIn3,White to move.,1425,Club,"{""attraction"",""fork"",""long"",""mate"",""mateIn3"",""middlegame"",""sacrifice""}",Checkmate in three — calculate the forcing line all the way to mate.,true,lichess,EfA3W,34403,96,{}
lc_yk6Of,r4B1k/1ppR2pp/8/8/1n2P3/pb3P2/1P2B1PP/1K5R b - - 0 24,"{""a3a2"",""b1c1"",""a2a1q""}",rook,10,intermediate,Rook 10 · Deflection,deflection,Black to move.,1425,Club,"{""advancedPawn"",""crushing"",""deflection"",""middlegame"",""promotion"",""queensideAttack"",""short""}",A deflection — lure a defending piece away from the square it was guarding.,true,lichess,yk6Of,33860,96,{}
lc_KWV84,r1b1k2r/p1p2ppp/2p2n2/1B1q4/8/2P5/P1P2PPP/R1BQK2R w KQkq - 0 10,"{""d1d5"",""f6d5"",""b5c6""}",rook,10,intermediate,Rook 10 · Pin,pin,White to move.,1425,Club,"{""capturingDefender"",""crushing"",""intermezzo"",""middlegame"",""pin"",""short""}",A pin — the attacked piece can't move without exposing a more valuable piece behind it.,true,lichess,KWV84,33585,95,"{""Four_Knights_Game"",""Four_Knights_Game_Scotch_Variation_Accepted""}"
lc_H14Oo,3rk2r/p2p1pp1/1pnQpq1p/1N6/4P3/8/PPP2PPP/2KR1R2 b k - 3 14,"{""f6g5"",""f2f4"",""g5b5""}",rook,10,intermediate,Rook 10 · Fork,fork,Black to move.,1425,Club,"{""advantage"",""fork"",""middlegame"",""short""}","A fork — one piece attacks two enemy pieces at once, forcing a material win.",true,lichess,H14Oo,33325,95,"{""Sicilian_Defense"",""Sicilian_Defense_Pin_Variation""}"
lc_CYXnu,8/2b5/4kp2/2R1p3/4P2p/5P1P/2r2BK1/8 b - - 0 46,"{""c2f2"",""g2f2"",""c7b6"",""f2e1"",""b6c5""}",rook,10,intermediate,Rook 10 · Pin,pin,Black to move.,1425,Club,"{""crushing"",""endgame"",""long"",""pin"",""sacrifice""}",A pin — the attacked piece can't move without exposing a more valuable piece behind it.,true,lichess,CYXnu,33280,95,{}
lc_3a8gR,3r2k1/1p2R1p1/p4r1p/3P4/2q2PQ1/P7/6PP/3R2K1 b - - 3 30,"{""c4c5"",""g1h1"",""c5e7""}",rook,10,intermediate,Rook 10 · Fork,fork,Black to move.,1425,Club,"{""crushing"",""endgame"",""fork"",""short""}","A fork — one piece attacks two enemy pieces at once, forcing a material win.",true,lichess,3a8gR,33062,95,{}
lc_OCjEW,r6B/pp3k1p/2p1b1p1/5p2/8/PP2bN2/5PPP/2K1R3 w - - 0 24,"{""e1e3"",""a8h8"",""f3g5"",""f7f6"",""g5e6""}",rook,10,intermediate,Rook 10 · Endgame,endgame,White to move.,1425,Club,"{""advantage"",""endgame"",""long""}",An endgame technique — precise play with few pieces where every tempo counts.,true,lichess,OCjEW,33030,95,{}
lc_HVwXW,r4kr1/pp2p3/1q1p1p2/2pP1B2/4P3/6Q1/6PP/2B3K1 w - - 0 32,"{""c1h6"",""f8f7"",""f5e6"",""f7e8"",""g3g8""}",rook,10,intermediate,Rook 10 · Mate In3,mateIn3,White to move.,1425,Club,"{""deflection"",""endgame"",""long"",""mate"",""mateIn3""}",Checkmate in three — calculate the forcing line all the way to mate.,true,lichess,HVwXW,32921,96,{}
lc_mev4t,3rr1k1/pppq1ppp/2n3n1/2B3Q1/2B5/P2P3P/1PP2PP1/3R1RK1 b - - 10 19,"{""e8e5"",""g5c1"",""e5c5""}",rook,10,intermediate,Rook 10 · Interference,interference,Black to move.,1426,Club,"{""advantage"",""interference"",""middlegame"",""short""}",Interference — block the line between two enemy pieces to break their coordination.,true,lichess,mev4t,52808,97,"{""Scandinavian_Defense"",""Scandinavian_Defense_Boehnke_Gambit""}"
lc_05jmH,3r4/ppp1kp1p/4np2/7R/8/2N5/PPPrRPPP/5K2 b - - 9 21,"{""d2e2"",""f1e2"",""e6f4"",""e2e3"",""f4h5""}",rook,10,intermediate,Rook 10 · Fork,fork,Black to move.,1426,Club,"{""attraction"",""crushing"",""endgame"",""fork"",""long""}","A fork — one piece attacks two enemy pieces at once, forcing a material win.",true,lichess,05jmH,46580,97,{}
lc_aDayk,rnbqk2r/ppp2ppp/5n2/2b5/P3p3/1N4P1/1PP1PPBP/R1BQK1NR b KQkq - 2 7,"{""c5f2"",""e1f2"",""d8d1""}",rook,10,intermediate,Rook 10 · Deflection,deflection,Black to move.,1426,Club,"{""attackingF2F7"",""crushing"",""deflection"",""opening"",""short""}",A deflection — lure a defending piece away from the square it was guarding.,true,lichess,aDayk,37919,95,"{""Hungarian_Opening"",""Hungarian_Opening_Indian_Defense""}"
lc_ytAQE,r5k1/3b2P1/2p1p2p/3p4/1p1P3R/P2Q1N2/KP4q1/7R b - - 0 28,"{""a8a3"",""d3a3"",""b4a3"",""h1h2"",""g2f3""}",rook,10,intermediate,Rook 10 · Pin,pin,Black to move.,1426,Club,"{""advantage"",""capturingDefender"",""long"",""middlegame"",""pin""}",A pin — the attacked piece can't move without exposing a more valuable piece behind it.,true,lichess,ytAQE,37577,95,{}
lc_dHuPl,2R5/pp3p1k/3Q1Pp1/6q1/7p/7P/Pr4P1/4r1RK w - - 3 30,"{""c8h8"",""h7h8"",""d6f8"",""h8h7"",""f8g7""}",rook,10,intermediate,Rook 10 · Mate In3,mateIn3,White to move.,1426,Club,"{""attraction"",""endgame"",""long"",""mate"",""mateIn3"",""sacrifice""}",Checkmate in three — calculate the forcing line all the way to mate.,true,lichess,dHuPl,37458,96,{}
lc_Ptepp,r2qk2r/pp1nbpQ1/2p4p/3b4/8/1P3N2/P1P1BPPP/R1B2RK1 b kq - 0 13,"{""e7f6"",""g7g3"",""f6a1""}",rook,10,intermediate,Rook 10 · Fork,fork,Black to move.,1426,Club,"{""advantage"",""fork"",""interference"",""opening"",""short""}","A fork — one piece attacks two enemy pieces at once, forcing a material win.",true,lichess,Ptepp,37266,95,"{""Philidor_Defense"",""Philidor_Defense_Other_variations""}"
lc_d4gT0,r1bq1k2/pp3Pp1/2nr4/2N4p/3P1P1b/2P3nP/PP1Q2BR/R1BK2N1 b - - 0 19,"{""c6d4"",""c3d4"",""d6d4""}",rook,10,intermediate,Rook 10 · Pin,pin,Black to move.,1426,Club,"{""advantage"",""master"",""middlegame"",""pin"",""short""}",A pin — the attacked piece can't move without exposing a more valuable piece behind it.,true,lichess,d4gT0,36830,95,"{""Sicilian_Defense"",""Sicilian_Defense_Closed""}"
lc_hoHqf,r1bq1rk1/4b1pp/2P1p3/pB2Pp2/1P1p1P2/P3P2P/2Q3P1/RR4K1 w - - 1 23,"{""c6c7"",""d8d5"",""b5c6""}",rook,10,intermediate,Rook 10 · Clearance,clearance,White to move.,1426,Club,"{""advancedPawn"",""clearance"",""crushing"",""master"",""middlegame"",""short""}",A clearance — vacate a square or line so another piece can strike.,true,lichess,hoHqf,36577,95,{}
lc_Rwz9n,r1bq1rk1/pp2bppp/1n6/4Q3/8/PP3B2/1B2NPPP/R4RK1 b - - 2 17,"{""e7f6"",""e5a5"",""f6b2""}",rook,10,intermediate,Rook 10 · Skewer,skewer,Black to move.,1426,Club,"{""advantage"",""middlegame"",""short"",""skewer""}","A skewer — the higher-value piece is forced to move, losing the piece behind it.",true,lichess,Rwz9n,35428,97,"{""French_Defense"",""French_Defense_Schlechter_Variation""}"
lc_f26vd,4Q3/p1p1P1kp/1p1p2p1/8/2P5/8/PP2p1PP/5qRK b - - 0 28,"{""f1g1"",""h1g1"",""e2e1q""}",rook,10,intermediate,Rook 10 · Mate In2,mateIn2,Black to move.,1426,Club,"{""advancedPawn"",""attraction"",""endgame"",""mate"",""mateIn2"",""promotion"",""short""}",Checkmate in two — a forced sequence that delivers checkmate on move two.,true,lichess,f26vd,34695,95,{}
lc_0zkIX,5rk1/pp2Qppp/4R3/2p5/8/1P5P/2q3P1/3r1R1K w - - 1 26,"{""e7f7"",""f8f7"",""e6e8"",""f7f8"",""e8f8""}",rook,10,intermediate,Rook 10 · Mate In3,mateIn3,White to move.,1426,Club,"{""clearance"",""endgame"",""long"",""mate"",""mateIn3"",""sacrifice""}",Checkmate in three — calculate the forcing line all the way to mate.,true,lichess,0zkIX,34599,95,{}
lc_JCUMW,7Q/p6R/r2pp1p1/q1p3k1/4P3/1P1P1BP1/1PP2P2/2K5 b - - 0 29,"{""a5e1"",""f3d1"",""a6a1""}",rook,10,intermediate,Rook 10 · Mate In2,mateIn2,Black to move.,1426,Club,"{""clearance"",""endgame"",""mate"",""mateIn2"",""queensideAttack"",""short""}",Checkmate in two — a forced sequence that delivers checkmate on move two.,true,lichess,JCUMW,34493,95,{}
lc_qO4Md,1r3qrk/1pp2p1p/2bp1PpQ/8/1PP2R2/2P5/6PP/1RB3K1 w - - 6 24,"{""h6h7"",""h8h7"",""f4h4"",""f8h6"",""h4h6""}",rook,10,intermediate,Rook 10 · Mate In3,mateIn3,White to move.,1426,Club,"{""attraction"",""kingsideAttack"",""long"",""mate"",""mateIn3"",""middlegame"",""operaMate"",""sacrifice""}",Checkmate in three — calculate the forcing line all the way to mate.,true,lichess,qO4Md,34177,96,{}
lc_Se4xK,r1b1k1nr/pp1n1ppp/1q1bp3/2pp4/3P1B2/1QP1PN2/PP3PPP/RN2KB1R w KQkq - 3 7,"{""b3b6"",""d7b6"",""f4d6""}",rook,10,intermediate,Rook 10 · Advantage,advantage,White to move.,1426,Club,"{""advantage"",""capturingDefender"",""opening"",""short""}",Find the strongest continuation and seize the advantage.,true,lichess,Se4xK,34083,95,"{""Queens_Pawn_Game"",""Queens_Pawn_Game_Accelerated_London_System""}"
lc_OEcx0,8/p6k/b1pqp2p/3p1p1P/3Q2r1/4R2N/PP3P1P/7K w - - 3 26,"{""d4a7"",""g4g7"",""a7a6""}",rook,10,intermediate,Rook 10 · Fork,fork,White to move.,1426,Club,"{""advantage"",""endgame"",""fork"",""short""}","A fork — one piece attacks two enemy pieces at once, forcing a material win.",true,lichess,OEcx0,33746,95,{}
lc_8HPwI,3r2k1/pp2Q1p1/1q2p2p/4Pp2/8/P2p3P/5PP1/2R3K1 w - - 0 32,"{""c1c7"",""b6c7"",""e7c7""}",rook,10,intermediate,Rook 10 · Endgame,endgame,White to move.,1426,Club,"{""advantage"",""endgame"",""short""}",An endgame technique — precise play with few pieces where every tempo counts.,true,lichess,8HPwI,33391,94,{}
lc_5l0i4,r1b1k2r/pppp1ppp/5n2/3P4/1bP5/q1N1B3/P3QPPP/2R1KB1R w Kkq - 4 12,"{""e3c5"",""f6e4"",""e2e4"",""e8d8"",""e4e7""}",rook,10,intermediate,Rook 10 · Mate In3,mateIn3,White to move.,1426,Club,"{""discoveredAttack"",""discoveredCheck"",""long"",""mate"",""mateIn3"",""opening""}",Checkmate in three — calculate the forcing line all the way to mate.,true,lichess,5l0i4,33192,96,"{""Mikenas_Defense"",""Mikenas_Defense_Other_variations""}"
lc_6bsdC,r2q4/pp1b2pk/3p4/2bQ2p1/3p3r/8/PPP3PP/RNB2R1K w - - 0 17,"{""c1g5"",""h4h2"",""h1h2""}",rook,10,intermediate,Rook 10 · Fork,fork,White to move.,1426,Club,"{""advantage"",""fork"",""middlegame"",""short""}","A fork — one piece attacks two enemy pieces at once, forcing a material win.",true,lichess,6bsdC,32932,95,"{""Italian_Game"",""Italian_Game_Scotch_Gambit""}"
lc_pEqqE,rn1qk2r/1p3ppp/p2b1n2/1P1bB3/8/4PN2/3P1PPP/RN1QKB1R b KQkq - 0 10,"{""d5f3"",""d1f3"",""d6e5""}",rook,10,intermediate,Rook 10 · Advantage,advantage,Black to move.,1427,Club,"{""advantage"",""capturingDefender"",""intermezzo"",""opening"",""short""}",Find the strongest continuation and seize the advantage.,true,lichess,pEqqE,39279,95,"{""Polish_Opening"",""Polish_Opening_Other_variations""}"
lc_GDQkP,r1b1k1nr/1pp2ppp/p2p4/8/1b1PPq2/1PB4P/P3QPP1/RN2KB1R b KQkq - 2 11,"{""f4c1"",""e2d1"",""b4c3"",""b1c3"",""c1c3""}",rook,10,intermediate,Rook 10 · Fork,fork,Black to move.,1427,Club,"{""crushing"",""fork"",""long"",""opening""}","A fork — one piece attacks two enemy pieces at once, forcing a material win.",true,lichess,GDQkP,38245,97,"{""Kings_Knight_Opening"",""Kings_Knight_Opening_Normal_Variation""}"
lc_amYuX,1rb2knr/ppNp1ppp/8/4P3/2Nn4/8/PqP1PPPP/2RQKB1R b K - 4 11,"{""b2c3"",""d1d2"",""c3c4""}",rook,10,intermediate,Rook 10 · Fork,fork,Black to move.,1427,Club,"{""advantage"",""fork"",""opening"",""short""}","A fork — one piece attacks two enemy pieces at once, forcing a material win.",true,lichess,amYuX,38190,95,"{""Englund_Gambit_Complex"",""Englund_Gambit_Complex_Englund_Gambit""}"
lc_Z9UxH,5rk1/5ppp/2R3n1/rp2p1q1/4Pn2/1B3Q2/PBP2PPP/R5K1 b - - 0 21,"{""g6h4"",""f3g3"",""f4e2"",""g1f1"",""e2g3""}",rook,10,intermediate,Rook 10 · Fork,fork,Black to move.,1427,Club,"{""crushing"",""fork"",""long"",""middlegame""}","A fork — one piece attacks two enemy pieces at once, forcing a material win.",true,lichess,Z9UxH,35837,96,{}
lc_evWt0,1k5r/1pp4p/p1q3p1/4Q3/8/2P4P/PP3PP1/3rR1K1 w - - 0 22,"{""e5h8"",""b8a7"",""e1d1""}",rook,10,intermediate,Rook 10 · Hanging Piece,hangingPiece,White to move.,1427,Club,"{""crushing"",""endgame"",""hangingPiece"",""intermezzo"",""short""}",A hanging piece — an undefended enemy piece is free to capture.,true,lichess,evWt0,35803,96,{}
lc_KKB5K,8/7P/6K1/8/8/2k5/p6r/R7 w - - 3 59,"{""a1a2"",""h2a2"",""h7h8q""}",rook,10,intermediate,Rook 10 · Deflection,deflection,White to move.,1427,Club,"{""advancedPawn"",""crushing"",""deflection"",""endgame"",""promotion"",""rookEndgame"",""short""}",A deflection — lure a defending piece away from the square it was guarding.,true,lichess,KKB5K,35756,95,{}
lc_OG8b1,5r1k/1p3pR1/7B/p2pPPQ1/b2b4/2r5/6PP/4q1NK w - - 0 36,"{""g7h7"",""h8h7"",""g5g7""}",rook,10,intermediate,Rook 10 · Mate In2,mateIn2,White to move.,1427,Club,"{""attraction"",""mate"",""mateIn2"",""middlegame"",""sacrifice"",""short""}",Checkmate in two — a forced sequence that delivers checkmate on move two.,true,lichess,OG8b1,35736,95,{}
lc_pbxYj,4rk2/5p2/1Q2b3/p3q3/2p5/2P3RP/5PPK/1B6 b - - 0 38,"{""e8b8"",""b6a7"",""b8b1""}",rook,10,intermediate,Rook 10 · Skewer,skewer,Black to move.,1427,Club,"{""advantage"",""endgame"",""short"",""skewer""}","A skewer — the higher-value piece is forced to move, losing the piece behind it.",true,lichess,pbxYj,35282,96,{}
lc_uwJui,1r6/2p2p1k/p2p2pp/5b2/PpQ1rP2/1P6/2P5/qNK3RR w - - 0 26,"{""c4f7"",""a1g7"",""h1h6"",""h7h6"",""g1h1"",""f5h3"",""h1h3""}",rook,10,intermediate,Rook 10 · Pin,pin,White to move.,1427,Club,"{""attraction"",""mate"",""mateIn4"",""middlegame"",""pin"",""sacrifice"",""veryLong""}",A pin — the attacked piece can't move without exposing a more valuable piece behind it.,true,lichess,uwJui,34611,96,{}
lc_IDLmT,5rk1/r4ppp/q4b2/1pp5/3nP1N1/P2PB2P/1Q3PP1/R4RK1 b - - 2 22,"{""d4f3"",""g2f3"",""f6b2""}",rook,10,intermediate,Rook 10 · Discovered Attack,discoveredAttack,Black to move.,1427,Club,"{""crushing"",""discoveredAttack"",""middlegame"",""short""}",A discovered attack — moving one piece uncovers a deadly attack from another.,true,lichess,IDLmT,34604,95,{}
lc_QlDJe,8/8/2k2N1p/p1b2P2/5K2/1P1r2RP/1P6/8 b - - 1 39,"{""c5d6"",""f4e4"",""d3g3""}",rook,10,intermediate,Rook 10 · Deflection,deflection,Black to move.,1427,Club,"{""crushing"",""deflection"",""endgame"",""short""}",A deflection — lure a defending piece away from the square it was guarding.,true,lichess,QlDJe,34460,96,{}
lc_QNL5G,4b1k1/6pp/5p2/Pr2p3/1Q1p4/5P2/6PP/3qR1K1 w - - 0 44,"{""b4c4"",""g8h8"",""e1d1""}",rook,10,intermediate,Rook 10 · Endgame,endgame,White to move.,1427,Club,"{""crushing"",""endgame"",""intermezzo"",""short""}",An endgame technique — precise play with few pieces where every tempo counts.,true,lichess,QNL5G,34437,95,{}
lc_72Z9G,5r1k/p3qrp1/3p2Qp/2pPp1b1/4N3/P6R/1P3P1P/1K6 w - - 2 30,"{""e4g5"",""e7g5"",""g6g5""}",rook,10,intermediate,Rook 10 · Pin,pin,White to move.,1427,Club,"{""advantage"",""middlegame"",""pin"",""short""}",A pin — the attacked piece can't move without exposing a more valuable piece behind it.,true,lichess,72Z9G,33981,96,{}
lc_u9zlq,r1bq4/ppn2pkr/1n3Npp/3pP3/2p4Q/1B6/PPP2PPP/R3R1K1 w - - 0 22,"{""f6h5"",""g6h5"",""h4d8""}",rook,10,intermediate,Rook 10 · Discovered Attack,discoveredAttack,White to move.,1427,Club,"{""advantage"",""discoveredAttack"",""middlegame"",""short""}",A discovered attack — moving one piece uncovers a deadly attack from another.,true,lichess,u9zlq,33967,96,{}
lc_a1ezx,r1b1k2r/ppp2p2/4q2p/4b1p1/3BP3/8/PPP1Q1PP/R3KB1R w KQkq - 0 16,"{""e2b5"",""c8d7"",""b5e5""}",rook,10,intermediate,Rook 10 · Crushing,crushing,White to move.,1427,Club,"{""crushing"",""middlegame"",""short""}",Find the strongest continuation and seize the advantage.,true,lichess,a1ezx,33855,95,"{""Kings_Gambit_Declined"",""Kings_Gambit_Declined_Petrovs_Defense""}"
lc_GCe15,8/5P2/1p2R3/1k6/1P2K2p/8/8/5r2 w - - 1 41,"{""e6e5"",""b5a4"",""e5f5""}",rook,10,intermediate,Rook 10 · Rook Endgame,rookEndgame,White to move.,1427,Club,"{""crushing"",""endgame"",""master"",""rookEndgame"",""short""}",A rook endgame — master the Lucena and Philidor ideas to convert.,true,lichess,GCe15,33674,96,{}
lc_uwKSf,r4rk1/1p1q1p2/2p1p2p/p4RpP/P2PQ1n1/1P1B4/2P5/2KR4 w - - 0 24,"{""f5g5"",""h6g5"",""e4h7""}",rook,10,intermediate,Rook 10 · Mate In2,mateIn2,White to move.,1427,Club,"{""clearance"",""kingsideAttack"",""mate"",""mateIn2"",""middlegame"",""sacrifice"",""short""}",Checkmate in two — a forced sequence that delivers checkmate on move two.,true,lichess,uwKSf,33509,97,{}
lc_xYBkW,6k1/p2N3p/2p2pp1/3p1n2/q2Pn3/PN1Q2P1/1P3P1P/5K2 b - - 1 25,"{""a4b3"",""d3b3"",""e4d2"",""f1e2"",""d2b3""}",rook,10,intermediate,Rook 10 · Fork,fork,Black to move.,1427,Club,"{""attraction"",""crushing"",""endgame"",""fork"",""long"",""sacrifice""}","A fork — one piece attacks two enemy pieces at once, forcing a material win.",true,lichess,xYBkW,33296,95,{}
lc_79Fxp,4r2k/6p1/1p6/3P4/1qR1n3/4Q3/3N1PPP/6K1 b - - 2 31,"{""b4d2"",""e3d2"",""e4d2""}",rook,10,intermediate,Rook 10 · Endgame,endgame,Black to move.,1427,Club,"{""advantage"",""endgame"",""short""}",An endgame technique — precise play with few pieces where every tempo counts.,true,lichess,79Fxp,33287,96,{}
lc_T4hsh,4r1k1/p1Q2ppp/bp6/3p4/3P4/3q1BP1/PP1B1P2/2RKN3 b - - 2 23,"{""e8e1"",""d1e1"",""d3f1""}",rook,10,intermediate,Rook 10 · Mate In2,mateIn2,Black to move.,1427,Club,"{""attraction"",""mate"",""mateIn2"",""middlegame"",""pin"",""sacrifice"",""short""}",Checkmate in two — a forced sequence that delivers checkmate on move two.,true,lichess,T4hsh,33090,95,{}
lc_KSaZx,8/6p1/4p1k1/2P1Qb1p/2P2K2/3q1P2/P5PP/2R5 b - - 2 40,"{""d3d2"",""e5e3"",""e6e5"",""f4e5"",""d2e3""}",rook,10,intermediate,Rook 10 · Fork,fork,Black to move.,1428,Club,"{""attraction"",""crushing"",""deflection"",""endgame"",""fork"",""long"",""master"",""pin""}","A fork — one piece attacks two enemy pieces at once, forcing a material win.",true,lichess,KSaZx,40207,95,{}
lc_DduCQ,r1bqk2r/pp3ppp/1b2pn1n/3p4/1P5P/P2BP3/2P2PQ1/RNB1K1NR w KQkq - 1 11,"{""g2g7"",""h8g8"",""g7h6""}",rook,10,intermediate,Rook 10 · Fork,fork,White to move.,1428,Club,"{""advantage"",""fork"",""opening"",""short""}","A fork — one piece attacks two enemy pieces at once, forcing a material win.",true,lichess,DduCQ,38343,96,"{""Grob_Opening"",""Grob_Opening_Other_variations""}"
lc_WWAEY,5rk1/5p1p/Q5p1/2p1q2b/6r1/P2B4/2P2PPP/R4RK1 b - - 0 22,"{""g4g2"",""g1g2"",""e5g5"",""g2h1"",""h5f3""}",rook,10,intermediate,Rook 10 · Mate In3,mateIn3,Black to move.,1428,Club,"{""attraction"",""long"",""mate"",""mateIn3"",""middlegame"",""sacrifice""}",Checkmate in three — calculate the forcing line all the way to mate.,true,lichess,WWAEY,37606,96,{}
lc_8B7hW,3q1rk1/5pbp/p2pp1p1/2pP1P2/P1P2P2/1r2B2P/4BQ2/2R2RK1 b - - 1 24,"{""b3e3"",""f2e3"",""g7d4"",""e3d4"",""c5d4""}",rook,10,intermediate,Rook 10 · Pin,pin,Black to move.,1428,Club,"{""advantage"",""long"",""middlegame"",""pin"",""sacrifice""}",A pin — the attacked piece can't move without exposing a more valuable piece behind it.,true,lichess,8B7hW,35746,95,{}
lc_TCXwQ,2R5/1p3ppk/pN1qpn1p/1b2N3/3r4/1P3Q1P/P4PP1/6K1 w - - 1 24,"{""c8h8"",""h7h8"",""e5f7"",""h8h7"",""f7d6""}",rook,10,intermediate,Rook 10 · Fork,fork,White to move.,1428,Club,"{""advantage"",""attraction"",""fork"",""long"",""middlegame"",""sacrifice""}","A fork — one piece attacks two enemy pieces at once, forcing a material win.",true,lichess,TCXwQ,35011,95,{}
lc_6eZhk,8/1K4Q1/2P5/3q1k2/5p2/8/8/8 w - - 1 66,"{""g7d7"",""f5e4"",""d7d5"",""e4d5"",""c6c7""}",rook,10,intermediate,Rook 10 · Advanced Pawn,advancedPawn,White to move.,1428,Club,"{""advancedPawn"",""crushing"",""endgame"",""long"",""queenEndgame""}",An advanced pawn — push the passer or use its threats to win material.,true,lichess,6eZhk,34834,96,{}
lc_fHKUv,5k2/2r2p1R/4p1P1/p1rp1p2/8/3K4/2P5/R7 w - - 1 42,"{""g6g7"",""f8e7"",""g7g8q""}",rook,10,intermediate,Rook 10 · Deflection,deflection,White to move.,1428,Club,"{""advancedPawn"",""crushing"",""deflection"",""endgame"",""promotion"",""rookEndgame"",""short""}",A deflection — lure a defending piece away from the square it was guarding.,true,lichess,fHKUv,34727,95,{}
lc_qQk3Y,5rk1/1q2nppp/1p2p3/PB2P3/Q1Nr4/P4P2/2R2P1P/5RK1 b - - 0 24,"{""b7f3"",""c4e3"",""d4a4""}",rook,10,intermediate,Rook 10 · Advantage,advantage,Black to move.,1428,Club,"{""advantage"",""middlegame"",""short""}",Find the strongest continuation and seize the advantage.,true,lichess,qQk3Y,34515,95,{}
lc_kHOcA,6r1/b3k3/p2p4/P3p2p/1P2P3/2PP1NP1/5P2/5RK1 b - - 0 28,"{""g8g3"",""g1h1"",""g3f3""}",rook,10,intermediate,Rook 10 · Pin,pin,Black to move.,1428,Club,"{""advantage"",""endgame"",""pin"",""short""}",A pin — the attacked piece can't move without exposing a more valuable piece behind it.,true,lichess,kHOcA,34259,96,{}
lc_gBBqr,r2q1b1r/k3p2p/pnQpP3/1p4p1/8/1B5P/PP3PPK/RNR5 b - - 5 20,"{""a8c8"",""c6c8"",""b6c8""}",rook,10,intermediate,Rook 10 · Advantage,advantage,Black to move.,1428,Club,"{""advantage"",""middlegame"",""short""}",Find the strongest continuation and seize the advantage.,true,lichess,gBBqr,33646,95,{}
lc_Lxt7b,2b1q3/1p3k1p/2pp1bp1/p4P2/P1PN4/2P1rQPP/5RBK/8 w - - 3 36,"{""f5g6"",""h7g6"",""f3f6""}",rook,10,intermediate,Rook 10 · Discovered Attack,discoveredAttack,White to move.,1428,Club,"{""crushing"",""discoveredAttack"",""middlegame"",""short""}",A discovered attack — moving one piece uncovers a deadly attack from another.,true,lichess,Lxt7b,33574,95,{}
lc_MEhMH,r5k1/7p/P2p2p1/1P2b3/q7/3Q1P1P/6P1/5RK1 w - - 1 42,"{""d3d5"",""g8g7"",""d5a8"",""a4d4"",""g1h1""}",rook,10,intermediate,Rook 10 · Fork,fork,White to move.,1428,Club,"{""crushing"",""endgame"",""fork"",""long""}","A fork — one piece attacks two enemy pieces at once, forcing a material win.",true,lichess,MEhMH,33364,94,{}
lc_OR7t9,r5rk/2pp1p1p/2p2PpQ/p3P3/3n4/5R2/P5PP/q1B4K w - - 2 26,"{""h6h7"",""h8h7"",""f3h3""}",rook,10,intermediate,Rook 10 · Mate In2,mateIn2,White to move.,1428,Club,"{""attraction"",""kingsideAttack"",""mate"",""mateIn2"",""middlegame"",""sacrifice"",""short""}",Checkmate in two — a forced sequence that delivers checkmate on move two.,true,lichess,OR7t9,33293,95,{}
lc_0ZqLA,2k1r3/1p2p3/p2p1p2/1NpP4/2P5/Q5Pr/PP3KPq/4R3 w - - 0 33,"{""b5d6"",""e7d6"",""e1e8""}",rook,10,intermediate,Rook 10 · Endgame,endgame,White to move.,1428,Club,"{""crushing"",""endgame"",""queensideAttack"",""short""}",An endgame technique — precise play with few pieces where every tempo counts.,true,lichess,0ZqLA,33256,95,{}
lc_x1vgF,1k2r2r/ppp5/2n5/6B1/2QbNP2/1P1q4/6PP/4RR1K b - - 2 26,"{""h8h2"",""h1h2"",""e8h8"",""g5h6"",""h8h6""}",rook,10,intermediate,Rook 10 · Mate In3,mateIn3,Black to move.,1428,Club,"{""attraction"",""long"",""mate"",""mateIn3"",""middlegame"",""pillsburysMate"",""sacrifice""}",Checkmate in three — calculate the forcing line all the way to mate.,true,lichess,x1vgF,33103,95,{}
lc_HKPPH,r2r2k1/pp2bppp/2n5/2pNN2n/2P5/7P/PP3PP1/R1B1K2R w KQ - 2 15,"{""e5c6"",""b7c6"",""d5e7""}",rook,10,intermediate,Rook 10 · Capturing Defender,capturingDefender,White to move.,1429,Club,"{""capturingDefender"",""crushing"",""middlegame"",""short""}",Find the strongest continuation and seize the advantage.,true,lichess,HKPPH,36275,95,"{""English_Opening"",""English_Opening_The_Whale""}"
lc_CBJGY,r4n1k/pp2q1p1/8/4N2p/4P2b/2Q4K/PP4P1/5R2 w - - 1 32,"{""f1f8"",""a8f8"",""e5g6"",""h8g8"",""g6e7""}",rook,10,intermediate,Rook 10 · Fork,fork,White to move.,1429,Club,"{""crushing"",""fork"",""long"",""middlegame"",""sacrifice""}","A fork — one piece attacks two enemy pieces at once, forcing a material win.",true,lichess,CBJGY,36160,95,{}
lc_zay52,8/p7/8/2K2B2/8/1kp5/8/8 b - - 5 59,"{""a7a5"",""f5d3"",""a5a4""}",rook,10,intermediate,Rook 10 · Bishop Endgame,bishopEndgame,Black to move.,1429,Club,"{""bishopEndgame"",""crushing"",""defensiveMove"",""endgame"",""quietMove"",""short""}",A bishop endgame — colour complexes and the wrong-bishop rule matter.,true,lichess,zay52,35769,95,{}
lc_CeraF,8/4kp2/p3p1p1/1p1pQ3/2q4P/8/5PP1/2r2RK1 w - - 5 36,"{""e5g5"",""f7f6"",""g5c1"",""c4c1"",""f1c1""}",rook,10,intermediate,Rook 10 · Endgame,endgame,White to move.,1429,Club,"{""advantage"",""endgame"",""long""}",An endgame technique — precise play with few pieces where every tempo counts.,true,lichess,CeraF,35610,96,{}
lc_Bx7hF,k5r1/P7/1PP5/1K6/8/8/8/8 w - - 1 84,"{""b5a6"",""g8g7"",""b6b7"",""g7b7"",""c6b7""}",rook,10,intermediate,Rook 10 · Mate In3,mateIn3,White to move.,1429,Club,"{""advancedPawn"",""endgame"",""exposedKing"",""long"",""mate"",""mateIn3"",""rookEndgame""}",Checkmate in three — calculate the forcing line all the way to mate.,true,lichess,Bx7hF,35188,96,{}
lc_GRmLe,5rk1/1ppqb3/p2p2p1/4p2p/4N3/P1NP1QPn/1PP3KP/5R2 w - - 2 21,"{""f3f8"",""e7f8"",""e4f6"",""g8g7"",""f6d7""}",rook,10,intermediate,Rook 10 · Fork,fork,White to move.,1429,Club,"{""crushing"",""exposedKing"",""fork"",""long"",""middlegame"",""sacrifice""}","A fork — one piece attacks two enemy pieces at once, forcing a material win.",true,lichess,GRmLe,34843,96,{}
lc_r2wLW,2r2r1k/1p3pp1/1pn4p/2q5/3pR1Q1/P2P3P/BPP1RPP1/6K1 b - - 11 25,"{""f7f5"",""g4h5"",""f5e4"",""h5c5"",""b6c5""}",rook,10,intermediate,Rook 10 · Fork,fork,Black to move.,1429,Club,"{""advantage"",""fork"",""long"",""middlegame""}","A fork — one piece attacks two enemy pieces at once, forcing a material win.",true,lichess,r2wLW,34598,95,{}
lc_ga2Hn,r5k1/2r3pp/3p4/4pP2/4P2P/Pp6/1PqQ4/K2R2R1 b - - 9 34,"{""a8a3"",""b2a3"",""b3b2"",""a1a2"",""b2b1q""}",rook,10,intermediate,Rook 10 · Mate In3,mateIn3,Black to move.,1429,Club,"{""advancedPawn"",""discoveredCheck"",""doubleCheck"",""endgame"",""long"",""mate"",""mateIn3"",""promotion"",""sacrifice""}",Checkmate in three — calculate the forcing line all the way to mate.,true,lichess,ga2Hn,34203,96,{}
lc_k0oc5,5rk1/1b4p1/p3p1Bp/1p2P3/5b2/8/PP4PP/3N1RK1 b - - 1 25,"{""f4h2"",""g1h2"",""f8f1""}",rook,10,intermediate,Rook 10 · Discovered Attack,discoveredAttack,Black to move.,1429,Club,"{""crushing"",""deflection"",""discoveredAttack"",""endgame"",""short""}",A discovered attack — moving one piece uncovers a deadly attack from another.,true,lichess,k0oc5,34141,94,{}
lc_HPJAK,8/8/2p2n2/p3r1k1/8/2N3PP/PPP2PK1/8 w - - 1 27,"{""f2f4"",""g5g6"",""f4e5""}",rook,10,intermediate,Rook 10 · Fork,fork,White to move.,1429,Club,"{""crushing"",""endgame"",""fork"",""short""}","A fork — one piece attacks two enemy pieces at once, forcing a material win.",true,lichess,HPJAK,34113,95,{}
lc_NQHVt,2r3k1/pq3pp1/7p/2P1b3/R1R5/4Q1P1/4PP1P/3r1BK1 b - - 5 32,"{""d1f1"",""g1f1"",""b7h1""}",rook,10,intermediate,Rook 10 · Mate In2,mateIn2,Black to move.,1429,Club,"{""attraction"",""mate"",""mateIn2"",""middlegame"",""sacrifice"",""short""}",Checkmate in two — a forced sequence that delivers checkmate on move two.,true,lichess,NQHVt,33593,96,{}
lc_MXXBp,5Q2/p1r5/PpP1k3/1P1pq2p/4p2P/8/5KP1/3R4 b - - 0 42,"{""c7f7"",""f8f7"",""e6f7""}",rook,10,intermediate,Rook 10 · Fork,fork,Black to move.,1429,Club,"{""crushing"",""endgame"",""fork"",""short""}","A fork — one piece attacks two enemy pieces at once, forcing a material win.",true,lichess,MXXBp,33515,95,{}
lc_CyaxD,1k1r3r/ppp2p2/B1n2q1p/2Pp4/4pP2/1QP1P1P1/PP6/2KR3R b - - 1 21,"{""c6a5"",""b3b5"",""f6a6"",""b5a6"",""b7a6""}",rook,10,intermediate,Rook 10 · Discovered Attack,discoveredAttack,Black to move.,1429,Club,"{""advantage"",""discoveredAttack"",""long"",""middlegame""}",A discovered attack — moving one piece uncovers a deadly attack from another.,true,lichess,CyaxD,33451,95,{}
lc_Iyd2i,rq1r2k1/1p1bpp1p/1Q1p1np1/pN1P4/4P1P1/5B1P/PP3P2/2R2RK1 b - - 2 20,"{""a8a6"",""b6e3"",""d7b5""}",rook,10,intermediate,Rook 10 · Advantage,advantage,Black to move.,1429,Club,"{""advantage"",""middlegame"",""short""}",Find the strongest continuation and seize the advantage.,true,lichess,Iyd2i,33340,95,{}
lc_kjfY0,r5k1/1qr3p1/p2p4/4pPB1/4P3/1P1Q4/P7/2R4K w - - 3 32,"{""c1c7"",""b7c7"",""d3d5"",""g8h7"",""d5a8""}",rook,10,intermediate,Rook 10 · Fork,fork,White to move.,1429,Club,"{""advantage"",""deflection"",""endgame"",""fork"",""long""}","A fork — one piece attacks two enemy pieces at once, forcing a material win.",true,lichess,kjfY0,33065,95,{}
lc_luxqp,6rk/2p2p1p/p1p5/5pr1/PR1R4/2P1P1PP/5P2/6K1 b - - 0 26,"{""c6c5"",""d4d7"",""c5b4""}",rook,10,intermediate,Rook 10 · Fork,fork,Black to move.,1429,Club,"{""advantage"",""endgame"",""fork"",""rookEndgame"",""short""}","A fork — one piece attacks two enemy pieces at once, forcing a material win.",true,lichess,luxqp,32949,95,{}
lc_Zj33Z,1k6/8/R1p2pp1/p2r4/3P4/5N1P/b2N1PP1/6K1 b - - 2 30,"{""b8b7"",""a6a5"",""d5a5""}",rook,10,intermediate,Rook 10 · Trapped Piece,trappedPiece,Black to move.,1429,Club,"{""advantage"",""endgame"",""short"",""trappedPiece""}",A trapped piece — the enemy piece has no safe squares and can be won.,true,lichess,Zj33Z,32920,94,{}
lc_PHdrK,8/p2r1pkp/1pp2pp1/4P3/8/2PqQ1P1/b5BP/4R1K1 w - - 0 28,"{""e5f6"",""g7f6"",""e3e5""}",rook,10,intermediate,Rook 10 · Mate In2,mateIn2,White to move.,1430,Club,"{""attraction"",""dovetailMate"",""endgame"",""mate"",""mateIn2"",""short""}",Checkmate in two — a forced sequence that delivers checkmate on move two.,true,lichess,PHdrK,37826,95,{}
lc_KQhz8,3r1r1k/1RQ3pp/4B3/8/1P6/P4pPP/2P1qP2/5RK1 b - - 4 30,"{""e2f1"",""g1f1"",""d8d1""}",rook,10,intermediate,Rook 10 · Mate In2,mateIn2,Black to move.,1430,Club,"{""attraction"",""mate"",""mateIn2"",""middlegame"",""sacrifice"",""short""}",Checkmate in two — a forced sequence that delivers checkmate on move two.,true,lichess,KQhz8,35989,96,{}
lc_5eU57,6k1/5pp1/5n1p/p3p3/3R1q1P/1P3P2/P4QP1/2R3K1 b - - 0 31,"{""f4c1"",""g1h2"",""e5d4""}",rook,10,intermediate,Rook 10 · Hanging Piece,hangingPiece,Black to move.,1430,Club,"{""crushing"",""endgame"",""hangingPiece"",""intermezzo"",""short""}",A hanging piece — an undefended enemy piece is free to capture.,true,lichess,5eU57,35102,96,{}
lc_zLpab,r1b2rk1/pp3ppp/8/4B3/1qp1P3/2pP1Q1P/PP3PP1/R4RK1 b - - 0 15,"{""c3b2"",""a1b1"",""c4c3""}",rook,10,intermediate,Rook 10 · Advanced Pawn,advancedPawn,Black to move.,1430,Club,"{""advancedPawn"",""advantage"",""middlegame"",""short""}",An advanced pawn — push the passer or use its threats to win material.,true,lichess,zLpab,35009,96,"{""Italian_Game"",""Italian_Game_Blackburne-Kostic_Gambit""}"
lc_q7AWv,r7/N1R2pkp/4p1p1/n7/1K1P4/6P1/4PP1P/8 b - - 3 30,"{""a8a7"",""c7a7"",""a5c6"",""b4c5"",""c6a7""}",rook,10,intermediate,Rook 10 · Fork,fork,Black to move.,1430,Club,"{""advantage"",""attraction"",""endgame"",""fork"",""long"",""sacrifice""}","A fork — one piece attacks two enemy pieces at once, forcing a material win.",true,lichess,q7AWv,34786,95,{}
lc_mW5SD,8/3Kn3/p7/P4p2/4P3/q2k4/6Q1/6r1 w - - 0 56,"{""g2f3"",""d3d4"",""f3a3""}",rook,10,intermediate,Rook 10 · Skewer,skewer,White to move.,1430,Club,"{""crushing"",""endgame"",""master"",""short"",""skewer""}","A skewer — the higher-value piece is forced to move, losing the piece behind it.",true,lichess,mW5SD,34708,95,{}
lc_4xtaT,7k/4R2p/3p2p1/P2r4/2p5/7P/6P1/6K1 w - - 0 36,"{""a5a6"",""c4c3"",""a6a7"",""d5a5"",""e7e8"",""h8g7"",""a7a8q"",""a5a8"",""e8a8""}",rook,10,intermediate,Rook 10 · Promotion,promotion,White to move.,1430,Club,"{""advancedPawn"",""crushing"",""endgame"",""promotion"",""rookEndgame"",""veryLong""}",Pawn promotion — advance the pawn to its final rank and choose your new piece wisely.,true,lichess,4xtaT,34462,95,{}
lc_OMvaK,3rr1k1/pp3ppp/8/4n3/7b/2P1NP2/PP1BQP1P/R5K1 b - - 6 19,"{""d8d2"",""e2d2"",""e5f3"",""g1g2"",""f3d2""}",rook,10,intermediate,Rook 10 · Fork,fork,Black to move.,1430,Club,"{""advantage"",""attraction"",""deflection"",""fork"",""long"",""middlegame""}","A fork — one piece attacks two enemy pieces at once, forcing a material win.",true,lichess,OMvaK,34136,96,"{""French_Defense"",""French_Defense_Knight_Variation""}"
lc_LgGM9,2kr1b2/ppp1p3/2n5/3p4/3P3Q/2P1PqB1/PP3PrP/R4K1R w - - 4 22,"{""h4h3"",""e7e6"",""h3g2""}",rook,10,intermediate,Rook 10 · Advantage,advantage,White to move.,1430,Club,"{""advantage"",""middlegame"",""short""}",Find the strongest continuation and seize the advantage.,true,lichess,LgGM9,34048,95,{}
lc_cAcYF,4r3/Q2P4/1p3pk1/2p5/6p1/P7/1PPbqPPB/5RK1 b - - 0 31,"{""e2f1"",""g1f1"",""e8e1""}",rook,10,intermediate,Rook 10 · Mate In2,mateIn2,Black to move.,1430,Club,"{""attraction"",""endgame"",""mate"",""mateIn2"",""operaMate"",""sacrifice"",""short""}",Checkmate in two — a forced sequence that delivers checkmate on move two.,true,lichess,cAcYF,34034,96,{}
lc_T3diJ,1Q6/2p1rkp1/8/p4N2/Pbq5/8/5PPP/2B2RK1 b - - 0 29,"{""c4f1"",""g1f1"",""e7e1""}",rook,10,intermediate,Rook 10 · Mate In2,mateIn2,Black to move.,1430,Club,"{""attraction"",""master"",""masterVsMaster"",""mate"",""mateIn2"",""middlegame"",""operaMate"",""sacrifice"",""short""}",Checkmate in two — a forced sequence that delivers checkmate on move two.,true,lichess,T3diJ,33902,96,{}
lc_WvZ9w,r6k/q4pRp/3p3B/4pP2/4P3/1p5P/r5Q1/3K4 w - - 0 35,"{""g7h7"",""h8h7"",""g2g7""}",rook,10,intermediate,Rook 10 · Mate In2,mateIn2,White to move.,1430,Club,"{""attraction"",""endgame"",""mate"",""mateIn2"",""sacrifice"",""short""}",Checkmate in two — a forced sequence that delivers checkmate on move two.,true,lichess,WvZ9w,33877,96,{}
lc_7PAkp,r3r1k1/5p1p/1bpq1p2/p2p1Q2/8/1N4P1/PP2bPBP/2R1R1K1 w - - 0 18,"{""e1e2"",""e8e2"",""f5g4"",""g8f8"",""g4e2""}",rook,10,intermediate,Rook 10 · Fork,fork,White to move.,1430,Club,"{""advantage"",""attraction"",""fork"",""long"",""middlegame"",""sacrifice""}","A fork — one piece attacks two enemy pieces at once, forcing a material win.",true,lichess,7PAkp,33725,96,"{""Catalan_Opening"",""Catalan_Opening_Other_variations""}"
lc_HAalU,5k2/1p4pp/pr1r1p2/R2Bp3/2P2n1P/1P3P2/PK3P2/3R4 w - - 1 29,"{""c4c5"",""d6d5"",""d1d5"",""f4d5"",""c5b6""}",rook,10,intermediate,Rook 10 · Fork,fork,White to move.,1430,Club,"{""advantage"",""endgame"",""fork"",""long""}","A fork — one piece attacks two enemy pieces at once, forcing a material win.",true,lichess,HAalU,33387,94,{}
lc_ZIpL4,r3k2r/pp1qb1p1/2npp1p1/2pN3p/2P1P1B1/3PP2P/PP6/R2Q1RK1 w kq - 0 16,"{""g4e6"",""d7e6"",""d5c7"",""e8d7"",""c7e6""}",rook,10,intermediate,Rook 10 · Fork,fork,White to move.,1430,Club,"{""attraction"",""crushing"",""exposedKing"",""fork"",""long"",""middlegame"",""sacrifice""}","A fork — one piece attacks two enemy pieces at once, forcing a material win.",true,lichess,ZIpL4,33296,94,"{""English_Opening"",""English_Opening_Symmetrical_Variation""}"
lc_pTMpH,rn2kbnr/ppp1pppp/2q3b1/3N4/1P4P1/5N1P/P1PPBP2/R1BQK2R w KQkq - 3 10,"{""e2b5"",""c6b5"",""d5c7"",""e8d8"",""c7b5""}",rook,10,intermediate,Rook 10 · Fork,fork,White to move.,1431,Club,"{""attraction"",""crushing"",""deflection"",""fork"",""long"",""middlegame"",""pin"",""sacrifice""}","A fork — one piece attacks two enemy pieces at once, forcing a material win.",true,lichess,pTMpH,39499,95,"{""Scandinavian_Defense"",""Scandinavian_Defense_Mieses-Kotroc_Variation""}"
lc_E7XAP,r2b2k1/6p1/p1p3pp/1p1pPq2/4n3/BP3P2/P1Q3PP/R3R1K1 b - - 0 26,"{""d8b6"",""g1f1"",""e4g3"",""h2g3"",""f5c2""}",rook,10,intermediate,Rook 10 · Discovered Attack,discoveredAttack,Black to move.,1431,Club,"{""crushing"",""discoveredAttack"",""long"",""middlegame""}",A discovered attack — moving one piece uncovers a deadly attack from another.,true,lichess,E7XAP,38837,95,{}
lc_TPt1E,5rk1/1R3pp1/4p2p/3pP3/1q3PP1/2rQ3P/7N/5RK1 b - - 0 24,"{""b4c5"",""g1g2"",""c3d3""}",rook,10,intermediate,Rook 10 · Crushing,crushing,Black to move.,1431,Club,"{""crushing"",""middlegame"",""short""}",Find the strongest continuation and seize the advantage.,true,lichess,TPt1E,37669,98,{}
lc_W6X6q,5r1k/ppp3p1/7p/4p3/3P1q2/3PR3/PP2K1R1/4Q3 b - - 0 26,"{""e5d4"",""e3e4"",""f4f3"",""e2d2"",""f3g2""}",rook,10,intermediate,Rook 10 · Fork,fork,Black to move.,1431,Club,"{""advantage"",""endgame"",""fork"",""long""}","A fork — one piece attacks two enemy pieces at once, forcing a material win.",true,lichess,W6X6q,35752,97,{}
lc_ZJdQk,r3k1nr/1p2qppp/p1n1b3/1Q6/1bp5/2N3P1/PP2NPBP/R1B1K2R w KQkq - 0 12,"{""g2c6"",""e8f8"",""b5b7"",""e7b7"",""c6b7""}",rook,10,intermediate,Rook 10 · Crushing,crushing,White to move.,1431,Club,"{""crushing"",""long"",""opening""}",Find the strongest continuation and seize the advantage.,true,lichess,ZJdQk,35706,95,"{""English_Opening"",""English_Opening_Agincourt_Defense""}"
lc_BtPXW,2r1r3/3k1p2/p3bQ2/1p2PpBp/3p1Rp1/1P4P1/2q3PP/5R1K w - - 4 37,"{""f4d4"",""d7c6"",""f1c1""}",rook,10,intermediate,Rook 10 · Pin,pin,White to move.,1431,Club,"{""advantage"",""middlegame"",""pin"",""short""}",A pin — the attacked piece can't move without exposing a more valuable piece behind it.,true,lichess,BtPXW,34616,95,{}
lc_5qJh1,rn1r2k1/p3pp1p/1p4p1/3q4/8/P4NP1/1R2PPKP/3Q1R2 w - - 3 18,"{""b2d2"",""d5d2"",""f3d2""}",rook,10,intermediate,Rook 10 · Advantage,advantage,White to move.,1431,Club,"{""advantage"",""middlegame"",""short""}",Find the strongest continuation and seize the advantage.,true,lichess,5qJh1,34267,95,"{""English_Opening"",""English_Opening_Symmetrical_Variation""}"
lc_pInxB,8/6pp/4p3/1k1pP3/7P/R1P3r1/2K5/8 w - - 2 38,"{""c3c4"",""b5c4"",""a3g3""}",rook,10,intermediate,Rook 10 · Discovered Attack,discoveredAttack,White to move.,1431,Club,"{""crushing"",""discoveredAttack"",""endgame"",""rookEndgame"",""short""}",A discovered attack — moving one piece uncovers a deadly attack from another.,true,lichess,pInxB,34261,95,{}
lc_h9zzo,r4rk1/pb1p1pp1/2p4p/1p2P1q1/3P4/1BQ5/PPP2PPP/R4RK1 b - - 0 16,"{""c6c5"",""c3h3"",""c5c4""}",rook,10,intermediate,Rook 10 · Advantage,advantage,Black to move.,1431,Club,"{""advantage"",""middlegame"",""short""}",Find the strongest continuation and seize the advantage.,true,lichess,h9zzo,34072,95,"{""Ruy_Lopez"",""Ruy_Lopez_Bird_Variation""}"
lc_yeOZD,r3qr1k/pp4b1/n1p5/4pbQP/2P5/2N5/PP3PP1/2KR1B1R w - - 1 19,"{""h5h6"",""g7f6"",""g5f5""}",rook,10,intermediate,Rook 10 · Interference,interference,White to move.,1431,Club,"{""advantage"",""interference"",""opening"",""short""}",Interference — block the line between two enemy pieces to break their coordination.,true,lichess,yeOZD,34067,95,"{""Dutch_Defense"",""Dutch_Defense_Normal_Variation""}"
lc_1xrYm,3Q1nk1/p2q1pp1/b6p/2p1rN2/3p2B1/7P/PPP2PP1/1R4K1 w - - 11 31,"{""f5h6"",""g7h6"",""g4d7""}",rook,10,intermediate,Rook 10 · Discovered Attack,discoveredAttack,White to move.,1431,Club,"{""crushing"",""discoveredAttack"",""kingsideAttack"",""middlegame"",""short""}",A discovered attack — moving one piece uncovers a deadly attack from another.,true,lichess,1xrYm,33884,95,{}
lc_uYqnW,r4rk1/p4pp1/bp2p2p/q2p4/8/1nN5/PPP2PPP/R2QR1K1 w - - 0 19,"{""a2b3"",""a5c5"",""a1a6""}",rook,10,intermediate,Rook 10 · Skewer,skewer,White to move.,1431,Club,"{""advantage"",""discoveredAttack"",""middlegame"",""short"",""skewer""}","A skewer — the higher-value piece is forced to move, losing the piece behind it.",true,lichess,uYqnW,33875,94,"{""Sicilian_Defense"",""Sicilian_Defense_Four_Knights_Variation""}"
lc_QzHmr,8/8/7P/8/2k5/pp3P2/1p4P1/1K6 b - - 1 49,"{""c4c3"",""g2g3"",""a3a2""}",rook,10,intermediate,Rook 10 · Mate In2,mateIn2,Black to move.,1431,Club,"{""advancedPawn"",""endgame"",""mate"",""mateIn2"",""pawnEndgame"",""short""}",Checkmate in two — a forced sequence that delivers checkmate on move two.,true,lichess,QzHmr,32960,95,{}
lc_qmUtW,6rk/4b1rp/ppq1pQ2/3p4/3P1P2/2P3P1/PB4K1/4R2R w - - 11 33,"{""h1h7"",""h8h7"",""e1h1""}",rook,10,intermediate,Rook 10 · Mate In2,mateIn2,White to move.,1432,Club,"{""attraction"",""kingsideAttack"",""mate"",""mateIn2"",""middlegame"",""pin"",""sacrifice"",""short""}",Checkmate in two — a forced sequence that delivers checkmate on move two.,true,lichess,qmUtW,36111,95,{}
lc_IKI3b,r5k1/ppp2pp1/2n3rp/3qN3/3P4/2Q1BN1P/PP3PP1/R5K1 b - - 2 18,"{""c6e5"",""d4e5"",""d5f3""}",rook,10,intermediate,Rook 10 · Pin,pin,Black to move.,1432,Club,"{""advantage"",""middlegame"",""pin"",""short""}",A pin — the attacked piece can't move without exposing a more valuable piece behind it.,true,lichess,IKI3b,35576,95,"{""Italian_Game"",""Italian_Game_Anti-Fried_Liver_Defense""}"
lc_XbFMP,4Rrk1/pq4pp/3p4/2p5/2P2B2/1P6/6PP/5RK1 w - - 5 27,"{""e8f8"",""g8f8"",""f4d6"",""f8e8"",""f1f8"",""e8d7"",""f8f7"",""d7c6"",""f7b7""}",rook,10,intermediate,Rook 10 · Skewer,skewer,White to move.,1432,Club,"{""attraction"",""crushing"",""discoveredCheck"",""doubleCheck"",""endgame"",""skewer"",""veryLong""}","A skewer — the higher-value piece is forced to move, losing the piece behind it.",true,lichess,XbFMP,35480,95,{}
lc_9gk0K,5qrk/1b3p1p/p2p1PpQ/1p1rp3/8/1P2BR2/P1P3PP/R6K w - - 2 24,"{""h6h7"",""h8h7"",""f3h3"",""f8h6"",""h3h6""}",rook,10,intermediate,Rook 10 · Mate In3,mateIn3,White to move.,1432,Club,"{""attraction"",""kingsideAttack"",""long"",""mate"",""mateIn3"",""middlegame"",""operaMate"",""sacrifice""}",Checkmate in three — calculate the forcing line all the way to mate.,true,lichess,9gk0K,35106,96,{}
lc_SMMti,8/8/P7/1N2k3/2P1b2p/4K1P1/P7/8 b - - 0 44,"{""h4h3"",""b5c3"",""h3h2"",""c3e4"",""h2h1q""}",rook,10,intermediate,Rook 10 · Promotion,promotion,Black to move.,1432,Club,"{""advancedPawn"",""crushing"",""endgame"",""long"",""promotion""}",Pawn promotion — advance the pawn to its final rank and choose your new piece wisely.,true,lichess,SMMti,35076,95,{}
lc_md3Y5,r1b1k1nr/ppppqp2/7p/4P3/2P2pQ1/8/PP3PPP/2KR1B1R w kq - 0 16,"{""g4g7"",""e7f8"",""g7h8""}",rook,10,intermediate,Rook 10 · Trapped Piece,trappedPiece,White to move.,1432,Club,"{""advantage"",""middlegame"",""short"",""trappedPiece""}",A trapped piece — the enemy piece has no safe squares and can be won.,true,lichess,md3Y5,35037,96,"{""Three_Knights_Opening"",""Three_Knights_Opening_Other_variations""}"
lc_qqrq1,r3k1nr/ppq1pp2/2p1b1p1/2Ppb2p/8/1B2BN2/PPP2PPP/R2Q1RK1 w kq - 0 13,"{""f3e5"",""c7e5"",""e3d4"",""e5f4"",""d4h8""}",rook,10,intermediate,Rook 10 · Skewer,skewer,White to move.,1432,Club,"{""advantage"",""long"",""opening"",""skewer""}","A skewer — the higher-value piece is forced to move, losing the piece behind it.",true,lichess,qqrq1,34541,95,"{""Modern_Defense"",""Modern_Defense_Other_variations""}"
lc_x198C,rr4k1/6p1/4p2R/1pppN1q1/p2P4/P1P5/1P2QP2/1K6 w - - 0 27,"{""h6h8"",""g8h8"",""e5f7"",""h8h7"",""f7g5""}",rook,10,intermediate,Rook 10 · Fork,fork,White to move.,1432,Club,"{""attraction"",""crushing"",""endgame"",""fork"",""long"",""sacrifice""}","A fork — one piece attacks two enemy pieces at once, forcing a material win.",true,lichess,x198C,34484,96,{}
lc_nCoRE,r3k1nr/3bpp1p/p2p2p1/q2Pb3/Np2P3/1P2B3/2PQ1PPP/2KR1B1R w kq - 1 14,"{""e3b6"",""a5a4"",""b3a4""}",rook,10,intermediate,Rook 10 · Trapped Piece,trappedPiece,White to move.,1432,Club,"{""crushing"",""opening"",""short"",""trappedPiece""}",A trapped piece — the enemy piece has no safe squares and can be won.,true,lichess,nCoRE,34428,95,"{""Sicilian_Defense"",""Sicilian_Defense_Hyperaccelerated_Pterodactyl""}"
lc_ccFjn,1r3r2/1q3k2/p1pp1p1Q/2pbp1R1/1P6/P1P4P/2P2P2/2K3R1 w - - 1 26,"{""g5g7"",""f7e8"",""g7b7""}",rook,10,intermediate,Rook 10 · Skewer,skewer,White to move.,1432,Club,"{""advantage"",""middlegame"",""short"",""skewer""}","A skewer — the higher-value piece is forced to move, losing the piece behind it.",true,lichess,ccFjn,34166,96,{}
lc_q6s93,5rkb/pp3p1R/2p2Pp1/3q1r2/5Q2/P5K1/1PP5/R7 w - - 0 33,"{""h7h8"",""g8h8"",""f4h6"",""h8g8"",""h6g7""}",rook,10,intermediate,Rook 10 · Mate In3,mateIn3,White to move.,1432,Club,"{""attraction"",""long"",""mate"",""mateIn3"",""middlegame"",""sacrifice""}",Checkmate in three — calculate the forcing line all the way to mate.,true,lichess,q6s93,33783,97,{}
lc_Gy3w3,6k1/5p1p/6p1/3P4/1p6/N7/2P2PPP/r3RK2 b - - 0 30,"{""a1e1"",""f1e1"",""b4a3""}",rook,10,intermediate,Rook 10 · Endgame,endgame,Black to move.,1432,Club,"{""crushing"",""endgame"",""intermezzo"",""short""}",An endgame technique — precise play with few pieces where every tempo counts.,true,lichess,Gy3w3,33666,96,{}
lc_RjLzc,6k1/ppp3p1/3r2P1/8/8/3qP3/PP6/2K2R1R w - - 2 28,"{""h1h8"",""g8h8"",""f1f8""}",rook,10,intermediate,Rook 10 · Mate In2,mateIn2,White to move.,1432,Club,"{""attraction"",""endgame"",""mate"",""mateIn2"",""queenRookEndgame"",""sacrifice"",""short""}",Checkmate in two — a forced sequence that delivers checkmate on move two.,true,lichess,RjLzc,33604,95,{}
lc_zo4jf,3r1rk1/p4p1p/4p1P1/2q1P1N1/2pp1P2/1Pb5/P1Q3P1/2R2RK1 b - - 0 23,"{""d4d3"",""c2f2"",""c3d4""}",rook,10,intermediate,Rook 10 · Pin,pin,Black to move.,1432,Club,"{""clearance"",""crushing"",""discoveredAttack"",""discoveredCheck"",""middlegame"",""pin"",""short""}",A pin — the attacked piece can't move without exposing a more valuable piece behind it.,true,lichess,zo4jf,33565,95,{}
lc_8guS5,r5r1/p1p5/1p3kP1/3p2R1/8/P2P3p/1PPK4/6R1 b - - 0 27,"{""h3h2"",""g1h1"",""f6g5""}",rook,10,intermediate,Rook 10 · Advanced Pawn,advancedPawn,Black to move.,1433,Club,"{""advancedPawn"",""advantage"",""endgame"",""rookEndgame"",""short""}",An advanced pawn — push the passer or use its threats to win material.,true,lichess,8guS5,37091,97,{}
lc_kTuoX,3r1rk1/p4p1p/2p3p1/6q1/2P1P3/3B4/P5Q1/3R1RK1 b - - 3 29,"{""g5e3"",""g2f2"",""d8d3"",""f2e3"",""d3e3""}",rook,10,intermediate,Rook 10 · Advantage,advantage,Black to move.,1433,Club,"{""advantage"",""long"",""middlegame""}",Find the strongest continuation and seize the advantage.,true,lichess,kTuoX,36965,96,{}
lc_0O1fj,5Q2/pppk1ppp/7n/6q1/8/2N3P1/PP5P/2r1R2K w - - 2 26,"{""f8e8"",""d7d6"",""c3e4""}",rook,10,intermediate,Rook 10 · Endgame,endgame,White to move.,1433,Club,"{""crushing"",""endgame"",""short""}",An endgame technique — precise play with few pieces where every tempo counts.,true,lichess,0O1fj,36387,96,{}
lc_7jpcB,1n2rrk1/p4p2/1p4p1/1Qp1nq1p/P1Pp1N2/3P1B1P/5PP1/1RB1R1K1 b - - 0 27,"{""e5f3"",""g2f3"",""e8e1""}",rook,10,intermediate,Rook 10 · Discovered Attack,discoveredAttack,Black to move.,1433,Club,"{""crushing"",""discoveredAttack"",""kingsideAttack"",""middlegame"",""short""}",A discovered attack — moving one piece uncovers a deadly attack from another.,true,lichess,7jpcB,35601,95,{}
lc_xYsTU,1k6/p1p2ppp/1q6/pQ6/1P2r3/P6P/5PP1/3R2K1 w - - 4 27,"{""d1d8"",""b8b7"",""b5d5"",""b6c6"",""d8b8"",""b7b8"",""d5c6""}",rook,10,intermediate,Rook 10 · Fork,fork,White to move.,1433,Club,"{""crushing"",""deflection"",""endgame"",""fork"",""veryLong""}","A fork — one piece attacks two enemy pieces at once, forcing a material win.",true,lichess,xYsTU,35589,96,{}
lc_ZkNAP,8/1ppnq2k/p5pp/4pQ2/3pP1N1/P2P3P/1PP3P1/6K1 w - - 0 26,"{""f5d7"",""e7d7"",""g4f6"",""h7h8"",""f6d7""}",rook,10,intermediate,Rook 10 · Fork,fork,White to move.,1433,Club,"{""attraction"",""crushing"",""endgame"",""fork"",""long"",""sacrifice""}","A fork — one piece attacks two enemy pieces at once, forcing a material win.",true,lichess,ZkNAP,35224,95,{}
lc_ztxN4,rnbqk1nr/ppp2p1p/8/4p3/1bPp2pN/6P1/P2PPPBP/RNBQK2R w KQkq - 0 7,"{""d1a4"",""b8c6"",""g2c6"",""b7c6"",""a4b4""}",rook,10,intermediate,Rook 10 · Fork,fork,White to move.,1433,Club,"{""advantage"",""fork"",""long"",""master"",""opening""}","A fork — one piece attacks two enemy pieces at once, forcing a material win.",true,lichess,ztxN4,35185,95,"{""Reti_Opening"",""Reti_Opening_Advance_Variation""}"
lc_LSzkK,4rb1r/p1pk2pp/Q1p2p2/5R2/3P4/2NK4/PP3P1P/R1B4q b - - 2 18,"{""h1f1"",""d3c2"",""f1a6""}",rook,10,intermediate,Rook 10 · Skewer,skewer,Black to move.,1433,Club,"{""crushing"",""middlegame"",""short"",""skewer""}","A skewer — the higher-value piece is forced to move, losing the piece behind it.",true,lichess,LSzkK,34993,96,"{""Queens_Pawn_Game"",""Queens_Pawn_Game_Anti-Torre""}"
lc_kkwM3,r5k1/1rp2p2/3p2p1/3P3p/p3Q2P/1q6/5PP1/2R2RK1 w - - 0 28,"{""c1b1"",""b3b1"",""f1b1"",""b7b1"",""e4b1""}",rook,10,intermediate,Rook 10 · Endgame,endgame,White to move.,1433,Club,"{""advantage"",""endgame"",""long"",""master""}",An endgame technique — precise play with few pieces where every tempo counts.,true,lichess,kkwM3,34186,96,{}
lc_m68v3,8/1p5k/p2pq2p/P2N2p1/3Pbp2/P1P2Q2/6PP/6K1 w - - 1 38,"{""f3e4"",""e6e4"",""d5f6"",""h7g7"",""f6e4""}",rook,10,intermediate,Rook 10 · Fork,fork,White to move.,1433,Club,"{""attraction"",""crushing"",""endgame"",""fork"",""long"",""sacrifice""}","A fork — one piece attacks two enemy pieces at once, forcing a material win.",true,lichess,m68v3,33909,95,{}
lc_NroKD,1k5r/ppr3R1/P2nq3/1P5p/4p3/5p2/2Q2P2/4K3 w - - 0 39,"{""c2c7"",""b8a8"",""a6b7"",""d6b7"",""c7b7""}",rook,10,intermediate,Rook 10 · Mate In3,mateIn3,White to move.,1433,Club,"{""advancedPawn"",""endgame"",""long"",""mate"",""mateIn3""}",Checkmate in three — calculate the forcing line all the way to mate.,true,lichess,NroKD,33827,96,{}
lc_dJan7,6k1/5ppp/p2p4/5q2/3P4/2PN2P1/PP1r3P/1Q4K1 w - - 1 30,"{""b1e1"",""f5e6"",""e1d2""}",rook,10,intermediate,Rook 10 · Endgame,endgame,White to move.,1433,Club,"{""crushing"",""endgame"",""short""}",An endgame technique — precise play with few pieces where every tempo counts.,true,lichess,dJan7,33792,95,{}
lc_ru1UQ,2b1Q3/1pk1b3/8/3pr1p1/p4p2/P1PB4/1P4PP/6K1 b - - 1 39,"{""e7c5"",""g1f1"",""e5e8""}",rook,10,intermediate,Rook 10 · Discovered Attack,discoveredAttack,Black to move.,1433,Club,"{""crushing"",""discoveredAttack"",""endgame"",""short""}",A discovered attack — moving one piece uncovers a deadly attack from another.,true,lichess,ru1UQ,33108,96,{}
lc_z36l8,1r1q1r2/1b3pkp/p3p1p1/P1p5/4n3/1PNB4/2PQ2PP/R4RK1 w - - 0 19,"{""c3e4"",""b7e4"",""d2c3"",""d8d4"",""c3d4"",""c5d4"",""d3e4""}",rook,10,intermediate,Rook 10 · Advantage,advantage,White to move.,1434,Club,"{""advantage"",""middlegame"",""veryLong""}",Find the strongest continuation and seize the advantage.,true,lichess,z36l8,48076,95,"{""Sicilian_Defense"",""Sicilian_Defense_Najdorf_Variation""}"
lc_k8mNM,2rr4/1p6/p7/8/5Np1/1KN3k1/5R2/8 w - - 2 45,"{""c3e4"",""g3h4"",""f2h2""}",rook,10,intermediate,Rook 10 · Mate In2,mateIn2,White to move.,1434,Club,"{""anastasiaMate"",""endgame"",""mate"",""mateIn2"",""short""}",Checkmate in two — a forced sequence that delivers checkmate on move two.,true,lichess,k8mNM,44305,95,{}
lc_YQi4n,r3r2k/5ppp/p2q1n2/2pp1P2/1p3N2/3P2Q1/PPP3PP/4RRK1 w - - 4 23,"{""f4g6"",""h7g6"",""g3d6""}",rook,10,intermediate,Rook 10 · Discovered Attack,discoveredAttack,White to move.,1434,Club,"{""crushing"",""discoveredAttack"",""middlegame"",""short""}",A discovered attack — moving one piece uncovers a deadly attack from another.,true,lichess,YQi4n,36602,95,{}
lc_hkGhu,r2q1rk1/1p2Qppp/p1b5/2p3B1/8/3P1N2/PPP2PPP/R3K2R b KQ - 0 12,"{""f8e8"",""e7e8"",""d8e8""}",rook,10,intermediate,Rook 10 · Pin,pin,Black to move.,1434,Club,"{""advantage"",""middlegame"",""pin"",""short""}",A pin — the attacked piece can't move without exposing a more valuable piece behind it.,true,lichess,hkGhu,35982,96,"{""French_Defense"",""French_Defense_Two_Knights_Variation""}"
lc_YtomJ,r4rk1/pp3pb1/2n1p1p1/3n3p/3PN2q/5B2/PP3PP1/R1BQ1RK1 w - - 0 15,"{""c1g5"",""h4g5"",""e4g5""}",rook,10,intermediate,Rook 10 · Trapped Piece,trappedPiece,White to move.,1434,Club,"{""advantage"",""master"",""middlegame"",""short"",""trappedPiece""}",A trapped piece — the enemy piece has no safe squares and can be won.,true,lichess,YtomJ,35963,95,"{""Modern_Defense"",""Modern_Defense_Other_variations""}"
lc_fYVN1,r1bqk2r/pp1n1ppp/4p3/1Bbn4/8/4PN2/PP3PPP/RNBQK2R b KQkq - 1 8,"{""d8a5"",""b1c3"",""d5c3""}",rook,10,intermediate,Rook 10 · Fork,fork,Black to move.,1434,Club,"{""advantage"",""fork"",""opening"",""short""}","A fork — one piece attacks two enemy pieces at once, forcing a material win.",true,lichess,fYVN1,35863,95,"{""Queens_Pawn_Game"",""Queens_Pawn_Game_Colle_System""}"
lc_X46Yv,r1b2r2/ppp1qkpp/2nP4/3n4/8/B1Q2N2/P2N1PPP/R3R1K1 b - - 0 16,"{""e7e1"",""a1e1"",""d5c3""}",rook,10,intermediate,Rook 10 · Advantage,advantage,Black to move.,1434,Club,"{""advantage"",""middlegame"",""short""}",Find the strongest continuation and seize the advantage.,true,lichess,X46Yv,35541,95,"{""Italian_Game"",""Italian_Game_Evans_Gambit""}"
lc_N0caP,5rk1/5ppp/3Q4/2NP2b1/8/8/1q6/3KR3 w - - 6 35,"{""d6f8"",""g8f8"",""c5d7"",""f8g8"",""e1e8""}",rook,10,intermediate,Rook 10 · Mate In3,mateIn3,White to move.,1434,Club,"{""attraction"",""backRankMate"",""endgame"",""long"",""mate"",""mateIn3"",""sacrifice""}",Checkmate in three — calculate the forcing line all the way to mate.,true,lichess,N0caP,35056,96,{}
lc_8oOkH,r2q1rk1/ppp2ppp/5n2/8/1bBn2b1/2N2N2/PP3PPP/R1BQ1RK1 w - - 0 11,"{""d1d4"",""d8d4"",""f3d4""}",rook,10,intermediate,Rook 10 · Advantage,advantage,White to move.,1434,Club,"{""advantage"",""opening"",""short""}",Find the strongest continuation and seize the advantage.,true,lichess,8oOkH,33893,95,"{""English_Opening"",""English_Opening_Kings_English_Variation""}"
lc_C3WAN,r1bq1rk1/pp6/4p2R/5pb1/2pP4/4PN2/P1Q2PPP/1R4K1 w - - 1 22,"{""h6g6"",""g8h7"",""g6g5""}",rook,10,intermediate,Rook 10 · Crushing,crushing,White to move.,1434,Club,"{""crushing"",""kingsideAttack"",""middlegame"",""short""}",Find the strongest continuation and seize the advantage.,true,lichess,C3WAN,33627,95,{}
lc_aj4Pn,2k2r2/1p4pp/pq2p3/1b1pN3/8/2P1b3/PP4PP/RN1RQ2K b - - 5 25,"{""f8f1"",""e1f1"",""b5f1"",""d1f1"",""b6b2""}",rook,10,intermediate,Rook 10 · Fork,fork,Black to move.,1434,Club,"{""advantage"",""fork"",""long"",""middlegame""}","A fork — one piece attacks two enemy pieces at once, forcing a material win.",true,lichess,aj4Pn,33287,95,{}
lc_UQTcd,r2qk2r/p1p2ppp/5n2/1p2pP2/2PnP1b1/1B3N2/PPP3PP/R1BQK2R b KQkq - 0 11,"{""d4f3"",""g2f3"",""d8d1"",""e1d1"",""g4f3""}",rook,10,intermediate,Rook 10 · Discovered Attack,discoveredAttack,Black to move.,1435,Club,"{""attraction"",""crushing"",""discoveredAttack"",""exposedKing"",""long"",""master"",""middlegame""}",A discovered attack — moving one piece uncovers a deadly attack from another.,true,lichess,UQTcd,43156,95,"{""Bishops_Opening"",""Bishops_Opening_Vienna_Hybrid""}"
lc_Xob1g,r4r1k/pp3ppp/3p4/2b1pq2/B5bN/2N3P1/PPP2P1P/R2QR1K1 b - - 5 17,"{""f5f2"",""g1h1"",""g4d1""}",rook,10,intermediate,Rook 10 · Crushing,crushing,Black to move.,1435,Club,"{""crushing"",""kingsideAttack"",""middlegame"",""short""}",Find the strongest continuation and seize the advantage.,true,lichess,Xob1g,36503,96,"{""Sicilian_Defense"",""Sicilian_Defense_Lowenthal_Variation""}"
lc_LDo4w,6k1/p5p1/6P1/1p1p4/2p5/r7/4r3/2K2R1R w - - 0 38,"{""h1h8"",""g8h8"",""f1f8""}",rook,10,intermediate,Rook 10 · Mate In2,mateIn2,White to move.,1435,Club,"{""attraction"",""endgame"",""mate"",""mateIn2"",""rookEndgame"",""sacrifice"",""short""}",Checkmate in two — a forced sequence that delivers checkmate on move two.,true,lichess,LDo4w,35987,96,{}
lc_I8F5c,1r5k/2p2p1n/p1ppq3/4p2P/2P1P2B/3P4/P1P1Q1P1/2K2R2 b - - 2 25,"{""e6h6"",""e2d2"",""b8b1"",""c1b1"",""h6d2""}",rook,10,intermediate,Rook 10 · Deflection,deflection,Black to move.,1435,Club,"{""advantage"",""deflection"",""endgame"",""long"",""queensideAttack""}",A deflection — lure a defending piece away from the square it was guarding.,true,lichess,I8F5c,35920,95,{}
lc_1jxa4,4r1k1/1r3p2/6P1/2pPq2p/4p3/2N3QP/1P4PK/1R6 w - - 1 36,"{""g6f7"",""g8f7"",""b1f1""}",rook,10,intermediate,Rook 10 · Double Check,doubleCheck,White to move.,1435,Club,"{""advancedPawn"",""attraction"",""crushing"",""discoveredCheck"",""doubleCheck"",""endgame"",""master"",""masterVsMaster"",""short""}","A double check — two pieces give check at once, so only a king move can escape.",true,lichess,1jxa4,35857,95,{}
lc_qjjOe,r1b2bk1/6q1/6Q1/p2p4/1pn5/P6P/1P4P1/2B2R1K w - - 1 36,"{""f1f8"",""g8f8"",""c1h6"",""g7h6"",""g6h6""}",rook,10,intermediate,Rook 10 · Pin,pin,White to move.,1435,Club,"{""advantage"",""long"",""master"",""middlegame"",""pin"",""sacrifice""}",A pin — the attacked piece can't move without exposing a more valuable piece behind it.,true,lichess,qjjOe,35767,96,{}
lc_PlcqI,r3r1k1/pp2Rpbp/1qp1b1p1/3p4/5Q2/2PB4/PP3PP1/2B1R2K w - - 10 20,"{""e1e6"",""e8e7"",""e6e7""}",rook,10,intermediate,Rook 10 · Advantage,advantage,White to move.,1435,Club,"{""advantage"",""middlegame"",""short""}",Find the strongest continuation and seize the advantage.,true,lichess,PlcqI,35538,95,"{""Russian_Game"",""Russian_Game_Modern_Attack""}"
lc_7yEfa,3r2k1/4pp1p/6p1/1p1P4/2rBP3/2n2P2/3R2PP/5RK1 b - - 1 22,"{""c4d4"",""d2d4"",""c3e2"",""g1f2"",""e2d4""}",rook,10,intermediate,Rook 10 · Fork,fork,Black to move.,1435,Club,"{""advantage"",""attraction"",""endgame"",""fork"",""long"",""master"",""sacrifice""}","A fork — one piece attacks two enemy pieces at once, forcing a material win.",true,lichess,7yEfa,35281,96,{}
lc_Su3fv,7r/1pr2p2/3p3k/3PppR1/2P1n2P/1P6/8/1K1B3R w - - 2 32,"{""g5h5"",""h6g7"",""h1g1"",""g7f6"",""h5h8""}",rook,10,intermediate,Rook 10 · Deflection,deflection,White to move.,1435,Club,"{""crushing"",""deflection"",""endgame"",""exposedKing"",""long"",""master""}",A deflection — lure a defending piece away from the square it was guarding.,true,lichess,Su3fv,35087,96,{}
lc_Hts2G,2r4r/k2nn1pp/1p2pp2/8/4P3/P1R2P2/1P2N1PP/2R3K1 w - - 2 21,"{""c3c7"",""a7b8"",""c7d7"",""c8c1"",""e2c1""}",rook,10,intermediate,Rook 10 · Fork,fork,White to move.,1435,Club,"{""advantage"",""collinearMove"",""fork"",""long"",""middlegame""}","A fork — one piece attacks two enemy pieces at once, forcing a material win.",true,lichess,Hts2G,34235,96,{}
lc_mT5Jx,r2q1rk1/2p2ppp/1p1p4/2nP4/2PQ2N1/5R1P/P5P1/R5K1 w - - 1 27,"{""g4h6"",""g7h6"",""f3g3""}",rook,10,intermediate,Rook 10 · Sacrifice,sacrifice,White to move.,1435,Club,"{""advantage"",""middlegame"",""sacrifice"",""short""}",A sacrifice — give up material to gain a decisive tactical or positional advantage.,true,lichess,mT5Jx,33762,95,{}
lc_n0FID,r3r2k/pp4b1/2p1p1pp/2P2p1q/3P1Pn1/1B1QP2R/PP3PKB/6R1 b - - 6 25,"{""h5h3"",""g2h3"",""g4f2"",""h3g2"",""f2d3""}",rook,10,intermediate,Rook 10 · Fork,fork,Black to move.,1435,Club,"{""attraction"",""crushing"",""fork"",""long"",""middlegame"",""sacrifice""}","A fork — one piece attacks two enemy pieces at once, forcing a material win.",true,lichess,n0FID,33351,96,{}
lc_dBHEG,2qr2k1/p1r1ppbp/6p1/1P1PPn2/P5b1/2B3P1/4NPBP/2R1QRK1 b - - 0 24,"{""g4e2"",""e1e2"",""c7c3"",""c1c3"",""c8c3""}",rook,10,intermediate,Rook 10 · Advantage,advantage,Black to move.,1435,Club,"{""advantage"",""long"",""middlegame""}",Find the strongest continuation and seize the advantage.,true,lichess,dBHEG,33197,95,{}
lc_p7F7e,2r2r1k/pb3pRp/3b3P/1p3P2/4Pq2/3P3P/PP1N2Q1/6RK w - - 3 25,"{""g7h7"",""h8h7"",""g2g7""}",rook,10,intermediate,Rook 10 · Mate In2,mateIn2,White to move.,1435,Club,"{""attraction"",""kingsideAttack"",""mate"",""mateIn2"",""middlegame"",""sacrifice"",""short""}",Checkmate in two — a forced sequence that delivers checkmate on move two.,true,lichess,p7F7e,33182,96,{}
lc_yxpoY,5rk1/1pp3pn/1pnp1q1p/4pr2/8/P2PB1QP/1PP2PPN/R4RK1 w - - 4 18,"{""h2g4"",""f6e6"",""g4h6""}",rook,10,intermediate,Rook 10 · Pin,pin,White to move.,1435,Club,"{""advantage"",""kingsideAttack"",""middlegame"",""pin"",""short""}",A pin — the attacked piece can't move without exposing a more valuable piece behind it.,true,lichess,yxpoY,33180,95,"{""Italian_Game"",""Italian_Game_Giuoco_Piano""}"
lc_aiV7b,3r2k1/p3R2p/1pp1p1p1/8/6B1/6P1/r4PKP/8 w - - 0 29,"{""g4e6"",""g8f8"",""e7f7"",""f8e8"",""e6a2""}",rook,10,intermediate,Rook 10 · Fork,fork,White to move.,1435,Club,"{""advantage"",""endgame"",""fork"",""long""}","A fork — one piece attacks two enemy pieces at once, forcing a material win.",true,lichess,aiV7b,33043,95,{}
lc_gruAz,5k2/5pp1/B1R1p2p/3p4/5P2/n7/2p2KPP/8 b - - 1 35,"{""a3c4"",""a6c4"",""c2c1q""}",rook,10,intermediate,Rook 10 · Promotion,promotion,Black to move.,1435,Club,"{""advancedPawn"",""crushing"",""endgame"",""promotion"",""quietMove"",""short""}",Pawn promotion — advance the pawn to its final rank and choose your new piece wisely.,true,lichess,gruAz,32983,95,{}
lc_D4sh8,r1bqk2r/3nnpp1/p2Q3p/1p1N4/4P3/1p6/PPP2PPP/R1B1K2R w KQkq - 2 13,"{""d5c7"",""e8f8"",""c7a8""}",rook,10,intermediate,Rook 10 · Fork,fork,White to move.,1436,Club,"{""advantage"",""fork"",""opening"",""short""}","A fork — one piece attacks two enemy pieces at once, forcing a material win.",true,lichess,D4sh8,37403,96,"{""Philidor_Defense"",""Philidor_Defense_Other_variations""}"
lc_UDuXC,7k/6p1/p3R3/3P2q1/pP1pP1rp/P4p1P/5P1K/2Q2R2 b - - 1 30,"{""g4g2"",""h2h1"",""g2h2"",""h1h2"",""g5g2""}",rook,10,intermediate,Rook 10 · Mate In3,mateIn3,Black to move.,1436,Club,"{""attraction"",""endgame"",""long"",""mate"",""mateIn3"",""sacrifice""}",Checkmate in three — calculate the forcing line all the way to mate.,true,lichess,UDuXC,36497,95,{}
lc_1DLhn,2r2rk1/1pq1bppp/p3p3/2n4n/4pB2/1NN3Q1/PPP2PPP/3RR1K1 w - - 6 17,"{""f4c7"",""h5g3"",""c7g3""}",rook,10,intermediate,Rook 10 · Advantage,advantage,White to move.,1436,Club,"{""advantage"",""middlegame"",""short""}",Find the strongest continuation and seize the advantage.,true,lichess,1DLhn,35912,95,"{""Sicilian_Defense"",""Sicilian_Defense_Canal_Attack""}"
lc_gY8Yz,2r1k1r1/4q2p/p3B3/1pp2Q2/3n4/1P6/P1PP1PPP/R5K1 w - - 3 21,"{""f5h5"",""g8g6"",""e6c8""}",rook,10,intermediate,Rook 10 · Advantage,advantage,White to move.,1436,Club,"{""advantage"",""master"",""middlegame"",""short""}",Find the strongest continuation and seize the advantage.,true,lichess,gY8Yz,35905,96,{}
lc_Yet3L,5r1k/6pp/8/5p2/2Q2n1r/6P1/5P2/R5K1 b - - 0 37,"{""f4h3"",""g1h2"",""h4c4""}",rook,10,intermediate,Rook 10 · Discovered Attack,discoveredAttack,Black to move.,1436,Club,"{""crushing"",""discoveredAttack"",""endgame"",""short""}",A discovered attack — moving one piece uncovers a deadly attack from another.,true,lichess,Yet3L,35166,95,{}
lc_HrpRz,7k/6p1/7p/3q1r2/4Q2P/P3R3/1PP5/1K6 b - - 0 48,"{""f5f1"",""e3e1"",""d5e4""}",rook,10,intermediate,Rook 10 · Pin,pin,Black to move.,1436,Club,"{""crushing"",""endgame"",""pin"",""short""}",A pin — the attacked piece can't move without exposing a more valuable piece behind it.,true,lichess,HrpRz,35163,96,{}
lc_FdalR,r1b2r1k/4qp1n/2p1p3/p2p2R1/3P4/2P4P/PPQN4/2K3R1 w - - 0 26,"{""c2h7"",""h8h7"",""g5h5""}",rook,10,intermediate,Rook 10 · Mate In2,mateIn2,White to move.,1436,Club,"{""attraction"",""kingsideAttack"",""mate"",""mateIn2"",""middlegame"",""sacrifice"",""short""}",Checkmate in two — a forced sequence that delivers checkmate on move two.,true,lichess,FdalR,34500,96,{}
lc_u6oy3,4r1k1/pp5p/2p5/4NR2/3P4/2P1KQ2/q5rP/5R2 b - - 1 28,"{""a2d2"",""e3e4"",""g2e2"",""f3e2"",""d2e2""}",rook,10,intermediate,Rook 10 · Crushing,crushing,Black to move.,1436,Club,"{""crushing"",""long"",""middlegame""}",Find the strongest continuation and seize the advantage.,true,lichess,u6oy3,34372,95,{}
lc_G2bP0,8/p4r1p/2R3p1/3q3k/p3p2P/4Q3/P4P2/6K1 w - - 6 38,"{""c6c5"",""d5c5"",""e3c5""}",rook,10,intermediate,Rook 10 · Pin,pin,White to move.,1436,Club,"{""advantage"",""endgame"",""pin"",""short""}",A pin — the attacked piece can't move without exposing a more valuable piece behind it.,true,lichess,G2bP0,34162,95,{}
lc_TEsdR,2q5/1k3r2/p2pNp1P/1ppP4/7Q/P2P4/1PP3K1/8 w - - 10 56,"{""h6h7"",""c8h8"",""e6d8"",""h8d8"",""h7h8q""}",rook,10,intermediate,Rook 10 · Promotion,promotion,White to move.,1436,Club,"{""advancedPawn"",""crushing"",""endgame"",""long"",""promotion""}",Pawn promotion — advance the pawn to its final rank and choose your new piece wisely.,true,lichess,TEsdR,34051,96,{}
lc_N05Kc,1r6/6b1/5pkp/3p4/3P4/5N2/R1p2PPP/R5K1 b - - 1 38,"{""b8b1"",""f3e1"",""c2c1q"",""a1b1"",""c1b1""}",rook,10,intermediate,Rook 10 · Pin,pin,Black to move.,1436,Club,"{""advancedPawn"",""crushing"",""endgame"",""long"",""pin"",""promotion""}",A pin — the attacked piece can't move without exposing a more valuable piece behind it.,true,lichess,N05Kc,33898,96,{}
lc_71c4l,r1b3k1/p1p3pp/8/1p1Ppr2/3P4/1B1P1pPq/PP3P1P/R1B2QRK b - - 6 18,"{""h3h2"",""h1h2"",""f5h5"",""f1h3"",""h5h3""}",rook,10,intermediate,Rook 10 · Mate In3,mateIn3,Black to move.,1436,Club,"{""attraction"",""kingsideAttack"",""long"",""mate"",""mateIn3"",""middlegame"",""operaMate"",""sacrifice""}",Checkmate in three — calculate the forcing line all the way to mate.,true,lichess,71c4l,33732,95,"{""Italian_Game"",""Italian_Game_Two_Knights_Defense""}"
lc_ioJQA,8/6Rp/8/1r3k2/2n2P2/1p4P1/3bR2P/6K1 w - - 1 40,"{""g7g5"",""f5f6"",""g5b5""}",rook,10,intermediate,Rook 10 · Skewer,skewer,White to move.,1436,Club,"{""crushing"",""endgame"",""short"",""skewer""}","A skewer — the higher-value piece is forced to move, losing the piece behind it.",true,lichess,ioJQA,33355,96,{}
lc_vDfuW,2r1r1k1/1p3p2/8/3p1qp1/1P1P2np/P2P1QPN/5PKP/2R2R2 b - - 2 25,"{""f5f3"",""g2f3"",""g4h2"",""f3g2"",""h2f1""}",rook,10,intermediate,Rook 10 · Fork,fork,Black to move.,1436,Club,"{""advantage"",""attraction"",""fork"",""long"",""middlegame""}","A fork — one piece attacks two enemy pieces at once, forcing a material win.",true,lichess,vDfuW,33264,95,{}
lc_XYGA9,2r1r1k1/p2p1pp1/b6p/8/5N2/Pq1N1P2/3Q1KPP/R2R4 b - - 1 27,"{""c8c2"",""d2c2"",""b3c2""}",rook,10,intermediate,Rook 10 · Pin,pin,Black to move.,1436,Club,"{""advantage"",""middlegame"",""pin"",""short""}",A pin — the attacked piece can't move without exposing a more valuable piece behind it.,true,lichess,XYGA9,32934,95,{}
lc_2oHJt,3r4/4k3/2r2n2/7R/Np2pp2/1Pp5/P1P3P1/3R2K1 w - - 2 37,"{""h5e5"",""c6e6"",""e5e6"",""e7e6"",""d1d8""}",rook,10,intermediate,Rook 10 · Endgame,endgame,White to move.,1437,Club,"{""crushing"",""endgame"",""exposedKing"",""long""}",An endgame technique — precise play with few pieces where every tempo counts.,true,lichess,2oHJt,45796,96,{}
lc_3ua8k,r1b1k1nr/1pqp1pQp/p2bp3/8/4P3/2N5/PPP1BPPP/R1B1K2R b KQkq - 0 9,"{""d6e5"",""g7g5"",""e5c3"",""b2c3"",""c7c3"",""g5d2"",""c3a1""}",rook,10,intermediate,Rook 10 · Fork,fork,Black to move.,1437,Club,"{""advantage"",""fork"",""opening"",""veryLong""}","A fork — one piece attacks two enemy pieces at once, forcing a material win.",true,lichess,3ua8k,37909,95,"{""Sicilian_Defense"",""Sicilian_Defense_Closed""}"
